2025-06-15 04:20:02 - Début de la requête /rendezvous
2025-06-15 04:20:02 - Token reçu: eyJ0eXAiOiJKV1QiLCJhbGciOiJIUzI1NiJ9.eyJpYXQiOjE3NDk4OTk3NDAsImV4cCI6MTc0OTk4NjE0MCwiZGF0YSI6eyJpZCI6MSwiZW1haWwiOiJhaWNoYXNhZ25lQGVzcC5zbiIsInJvbGUiOiJtZWRlY2luIn19.4VqRmfOOdu0j2OHLyCzTZ55IJjpWIOdNZSGKQSx8ia4
2025-06-15 04:20:03 - Erreur: Token invalide - Signature verification failed
2025-06-15 04:20:05 - Début de la requête /rendezvous
2025-06-15 04:20:05 - Token reçu: eyJ0eXAiOiJKV1QiLCJhbGciOiJIUzI1NiJ9.eyJpYXQiOjE3NDk4OTk3NDAsImV4cCI6MTc0OTk4NjE0MCwiZGF0YSI6eyJpZCI6MSwiZW1haWwiOiJhaWNoYXNhZ25lQGVzcC5zbiIsInJvbGUiOiJtZWRlY2luIn19.4VqRmfOOdu0j2OHLyCzTZ55IJjpWIOdNZSGKQSx8ia4
2025-06-15 04:20:05 - Erreur: Token invalide - Signature verification failed
[2025-06-15 04:26:38] Authorization header: Bearer eyJ0eXAiOiJKV1QiLCJhbGciOiJIUzI1NiJ9.eyJpYXQiOjE3NDk4OTk3NDAsImV4cCI6MTc0OTk4NjE0MCwiZGF0YSI6eyJpZCI6MSwiZW1haWwiOiJhaWNoYXNhZ25lQGVzcC5zbiIsInJvbGUiOiJtZWRlY2luIn19.4VqRmfOOdu0j2OHLyCzTZ55IJjpWIOdNZSGKQSx8ia4
[2025-06-15 04:26:38] Token extracted: eyJ0eXAiOiJKV1QiLCJh...
[2025-06-15 04:26:38] Utilisateur authentifié: userId=1
[2025-06-15 04:26:38] Rôle de l'utilisateur: role=medecin
[2025-06-15 04:26:39] Médecin identifié: medecinId=1
[2025-06-15 04:26:39] Requête GET pour la liste des rendez-vous
[2025-06-15 04:26:39] Rendez-vous trouvés: [
    {
        "id": 1,
        "patient_id": 1,
        "medecin_id": 1,
        "nom": "ndiaye",
        "prenom": "kabyra",
        "date_rdv": "2024-06-15 10:00:00",
        "motif": "Consultation initiale",
        "statut": "termine",
        "lieu": "Salle 1",
        "duree": 45,
        "notes": "Prise de sang recommand?e",
        "type_rdv": "consultation"
    },
    {
        "id": 2,
        "patient_id": 1,
        "medecin_id": 1,
        "nom": "ndiaye",
        "prenom": "kabyra",
        "date_rdv": "2024-07-01 09:30:00",
        "motif": "Suivi traitement",
        "statut": "termine",
        "lieu": "Salle 2",
        "duree": 30,
        "notes": "N\/A",
        "type_rdv": "suivi"
    },
    {
        "id": 3,
        "patient_id": 1,
        "medecin_id": 1,
        "nom": "ndiaye",
        "prenom": "kabyra",
        "date_rdv": "2024-08-10 11:00:00",
        "motif": "Contr?le g?n?ral",
        "statut": "termine",
        "lieu": "Salle 1",
        "duree": 60,
        "notes": "N\/A",
        "type_rdv": "consultation"
    },
    {
        "id": 4,
        "patient_id": 2,
        "medecin_id": 1,
        "nom": "dell",
        "prenom": "modou",
        "date_rdv": "2024-07-05 14:00:00",
        "motif": "Consultation p?diatrique",
        "statut": "termine",
        "lieu": "Salle 3",
        "duree": 45,
        "notes": "N\/A",
        "type_rdv": "consultation"
    },
    {
        "id": 5,
        "patient_id": 3,
        "medecin_id": 1,
        "nom": "ayshu",
        "prenom": "queen",
        "date_rdv": "2024-08-12 15:00:00",
        "motif": "IRM neurologique",
        "statut": "termine",
        "lieu": "Salle 4",
        "duree": 90,
        "notes": "Pr?parer IRM avec contraste",
        "type_rdv": "urgence"
    },
    {
        "id": 6,
        "patient_id": 4,
        "medecin_id": 1,
        "nom": "mbacke",
        "prenom": "amsatou",
        "date_rdv": "2024-09-01 13:00:00",
        "motif": "Consultation de routine",
        "statut": "termine",
        "lieu": "Salle 1",
        "duree": 30,
        "notes": "N\/A",
        "type_rdv": "consultation"
    },
    {
        "id": 7,
        "patient_id": 5,
        "medecin_id": 1,
        "nom": "lam",
        "prenom": "souleymane",
        "date_rdv": "2024-09-10 09:00:00",
        "motif": "Analyse scanner",
        "statut": "termine",
        "lieu": "Salle 2",
        "duree": 60,
        "notes": "N\/A",
        "type_rdv": "urgence"
    }
]
[2025-06-15 04:26:39] Authorization header: Bearer eyJ0eXAiOiJKV1QiLCJhbGciOiJIUzI1NiJ9.eyJpYXQiOjE3NDk4OTk3NDAsImV4cCI6MTc0OTk4NjE0MCwiZGF0YSI6eyJpZCI6MSwiZW1haWwiOiJhaWNoYXNhZ25lQGVzcC5zbiIsInJvbGUiOiJtZWRlY2luIn19.4VqRmfOOdu0j2OHLyCzTZ55IJjpWIOdNZSGKQSx8ia4
[2025-06-15 04:26:39] Token extracted: eyJ0eXAiOiJKV1QiLCJh...
[2025-06-15 04:26:39] Utilisateur authentifié: userId=1
[2025-06-15 04:26:39] Rôle de l'utilisateur: role=medecin
[2025-06-15 04:26:39] Médecin identifié: medecinId=1
[2025-06-15 04:26:39] Requête GET pour la liste des rendez-vous
[2025-06-15 04:26:39] Rendez-vous trouvés: [
    {
        "id": 1,
        "patient_id": 1,
        "medecin_id": 1,
        "nom": "ndiaye",
        "prenom": "kabyra",
        "date_rdv": "2024-06-15 10:00:00",
        "motif": "Consultation initiale",
        "statut": "termine",
        "lieu": "Salle 1",
        "duree": 45,
        "notes": "Prise de sang recommand?e",
        "type_rdv": "consultation"
    },
    {
        "id": 2,
        "patient_id": 1,
        "medecin_id": 1,
        "nom": "ndiaye",
        "prenom": "kabyra",
        "date_rdv": "2024-07-01 09:30:00",
        "motif": "Suivi traitement",
        "statut": "termine",
        "lieu": "Salle 2",
        "duree": 30,
        "notes": "N\/A",
        "type_rdv": "suivi"
    },
    {
        "id": 3,
        "patient_id": 1,
        "medecin_id": 1,
        "nom": "ndiaye",
        "prenom": "kabyra",
        "date_rdv": "2024-08-10 11:00:00",
        "motif": "Contr?le g?n?ral",
        "statut": "termine",
        "lieu": "Salle 1",
        "duree": 60,
        "notes": "N\/A",
        "type_rdv": "consultation"
    },
    {
        "id": 4,
        "patient_id": 2,
        "medecin_id": 1,
        "nom": "dell",
        "prenom": "modou",
        "date_rdv": "2024-07-05 14:00:00",
        "motif": "Consultation p?diatrique",
        "statut": "termine",
        "lieu": "Salle 3",
        "duree": 45,
        "notes": "N\/A",
        "type_rdv": "consultation"
    },
    {
        "id": 5,
        "patient_id": 3,
        "medecin_id": 1,
        "nom": "ayshu",
        "prenom": "queen",
        "date_rdv": "2024-08-12 15:00:00",
        "motif": "IRM neurologique",
        "statut": "termine",
        "lieu": "Salle 4",
        "duree": 90,
        "notes": "Pr?parer IRM avec contraste",
        "type_rdv": "urgence"
    },
    {
        "id": 6,
        "patient_id": 4,
        "medecin_id": 1,
        "nom": "mbacke",
        "prenom": "amsatou",
        "date_rdv": "2024-09-01 13:00:00",
        "motif": "Consultation de routine",
        "statut": "termine",
        "lieu": "Salle 1",
        "duree": 30,
        "notes": "N\/A",
        "type_rdv": "consultation"
    },
    {
        "id": 7,
        "patient_id": 5,
        "medecin_id": 1,
        "nom": "lam",
        "prenom": "souleymane",
        "date_rdv": "2024-09-10 09:00:00",
        "motif": "Analyse scanner",
        "statut": "termine",
        "lieu": "Salle 2",
        "duree": 60,
        "notes": "N\/A",
        "type_rdv": "urgence"
    }
]
[2025-06-15 12:56:02] Authorization header: Bearer eyJ0eXAiOiJKV1QiLCJhbGciOiJIUzI1NiJ9.eyJpYXQiOjE3NDk4OTk3NDAsImV4cCI6MTc0OTk4NjE0MCwiZGF0YSI6eyJpZCI6MSwiZW1haWwiOiJhaWNoYXNhZ25lQGVzcC5zbiIsInJvbGUiOiJtZWRlY2luIn19.4VqRmfOOdu0j2OHLyCzTZ55IJjpWIOdNZSGKQSx8ia4
[2025-06-15 12:56:02] Token extracted: eyJ0eXAiOiJKV1QiLCJh...
[2025-06-15 12:56:03] Utilisateur authentifié: userId=1
[2025-06-15 12:56:05] Rôle de l'utilisateur: role=medecin
[2025-06-15 12:56:06] Médecin identifié: medecinId=1
[2025-06-15 12:56:06] Requête GET pour la liste des rendez-vous
[2025-06-15 12:56:06] Rendez-vous trouvés: [
    {
        "id": 1,
        "patient_id": 1,
        "medecin_id": 1,
        "nom": "ndiaye",
        "prenom": "kabyra",
        "date_rdv": "2024-06-15 10:00:00",
        "motif": "Consultation initiale",
        "statut": "termine",
        "lieu": "Salle 1",
        "duree": 45,
        "notes": "Prise de sang recommand?e",
        "type_rdv": "consultation"
    },
    {
        "id": 2,
        "patient_id": 1,
        "medecin_id": 1,
        "nom": "ndiaye",
        "prenom": "kabyra",
        "date_rdv": "2024-07-01 09:30:00",
        "motif": "Suivi traitement",
        "statut": "termine",
        "lieu": "Salle 2",
        "duree": 30,
        "notes": "N\/A",
        "type_rdv": "suivi"
    },
    {
        "id": 3,
        "patient_id": 1,
        "medecin_id": 1,
        "nom": "ndiaye",
        "prenom": "kabyra",
        "date_rdv": "2024-08-10 11:00:00",
        "motif": "Contr?le g?n?ral",
        "statut": "termine",
        "lieu": "Salle 1",
        "duree": 60,
        "notes": "N\/A",
        "type_rdv": "consultation"
    },
    {
        "id": 4,
        "patient_id": 2,
        "medecin_id": 1,
        "nom": "dell",
        "prenom": "modou",
        "date_rdv": "2024-07-05 14:00:00",
        "motif": "Consultation p?diatrique",
        "statut": "termine",
        "lieu": "Salle 3",
        "duree": 45,
        "notes": "N\/A",
        "type_rdv": "consultation"
    },
    {
        "id": 5,
        "patient_id": 3,
        "medecin_id": 1,
        "nom": "ayshu",
        "prenom": "queen",
        "date_rdv": "2024-08-12 15:00:00",
        "motif": "IRM neurologique",
        "statut": "termine",
        "lieu": "Salle 4",
        "duree": 90,
        "notes": "Pr?parer IRM avec contraste",
        "type_rdv": "urgence"
    },
    {
        "id": 6,
        "patient_id": 4,
        "medecin_id": 1,
        "nom": "mbacke",
        "prenom": "amsatou",
        "date_rdv": "2024-09-01 13:00:00",
        "motif": "Consultation de routine",
        "statut": "termine",
        "lieu": "Salle 1",
        "duree": 30,
        "notes": "N\/A",
        "type_rdv": "consultation"
    },
    {
        "id": 7,
        "patient_id": 5,
        "medecin_id": 1,
        "nom": "lam",
        "prenom": "souleymane",
        "date_rdv": "2024-09-10 09:00:00",
        "motif": "Analyse scanner",
        "statut": "termine",
        "lieu": "Salle 2",
        "duree": 60,
        "notes": "N\/A",
        "type_rdv": "urgence"
    }
]
[2025-06-15 12:56:19] Authorization header: Bearer eyJ0eXAiOiJKV1QiLCJhbGciOiJIUzI1NiJ9.eyJpYXQiOjE3NDk4OTk3NDAsImV4cCI6MTc0OTk4NjE0MCwiZGF0YSI6eyJpZCI6MSwiZW1haWwiOiJhaWNoYXNhZ25lQGVzcC5zbiIsInJvbGUiOiJtZWRlY2luIn19.4VqRmfOOdu0j2OHLyCzTZ55IJjpWIOdNZSGKQSx8ia4
[2025-06-15 12:56:19] Token extracted: eyJ0eXAiOiJKV1QiLCJh...
[2025-06-15 12:56:19] Utilisateur authentifié: userId=1
[2025-06-15 12:56:19] Rôle de l'utilisateur: role=medecin
[2025-06-15 12:56:19] Médecin identifié: medecinId=1
[2025-06-15 12:56:19] Requête GET pour la liste des rendez-vous
[2025-06-15 12:56:19] Rendez-vous trouvés: [
    {
        "id": 1,
        "patient_id": 1,
        "medecin_id": 1,
        "nom": "ndiaye",
        "prenom": "kabyra",
        "date_rdv": "2024-06-15 10:00:00",
        "motif": "Consultation initiale",
        "statut": "termine",
        "lieu": "Salle 1",
        "duree": 45,
        "notes": "Prise de sang recommand?e",
        "type_rdv": "consultation"
    },
    {
        "id": 2,
        "patient_id": 1,
        "medecin_id": 1,
        "nom": "ndiaye",
        "prenom": "kabyra",
        "date_rdv": "2024-07-01 09:30:00",
        "motif": "Suivi traitement",
        "statut": "termine",
        "lieu": "Salle 2",
        "duree": 30,
        "notes": "N\/A",
        "type_rdv": "suivi"
    },
    {
        "id": 3,
        "patient_id": 1,
        "medecin_id": 1,
        "nom": "ndiaye",
        "prenom": "kabyra",
        "date_rdv": "2024-08-10 11:00:00",
        "motif": "Contr?le g?n?ral",
        "statut": "termine",
        "lieu": "Salle 1",
        "duree": 60,
        "notes": "N\/A",
        "type_rdv": "consultation"
    },
    {
        "id": 4,
        "patient_id": 2,
        "medecin_id": 1,
        "nom": "dell",
        "prenom": "modou",
        "date_rdv": "2024-07-05 14:00:00",
        "motif": "Consultation p?diatrique",
        "statut": "termine",
        "lieu": "Salle 3",
        "duree": 45,
        "notes": "N\/A",
        "type_rdv": "consultation"
    },
    {
        "id": 5,
        "patient_id": 3,
        "medecin_id": 1,
        "nom": "ayshu",
        "prenom": "queen",
        "date_rdv": "2024-08-12 15:00:00",
        "motif": "IRM neurologique",
        "statut": "termine",
        "lieu": "Salle 4",
        "duree": 90,
        "notes": "Pr?parer IRM avec contraste",
        "type_rdv": "urgence"
    },
    {
        "id": 6,
        "patient_id": 4,
        "medecin_id": 1,
        "nom": "mbacke",
        "prenom": "amsatou",
        "date_rdv": "2024-09-01 13:00:00",
        "motif": "Consultation de routine",
        "statut": "termine",
        "lieu": "Salle 1",
        "duree": 30,
        "notes": "N\/A",
        "type_rdv": "consultation"
    },
    {
        "id": 7,
        "patient_id": 5,
        "medecin_id": 1,
        "nom": "lam",
        "prenom": "souleymane",
        "date_rdv": "2024-09-10 09:00:00",
        "motif": "Analyse scanner",
        "statut": "termine",
        "lieu": "Salle 2",
        "duree": 60,
        "notes": "N\/A",
        "type_rdv": "urgence"
    }
]
[2025-06-15 12:57:00] Authorization header: Bearer eyJ0eXAiOiJKV1QiLCJhbGciOiJIUzI1NiJ9.eyJpYXQiOjE3NDk4OTk3NDAsImV4cCI6MTc0OTk4NjE0MCwiZGF0YSI6eyJpZCI6MSwiZW1haWwiOiJhaWNoYXNhZ25lQGVzcC5zbiIsInJvbGUiOiJtZWRlY2luIn19.4VqRmfOOdu0j2OHLyCzTZ55IJjpWIOdNZSGKQSx8ia4
[2025-06-15 12:57:00] Token extracted: eyJ0eXAiOiJKV1QiLCJh...
[2025-06-15 12:57:00] Utilisateur authentifié: userId=1
[2025-06-15 12:57:00] Rôle de l'utilisateur: role=medecin
[2025-06-15 12:57:00] Médecin identifié: medecinId=1
[2025-06-15 12:57:00] Requête POST pour planifier un rendez-vous
[2025-06-15 12:57:01] Rendez-vous planifié avec ID: 8
[2025-06-15 12:57:03] Authorization header: Bearer eyJ0eXAiOiJKV1QiLCJhbGciOiJIUzI1NiJ9.eyJpYXQiOjE3NDk4OTk3NDAsImV4cCI6MTc0OTk4NjE0MCwiZGF0YSI6eyJpZCI6MSwiZW1haWwiOiJhaWNoYXNhZ25lQGVzcC5zbiIsInJvbGUiOiJtZWRlY2luIn19.4VqRmfOOdu0j2OHLyCzTZ55IJjpWIOdNZSGKQSx8ia4
[2025-06-15 12:57:03] Token extracted: eyJ0eXAiOiJKV1QiLCJh...
[2025-06-15 12:57:03] Utilisateur authentifié: userId=1
[2025-06-15 12:57:03] Rôle de l'utilisateur: role=medecin
[2025-06-15 12:57:03] Médecin identifié: medecinId=1
[2025-06-15 12:57:03] Requête GET pour la liste des rendez-vous
[2025-06-15 12:57:03] Rendez-vous trouvés: [
    {
        "id": 1,
        "patient_id": 1,
        "medecin_id": 1,
        "nom": "ndiaye",
        "prenom": "kabyra",
        "date_rdv": "2024-06-15 10:00:00",
        "motif": "Consultation initiale",
        "statut": "termine",
        "lieu": "Salle 1",
        "duree": 45,
        "notes": "Prise de sang recommand?e",
        "type_rdv": "consultation"
    },
    {
        "id": 2,
        "patient_id": 1,
        "medecin_id": 1,
        "nom": "ndiaye",
        "prenom": "kabyra",
        "date_rdv": "2024-07-01 09:30:00",
        "motif": "Suivi traitement",
        "statut": "termine",
        "lieu": "Salle 2",
        "duree": 30,
        "notes": "N\/A",
        "type_rdv": "suivi"
    },
    {
        "id": 3,
        "patient_id": 1,
        "medecin_id": 1,
        "nom": "ndiaye",
        "prenom": "kabyra",
        "date_rdv": "2024-08-10 11:00:00",
        "motif": "Contr?le g?n?ral",
        "statut": "termine",
        "lieu": "Salle 1",
        "duree": 60,
        "notes": "N\/A",
        "type_rdv": "consultation"
    },
    {
        "id": 4,
        "patient_id": 2,
        "medecin_id": 1,
        "nom": "dell",
        "prenom": "modou",
        "date_rdv": "2024-07-05 14:00:00",
        "motif": "Consultation p?diatrique",
        "statut": "termine",
        "lieu": "Salle 3",
        "duree": 45,
        "notes": "N\/A",
        "type_rdv": "consultation"
    },
    {
        "id": 5,
        "patient_id": 3,
        "medecin_id": 1,
        "nom": "ayshu",
        "prenom": "queen",
        "date_rdv": "2024-08-12 15:00:00",
        "motif": "IRM neurologique",
        "statut": "termine",
        "lieu": "Salle 4",
        "duree": 90,
        "notes": "Pr?parer IRM avec contraste",
        "type_rdv": "urgence"
    },
    {
        "id": 6,
        "patient_id": 4,
        "medecin_id": 1,
        "nom": "mbacke",
        "prenom": "amsatou",
        "date_rdv": "2024-09-01 13:00:00",
        "motif": "Consultation de routine",
        "statut": "termine",
        "lieu": "Salle 1",
        "duree": 30,
        "notes": "N\/A",
        "type_rdv": "consultation"
    },
    {
        "id": 7,
        "patient_id": 5,
        "medecin_id": 1,
        "nom": "lam",
        "prenom": "souleymane",
        "date_rdv": "2024-09-10 09:00:00",
        "motif": "Analyse scanner",
        "statut": "termine",
        "lieu": "Salle 2",
        "duree": 60,
        "notes": "N\/A",
        "type_rdv": "urgence"
    },
    {
        "id": 8,
        "patient_id": 1,
        "medecin_id": 1,
        "nom": "ndiaye",
        "prenom": "kabyra",
        "date_rdv": "2025-06-15 10:56:00",
        "motif": "nause",
        "statut": "planifie",
        "lieu": "salle 1",
        "duree": 30,
        "notes": "urgent",
        "type_rdv": "suivi"
    }
]
[2025-06-15 12:57:26] Authorization header: Bearer eyJ0eXAiOiJKV1QiLCJhbGciOiJIUzI1NiJ9.eyJpYXQiOjE3NDk4OTk3NDAsImV4cCI6MTc0OTk4NjE0MCwiZGF0YSI6eyJpZCI6MSwiZW1haWwiOiJhaWNoYXNhZ25lQGVzcC5zbiIsInJvbGUiOiJtZWRlY2luIn19.4VqRmfOOdu0j2OHLyCzTZ55IJjpWIOdNZSGKQSx8ia4
[2025-06-15 12:57:26] Token extracted: eyJ0eXAiOiJKV1QiLCJh...
[2025-06-15 12:57:26] Utilisateur authentifié: userId=1
[2025-06-15 12:57:26] Rôle de l'utilisateur: role=medecin
[2025-06-15 12:57:26] Médecin identifié: medecinId=1
[2025-06-15 12:57:26] Requête GET pour la liste des rendez-vous
[2025-06-15 12:57:26] Rendez-vous trouvés: [
    {
        "id": 1,
        "patient_id": 1,
        "medecin_id": 1,
        "nom": "ndiaye",
        "prenom": "kabyra",
        "date_rdv": "2024-06-15 10:00:00",
        "motif": "Consultation initiale",
        "statut": "termine",
        "lieu": "Salle 1",
        "duree": 45,
        "notes": "Prise de sang recommand?e",
        "type_rdv": "consultation"
    },
    {
        "id": 2,
        "patient_id": 1,
        "medecin_id": 1,
        "nom": "ndiaye",
        "prenom": "kabyra",
        "date_rdv": "2024-07-01 09:30:00",
        "motif": "Suivi traitement",
        "statut": "termine",
        "lieu": "Salle 2",
        "duree": 30,
        "notes": "N\/A",
        "type_rdv": "suivi"
    },
    {
        "id": 3,
        "patient_id": 1,
        "medecin_id": 1,
        "nom": "ndiaye",
        "prenom": "kabyra",
        "date_rdv": "2024-08-10 11:00:00",
        "motif": "Contr?le g?n?ral",
        "statut": "termine",
        "lieu": "Salle 1",
        "duree": 60,
        "notes": "N\/A",
        "type_rdv": "consultation"
    },
    {
        "id": 4,
        "patient_id": 2,
        "medecin_id": 1,
        "nom": "dell",
        "prenom": "modou",
        "date_rdv": "2024-07-05 14:00:00",
        "motif": "Consultation p?diatrique",
        "statut": "termine",
        "lieu": "Salle 3",
        "duree": 45,
        "notes": "N\/A",
        "type_rdv": "consultation"
    },
    {
        "id": 5,
        "patient_id": 3,
        "medecin_id": 1,
        "nom": "ayshu",
        "prenom": "queen",
        "date_rdv": "2024-08-12 15:00:00",
        "motif": "IRM neurologique",
        "statut": "termine",
        "lieu": "Salle 4",
        "duree": 90,
        "notes": "Pr?parer IRM avec contraste",
        "type_rdv": "urgence"
    },
    {
        "id": 6,
        "patient_id": 4,
        "medecin_id": 1,
        "nom": "mbacke",
        "prenom": "amsatou",
        "date_rdv": "2024-09-01 13:00:00",
        "motif": "Consultation de routine",
        "statut": "termine",
        "lieu": "Salle 1",
        "duree": 30,
        "notes": "N\/A",
        "type_rdv": "consultation"
    },
    {
        "id": 7,
        "patient_id": 5,
        "medecin_id": 1,
        "nom": "lam",
        "prenom": "souleymane",
        "date_rdv": "2024-09-10 09:00:00",
        "motif": "Analyse scanner",
        "statut": "termine",
        "lieu": "Salle 2",
        "duree": 60,
        "notes": "N\/A",
        "type_rdv": "urgence"
    },
    {
        "id": 8,
        "patient_id": 1,
        "medecin_id": 1,
        "nom": "ndiaye",
        "prenom": "kabyra",
        "date_rdv": "2025-06-15 10:56:00",
        "motif": "nause",
        "statut": "planifie",
        "lieu": "salle 1",
        "duree": 30,
        "notes": "urgent",
        "type_rdv": "suivi"
    }
]
[2025-06-15 12:57:28] Authorization header: Bearer eyJ0eXAiOiJKV1QiLCJhbGciOiJIUzI1NiJ9.eyJpYXQiOjE3NDk4OTk3NDAsImV4cCI6MTc0OTk4NjE0MCwiZGF0YSI6eyJpZCI6MSwiZW1haWwiOiJhaWNoYXNhZ25lQGVzcC5zbiIsInJvbGUiOiJtZWRlY2luIn19.4VqRmfOOdu0j2OHLyCzTZ55IJjpWIOdNZSGKQSx8ia4
[2025-06-15 12:57:28] Token extracted: eyJ0eXAiOiJKV1QiLCJh...
[2025-06-15 12:57:28] Utilisateur authentifié: userId=1
[2025-06-15 12:57:28] Rôle de l'utilisateur: role=medecin
[2025-06-15 12:57:28] Médecin identifié: medecinId=1
[2025-06-15 12:57:28] Requête GET pour la liste des rendez-vous
[2025-06-15 12:57:28] Rendez-vous trouvés: [
    {
        "id": 1,
        "patient_id": 1,
        "medecin_id": 1,
        "nom": "ndiaye",
        "prenom": "kabyra",
        "date_rdv": "2024-06-15 10:00:00",
        "motif": "Consultation initiale",
        "statut": "termine",
        "lieu": "Salle 1",
        "duree": 45,
        "notes": "Prise de sang recommand?e",
        "type_rdv": "consultation"
    },
    {
        "id": 2,
        "patient_id": 1,
        "medecin_id": 1,
        "nom": "ndiaye",
        "prenom": "kabyra",
        "date_rdv": "2024-07-01 09:30:00",
        "motif": "Suivi traitement",
        "statut": "termine",
        "lieu": "Salle 2",
        "duree": 30,
        "notes": "N\/A",
        "type_rdv": "suivi"
    },
    {
        "id": 3,
        "patient_id": 1,
        "medecin_id": 1,
        "nom": "ndiaye",
        "prenom": "kabyra",
        "date_rdv": "2024-08-10 11:00:00",
        "motif": "Contr?le g?n?ral",
        "statut": "termine",
        "lieu": "Salle 1",
        "duree": 60,
        "notes": "N\/A",
        "type_rdv": "consultation"
    },
    {
        "id": 4,
        "patient_id": 2,
        "medecin_id": 1,
        "nom": "dell",
        "prenom": "modou",
        "date_rdv": "2024-07-05 14:00:00",
        "motif": "Consultation p?diatrique",
        "statut": "termine",
        "lieu": "Salle 3",
        "duree": 45,
        "notes": "N\/A",
        "type_rdv": "consultation"
    },
    {
        "id": 5,
        "patient_id": 3,
        "medecin_id": 1,
        "nom": "ayshu",
        "prenom": "queen",
        "date_rdv": "2024-08-12 15:00:00",
        "motif": "IRM neurologique",
        "statut": "termine",
        "lieu": "Salle 4",
        "duree": 90,
        "notes": "Pr?parer IRM avec contraste",
        "type_rdv": "urgence"
    },
    {
        "id": 6,
        "patient_id": 4,
        "medecin_id": 1,
        "nom": "mbacke",
        "prenom": "amsatou",
        "date_rdv": "2024-09-01 13:00:00",
        "motif": "Consultation de routine",
        "statut": "termine",
        "lieu": "Salle 1",
        "duree": 30,
        "notes": "N\/A",
        "type_rdv": "consultation"
    },
    {
        "id": 7,
        "patient_id": 5,
        "medecin_id": 1,
        "nom": "lam",
        "prenom": "souleymane",
        "date_rdv": "2024-09-10 09:00:00",
        "motif": "Analyse scanner",
        "statut": "termine",
        "lieu": "Salle 2",
        "duree": 60,
        "notes": "N\/A",
        "type_rdv": "urgence"
    },
    {
        "id": 8,
        "patient_id": 1,
        "medecin_id": 1,
        "nom": "ndiaye",
        "prenom": "kabyra",
        "date_rdv": "2025-06-15 10:56:00",
        "motif": "nause",
        "statut": "planifie",
        "lieu": "salle 1",
        "duree": 30,
        "notes": "urgent",
        "type_rdv": "suivi"
    }
]
[2025-06-15 12:58:37] Authorization header: Bearer eyJ0eXAiOiJKV1QiLCJhbGciOiJIUzI1NiJ9.eyJpYXQiOjE3NDk4OTk3NDAsImV4cCI6MTc0OTk4NjE0MCwiZGF0YSI6eyJpZCI6MSwiZW1haWwiOiJhaWNoYXNhZ25lQGVzcC5zbiIsInJvbGUiOiJtZWRlY2luIn19.4VqRmfOOdu0j2OHLyCzTZ55IJjpWIOdNZSGKQSx8ia4
[2025-06-15 12:58:37] Token extracted: eyJ0eXAiOiJKV1QiLCJh...
[2025-06-15 12:58:37] Utilisateur authentifié: userId=1
[2025-06-15 12:58:37] Rôle de l'utilisateur: role=medecin
[2025-06-15 12:58:37] Médecin identifié: medecinId=1
[2025-06-15 12:58:37] Requête GET pour la liste des rendez-vous
[2025-06-15 12:58:37] Rendez-vous trouvés: [
    {
        "id": 1,
        "patient_id": 1,
        "medecin_id": 1,
        "nom": "ndiaye",
        "prenom": "kabyra",
        "date_rdv": "2024-06-15 10:00:00",
        "motif": "Consultation initiale",
        "statut": "termine",
        "lieu": "Salle 1",
        "duree": 45,
        "notes": "Prise de sang recommand?e",
        "type_rdv": "consultation"
    },
    {
        "id": 2,
        "patient_id": 1,
        "medecin_id": 1,
        "nom": "ndiaye",
        "prenom": "kabyra",
        "date_rdv": "2024-07-01 09:30:00",
        "motif": "Suivi traitement",
        "statut": "termine",
        "lieu": "Salle 2",
        "duree": 30,
        "notes": "N\/A",
        "type_rdv": "suivi"
    },
    {
        "id": 3,
        "patient_id": 1,
        "medecin_id": 1,
        "nom": "ndiaye",
        "prenom": "kabyra",
        "date_rdv": "2024-08-10 11:00:00",
        "motif": "Contr?le g?n?ral",
        "statut": "termine",
        "lieu": "Salle 1",
        "duree": 60,
        "notes": "N\/A",
        "type_rdv": "consultation"
    },
    {
        "id": 4,
        "patient_id": 2,
        "medecin_id": 1,
        "nom": "dell",
        "prenom": "modou",
        "date_rdv": "2024-07-05 14:00:00",
        "motif": "Consultation p?diatrique",
        "statut": "termine",
        "lieu": "Salle 3",
        "duree": 45,
        "notes": "N\/A",
        "type_rdv": "consultation"
    },
    {
        "id": 5,
        "patient_id": 3,
        "medecin_id": 1,
        "nom": "ayshu",
        "prenom": "queen",
        "date_rdv": "2024-08-12 15:00:00",
        "motif": "IRM neurologique",
        "statut": "termine",
        "lieu": "Salle 4",
        "duree": 90,
        "notes": "Pr?parer IRM avec contraste",
        "type_rdv": "urgence"
    },
    {
        "id": 6,
        "patient_id": 4,
        "medecin_id": 1,
        "nom": "mbacke",
        "prenom": "amsatou",
        "date_rdv": "2024-09-01 13:00:00",
        "motif": "Consultation de routine",
        "statut": "termine",
        "lieu": "Salle 1",
        "duree": 30,
        "notes": "N\/A",
        "type_rdv": "consultation"
    },
    {
        "id": 7,
        "patient_id": 5,
        "medecin_id": 1,
        "nom": "lam",
        "prenom": "souleymane",
        "date_rdv": "2024-09-10 09:00:00",
        "motif": "Analyse scanner",
        "statut": "termine",
        "lieu": "Salle 2",
        "duree": 60,
        "notes": "N\/A",
        "type_rdv": "urgence"
    },
    {
        "id": 8,
        "patient_id": 1,
        "medecin_id": 1,
        "nom": "ndiaye",
        "prenom": "kabyra",
        "date_rdv": "2025-06-15 10:56:00",
        "motif": "nause",
        "statut": "planifie",
        "lieu": "salle 1",
        "duree": 30,
        "notes": "urgent",
        "type_rdv": "suivi"
    }
]
[2025-06-15 12:58:38] Authorization header: Bearer eyJ0eXAiOiJKV1QiLCJhbGciOiJIUzI1NiJ9.eyJpYXQiOjE3NDk4OTk3NDAsImV4cCI6MTc0OTk4NjE0MCwiZGF0YSI6eyJpZCI6MSwiZW1haWwiOiJhaWNoYXNhZ25lQGVzcC5zbiIsInJvbGUiOiJtZWRlY2luIn19.4VqRmfOOdu0j2OHLyCzTZ55IJjpWIOdNZSGKQSx8ia4
[2025-06-15 12:58:38] Token extracted: eyJ0eXAiOiJKV1QiLCJh...
[2025-06-15 12:58:38] Utilisateur authentifié: userId=1
[2025-06-15 12:58:38] Rôle de l'utilisateur: role=medecin
[2025-06-15 12:58:38] Médecin identifié: medecinId=1
[2025-06-15 12:58:38] Requête GET pour la liste des rendez-vous
[2025-06-15 12:58:38] Rendez-vous trouvés: [
    {
        "id": 1,
        "patient_id": 1,
        "medecin_id": 1,
        "nom": "ndiaye",
        "prenom": "kabyra",
        "date_rdv": "2024-06-15 10:00:00",
        "motif": "Consultation initiale",
        "statut": "termine",
        "lieu": "Salle 1",
        "duree": 45,
        "notes": "Prise de sang recommand?e",
        "type_rdv": "consultation"
    },
    {
        "id": 2,
        "patient_id": 1,
        "medecin_id": 1,
        "nom": "ndiaye",
        "prenom": "kabyra",
        "date_rdv": "2024-07-01 09:30:00",
        "motif": "Suivi traitement",
        "statut": "termine",
        "lieu": "Salle 2",
        "duree": 30,
        "notes": "N\/A",
        "type_rdv": "suivi"
    },
    {
        "id": 3,
        "patient_id": 1,
        "medecin_id": 1,
        "nom": "ndiaye",
        "prenom": "kabyra",
        "date_rdv": "2024-08-10 11:00:00",
        "motif": "Contr?le g?n?ral",
        "statut": "termine",
        "lieu": "Salle 1",
        "duree": 60,
        "notes": "N\/A",
        "type_rdv": "consultation"
    },
    {
        "id": 4,
        "patient_id": 2,
        "medecin_id": 1,
        "nom": "dell",
        "prenom": "modou",
        "date_rdv": "2024-07-05 14:00:00",
        "motif": "Consultation p?diatrique",
        "statut": "termine",
        "lieu": "Salle 3",
        "duree": 45,
        "notes": "N\/A",
        "type_rdv": "consultation"
    },
    {
        "id": 5,
        "patient_id": 3,
        "medecin_id": 1,
        "nom": "ayshu",
        "prenom": "queen",
        "date_rdv": "2024-08-12 15:00:00",
        "motif": "IRM neurologique",
        "statut": "termine",
        "lieu": "Salle 4",
        "duree": 90,
        "notes": "Pr?parer IRM avec contraste",
        "type_rdv": "urgence"
    },
    {
        "id": 6,
        "patient_id": 4,
        "medecin_id": 1,
        "nom": "mbacke",
        "prenom": "amsatou",
        "date_rdv": "2024-09-01 13:00:00",
        "motif": "Consultation de routine",
        "statut": "termine",
        "lieu": "Salle 1",
        "duree": 30,
        "notes": "N\/A",
        "type_rdv": "consultation"
    },
    {
        "id": 7,
        "patient_id": 5,
        "medecin_id": 1,
        "nom": "lam",
        "prenom": "souleymane",
        "date_rdv": "2024-09-10 09:00:00",
        "motif": "Analyse scanner",
        "statut": "termine",
        "lieu": "Salle 2",
        "duree": 60,
        "notes": "N\/A",
        "type_rdv": "urgence"
    },
    {
        "id": 8,
        "patient_id": 1,
        "medecin_id": 1,
        "nom": "ndiaye",
        "prenom": "kabyra",
        "date_rdv": "2025-06-15 10:56:00",
        "motif": "nause",
        "statut": "planifie",
        "lieu": "salle 1",
        "duree": 30,
        "notes": "urgent",
        "type_rdv": "suivi"
    }
]
[2025-06-15 13:05:19] Authorization header: Bearer eyJ0eXAiOiJKV1QiLCJhbGciOiJIUzI1NiJ9.eyJpYXQiOjE3NDk4OTk3NDAsImV4cCI6MTc0OTk4NjE0MCwiZGF0YSI6eyJpZCI6MSwiZW1haWwiOiJhaWNoYXNhZ25lQGVzcC5zbiIsInJvbGUiOiJtZWRlY2luIn19.4VqRmfOOdu0j2OHLyCzTZ55IJjpWIOdNZSGKQSx8ia4
[2025-06-15 13:05:20] Token extracted: eyJ0eXAiOiJKV1QiLCJh...
[2025-06-15 13:05:20] Utilisateur authentifié: userId=1
[2025-06-15 13:05:20] Rôle de l'utilisateur: role=medecin
[2025-06-15 13:05:20] Médecin identifié: medecinId=1
[2025-06-15 13:05:20] Requête GET pour la liste des rendez-vous
[2025-06-15 13:05:20] Rendez-vous trouvés: [
    {
        "id": 1,
        "patient_id": 1,
        "medecin_id": 1,
        "nom": "ndiaye",
        "prenom": "kabyra",
        "date_rdv": "2024-06-15 10:00:00",
        "motif": "Consultation initiale",
        "statut": "termine",
        "lieu": "Salle 1",
        "duree": 45,
        "notes": "Prise de sang recommand?e",
        "type_rdv": "consultation"
    },
    {
        "id": 2,
        "patient_id": 1,
        "medecin_id": 1,
        "nom": "ndiaye",
        "prenom": "kabyra",
        "date_rdv": "2024-07-01 09:30:00",
        "motif": "Suivi traitement",
        "statut": "termine",
        "lieu": "Salle 2",
        "duree": 30,
        "notes": "N\/A",
        "type_rdv": "suivi"
    },
    {
        "id": 3,
        "patient_id": 1,
        "medecin_id": 1,
        "nom": "ndiaye",
        "prenom": "kabyra",
        "date_rdv": "2024-08-10 11:00:00",
        "motif": "Contr?le g?n?ral",
        "statut": "termine",
        "lieu": "Salle 1",
        "duree": 60,
        "notes": "N\/A",
        "type_rdv": "consultation"
    },
    {
        "id": 4,
        "patient_id": 2,
        "medecin_id": 1,
        "nom": "dell",
        "prenom": "modou",
        "date_rdv": "2024-07-05 14:00:00",
        "motif": "Consultation p?diatrique",
        "statut": "termine",
        "lieu": "Salle 3",
        "duree": 45,
        "notes": "N\/A",
        "type_rdv": "consultation"
    },
    {
        "id": 5,
        "patient_id": 3,
        "medecin_id": 1,
        "nom": "ayshu",
        "prenom": "queen",
        "date_rdv": "2024-08-12 15:00:00",
        "motif": "IRM neurologique",
        "statut": "termine",
        "lieu": "Salle 4",
        "duree": 90,
        "notes": "Pr?parer IRM avec contraste",
        "type_rdv": "urgence"
    },
    {
        "id": 6,
        "patient_id": 4,
        "medecin_id": 1,
        "nom": "mbacke",
        "prenom": "amsatou",
        "date_rdv": "2024-09-01 13:00:00",
        "motif": "Consultation de routine",
        "statut": "termine",
        "lieu": "Salle 1",
        "duree": 30,
        "notes": "N\/A",
        "type_rdv": "consultation"
    },
    {
        "id": 7,
        "patient_id": 5,
        "medecin_id": 1,
        "nom": "lam",
        "prenom": "souleymane",
        "date_rdv": "2024-09-10 09:00:00",
        "motif": "Analyse scanner",
        "statut": "termine",
        "lieu": "Salle 2",
        "duree": 60,
        "notes": "N\/A",
        "type_rdv": "urgence"
    },
    {
        "id": 8,
        "patient_id": 1,
        "medecin_id": 1,
        "nom": "ndiaye",
        "prenom": "kabyra",
        "date_rdv": "2025-06-15 10:56:00",
        "motif": "nause",
        "statut": "planifie",
        "lieu": "salle 1",
        "duree": 30,
        "notes": "urgent",
        "type_rdv": "suivi"
    }
]
[2025-06-15 13:05:21] Authorization header: Bearer eyJ0eXAiOiJKV1QiLCJhbGciOiJIUzI1NiJ9.eyJpYXQiOjE3NDk4OTk3NDAsImV4cCI6MTc0OTk4NjE0MCwiZGF0YSI6eyJpZCI6MSwiZW1haWwiOiJhaWNoYXNhZ25lQGVzcC5zbiIsInJvbGUiOiJtZWRlY2luIn19.4VqRmfOOdu0j2OHLyCzTZ55IJjpWIOdNZSGKQSx8ia4
[2025-06-15 13:05:21] Token extracted: eyJ0eXAiOiJKV1QiLCJh...
[2025-06-15 13:05:21] Utilisateur authentifié: userId=1
[2025-06-15 13:05:21] Rôle de l'utilisateur: role=medecin
[2025-06-15 13:05:21] Médecin identifié: medecinId=1
[2025-06-15 13:05:21] Requête GET pour la liste des rendez-vous
[2025-06-15 13:05:21] Rendez-vous trouvés: [
    {
        "id": 1,
        "patient_id": 1,
        "medecin_id": 1,
        "nom": "ndiaye",
        "prenom": "kabyra",
        "date_rdv": "2024-06-15 10:00:00",
        "motif": "Consultation initiale",
        "statut": "termine",
        "lieu": "Salle 1",
        "duree": 45,
        "notes": "Prise de sang recommand?e",
        "type_rdv": "consultation"
    },
    {
        "id": 2,
        "patient_id": 1,
        "medecin_id": 1,
        "nom": "ndiaye",
        "prenom": "kabyra",
        "date_rdv": "2024-07-01 09:30:00",
        "motif": "Suivi traitement",
        "statut": "termine",
        "lieu": "Salle 2",
        "duree": 30,
        "notes": "N\/A",
        "type_rdv": "suivi"
    },
    {
        "id": 3,
        "patient_id": 1,
        "medecin_id": 1,
        "nom": "ndiaye",
        "prenom": "kabyra",
        "date_rdv": "2024-08-10 11:00:00",
        "motif": "Contr?le g?n?ral",
        "statut": "termine",
        "lieu": "Salle 1",
        "duree": 60,
        "notes": "N\/A",
        "type_rdv": "consultation"
    },
    {
        "id": 4,
        "patient_id": 2,
        "medecin_id": 1,
        "nom": "dell",
        "prenom": "modou",
        "date_rdv": "2024-07-05 14:00:00",
        "motif": "Consultation p?diatrique",
        "statut": "termine",
        "lieu": "Salle 3",
        "duree": 45,
        "notes": "N\/A",
        "type_rdv": "consultation"
    },
    {
        "id": 5,
        "patient_id": 3,
        "medecin_id": 1,
        "nom": "ayshu",
        "prenom": "queen",
        "date_rdv": "2024-08-12 15:00:00",
        "motif": "IRM neurologique",
        "statut": "termine",
        "lieu": "Salle 4",
        "duree": 90,
        "notes": "Pr?parer IRM avec contraste",
        "type_rdv": "urgence"
    },
    {
        "id": 6,
        "patient_id": 4,
        "medecin_id": 1,
        "nom": "mbacke",
        "prenom": "amsatou",
        "date_rdv": "2024-09-01 13:00:00",
        "motif": "Consultation de routine",
        "statut": "termine",
        "lieu": "Salle 1",
        "duree": 30,
        "notes": "N\/A",
        "type_rdv": "consultation"
    },
    {
        "id": 7,
        "patient_id": 5,
        "medecin_id": 1,
        "nom": "lam",
        "prenom": "souleymane",
        "date_rdv": "2024-09-10 09:00:00",
        "motif": "Analyse scanner",
        "statut": "termine",
        "lieu": "Salle 2",
        "duree": 60,
        "notes": "N\/A",
        "type_rdv": "urgence"
    },
    {
        "id": 8,
        "patient_id": 1,
        "medecin_id": 1,
        "nom": "ndiaye",
        "prenom": "kabyra",
        "date_rdv": "2025-06-15 10:56:00",
        "motif": "nause",
        "statut": "planifie",
        "lieu": "salle 1",
        "duree": 30,
        "notes": "urgent",
        "type_rdv": "suivi"
    }
]
[2025-06-15 16:03:49] Authorization header: Bearer eyJ0eXAiOiJKV1QiLCJhbGciOiJIUzI1NiJ9.eyJpYXQiOjE3NDk4OTk3NDAsImV4cCI6MTc0OTk4NjE0MCwiZGF0YSI6eyJpZCI6MSwiZW1haWwiOiJhaWNoYXNhZ25lQGVzcC5zbiIsInJvbGUiOiJtZWRlY2luIn19.4VqRmfOOdu0j2OHLyCzTZ55IJjpWIOdNZSGKQSx8ia4
[2025-06-15 16:03:49] Token extracted: eyJ0eXAiOiJKV1QiLCJh...
[2025-06-15 16:03:51] Authorization header: Bearer eyJ0eXAiOiJKV1QiLCJhbGciOiJIUzI1NiJ9.eyJpYXQiOjE3NDk4OTk3NDAsImV4cCI6MTc0OTk4NjE0MCwiZGF0YSI6eyJpZCI6MSwiZW1haWwiOiJhaWNoYXNhZ25lQGVzcC5zbiIsInJvbGUiOiJtZWRlY2luIn19.4VqRmfOOdu0j2OHLyCzTZ55IJjpWIOdNZSGKQSx8ia4
[2025-06-15 16:03:51] Token extracted: eyJ0eXAiOiJKV1QiLCJh...
[2025-06-15 16:03:58] JWT validation failed: Expired token - Token (partial): eyJ0eXAiOiJKV1QiLCJh...
[2025-06-15 16:03:58] JWT validation failed: Expired token - Token (partial): eyJ0eXAiOiJKV1QiLCJh...
[2025-06-16 12:09:27] Authorization header: Bearer eyJ0eXAiOiJKV1QiLCJhbGciOiJIUzI1NiJ9.eyJpYXQiOjE3NDk4OTk3NDAsImV4cCI6MTc0OTk4NjE0MCwiZGF0YSI6eyJpZCI6MSwiZW1haWwiOiJhaWNoYXNhZ25lQGVzcC5zbiIsInJvbGUiOiJtZWRlY2luIn19.4VqRmfOOdu0j2OHLyCzTZ55IJjpWIOdNZSGKQSx8ia4
[2025-06-16 12:09:27] Token extracted: eyJ0eXAiOiJKV1QiLCJh...
[2025-06-16 12:09:28] JWT validation failed: Expired token - Token (partial): eyJ0eXAiOiJKV1QiLCJh...
[2025-06-16 12:09:31] Authorization header: Bearer eyJ0eXAiOiJKV1QiLCJhbGciOiJIUzI1NiJ9.eyJpYXQiOjE3NDk4OTk3NDAsImV4cCI6MTc0OTk4NjE0MCwiZGF0YSI6eyJpZCI6MSwiZW1haWwiOiJhaWNoYXNhZ25lQGVzcC5zbiIsInJvbGUiOiJtZWRlY2luIn19.4VqRmfOOdu0j2OHLyCzTZ55IJjpWIOdNZSGKQSx8ia4
[2025-06-16 12:09:31] Token extracted: eyJ0eXAiOiJKV1QiLCJh...
[2025-06-16 12:09:31] JWT validation failed: Expired token - Token (partial): eyJ0eXAiOiJKV1QiLCJh...
[2025-06-16 12:09:35] Authorization header: Bearer eyJ0eXAiOiJKV1QiLCJhbGciOiJIUzI1NiJ9.eyJpYXQiOjE3NDk4OTk3NDAsImV4cCI6MTc0OTk4NjE0MCwiZGF0YSI6eyJpZCI6MSwiZW1haWwiOiJhaWNoYXNhZ25lQGVzcC5zbiIsInJvbGUiOiJtZWRlY2luIn19.4VqRmfOOdu0j2OHLyCzTZ55IJjpWIOdNZSGKQSx8ia4
[2025-06-16 12:09:35] Token extracted: eyJ0eXAiOiJKV1QiLCJh...
[2025-06-16 12:09:35] JWT validation failed: Expired token - Token (partial): eyJ0eXAiOiJKV1QiLCJh...
[2025-06-16 12:09:45] Authorization header: Bearer eyJ0eXAiOiJKV1QiLCJhbGciOiJIUzI1NiJ9.eyJpYXQiOjE3NTAwNjg1ODMsImV4cCI6MTc1MDE1NDk4MywiZGF0YSI6eyJpZCI6MSwiZW1haWwiOiJhaWNoYXNhZ25lQGVzcC5zbiIsInJvbGUiOiJtZWRlY2luIn19.hWafsXnjFQmJ8_lsuuKVw-TG2t2MNrgEVVdNIcO43sM
[2025-06-16 12:09:45] Token extracted: eyJ0eXAiOiJKV1QiLCJh...
[2025-06-16 12:09:45] Utilisateur authentifié: userId=1
[2025-06-16 12:09:45] Rôle de l'utilisateur: role=medecin
[2025-06-16 12:09:45] Médecin identifié: medecinId=1
[2025-06-16 12:09:45] Requête GET pour la liste des rendez-vous
[2025-06-16 12:09:45] Rendez-vous trouvés: [
    {
        "id": 1,
        "patient_id": 1,
        "medecin_id": 1,
        "nom": "ndiaye",
        "prenom": "kabyra",
        "date_rdv": "2024-06-15 10:00:00",
        "motif": "Consultation initiale",
        "statut": "termine",
        "lieu": "Salle 1",
        "duree": 45,
        "notes": "Prise de sang recommand?e",
        "type_rdv": "consultation"
    },
    {
        "id": 2,
        "patient_id": 1,
        "medecin_id": 1,
        "nom": "ndiaye",
        "prenom": "kabyra",
        "date_rdv": "2024-07-01 09:30:00",
        "motif": "Suivi traitement",
        "statut": "termine",
        "lieu": "Salle 2",
        "duree": 30,
        "notes": "N\/A",
        "type_rdv": "suivi"
    },
    {
        "id": 3,
        "patient_id": 1,
        "medecin_id": 1,
        "nom": "ndiaye",
        "prenom": "kabyra",
        "date_rdv": "2024-08-10 11:00:00",
        "motif": "Contr?le g?n?ral",
        "statut": "termine",
        "lieu": "Salle 1",
        "duree": 60,
        "notes": "N\/A",
        "type_rdv": "consultation"
    },
    {
        "id": 4,
        "patient_id": 2,
        "medecin_id": 1,
        "nom": "dell",
        "prenom": "modou",
        "date_rdv": "2024-07-05 14:00:00",
        "motif": "Consultation p?diatrique",
        "statut": "termine",
        "lieu": "Salle 3",
        "duree": 45,
        "notes": "N\/A",
        "type_rdv": "consultation"
    },
    {
        "id": 5,
        "patient_id": 3,
        "medecin_id": 1,
        "nom": "ayshu",
        "prenom": "queen",
        "date_rdv": "2024-08-12 15:00:00",
        "motif": "IRM neurologique",
        "statut": "termine",
        "lieu": "Salle 4",
        "duree": 90,
        "notes": "Pr?parer IRM avec contraste",
        "type_rdv": "urgence"
    },
    {
        "id": 6,
        "patient_id": 4,
        "medecin_id": 1,
        "nom": "mbacke",
        "prenom": "amsatou",
        "date_rdv": "2024-09-01 13:00:00",
        "motif": "Consultation de routine",
        "statut": "termine",
        "lieu": "Salle 1",
        "duree": 30,
        "notes": "N\/A",
        "type_rdv": "consultation"
    },
    {
        "id": 7,
        "patient_id": 5,
        "medecin_id": 1,
        "nom": "lam",
        "prenom": "souleymane",
        "date_rdv": "2024-09-10 09:00:00",
        "motif": "Analyse scanner",
        "statut": "termine",
        "lieu": "Salle 2",
        "duree": 60,
        "notes": "N\/A",
        "type_rdv": "urgence"
    },
    {
        "id": 8,
        "patient_id": 1,
        "medecin_id": 1,
        "nom": "ndiaye",
        "prenom": "kabyra",
        "date_rdv": "2025-06-15 10:56:00",
        "motif": "nause",
        "statut": "planifie",
        "lieu": "salle 1",
        "duree": 30,
        "notes": "urgent",
        "type_rdv": "suivi"
    }
]
[2025-06-16 12:09:48] Authorization header: Bearer eyJ0eXAiOiJKV1QiLCJhbGciOiJIUzI1NiJ9.eyJpYXQiOjE3NTAwNjg1ODMsImV4cCI6MTc1MDE1NDk4MywiZGF0YSI6eyJpZCI6MSwiZW1haWwiOiJhaWNoYXNhZ25lQGVzcC5zbiIsInJvbGUiOiJtZWRlY2luIn19.hWafsXnjFQmJ8_lsuuKVw-TG2t2MNrgEVVdNIcO43sM
[2025-06-16 12:09:48] Token extracted: eyJ0eXAiOiJKV1QiLCJh...
[2025-06-16 12:09:48] Utilisateur authentifié: userId=1
[2025-06-16 12:09:48] Rôle de l'utilisateur: role=medecin
[2025-06-16 12:09:48] Médecin identifié: medecinId=1
[2025-06-16 12:09:48] Requête GET pour la liste des rendez-vous
[2025-06-16 12:09:48] Rendez-vous trouvés: [
    {
        "id": 1,
        "patient_id": 1,
        "medecin_id": 1,
        "nom": "ndiaye",
        "prenom": "kabyra",
        "date_rdv": "2024-06-15 10:00:00",
        "motif": "Consultation initiale",
        "statut": "termine",
        "lieu": "Salle 1",
        "duree": 45,
        "notes": "Prise de sang recommand?e",
        "type_rdv": "consultation"
    },
    {
        "id": 2,
        "patient_id": 1,
        "medecin_id": 1,
        "nom": "ndiaye",
        "prenom": "kabyra",
        "date_rdv": "2024-07-01 09:30:00",
        "motif": "Suivi traitement",
        "statut": "termine",
        "lieu": "Salle 2",
        "duree": 30,
        "notes": "N\/A",
        "type_rdv": "suivi"
    },
    {
        "id": 3,
        "patient_id": 1,
        "medecin_id": 1,
        "nom": "ndiaye",
        "prenom": "kabyra",
        "date_rdv": "2024-08-10 11:00:00",
        "motif": "Contr?le g?n?ral",
        "statut": "termine",
        "lieu": "Salle 1",
        "duree": 60,
        "notes": "N\/A",
        "type_rdv": "consultation"
    },
    {
        "id": 4,
        "patient_id": 2,
        "medecin_id": 1,
        "nom": "dell",
        "prenom": "modou",
        "date_rdv": "2024-07-05 14:00:00",
        "motif": "Consultation p?diatrique",
        "statut": "termine",
        "lieu": "Salle 3",
        "duree": 45,
        "notes": "N\/A",
        "type_rdv": "consultation"
    },
    {
        "id": 5,
        "patient_id": 3,
        "medecin_id": 1,
        "nom": "ayshu",
        "prenom": "queen",
        "date_rdv": "2024-08-12 15:00:00",
        "motif": "IRM neurologique",
        "statut": "termine",
        "lieu": "Salle 4",
        "duree": 90,
        "notes": "Pr?parer IRM avec contraste",
        "type_rdv": "urgence"
    },
    {
        "id": 6,
        "patient_id": 4,
        "medecin_id": 1,
        "nom": "mbacke",
        "prenom": "amsatou",
        "date_rdv": "2024-09-01 13:00:00",
        "motif": "Consultation de routine",
        "statut": "termine",
        "lieu": "Salle 1",
        "duree": 30,
        "notes": "N\/A",
        "type_rdv": "consultation"
    },
    {
        "id": 7,
        "patient_id": 5,
        "medecin_id": 1,
        "nom": "lam",
        "prenom": "souleymane",
        "date_rdv": "2024-09-10 09:00:00",
        "motif": "Analyse scanner",
        "statut": "termine",
        "lieu": "Salle 2",
        "duree": 60,
        "notes": "N\/A",
        "type_rdv": "urgence"
    },
    {
        "id": 8,
        "patient_id": 1,
        "medecin_id": 1,
        "nom": "ndiaye",
        "prenom": "kabyra",
        "date_rdv": "2025-06-15 10:56:00",
        "motif": "nause",
        "statut": "planifie",
        "lieu": "salle 1",
        "duree": 30,
        "notes": "urgent",
        "type_rdv": "suivi"
    }
]
[2025-06-16 12:12:20] Authorization header: Bearer eyJ0eXAiOiJKV1QiLCJhbGciOiJIUzI1NiJ9.eyJpYXQiOjE3NTAwNjg1ODMsImV4cCI6MTc1MDE1NDk4MywiZGF0YSI6eyJpZCI6MSwiZW1haWwiOiJhaWNoYXNhZ25lQGVzcC5zbiIsInJvbGUiOiJtZWRlY2luIn19.hWafsXnjFQmJ8_lsuuKVw-TG2t2MNrgEVVdNIcO43sM
[2025-06-16 12:12:20] Token extracted: eyJ0eXAiOiJKV1QiLCJh...
[2025-06-16 12:12:20] Utilisateur authentifié: userId=1
[2025-06-16 12:12:20] Rôle de l'utilisateur: role=medecin
[2025-06-16 12:12:20] Médecin identifié: medecinId=1
[2025-06-16 12:12:20] Requête GET pour la liste des rendez-vous
[2025-06-16 12:12:20] Rendez-vous trouvés: [
    {
        "id": 1,
        "patient_id": 1,
        "medecin_id": 1,
        "nom": "ndiaye",
        "prenom": "kabyra",
        "date_rdv": "2024-06-15 10:00:00",
        "motif": "Consultation initiale",
        "statut": "termine",
        "lieu": "Salle 1",
        "duree": 45,
        "notes": "Prise de sang recommand?e",
        "type_rdv": "consultation"
    },
    {
        "id": 2,
        "patient_id": 1,
        "medecin_id": 1,
        "nom": "ndiaye",
        "prenom": "kabyra",
        "date_rdv": "2024-07-01 09:30:00",
        "motif": "Suivi traitement",
        "statut": "termine",
        "lieu": "Salle 2",
        "duree": 30,
        "notes": "N\/A",
        "type_rdv": "suivi"
    },
    {
        "id": 3,
        "patient_id": 1,
        "medecin_id": 1,
        "nom": "ndiaye",
        "prenom": "kabyra",
        "date_rdv": "2024-08-10 11:00:00",
        "motif": "Contr?le g?n?ral",
        "statut": "termine",
        "lieu": "Salle 1",
        "duree": 60,
        "notes": "N\/A",
        "type_rdv": "consultation"
    },
    {
        "id": 4,
        "patient_id": 2,
        "medecin_id": 1,
        "nom": "dell",
        "prenom": "modou",
        "date_rdv": "2024-07-05 14:00:00",
        "motif": "Consultation p?diatrique",
        "statut": "termine",
        "lieu": "Salle 3",
        "duree": 45,
        "notes": "N\/A",
        "type_rdv": "consultation"
    },
    {
        "id": 5,
        "patient_id": 3,
        "medecin_id": 1,
        "nom": "ayshu",
        "prenom": "queen",
        "date_rdv": "2024-08-12 15:00:00",
        "motif": "IRM neurologique",
        "statut": "termine",
        "lieu": "Salle 4",
        "duree": 90,
        "notes": "Pr?parer IRM avec contraste",
        "type_rdv": "urgence"
    },
    {
        "id": 6,
        "patient_id": 4,
        "medecin_id": 1,
        "nom": "mbacke",
        "prenom": "amsatou",
        "date_rdv": "2024-09-01 13:00:00",
        "motif": "Consultation de routine",
        "statut": "termine",
        "lieu": "Salle 1",
        "duree": 30,
        "notes": "N\/A",
        "type_rdv": "consultation"
    },
    {
        "id": 7,
        "patient_id": 5,
        "medecin_id": 1,
        "nom": "lam",
        "prenom": "souleymane",
        "date_rdv": "2024-09-10 09:00:00",
        "motif": "Analyse scanner",
        "statut": "termine",
        "lieu": "Salle 2",
        "duree": 60,
        "notes": "N\/A",
        "type_rdv": "urgence"
    },
    {
        "id": 8,
        "patient_id": 1,
        "medecin_id": 1,
        "nom": "ndiaye",
        "prenom": "kabyra",
        "date_rdv": "2025-06-15 10:56:00",
        "motif": "nause",
        "statut": "planifie",
        "lieu": "salle 1",
        "duree": 30,
        "notes": "urgent",
        "type_rdv": "suivi"
    }
]
[2025-06-16 12:12:29] Authorization header: Bearer eyJ0eXAiOiJKV1QiLCJhbGciOiJIUzI1NiJ9.eyJpYXQiOjE3NTAwNjg1ODMsImV4cCI6MTc1MDE1NDk4MywiZGF0YSI6eyJpZCI6MSwiZW1haWwiOiJhaWNoYXNhZ25lQGVzcC5zbiIsInJvbGUiOiJtZWRlY2luIn19.hWafsXnjFQmJ8_lsuuKVw-TG2t2MNrgEVVdNIcO43sM
[2025-06-16 12:12:29] Token extracted: eyJ0eXAiOiJKV1QiLCJh...
[2025-06-16 12:12:29] Utilisateur authentifié: userId=1
[2025-06-16 12:12:29] Rôle de l'utilisateur: role=medecin
[2025-06-16 12:12:29] Médecin identifié: medecinId=1
[2025-06-16 12:12:29] Requête GET pour la liste des rendez-vous
[2025-06-16 12:12:29] Rendez-vous trouvés: [
    {
        "id": 1,
        "patient_id": 1,
        "medecin_id": 1,
        "nom": "ndiaye",
        "prenom": "kabyra",
        "date_rdv": "2024-06-15 10:00:00",
        "motif": "Consultation initiale",
        "statut": "termine",
        "lieu": "Salle 1",
        "duree": 45,
        "notes": "Prise de sang recommand?e",
        "type_rdv": "consultation"
    },
    {
        "id": 2,
        "patient_id": 1,
        "medecin_id": 1,
        "nom": "ndiaye",
        "prenom": "kabyra",
        "date_rdv": "2024-07-01 09:30:00",
        "motif": "Suivi traitement",
        "statut": "termine",
        "lieu": "Salle 2",
        "duree": 30,
        "notes": "N\/A",
        "type_rdv": "suivi"
    },
    {
        "id": 3,
        "patient_id": 1,
        "medecin_id": 1,
        "nom": "ndiaye",
        "prenom": "kabyra",
        "date_rdv": "2024-08-10 11:00:00",
        "motif": "Contr?le g?n?ral",
        "statut": "termine",
        "lieu": "Salle 1",
        "duree": 60,
        "notes": "N\/A",
        "type_rdv": "consultation"
    },
    {
        "id": 4,
        "patient_id": 2,
        "medecin_id": 1,
        "nom": "dell",
        "prenom": "modou",
        "date_rdv": "2024-07-05 14:00:00",
        "motif": "Consultation p?diatrique",
        "statut": "termine",
        "lieu": "Salle 3",
        "duree": 45,
        "notes": "N\/A",
        "type_rdv": "consultation"
    },
    {
        "id": 5,
        "patient_id": 3,
        "medecin_id": 1,
        "nom": "ayshu",
        "prenom": "queen",
        "date_rdv": "2024-08-12 15:00:00",
        "motif": "IRM neurologique",
        "statut": "termine",
        "lieu": "Salle 4",
        "duree": 90,
        "notes": "Pr?parer IRM avec contraste",
        "type_rdv": "urgence"
    },
    {
        "id": 6,
        "patient_id": 4,
        "medecin_id": 1,
        "nom": "mbacke",
        "prenom": "amsatou",
        "date_rdv": "2024-09-01 13:00:00",
        "motif": "Consultation de routine",
        "statut": "termine",
        "lieu": "Salle 1",
        "duree": 30,
        "notes": "N\/A",
        "type_rdv": "consultation"
    },
    {
        "id": 7,
        "patient_id": 5,
        "medecin_id": 1,
        "nom": "lam",
        "prenom": "souleymane",
        "date_rdv": "2024-09-10 09:00:00",
        "motif": "Analyse scanner",
        "statut": "termine",
        "lieu": "Salle 2",
        "duree": 60,
        "notes": "N\/A",
        "type_rdv": "urgence"
    },
    {
        "id": 8,
        "patient_id": 1,
        "medecin_id": 1,
        "nom": "ndiaye",
        "prenom": "kabyra",
        "date_rdv": "2025-06-15 10:56:00",
        "motif": "nause",
        "statut": "planifie",
        "lieu": "salle 1",
        "duree": 30,
        "notes": "urgent",
        "type_rdv": "suivi"
    }
]
[2025-06-16 12:17:52] Authorization header: Bearer eyJ0eXAiOiJKV1QiLCJhbGciOiJIUzI1NiJ9.eyJpYXQiOjE3NTAwNjg1ODMsImV4cCI6MTc1MDE1NDk4MywiZGF0YSI6eyJpZCI6MSwiZW1haWwiOiJhaWNoYXNhZ25lQGVzcC5zbiIsInJvbGUiOiJtZWRlY2luIn19.hWafsXnjFQmJ8_lsuuKVw-TG2t2MNrgEVVdNIcO43sM
[2025-06-16 12:17:52] Token extracted: eyJ0eXAiOiJKV1QiLCJh...
[2025-06-16 12:17:52] Utilisateur authentifié: userId=1
[2025-06-16 12:17:52] Rôle de l'utilisateur: role=medecin
[2025-06-16 12:17:52] Médecin identifié: medecinId=1
[2025-06-16 12:17:52] Requête POST pour planifier un rendez-vous
[2025-06-16 12:17:53] Rendez-vous planifié avec ID: 9
[2025-06-16 12:17:55] Authorization header: Bearer eyJ0eXAiOiJKV1QiLCJhbGciOiJIUzI1NiJ9.eyJpYXQiOjE3NTAwNjg1ODMsImV4cCI6MTc1MDE1NDk4MywiZGF0YSI6eyJpZCI6MSwiZW1haWwiOiJhaWNoYXNhZ25lQGVzcC5zbiIsInJvbGUiOiJtZWRlY2luIn19.hWafsXnjFQmJ8_lsuuKVw-TG2t2MNrgEVVdNIcO43sM
[2025-06-16 12:17:55] Token extracted: eyJ0eXAiOiJKV1QiLCJh...
[2025-06-16 12:17:55] Utilisateur authentifié: userId=1
[2025-06-16 12:17:55] Rôle de l'utilisateur: role=medecin
[2025-06-16 12:17:55] Médecin identifié: medecinId=1
[2025-06-16 12:17:55] Requête GET pour la liste des rendez-vous
[2025-06-16 12:17:55] Rendez-vous trouvés: [
    {
        "id": 1,
        "patient_id": 1,
        "medecin_id": 1,
        "nom": "ndiaye",
        "prenom": "kabyra",
        "date_rdv": "2024-06-15 10:00:00",
        "motif": "Consultation initiale",
        "statut": "termine",
        "lieu": "Salle 1",
        "duree": 45,
        "notes": "Prise de sang recommand?e",
        "type_rdv": "consultation"
    },
    {
        "id": 2,
        "patient_id": 1,
        "medecin_id": 1,
        "nom": "ndiaye",
        "prenom": "kabyra",
        "date_rdv": "2024-07-01 09:30:00",
        "motif": "Suivi traitement",
        "statut": "termine",
        "lieu": "Salle 2",
        "duree": 30,
        "notes": "N\/A",
        "type_rdv": "suivi"
    },
    {
        "id": 3,
        "patient_id": 1,
        "medecin_id": 1,
        "nom": "ndiaye",
        "prenom": "kabyra",
        "date_rdv": "2024-08-10 11:00:00",
        "motif": "Contr?le g?n?ral",
        "statut": "termine",
        "lieu": "Salle 1",
        "duree": 60,
        "notes": "N\/A",
        "type_rdv": "consultation"
    },
    {
        "id": 4,
        "patient_id": 2,
        "medecin_id": 1,
        "nom": "dell",
        "prenom": "modou",
        "date_rdv": "2024-07-05 14:00:00",
        "motif": "Consultation p?diatrique",
        "statut": "termine",
        "lieu": "Salle 3",
        "duree": 45,
        "notes": "N\/A",
        "type_rdv": "consultation"
    },
    {
        "id": 5,
        "patient_id": 3,
        "medecin_id": 1,
        "nom": "ayshu",
        "prenom": "queen",
        "date_rdv": "2024-08-12 15:00:00",
        "motif": "IRM neurologique",
        "statut": "termine",
        "lieu": "Salle 4",
        "duree": 90,
        "notes": "Pr?parer IRM avec contraste",
        "type_rdv": "urgence"
    },
    {
        "id": 6,
        "patient_id": 4,
        "medecin_id": 1,
        "nom": "mbacke",
        "prenom": "amsatou",
        "date_rdv": "2024-09-01 13:00:00",
        "motif": "Consultation de routine",
        "statut": "termine",
        "lieu": "Salle 1",
        "duree": 30,
        "notes": "N\/A",
        "type_rdv": "consultation"
    },
    {
        "id": 7,
        "patient_id": 5,
        "medecin_id": 1,
        "nom": "lam",
        "prenom": "souleymane",
        "date_rdv": "2024-09-10 09:00:00",
        "motif": "Analyse scanner",
        "statut": "termine",
        "lieu": "Salle 2",
        "duree": 60,
        "notes": "N\/A",
        "type_rdv": "urgence"
    },
    {
        "id": 8,
        "patient_id": 1,
        "medecin_id": 1,
        "nom": "ndiaye",
        "prenom": "kabyra",
        "date_rdv": "2025-06-15 10:56:00",
        "motif": "nause",
        "statut": "planifie",
        "lieu": "salle 1",
        "duree": 30,
        "notes": "urgent",
        "type_rdv": "suivi"
    },
    {
        "id": 9,
        "patient_id": 1,
        "medecin_id": 1,
        "nom": "ndiaye",
        "prenom": "kabyra",
        "date_rdv": "2025-06-16 10:12:00",
        "motif": "maux de tete",
        "statut": "planifie",
        "lieu": "salle 1",
        "duree": 30,
        "notes": "test",
        "type_rdv": "suivi"
    }
]
[2025-06-16 12:18:31] Authorization header: Bearer eyJ0eXAiOiJKV1QiLCJhbGciOiJIUzI1NiJ9.eyJpYXQiOjE3NTAwNjg1ODMsImV4cCI6MTc1MDE1NDk4MywiZGF0YSI6eyJpZCI6MSwiZW1haWwiOiJhaWNoYXNhZ25lQGVzcC5zbiIsInJvbGUiOiJtZWRlY2luIn19.hWafsXnjFQmJ8_lsuuKVw-TG2t2MNrgEVVdNIcO43sM
[2025-06-16 12:18:32] Token extracted: eyJ0eXAiOiJKV1QiLCJh...
[2025-06-16 12:18:32] Utilisateur authentifié: userId=1
[2025-06-16 12:18:32] Rôle de l'utilisateur: role=medecin
[2025-06-16 12:18:32] Médecin identifié: medecinId=1
[2025-06-16 12:18:32] Requête GET pour la liste des rendez-vous
[2025-06-16 12:18:32] Rendez-vous trouvés: [
    {
        "id": 1,
        "patient_id": 1,
        "medecin_id": 1,
        "nom": "ndiaye",
        "prenom": "kabyra",
        "date_rdv": "2024-06-15 10:00:00",
        "motif": "Consultation initiale",
        "statut": "termine",
        "lieu": "Salle 1",
        "duree": 45,
        "notes": "Prise de sang recommand?e",
        "type_rdv": "consultation"
    },
    {
        "id": 2,
        "patient_id": 1,
        "medecin_id": 1,
        "nom": "ndiaye",
        "prenom": "kabyra",
        "date_rdv": "2024-07-01 09:30:00",
        "motif": "Suivi traitement",
        "statut": "termine",
        "lieu": "Salle 2",
        "duree": 30,
        "notes": "N\/A",
        "type_rdv": "suivi"
    },
    {
        "id": 3,
        "patient_id": 1,
        "medecin_id": 1,
        "nom": "ndiaye",
        "prenom": "kabyra",
        "date_rdv": "2024-08-10 11:00:00",
        "motif": "Contr?le g?n?ral",
        "statut": "termine",
        "lieu": "Salle 1",
        "duree": 60,
        "notes": "N\/A",
        "type_rdv": "consultation"
    },
    {
        "id": 4,
        "patient_id": 2,
        "medecin_id": 1,
        "nom": "dell",
        "prenom": "modou",
        "date_rdv": "2024-07-05 14:00:00",
        "motif": "Consultation p?diatrique",
        "statut": "termine",
        "lieu": "Salle 3",
        "duree": 45,
        "notes": "N\/A",
        "type_rdv": "consultation"
    },
    {
        "id": 5,
        "patient_id": 3,
        "medecin_id": 1,
        "nom": "ayshu",
        "prenom": "queen",
        "date_rdv": "2024-08-12 15:00:00",
        "motif": "IRM neurologique",
        "statut": "termine",
        "lieu": "Salle 4",
        "duree": 90,
        "notes": "Pr?parer IRM avec contraste",
        "type_rdv": "urgence"
    },
    {
        "id": 6,
        "patient_id": 4,
        "medecin_id": 1,
        "nom": "mbacke",
        "prenom": "amsatou",
        "date_rdv": "2024-09-01 13:00:00",
        "motif": "Consultation de routine",
        "statut": "termine",
        "lieu": "Salle 1",
        "duree": 30,
        "notes": "N\/A",
        "type_rdv": "consultation"
    },
    {
        "id": 7,
        "patient_id": 5,
        "medecin_id": 1,
        "nom": "lam",
        "prenom": "souleymane",
        "date_rdv": "2024-09-10 09:00:00",
        "motif": "Analyse scanner",
        "statut": "termine",
        "lieu": "Salle 2",
        "duree": 60,
        "notes": "N\/A",
        "type_rdv": "urgence"
    },
    {
        "id": 8,
        "patient_id": 1,
        "medecin_id": 1,
        "nom": "ndiaye",
        "prenom": "kabyra",
        "date_rdv": "2025-06-15 10:56:00",
        "motif": "nause",
        "statut": "planifie",
        "lieu": "salle 1",
        "duree": 30,
        "notes": "urgent",
        "type_rdv": "suivi"
    },
    {
        "id": 9,
        "patient_id": 1,
        "medecin_id": 1,
        "nom": "ndiaye",
        "prenom": "kabyra",
        "date_rdv": "2025-06-16 10:12:00",
        "motif": "maux de tete",
        "statut": "planifie",
        "lieu": "salle 1",
        "duree": 30,
        "notes": "test",
        "type_rdv": "suivi"
    }
]
[2025-06-16 12:23:59] Authorization header: Bearer eyJ0eXAiOiJKV1QiLCJhbGciOiJIUzI1NiJ9.eyJpYXQiOjE3NTAwNjg1ODMsImV4cCI6MTc1MDE1NDk4MywiZGF0YSI6eyJpZCI6MSwiZW1haWwiOiJhaWNoYXNhZ25lQGVzcC5zbiIsInJvbGUiOiJtZWRlY2luIn19.hWafsXnjFQmJ8_lsuuKVw-TG2t2MNrgEVVdNIcO43sM
[2025-06-16 12:23:59] Token extracted: eyJ0eXAiOiJKV1QiLCJh...
[2025-06-16 12:23:59] Utilisateur authentifié: userId=1
[2025-06-16 12:23:59] Rôle de l'utilisateur: role=medecin
[2025-06-16 12:23:59] Médecin identifié: medecinId=1
[2025-06-16 12:23:59] Requête GET pour la liste des rendez-vous
[2025-06-16 12:23:59] Rendez-vous trouvés: [
    {
        "id": 1,
        "patient_id": 1,
        "medecin_id": 1,
        "nom": "ndiaye",
        "prenom": "kabyra",
        "date_rdv": "2024-06-15 10:00:00",
        "motif": "Consultation initiale",
        "statut": "termine",
        "lieu": "Salle 1",
        "duree": 45,
        "notes": "Prise de sang recommand?e",
        "type_rdv": "consultation"
    },
    {
        "id": 2,
        "patient_id": 1,
        "medecin_id": 1,
        "nom": "ndiaye",
        "prenom": "kabyra",
        "date_rdv": "2024-07-01 09:30:00",
        "motif": "Suivi traitement",
        "statut": "termine",
        "lieu": "Salle 2",
        "duree": 30,
        "notes": "N\/A",
        "type_rdv": "suivi"
    },
    {
        "id": 3,
        "patient_id": 1,
        "medecin_id": 1,
        "nom": "ndiaye",
        "prenom": "kabyra",
        "date_rdv": "2024-08-10 11:00:00",
        "motif": "Contr?le g?n?ral",
        "statut": "termine",
        "lieu": "Salle 1",
        "duree": 60,
        "notes": "N\/A",
        "type_rdv": "consultation"
    },
    {
        "id": 4,
        "patient_id": 2,
        "medecin_id": 1,
        "nom": "dell",
        "prenom": "modou",
        "date_rdv": "2024-07-05 14:00:00",
        "motif": "Consultation p?diatrique",
        "statut": "termine",
        "lieu": "Salle 3",
        "duree": 45,
        "notes": "N\/A",
        "type_rdv": "consultation"
    },
    {
        "id": 5,
        "patient_id": 3,
        "medecin_id": 1,
        "nom": "ayshu",
        "prenom": "queen",
        "date_rdv": "2024-08-12 15:00:00",
        "motif": "IRM neurologique",
        "statut": "termine",
        "lieu": "Salle 4",
        "duree": 90,
        "notes": "Pr?parer IRM avec contraste",
        "type_rdv": "urgence"
    },
    {
        "id": 6,
        "patient_id": 4,
        "medecin_id": 1,
        "nom": "mbacke",
        "prenom": "amsatou",
        "date_rdv": "2024-09-01 13:00:00",
        "motif": "Consultation de routine",
        "statut": "termine",
        "lieu": "Salle 1",
        "duree": 30,
        "notes": "N\/A",
        "type_rdv": "consultation"
    },
    {
        "id": 7,
        "patient_id": 5,
        "medecin_id": 1,
        "nom": "lam",
        "prenom": "souleymane",
        "date_rdv": "2024-09-10 09:00:00",
        "motif": "Analyse scanner",
        "statut": "termine",
        "lieu": "Salle 2",
        "duree": 60,
        "notes": "N\/A",
        "type_rdv": "urgence"
    },
    {
        "id": 8,
        "patient_id": 1,
        "medecin_id": 1,
        "nom": "ndiaye",
        "prenom": "kabyra",
        "date_rdv": "2025-06-15 10:56:00",
        "motif": "nause",
        "statut": "planifie",
        "lieu": "salle 1",
        "duree": 30,
        "notes": "urgent",
        "type_rdv": "suivi"
    },
    {
        "id": 9,
        "patient_id": 1,
        "medecin_id": 1,
        "nom": "ndiaye",
        "prenom": "kabyra",
        "date_rdv": "2025-06-16 10:12:00",
        "motif": "maux de tete",
        "statut": "planifie",
        "lieu": "salle 1",
        "duree": 30,
        "notes": "test",
        "type_rdv": "suivi"
    }
]
[2025-06-16 12:25:05] Authorization header: Bearer eyJ0eXAiOiJKV1QiLCJhbGciOiJIUzI1NiJ9.eyJpYXQiOjE3NTAwNjg1ODMsImV4cCI6MTc1MDE1NDk4MywiZGF0YSI6eyJpZCI6MSwiZW1haWwiOiJhaWNoYXNhZ25lQGVzcC5zbiIsInJvbGUiOiJtZWRlY2luIn19.hWafsXnjFQmJ8_lsuuKVw-TG2t2MNrgEVVdNIcO43sM
[2025-06-16 12:25:05] Token extracted: eyJ0eXAiOiJKV1QiLCJh...
[2025-06-16 12:25:05] Utilisateur authentifié: userId=1
[2025-06-16 12:25:05] Rôle de l'utilisateur: role=medecin
[2025-06-16 12:25:05] Médecin identifié: medecinId=1
[2025-06-16 12:25:05] Requête GET pour la liste des rendez-vous
[2025-06-16 12:25:05] Rendez-vous trouvés: [
    {
        "id": 1,
        "patient_id": 1,
        "medecin_id": 1,
        "nom": "ndiaye",
        "prenom": "kabyra",
        "date_rdv": "2024-06-15 10:00:00",
        "motif": "Consultation initiale",
        "statut": "termine",
        "lieu": "Salle 1",
        "duree": 45,
        "notes": "Prise de sang recommand?e",
        "type_rdv": "consultation"
    },
    {
        "id": 2,
        "patient_id": 1,
        "medecin_id": 1,
        "nom": "ndiaye",
        "prenom": "kabyra",
        "date_rdv": "2024-07-01 09:30:00",
        "motif": "Suivi traitement",
        "statut": "termine",
        "lieu": "Salle 2",
        "duree": 30,
        "notes": "N\/A",
        "type_rdv": "suivi"
    },
    {
        "id": 3,
        "patient_id": 1,
        "medecin_id": 1,
        "nom": "ndiaye",
        "prenom": "kabyra",
        "date_rdv": "2024-08-10 11:00:00",
        "motif": "Contr?le g?n?ral",
        "statut": "termine",
        "lieu": "Salle 1",
        "duree": 60,
        "notes": "N\/A",
        "type_rdv": "consultation"
    },
    {
        "id": 4,
        "patient_id": 2,
        "medecin_id": 1,
        "nom": "dell",
        "prenom": "modou",
        "date_rdv": "2024-07-05 14:00:00",
        "motif": "Consultation p?diatrique",
        "statut": "termine",
        "lieu": "Salle 3",
        "duree": 45,
        "notes": "N\/A",
        "type_rdv": "consultation"
    },
    {
        "id": 5,
        "patient_id": 3,
        "medecin_id": 1,
        "nom": "ayshu",
        "prenom": "queen",
        "date_rdv": "2024-08-12 15:00:00",
        "motif": "IRM neurologique",
        "statut": "termine",
        "lieu": "Salle 4",
        "duree": 90,
        "notes": "Pr?parer IRM avec contraste",
        "type_rdv": "urgence"
    },
    {
        "id": 6,
        "patient_id": 4,
        "medecin_id": 1,
        "nom": "mbacke",
        "prenom": "amsatou",
        "date_rdv": "2024-09-01 13:00:00",
        "motif": "Consultation de routine",
        "statut": "termine",
        "lieu": "Salle 1",
        "duree": 30,
        "notes": "N\/A",
        "type_rdv": "consultation"
    },
    {
        "id": 7,
        "patient_id": 5,
        "medecin_id": 1,
        "nom": "lam",
        "prenom": "souleymane",
        "date_rdv": "2024-09-10 09:00:00",
        "motif": "Analyse scanner",
        "statut": "termine",
        "lieu": "Salle 2",
        "duree": 60,
        "notes": "N\/A",
        "type_rdv": "urgence"
    },
    {
        "id": 8,
        "patient_id": 1,
        "medecin_id": 1,
        "nom": "ndiaye",
        "prenom": "kabyra",
        "date_rdv": "2025-06-15 10:56:00",
        "motif": "nause",
        "statut": "planifie",
        "lieu": "salle 1",
        "duree": 30,
        "notes": "urgent",
        "type_rdv": "suivi"
    },
    {
        "id": 9,
        "patient_id": 1,
        "medecin_id": 1,
        "nom": "ndiaye",
        "prenom": "kabyra",
        "date_rdv": "2025-06-16 10:12:00",
        "motif": "maux de tete",
        "statut": "planifie",
        "lieu": "salle 1",
        "duree": 30,
        "notes": "test",
        "type_rdv": "suivi"
    }
]
[2025-06-16 12:26:28] Authorization header: Bearer eyJ0eXAiOiJKV1QiLCJhbGciOiJIUzI1NiJ9.eyJpYXQiOjE3NTAwNjg1ODMsImV4cCI6MTc1MDE1NDk4MywiZGF0YSI6eyJpZCI6MSwiZW1haWwiOiJhaWNoYXNhZ25lQGVzcC5zbiIsInJvbGUiOiJtZWRlY2luIn19.hWafsXnjFQmJ8_lsuuKVw-TG2t2MNrgEVVdNIcO43sM
[2025-06-16 12:26:28] Token extracted: eyJ0eXAiOiJKV1QiLCJh...
[2025-06-16 12:26:28] Utilisateur authentifié: userId=1
[2025-06-16 12:26:28] Rôle de l'utilisateur: role=medecin
[2025-06-16 12:26:28] Médecin identifié: medecinId=1
[2025-06-16 12:26:28] Requête GET pour la liste des rendez-vous
[2025-06-16 12:26:28] Rendez-vous trouvés: [
    {
        "id": 1,
        "patient_id": 1,
        "medecin_id": 1,
        "nom": "ndiaye",
        "prenom": "kabyra",
        "date_rdv": "2024-06-15 10:00:00",
        "motif": "Consultation initiale",
        "statut": "termine",
        "lieu": "Salle 1",
        "duree": 45,
        "notes": "Prise de sang recommand?e",
        "type_rdv": "consultation"
    },
    {
        "id": 2,
        "patient_id": 1,
        "medecin_id": 1,
        "nom": "ndiaye",
        "prenom": "kabyra",
        "date_rdv": "2024-07-01 09:30:00",
        "motif": "Suivi traitement",
        "statut": "termine",
        "lieu": "Salle 2",
        "duree": 30,
        "notes": "N\/A",
        "type_rdv": "suivi"
    },
    {
        "id": 3,
        "patient_id": 1,
        "medecin_id": 1,
        "nom": "ndiaye",
        "prenom": "kabyra",
        "date_rdv": "2024-08-10 11:00:00",
        "motif": "Contr?le g?n?ral",
        "statut": "termine",
        "lieu": "Salle 1",
        "duree": 60,
        "notes": "N\/A",
        "type_rdv": "consultation"
    },
    {
        "id": 4,
        "patient_id": 2,
        "medecin_id": 1,
        "nom": "dell",
        "prenom": "modou",
        "date_rdv": "2024-07-05 14:00:00",
        "motif": "Consultation p?diatrique",
        "statut": "termine",
        "lieu": "Salle 3",
        "duree": 45,
        "notes": "N\/A",
        "type_rdv": "consultation"
    },
    {
        "id": 5,
        "patient_id": 3,
        "medecin_id": 1,
        "nom": "ayshu",
        "prenom": "queen",
        "date_rdv": "2024-08-12 15:00:00",
        "motif": "IRM neurologique",
        "statut": "termine",
        "lieu": "Salle 4",
        "duree": 90,
        "notes": "Pr?parer IRM avec contraste",
        "type_rdv": "urgence"
    },
    {
        "id": 6,
        "patient_id": 4,
        "medecin_id": 1,
        "nom": "mbacke",
        "prenom": "amsatou",
        "date_rdv": "2024-09-01 13:00:00",
        "motif": "Consultation de routine",
        "statut": "termine",
        "lieu": "Salle 1",
        "duree": 30,
        "notes": "N\/A",
        "type_rdv": "consultation"
    },
    {
        "id": 7,
        "patient_id": 5,
        "medecin_id": 1,
        "nom": "lam",
        "prenom": "souleymane",
        "date_rdv": "2024-09-10 09:00:00",
        "motif": "Analyse scanner",
        "statut": "termine",
        "lieu": "Salle 2",
        "duree": 60,
        "notes": "N\/A",
        "type_rdv": "urgence"
    },
    {
        "id": 8,
        "patient_id": 1,
        "medecin_id": 1,
        "nom": "ndiaye",
        "prenom": "kabyra",
        "date_rdv": "2025-06-15 10:56:00",
        "motif": "nause",
        "statut": "planifie",
        "lieu": "salle 1",
        "duree": 30,
        "notes": "urgent",
        "type_rdv": "suivi"
    },
    {
        "id": 9,
        "patient_id": 1,
        "medecin_id": 1,
        "nom": "ndiaye",
        "prenom": "kabyra",
        "date_rdv": "2025-06-16 10:12:00",
        "motif": "maux de tete",
        "statut": "planifie",
        "lieu": "salle 1",
        "duree": 30,
        "notes": "test",
        "type_rdv": "suivi"
    }
]
[2025-06-16 12:26:48] Authorization header: Bearer eyJ0eXAiOiJKV1QiLCJhbGciOiJIUzI1NiJ9.eyJpYXQiOjE3NTAwNjg1ODMsImV4cCI6MTc1MDE1NDk4MywiZGF0YSI6eyJpZCI6MSwiZW1haWwiOiJhaWNoYXNhZ25lQGVzcC5zbiIsInJvbGUiOiJtZWRlY2luIn19.hWafsXnjFQmJ8_lsuuKVw-TG2t2MNrgEVVdNIcO43sM
[2025-06-16 12:26:48] Token extracted: eyJ0eXAiOiJKV1QiLCJh...
[2025-06-16 12:26:48] Utilisateur authentifié: userId=1
[2025-06-16 12:26:48] Rôle de l'utilisateur: role=medecin
[2025-06-16 12:26:48] Médecin identifié: medecinId=1
[2025-06-16 12:26:48] Requête GET pour la liste des rendez-vous
[2025-06-16 12:26:48] Rendez-vous trouvés: [
    {
        "id": 1,
        "patient_id": 1,
        "medecin_id": 1,
        "nom": "ndiaye",
        "prenom": "kabyra",
        "date_rdv": "2024-06-15 10:00:00",
        "motif": "Consultation initiale",
        "statut": "termine",
        "lieu": "Salle 1",
        "duree": 45,
        "notes": "Prise de sang recommand?e",
        "type_rdv": "consultation"
    },
    {
        "id": 2,
        "patient_id": 1,
        "medecin_id": 1,
        "nom": "ndiaye",
        "prenom": "kabyra",
        "date_rdv": "2024-07-01 09:30:00",
        "motif": "Suivi traitement",
        "statut": "termine",
        "lieu": "Salle 2",
        "duree": 30,
        "notes": "N\/A",
        "type_rdv": "suivi"
    },
    {
        "id": 3,
        "patient_id": 1,
        "medecin_id": 1,
        "nom": "ndiaye",
        "prenom": "kabyra",
        "date_rdv": "2024-08-10 11:00:00",
        "motif": "Contr?le g?n?ral",
        "statut": "termine",
        "lieu": "Salle 1",
        "duree": 60,
        "notes": "N\/A",
        "type_rdv": "consultation"
    },
    {
        "id": 4,
        "patient_id": 2,
        "medecin_id": 1,
        "nom": "dell",
        "prenom": "modou",
        "date_rdv": "2024-07-05 14:00:00",
        "motif": "Consultation p?diatrique",
        "statut": "termine",
        "lieu": "Salle 3",
        "duree": 45,
        "notes": "N\/A",
        "type_rdv": "consultation"
    },
    {
        "id": 5,
        "patient_id": 3,
        "medecin_id": 1,
        "nom": "ayshu",
        "prenom": "queen",
        "date_rdv": "2024-08-12 15:00:00",
        "motif": "IRM neurologique",
        "statut": "termine",
        "lieu": "Salle 4",
        "duree": 90,
        "notes": "Pr?parer IRM avec contraste",
        "type_rdv": "urgence"
    },
    {
        "id": 6,
        "patient_id": 4,
        "medecin_id": 1,
        "nom": "mbacke",
        "prenom": "amsatou",
        "date_rdv": "2024-09-01 13:00:00",
        "motif": "Consultation de routine",
        "statut": "termine",
        "lieu": "Salle 1",
        "duree": 30,
        "notes": "N\/A",
        "type_rdv": "consultation"
    },
    {
        "id": 7,
        "patient_id": 5,
        "medecin_id": 1,
        "nom": "lam",
        "prenom": "souleymane",
        "date_rdv": "2024-09-10 09:00:00",
        "motif": "Analyse scanner",
        "statut": "termine",
        "lieu": "Salle 2",
        "duree": 60,
        "notes": "N\/A",
        "type_rdv": "urgence"
    },
    {
        "id": 8,
        "patient_id": 1,
        "medecin_id": 1,
        "nom": "ndiaye",
        "prenom": "kabyra",
        "date_rdv": "2025-06-15 10:56:00",
        "motif": "nause",
        "statut": "planifie",
        "lieu": "salle 1",
        "duree": 30,
        "notes": "urgent",
        "type_rdv": "suivi"
    },
    {
        "id": 9,
        "patient_id": 1,
        "medecin_id": 1,
        "nom": "ndiaye",
        "prenom": "kabyra",
        "date_rdv": "2025-06-16 10:12:00",
        "motif": "maux de tete",
        "statut": "planifie",
        "lieu": "salle 1",
        "duree": 30,
        "notes": "test",
        "type_rdv": "suivi"
    }
]
[2025-06-16 12:28:39] Authorization header: Bearer eyJ0eXAiOiJKV1QiLCJhbGciOiJIUzI1NiJ9.eyJpYXQiOjE3NTAwNjg1ODMsImV4cCI6MTc1MDE1NDk4MywiZGF0YSI6eyJpZCI6MSwiZW1haWwiOiJhaWNoYXNhZ25lQGVzcC5zbiIsInJvbGUiOiJtZWRlY2luIn19.hWafsXnjFQmJ8_lsuuKVw-TG2t2MNrgEVVdNIcO43sM
[2025-06-16 12:28:39] Token extracted: eyJ0eXAiOiJKV1QiLCJh...
[2025-06-16 12:28:39] Utilisateur authentifié: userId=1
[2025-06-16 12:28:39] Rôle de l'utilisateur: role=medecin
[2025-06-16 12:28:39] Médecin identifié: medecinId=1
[2025-06-16 12:28:39] Requête GET pour la liste des rendez-vous
[2025-06-16 12:28:39] Rendez-vous trouvés: [
    {
        "id": 1,
        "patient_id": 1,
        "medecin_id": 1,
        "nom": "ndiaye",
        "prenom": "kabyra",
        "date_rdv": "2024-06-15 10:00:00",
        "motif": "Consultation initiale",
        "statut": "termine",
        "lieu": "Salle 1",
        "duree": 45,
        "notes": "Prise de sang recommand?e",
        "type_rdv": "consultation"
    },
    {
        "id": 2,
        "patient_id": 1,
        "medecin_id": 1,
        "nom": "ndiaye",
        "prenom": "kabyra",
        "date_rdv": "2024-07-01 09:30:00",
        "motif": "Suivi traitement",
        "statut": "termine",
        "lieu": "Salle 2",
        "duree": 30,
        "notes": "N\/A",
        "type_rdv": "suivi"
    },
    {
        "id": 3,
        "patient_id": 1,
        "medecin_id": 1,
        "nom": "ndiaye",
        "prenom": "kabyra",
        "date_rdv": "2024-08-10 11:00:00",
        "motif": "Contr?le g?n?ral",
        "statut": "termine",
        "lieu": "Salle 1",
        "duree": 60,
        "notes": "N\/A",
        "type_rdv": "consultation"
    },
    {
        "id": 4,
        "patient_id": 2,
        "medecin_id": 1,
        "nom": "dell",
        "prenom": "modou",
        "date_rdv": "2024-07-05 14:00:00",
        "motif": "Consultation p?diatrique",
        "statut": "termine",
        "lieu": "Salle 3",
        "duree": 45,
        "notes": "N\/A",
        "type_rdv": "consultation"
    },
    {
        "id": 5,
        "patient_id": 3,
        "medecin_id": 1,
        "nom": "ayshu",
        "prenom": "queen",
        "date_rdv": "2024-08-12 15:00:00",
        "motif": "IRM neurologique",
        "statut": "termine",
        "lieu": "Salle 4",
        "duree": 90,
        "notes": "Pr?parer IRM avec contraste",
        "type_rdv": "urgence"
    },
    {
        "id": 6,
        "patient_id": 4,
        "medecin_id": 1,
        "nom": "mbacke",
        "prenom": "amsatou",
        "date_rdv": "2024-09-01 13:00:00",
        "motif": "Consultation de routine",
        "statut": "termine",
        "lieu": "Salle 1",
        "duree": 30,
        "notes": "N\/A",
        "type_rdv": "consultation"
    },
    {
        "id": 7,
        "patient_id": 5,
        "medecin_id": 1,
        "nom": "lam",
        "prenom": "souleymane",
        "date_rdv": "2024-09-10 09:00:00",
        "motif": "Analyse scanner",
        "statut": "termine",
        "lieu": "Salle 2",
        "duree": 60,
        "notes": "N\/A",
        "type_rdv": "urgence"
    },
    {
        "id": 8,
        "patient_id": 1,
        "medecin_id": 1,
        "nom": "ndiaye",
        "prenom": "kabyra",
        "date_rdv": "2025-06-15 10:56:00",
        "motif": "nause",
        "statut": "planifie",
        "lieu": "salle 1",
        "duree": 30,
        "notes": "urgent",
        "type_rdv": "suivi"
    },
    {
        "id": 9,
        "patient_id": 1,
        "medecin_id": 1,
        "nom": "ndiaye",
        "prenom": "kabyra",
        "date_rdv": "2025-06-16 10:12:00",
        "motif": "maux de tete",
        "statut": "planifie",
        "lieu": "salle 1",
        "duree": 30,
        "notes": "test",
        "type_rdv": "suivi"
    }
]
[2025-06-16 13:35:50] Authorization header: Bearer eyJ0eXAiOiJKV1QiLCJhbGciOiJIUzI1NiJ9.eyJpYXQiOjE3NTAwNjg1ODMsImV4cCI6MTc1MDE1NDk4MywiZGF0YSI6eyJpZCI6MSwiZW1haWwiOiJhaWNoYXNhZ25lQGVzcC5zbiIsInJvbGUiOiJtZWRlY2luIn19.hWafsXnjFQmJ8_lsuuKVw-TG2t2MNrgEVVdNIcO43sM
[2025-06-16 13:35:50] Token extracted: eyJ0eXAiOiJKV1QiLCJh...
[2025-06-16 13:35:50] Utilisateur authentifié: userId=1
[2025-06-16 13:35:50] Rôle de l'utilisateur: role=medecin
[2025-06-16 13:35:50] Médecin identifié: medecinId=1
[2025-06-16 13:35:50] Requête GET pour la liste ou un rendez-vous spécifique
[2025-06-16 13:35:50] Rendez-vous trouvés: [
    {
        "id": 1,
        "patient_id": 1,
        "medecin_id": 1,
        "nom": "ndiaye",
        "prenom": "kabyra",
        "date_rdv": "2024-06-15 10:00:00",
        "motif": "Consultation initiale",
        "statut": "termine",
        "lieu": "Salle 1",
        "duree": 45,
        "notes": "Prise de sang recommand?e",
        "type_rdv": "consultation"
    },
    {
        "id": 2,
        "patient_id": 1,
        "medecin_id": 1,
        "nom": "ndiaye",
        "prenom": "kabyra",
        "date_rdv": "2024-07-01 09:30:00",
        "motif": "Suivi traitement",
        "statut": "termine",
        "lieu": "Salle 2",
        "duree": 30,
        "notes": "N\/A",
        "type_rdv": "suivi"
    },
    {
        "id": 3,
        "patient_id": 1,
        "medecin_id": 1,
        "nom": "ndiaye",
        "prenom": "kabyra",
        "date_rdv": "2024-08-10 11:00:00",
        "motif": "Contr?le g?n?ral",
        "statut": "termine",
        "lieu": "Salle 1",
        "duree": 60,
        "notes": "N\/A",
        "type_rdv": "consultation"
    },
    {
        "id": 4,
        "patient_id": 2,
        "medecin_id": 1,
        "nom": "dell",
        "prenom": "modou",
        "date_rdv": "2024-07-05 14:00:00",
        "motif": "Consultation p?diatrique",
        "statut": "termine",
        "lieu": "Salle 3",
        "duree": 45,
        "notes": "N\/A",
        "type_rdv": "consultation"
    },
    {
        "id": 5,
        "patient_id": 3,
        "medecin_id": 1,
        "nom": "ayshu",
        "prenom": "queen",
        "date_rdv": "2024-08-12 15:00:00",
        "motif": "IRM neurologique",
        "statut": "termine",
        "lieu": "Salle 4",
        "duree": 90,
        "notes": "Pr?parer IRM avec contraste",
        "type_rdv": "urgence"
    },
    {
        "id": 6,
        "patient_id": 4,
        "medecin_id": 1,
        "nom": "mbacke",
        "prenom": "amsatou",
        "date_rdv": "2024-09-01 13:00:00",
        "motif": "Consultation de routine",
        "statut": "termine",
        "lieu": "Salle 1",
        "duree": 30,
        "notes": "N\/A",
        "type_rdv": "consultation"
    },
    {
        "id": 7,
        "patient_id": 5,
        "medecin_id": 1,
        "nom": "lam",
        "prenom": "souleymane",
        "date_rdv": "2024-09-10 09:00:00",
        "motif": "Analyse scanner",
        "statut": "termine",
        "lieu": "Salle 2",
        "duree": 60,
        "notes": "N\/A",
        "type_rdv": "urgence"
    },
    {
        "id": 8,
        "patient_id": 1,
        "medecin_id": 1,
        "nom": "ndiaye",
        "prenom": "kabyra",
        "date_rdv": "2025-06-15 10:56:00",
        "motif": "nause",
        "statut": "planifie",
        "lieu": "salle 1",
        "duree": 30,
        "notes": "urgent",
        "type_rdv": "suivi"
    },
    {
        "id": 9,
        "patient_id": 1,
        "medecin_id": 1,
        "nom": "ndiaye",
        "prenom": "kabyra",
        "date_rdv": "2025-06-16 10:12:00",
        "motif": "maux de tete",
        "statut": "planifie",
        "lieu": "salle 1",
        "duree": 30,
        "notes": "test",
        "type_rdv": "suivi"
    }
]
[2025-06-16 13:36:06] Authorization header: Bearer eyJ0eXAiOiJKV1QiLCJhbGciOiJIUzI1NiJ9.eyJpYXQiOjE3NTAwNjg1ODMsImV4cCI6MTc1MDE1NDk4MywiZGF0YSI6eyJpZCI6MSwiZW1haWwiOiJhaWNoYXNhZ25lQGVzcC5zbiIsInJvbGUiOiJtZWRlY2luIn19.hWafsXnjFQmJ8_lsuuKVw-TG2t2MNrgEVVdNIcO43sM
[2025-06-16 13:36:06] Token extracted: eyJ0eXAiOiJKV1QiLCJh...
[2025-06-16 13:36:06] Utilisateur authentifié: userId=1
[2025-06-16 13:36:06] Rôle de l'utilisateur: role=medecin
[2025-06-16 13:36:06] Médecin identifié: medecinId=1
[2025-06-16 13:36:06] Requête GET pour la liste ou un rendez-vous spécifique
[2025-06-16 13:36:06] Rendez-vous trouvés: [
    {
        "id": 1,
        "patient_id": 1,
        "medecin_id": 1,
        "nom": "ndiaye",
        "prenom": "kabyra",
        "date_rdv": "2024-06-15 10:00:00",
        "motif": "Consultation initiale",
        "statut": "termine",
        "lieu": "Salle 1",
        "duree": 45,
        "notes": "Prise de sang recommand?e",
        "type_rdv": "consultation"
    },
    {
        "id": 2,
        "patient_id": 1,
        "medecin_id": 1,
        "nom": "ndiaye",
        "prenom": "kabyra",
        "date_rdv": "2024-07-01 09:30:00",
        "motif": "Suivi traitement",
        "statut": "termine",
        "lieu": "Salle 2",
        "duree": 30,
        "notes": "N\/A",
        "type_rdv": "suivi"
    },
    {
        "id": 3,
        "patient_id": 1,
        "medecin_id": 1,
        "nom": "ndiaye",
        "prenom": "kabyra",
        "date_rdv": "2024-08-10 11:00:00",
        "motif": "Contr?le g?n?ral",
        "statut": "termine",
        "lieu": "Salle 1",
        "duree": 60,
        "notes": "N\/A",
        "type_rdv": "consultation"
    },
    {
        "id": 4,
        "patient_id": 2,
        "medecin_id": 1,
        "nom": "dell",
        "prenom": "modou",
        "date_rdv": "2024-07-05 14:00:00",
        "motif": "Consultation p?diatrique",
        "statut": "termine",
        "lieu": "Salle 3",
        "duree": 45,
        "notes": "N\/A",
        "type_rdv": "consultation"
    },
    {
        "id": 5,
        "patient_id": 3,
        "medecin_id": 1,
        "nom": "ayshu",
        "prenom": "queen",
        "date_rdv": "2024-08-12 15:00:00",
        "motif": "IRM neurologique",
        "statut": "termine",
        "lieu": "Salle 4",
        "duree": 90,
        "notes": "Pr?parer IRM avec contraste",
        "type_rdv": "urgence"
    },
    {
        "id": 6,
        "patient_id": 4,
        "medecin_id": 1,
        "nom": "mbacke",
        "prenom": "amsatou",
        "date_rdv": "2024-09-01 13:00:00",
        "motif": "Consultation de routine",
        "statut": "termine",
        "lieu": "Salle 1",
        "duree": 30,
        "notes": "N\/A",
        "type_rdv": "consultation"
    },
    {
        "id": 7,
        "patient_id": 5,
        "medecin_id": 1,
        "nom": "lam",
        "prenom": "souleymane",
        "date_rdv": "2024-09-10 09:00:00",
        "motif": "Analyse scanner",
        "statut": "termine",
        "lieu": "Salle 2",
        "duree": 60,
        "notes": "N\/A",
        "type_rdv": "urgence"
    },
    {
        "id": 8,
        "patient_id": 1,
        "medecin_id": 1,
        "nom": "ndiaye",
        "prenom": "kabyra",
        "date_rdv": "2025-06-15 10:56:00",
        "motif": "nause",
        "statut": "planifie",
        "lieu": "salle 1",
        "duree": 30,
        "notes": "urgent",
        "type_rdv": "suivi"
    },
    {
        "id": 9,
        "patient_id": 1,
        "medecin_id": 1,
        "nom": "ndiaye",
        "prenom": "kabyra",
        "date_rdv": "2025-06-16 10:12:00",
        "motif": "maux de tete",
        "statut": "planifie",
        "lieu": "salle 1",
        "duree": 30,
        "notes": "test",
        "type_rdv": "suivi"
    }
]
[2025-06-16 13:39:41] Authorization header: Bearer eyJ0eXAiOiJKV1QiLCJhbGciOiJIUzI1NiJ9.eyJpYXQiOjE3NTAwNjg1ODMsImV4cCI6MTc1MDE1NDk4MywiZGF0YSI6eyJpZCI6MSwiZW1haWwiOiJhaWNoYXNhZ25lQGVzcC5zbiIsInJvbGUiOiJtZWRlY2luIn19.hWafsXnjFQmJ8_lsuuKVw-TG2t2MNrgEVVdNIcO43sM
[2025-06-16 13:39:41] Token extracted: eyJ0eXAiOiJKV1QiLCJh...
[2025-06-16 13:39:41] Utilisateur authentifié: userId=1
[2025-06-16 13:39:41] Rôle de l'utilisateur: role=medecin
[2025-06-16 13:39:41] Médecin identifié: medecinId=1
[2025-06-16 13:39:41] Requête GET pour la liste ou un rendez-vous spécifique
[2025-06-16 13:39:41] Rendez-vous trouvés: [
    {
        "id": 1,
        "patient_id": 1,
        "medecin_id": 1,
        "nom": "ndiaye",
        "prenom": "kabyra",
        "date_rdv": "2024-06-15 10:00:00",
        "motif": "Consultation initiale",
        "statut": "termine",
        "lieu": "Salle 1",
        "duree": 45,
        "notes": "Prise de sang recommand?e",
        "type_rdv": "consultation"
    },
    {
        "id": 2,
        "patient_id": 1,
        "medecin_id": 1,
        "nom": "ndiaye",
        "prenom": "kabyra",
        "date_rdv": "2024-07-01 09:30:00",
        "motif": "Suivi traitement",
        "statut": "termine",
        "lieu": "Salle 2",
        "duree": 30,
        "notes": "N\/A",
        "type_rdv": "suivi"
    },
    {
        "id": 3,
        "patient_id": 1,
        "medecin_id": 1,
        "nom": "ndiaye",
        "prenom": "kabyra",
        "date_rdv": "2024-08-10 11:00:00",
        "motif": "Contr?le g?n?ral",
        "statut": "termine",
        "lieu": "Salle 1",
        "duree": 60,
        "notes": "N\/A",
        "type_rdv": "consultation"
    },
    {
        "id": 4,
        "patient_id": 2,
        "medecin_id": 1,
        "nom": "dell",
        "prenom": "modou",
        "date_rdv": "2024-07-05 14:00:00",
        "motif": "Consultation p?diatrique",
        "statut": "termine",
        "lieu": "Salle 3",
        "duree": 45,
        "notes": "N\/A",
        "type_rdv": "consultation"
    },
    {
        "id": 5,
        "patient_id": 3,
        "medecin_id": 1,
        "nom": "ayshu",
        "prenom": "queen",
        "date_rdv": "2024-08-12 15:00:00",
        "motif": "IRM neurologique",
        "statut": "termine",
        "lieu": "Salle 4",
        "duree": 90,
        "notes": "Pr?parer IRM avec contraste",
        "type_rdv": "urgence"
    },
    {
        "id": 6,
        "patient_id": 4,
        "medecin_id": 1,
        "nom": "mbacke",
        "prenom": "amsatou",
        "date_rdv": "2024-09-01 13:00:00",
        "motif": "Consultation de routine",
        "statut": "termine",
        "lieu": "Salle 1",
        "duree": 30,
        "notes": "N\/A",
        "type_rdv": "consultation"
    },
    {
        "id": 7,
        "patient_id": 5,
        "medecin_id": 1,
        "nom": "lam",
        "prenom": "souleymane",
        "date_rdv": "2024-09-10 09:00:00",
        "motif": "Analyse scanner",
        "statut": "termine",
        "lieu": "Salle 2",
        "duree": 60,
        "notes": "N\/A",
        "type_rdv": "urgence"
    },
    {
        "id": 8,
        "patient_id": 1,
        "medecin_id": 1,
        "nom": "ndiaye",
        "prenom": "kabyra",
        "date_rdv": "2025-06-15 10:56:00",
        "motif": "nause",
        "statut": "planifie",
        "lieu": "salle 1",
        "duree": 30,
        "notes": "urgent",
        "type_rdv": "suivi"
    },
    {
        "id": 9,
        "patient_id": 1,
        "medecin_id": 1,
        "nom": "ndiaye",
        "prenom": "kabyra",
        "date_rdv": "2025-06-16 10:12:00",
        "motif": "maux de tete",
        "statut": "planifie",
        "lieu": "salle 1",
        "duree": 30,
        "notes": "test",
        "type_rdv": "suivi"
    }
]
[2025-06-16 13:39:44] Authorization header: Bearer eyJ0eXAiOiJKV1QiLCJhbGciOiJIUzI1NiJ9.eyJpYXQiOjE3NTAwNjg1ODMsImV4cCI6MTc1MDE1NDk4MywiZGF0YSI6eyJpZCI6MSwiZW1haWwiOiJhaWNoYXNhZ25lQGVzcC5zbiIsInJvbGUiOiJtZWRlY2luIn19.hWafsXnjFQmJ8_lsuuKVw-TG2t2MNrgEVVdNIcO43sM
[2025-06-16 13:39:44] Token extracted: eyJ0eXAiOiJKV1QiLCJh...
[2025-06-16 13:39:44] Utilisateur authentifié: userId=1
[2025-06-16 13:39:44] Rôle de l'utilisateur: role=medecin
[2025-06-16 13:39:44] Médecin identifié: medecinId=1
[2025-06-16 13:39:44] Requête GET pour la liste ou un rendez-vous spécifique
[2025-06-16 13:39:44] Rendez-vous trouvés: [
    {
        "id": 1,
        "patient_id": 1,
        "medecin_id": 1,
        "nom": "ndiaye",
        "prenom": "kabyra",
        "date_rdv": "2024-06-15 10:00:00",
        "motif": "Consultation initiale",
        "statut": "termine",
        "lieu": "Salle 1",
        "duree": 45,
        "notes": "Prise de sang recommand?e",
        "type_rdv": "consultation"
    },
    {
        "id": 2,
        "patient_id": 1,
        "medecin_id": 1,
        "nom": "ndiaye",
        "prenom": "kabyra",
        "date_rdv": "2024-07-01 09:30:00",
        "motif": "Suivi traitement",
        "statut": "termine",
        "lieu": "Salle 2",
        "duree": 30,
        "notes": "N\/A",
        "type_rdv": "suivi"
    },
    {
        "id": 3,
        "patient_id": 1,
        "medecin_id": 1,
        "nom": "ndiaye",
        "prenom": "kabyra",
        "date_rdv": "2024-08-10 11:00:00",
        "motif": "Contr?le g?n?ral",
        "statut": "termine",
        "lieu": "Salle 1",
        "duree": 60,
        "notes": "N\/A",
        "type_rdv": "consultation"
    },
    {
        "id": 4,
        "patient_id": 2,
        "medecin_id": 1,
        "nom": "dell",
        "prenom": "modou",
        "date_rdv": "2024-07-05 14:00:00",
        "motif": "Consultation p?diatrique",
        "statut": "termine",
        "lieu": "Salle 3",
        "duree": 45,
        "notes": "N\/A",
        "type_rdv": "consultation"
    },
    {
        "id": 5,
        "patient_id": 3,
        "medecin_id": 1,
        "nom": "ayshu",
        "prenom": "queen",
        "date_rdv": "2024-08-12 15:00:00",
        "motif": "IRM neurologique",
        "statut": "termine",
        "lieu": "Salle 4",
        "duree": 90,
        "notes": "Pr?parer IRM avec contraste",
        "type_rdv": "urgence"
    },
    {
        "id": 6,
        "patient_id": 4,
        "medecin_id": 1,
        "nom": "mbacke",
        "prenom": "amsatou",
        "date_rdv": "2024-09-01 13:00:00",
        "motif": "Consultation de routine",
        "statut": "termine",
        "lieu": "Salle 1",
        "duree": 30,
        "notes": "N\/A",
        "type_rdv": "consultation"
    },
    {
        "id": 7,
        "patient_id": 5,
        "medecin_id": 1,
        "nom": "lam",
        "prenom": "souleymane",
        "date_rdv": "2024-09-10 09:00:00",
        "motif": "Analyse scanner",
        "statut": "termine",
        "lieu": "Salle 2",
        "duree": 60,
        "notes": "N\/A",
        "type_rdv": "urgence"
    },
    {
        "id": 8,
        "patient_id": 1,
        "medecin_id": 1,
        "nom": "ndiaye",
        "prenom": "kabyra",
        "date_rdv": "2025-06-15 10:56:00",
        "motif": "nause",
        "statut": "planifie",
        "lieu": "salle 1",
        "duree": 30,
        "notes": "urgent",
        "type_rdv": "suivi"
    },
    {
        "id": 9,
        "patient_id": 1,
        "medecin_id": 1,
        "nom": "ndiaye",
        "prenom": "kabyra",
        "date_rdv": "2025-06-16 10:12:00",
        "motif": "maux de tete",
        "statut": "planifie",
        "lieu": "salle 1",
        "duree": 30,
        "notes": "test",
        "type_rdv": "suivi"
    }
]
[2025-06-16 13:39:58] Authorization header: Bearer eyJ0eXAiOiJKV1QiLCJhbGciOiJIUzI1NiJ9.eyJpYXQiOjE3NTAwNjg1ODMsImV4cCI6MTc1MDE1NDk4MywiZGF0YSI6eyJpZCI6MSwiZW1haWwiOiJhaWNoYXNhZ25lQGVzcC5zbiIsInJvbGUiOiJtZWRlY2luIn19.hWafsXnjFQmJ8_lsuuKVw-TG2t2MNrgEVVdNIcO43sM
[2025-06-16 13:39:58] Token extracted: eyJ0eXAiOiJKV1QiLCJh...
[2025-06-16 13:39:58] Utilisateur authentifié: userId=1
[2025-06-16 13:39:58] Rôle de l'utilisateur: role=medecin
[2025-06-16 13:39:58] Médecin identifié: medecinId=1
[2025-06-16 13:39:58] Requête GET pour la liste ou un rendez-vous spécifique
[2025-06-16 13:39:58] Rendez-vous trouvés: [
    {
        "id": 1,
        "patient_id": 1,
        "medecin_id": 1,
        "nom": "ndiaye",
        "prenom": "kabyra",
        "date_rdv": "2024-06-15 10:00:00",
        "motif": "Consultation initiale",
        "statut": "termine",
        "lieu": "Salle 1",
        "duree": 45,
        "notes": "Prise de sang recommand?e",
        "type_rdv": "consultation"
    },
    {
        "id": 2,
        "patient_id": 1,
        "medecin_id": 1,
        "nom": "ndiaye",
        "prenom": "kabyra",
        "date_rdv": "2024-07-01 09:30:00",
        "motif": "Suivi traitement",
        "statut": "termine",
        "lieu": "Salle 2",
        "duree": 30,
        "notes": "N\/A",
        "type_rdv": "suivi"
    },
    {
        "id": 3,
        "patient_id": 1,
        "medecin_id": 1,
        "nom": "ndiaye",
        "prenom": "kabyra",
        "date_rdv": "2024-08-10 11:00:00",
        "motif": "Contr?le g?n?ral",
        "statut": "termine",
        "lieu": "Salle 1",
        "duree": 60,
        "notes": "N\/A",
        "type_rdv": "consultation"
    },
    {
        "id": 4,
        "patient_id": 2,
        "medecin_id": 1,
        "nom": "dell",
        "prenom": "modou",
        "date_rdv": "2024-07-05 14:00:00",
        "motif": "Consultation p?diatrique",
        "statut": "termine",
        "lieu": "Salle 3",
        "duree": 45,
        "notes": "N\/A",
        "type_rdv": "consultation"
    },
    {
        "id": 5,
        "patient_id": 3,
        "medecin_id": 1,
        "nom": "ayshu",
        "prenom": "queen",
        "date_rdv": "2024-08-12 15:00:00",
        "motif": "IRM neurologique",
        "statut": "termine",
        "lieu": "Salle 4",
        "duree": 90,
        "notes": "Pr?parer IRM avec contraste",
        "type_rdv": "urgence"
    },
    {
        "id": 6,
        "patient_id": 4,
        "medecin_id": 1,
        "nom": "mbacke",
        "prenom": "amsatou",
        "date_rdv": "2024-09-01 13:00:00",
        "motif": "Consultation de routine",
        "statut": "termine",
        "lieu": "Salle 1",
        "duree": 30,
        "notes": "N\/A",
        "type_rdv": "consultation"
    },
    {
        "id": 7,
        "patient_id": 5,
        "medecin_id": 1,
        "nom": "lam",
        "prenom": "souleymane",
        "date_rdv": "2024-09-10 09:00:00",
        "motif": "Analyse scanner",
        "statut": "termine",
        "lieu": "Salle 2",
        "duree": 60,
        "notes": "N\/A",
        "type_rdv": "urgence"
    },
    {
        "id": 8,
        "patient_id": 1,
        "medecin_id": 1,
        "nom": "ndiaye",
        "prenom": "kabyra",
        "date_rdv": "2025-06-15 10:56:00",
        "motif": "nause",
        "statut": "planifie",
        "lieu": "salle 1",
        "duree": 30,
        "notes": "urgent",
        "type_rdv": "suivi"
    },
    {
        "id": 9,
        "patient_id": 1,
        "medecin_id": 1,
        "nom": "ndiaye",
        "prenom": "kabyra",
        "date_rdv": "2025-06-16 10:12:00",
        "motif": "maux de tete",
        "statut": "planifie",
        "lieu": "salle 1",
        "duree": 30,
        "notes": "test",
        "type_rdv": "suivi"
    }
]
[2025-06-16 13:41:49] Authorization header: Bearer eyJ0eXAiOiJKV1QiLCJhbGciOiJIUzI1NiJ9.eyJpYXQiOjE3NTAwNjg1ODMsImV4cCI6MTc1MDE1NDk4MywiZGF0YSI6eyJpZCI6MSwiZW1haWwiOiJhaWNoYXNhZ25lQGVzcC5zbiIsInJvbGUiOiJtZWRlY2luIn19.hWafsXnjFQmJ8_lsuuKVw-TG2t2MNrgEVVdNIcO43sM
[2025-06-16 13:41:49] Token extracted: eyJ0eXAiOiJKV1QiLCJh...
[2025-06-16 13:41:49] Utilisateur authentifié: userId=1
[2025-06-16 13:41:49] Rôle de l'utilisateur: role=medecin
[2025-06-16 13:41:49] Médecin identifié: medecinId=1
[2025-06-16 13:41:49] Requête GET pour la liste ou un rendez-vous spécifique
[2025-06-16 13:41:49] Rendez-vous trouvés: [
    {
        "id": 1,
        "patient_id": 1,
        "medecin_id": 1,
        "nom": "ndiaye",
        "prenom": "kabyra",
        "date_rdv": "2024-06-15 10:00:00",
        "motif": "Consultation initiale",
        "statut": "termine",
        "lieu": "Salle 1",
        "duree": 45,
        "notes": "Prise de sang recommand?e",
        "type_rdv": "consultation"
    },
    {
        "id": 2,
        "patient_id": 1,
        "medecin_id": 1,
        "nom": "ndiaye",
        "prenom": "kabyra",
        "date_rdv": "2024-07-01 09:30:00",
        "motif": "Suivi traitement",
        "statut": "termine",
        "lieu": "Salle 2",
        "duree": 30,
        "notes": "N\/A",
        "type_rdv": "suivi"
    },
    {
        "id": 3,
        "patient_id": 1,
        "medecin_id": 1,
        "nom": "ndiaye",
        "prenom": "kabyra",
        "date_rdv": "2024-08-10 11:00:00",
        "motif": "Contr?le g?n?ral",
        "statut": "termine",
        "lieu": "Salle 1",
        "duree": 60,
        "notes": "N\/A",
        "type_rdv": "consultation"
    },
    {
        "id": 4,
        "patient_id": 2,
        "medecin_id": 1,
        "nom": "dell",
        "prenom": "modou",
        "date_rdv": "2024-07-05 14:00:00",
        "motif": "Consultation p?diatrique",
        "statut": "termine",
        "lieu": "Salle 3",
        "duree": 45,
        "notes": "N\/A",
        "type_rdv": "consultation"
    },
    {
        "id": 5,
        "patient_id": 3,
        "medecin_id": 1,
        "nom": "ayshu",
        "prenom": "queen",
        "date_rdv": "2024-08-12 15:00:00",
        "motif": "IRM neurologique",
        "statut": "termine",
        "lieu": "Salle 4",
        "duree": 90,
        "notes": "Pr?parer IRM avec contraste",
        "type_rdv": "urgence"
    },
    {
        "id": 6,
        "patient_id": 4,
        "medecin_id": 1,
        "nom": "mbacke",
        "prenom": "amsatou",
        "date_rdv": "2024-09-01 13:00:00",
        "motif": "Consultation de routine",
        "statut": "termine",
        "lieu": "Salle 1",
        "duree": 30,
        "notes": "N\/A",
        "type_rdv": "consultation"
    },
    {
        "id": 7,
        "patient_id": 5,
        "medecin_id": 1,
        "nom": "lam",
        "prenom": "souleymane",
        "date_rdv": "2024-09-10 09:00:00",
        "motif": "Analyse scanner",
        "statut": "termine",
        "lieu": "Salle 2",
        "duree": 60,
        "notes": "N\/A",
        "type_rdv": "urgence"
    },
    {
        "id": 8,
        "patient_id": 1,
        "medecin_id": 1,
        "nom": "ndiaye",
        "prenom": "kabyra",
        "date_rdv": "2025-06-15 10:56:00",
        "motif": "nause",
        "statut": "planifie",
        "lieu": "salle 1",
        "duree": 30,
        "notes": "urgent",
        "type_rdv": "suivi"
    },
    {
        "id": 9,
        "patient_id": 1,
        "medecin_id": 1,
        "nom": "ndiaye",
        "prenom": "kabyra",
        "date_rdv": "2025-06-16 10:12:00",
        "motif": "maux de tete",
        "statut": "planifie",
        "lieu": "salle 1",
        "duree": 30,
        "notes": "test",
        "type_rdv": "suivi"
    }
]
[2025-06-16 13:41:53] Authorization header: Bearer eyJ0eXAiOiJKV1QiLCJhbGciOiJIUzI1NiJ9.eyJpYXQiOjE3NTAwNjg1ODMsImV4cCI6MTc1MDE1NDk4MywiZGF0YSI6eyJpZCI6MSwiZW1haWwiOiJhaWNoYXNhZ25lQGVzcC5zbiIsInJvbGUiOiJtZWRlY2luIn19.hWafsXnjFQmJ8_lsuuKVw-TG2t2MNrgEVVdNIcO43sM
[2025-06-16 13:41:53] Token extracted: eyJ0eXAiOiJKV1QiLCJh...
[2025-06-16 13:41:53] Utilisateur authentifié: userId=1
[2025-06-16 13:41:53] Rôle de l'utilisateur: role=medecin
[2025-06-16 13:41:53] Médecin identifié: medecinId=1
[2025-06-16 13:41:53] Requête GET pour la liste ou un rendez-vous spécifique
[2025-06-16 13:41:53] Rendez-vous trouvé avec ID: 1
[2025-06-16 13:42:08] Authorization header: Bearer eyJ0eXAiOiJKV1QiLCJhbGciOiJIUzI1NiJ9.eyJpYXQiOjE3NTAwNjg1ODMsImV4cCI6MTc1MDE1NDk4MywiZGF0YSI6eyJpZCI6MSwiZW1haWwiOiJhaWNoYXNhZ25lQGVzcC5zbiIsInJvbGUiOiJtZWRlY2luIn19.hWafsXnjFQmJ8_lsuuKVw-TG2t2MNrgEVVdNIcO43sM
[2025-06-16 13:42:08] Token extracted: eyJ0eXAiOiJKV1QiLCJh...
[2025-06-16 13:42:08] Utilisateur authentifié: userId=1
[2025-06-16 13:42:08] Rôle de l'utilisateur: role=medecin
[2025-06-16 13:42:08] Médecin identifié: medecinId=1
[2025-06-16 13:42:08] Requête GET pour la liste ou un rendez-vous spécifique
[2025-06-16 13:42:08] Vérification de conflit pour date 2024-06-15T10:00, patient 1: Pas de conflit
[2025-06-16 13:42:09] Authorization header: Bearer eyJ0eXAiOiJKV1QiLCJhbGciOiJIUzI1NiJ9.eyJpYXQiOjE3NTAwNjg1ODMsImV4cCI6MTc1MDE1NDk4MywiZGF0YSI6eyJpZCI6MSwiZW1haWwiOiJhaWNoYXNhZ25lQGVzcC5zbiIsInJvbGUiOiJtZWRlY2luIn19.hWafsXnjFQmJ8_lsuuKVw-TG2t2MNrgEVVdNIcO43sM
[2025-06-16 13:42:09] Token extracted: eyJ0eXAiOiJKV1QiLCJh...
[2025-06-16 13:42:09] Utilisateur authentifié: userId=1
[2025-06-16 13:42:09] Rôle de l'utilisateur: role=medecin
[2025-06-16 13:42:09] Médecin identifié: medecinId=1
[2025-06-16 13:42:09] Requête PUT pour mettre à jour un rendez-vous
[2025-06-16 13:42:09] Rendez-vous mis à jour avec ID: 1
[2025-06-16 13:42:12] Authorization header: Bearer eyJ0eXAiOiJKV1QiLCJhbGciOiJIUzI1NiJ9.eyJpYXQiOjE3NTAwNjg1ODMsImV4cCI6MTc1MDE1NDk4MywiZGF0YSI6eyJpZCI6MSwiZW1haWwiOiJhaWNoYXNhZ25lQGVzcC5zbiIsInJvbGUiOiJtZWRlY2luIn19.hWafsXnjFQmJ8_lsuuKVw-TG2t2MNrgEVVdNIcO43sM
[2025-06-16 13:42:12] Token extracted: eyJ0eXAiOiJKV1QiLCJh...
[2025-06-16 13:42:12] Utilisateur authentifié: userId=1
[2025-06-16 13:42:12] Rôle de l'utilisateur: role=medecin
[2025-06-16 13:42:12] Médecin identifié: medecinId=1
[2025-06-16 13:42:12] Requête GET pour la liste ou un rendez-vous spécifique
[2025-06-16 13:42:12] Rendez-vous trouvés: [
    {
        "id": 1,
        "patient_id": 1,
        "medecin_id": 1,
        "nom": "ndiaye",
        "prenom": "kabyra",
        "date_rdv": "2024-06-15 10:00:00",
        "motif": "Consultation initiale",
        "statut": "termine",
        "lieu": "Salle 1",
        "duree": 45,
        "notes": "Prise de sang recommand?e",
        "type_rdv": "urgence"
    },
    {
        "id": 2,
        "patient_id": 1,
        "medecin_id": 1,
        "nom": "ndiaye",
        "prenom": "kabyra",
        "date_rdv": "2024-07-01 09:30:00",
        "motif": "Suivi traitement",
        "statut": "termine",
        "lieu": "Salle 2",
        "duree": 30,
        "notes": "N\/A",
        "type_rdv": "suivi"
    },
    {
        "id": 3,
        "patient_id": 1,
        "medecin_id": 1,
        "nom": "ndiaye",
        "prenom": "kabyra",
        "date_rdv": "2024-08-10 11:00:00",
        "motif": "Contr?le g?n?ral",
        "statut": "termine",
        "lieu": "Salle 1",
        "duree": 60,
        "notes": "N\/A",
        "type_rdv": "consultation"
    },
    {
        "id": 4,
        "patient_id": 2,
        "medecin_id": 1,
        "nom": "dell",
        "prenom": "modou",
        "date_rdv": "2024-07-05 14:00:00",
        "motif": "Consultation p?diatrique",
        "statut": "termine",
        "lieu": "Salle 3",
        "duree": 45,
        "notes": "N\/A",
        "type_rdv": "consultation"
    },
    {
        "id": 5,
        "patient_id": 3,
        "medecin_id": 1,
        "nom": "ayshu",
        "prenom": "queen",
        "date_rdv": "2024-08-12 15:00:00",
        "motif": "IRM neurologique",
        "statut": "termine",
        "lieu": "Salle 4",
        "duree": 90,
        "notes": "Pr?parer IRM avec contraste",
        "type_rdv": "urgence"
    },
    {
        "id": 6,
        "patient_id": 4,
        "medecin_id": 1,
        "nom": "mbacke",
        "prenom": "amsatou",
        "date_rdv": "2024-09-01 13:00:00",
        "motif": "Consultation de routine",
        "statut": "termine",
        "lieu": "Salle 1",
        "duree": 30,
        "notes": "N\/A",
        "type_rdv": "consultation"
    },
    {
        "id": 7,
        "patient_id": 5,
        "medecin_id": 1,
        "nom": "lam",
        "prenom": "souleymane",
        "date_rdv": "2024-09-10 09:00:00",
        "motif": "Analyse scanner",
        "statut": "termine",
        "lieu": "Salle 2",
        "duree": 60,
        "notes": "N\/A",
        "type_rdv": "urgence"
    },
    {
        "id": 8,
        "patient_id": 1,
        "medecin_id": 1,
        "nom": "ndiaye",
        "prenom": "kabyra",
        "date_rdv": "2025-06-15 10:56:00",
        "motif": "nause",
        "statut": "planifie",
        "lieu": "salle 1",
        "duree": 30,
        "notes": "urgent",
        "type_rdv": "suivi"
    },
    {
        "id": 9,
        "patient_id": 1,
        "medecin_id": 1,
        "nom": "ndiaye",
        "prenom": "kabyra",
        "date_rdv": "2025-06-16 10:12:00",
        "motif": "maux de tete",
        "statut": "planifie",
        "lieu": "salle 1",
        "duree": 30,
        "notes": "test",
        "type_rdv": "suivi"
    }
]
[2025-06-16 13:42:24] Authorization header: Bearer eyJ0eXAiOiJKV1QiLCJhbGciOiJIUzI1NiJ9.eyJpYXQiOjE3NTAwNjg1ODMsImV4cCI6MTc1MDE1NDk4MywiZGF0YSI6eyJpZCI6MSwiZW1haWwiOiJhaWNoYXNhZ25lQGVzcC5zbiIsInJvbGUiOiJtZWRlY2luIn19.hWafsXnjFQmJ8_lsuuKVw-TG2t2MNrgEVVdNIcO43sM
[2025-06-16 13:42:24] Token extracted: eyJ0eXAiOiJKV1QiLCJh...
[2025-06-16 13:42:24] Utilisateur authentifié: userId=1
[2025-06-16 13:42:24] Rôle de l'utilisateur: role=medecin
[2025-06-16 13:42:24] Médecin identifié: medecinId=1
[2025-06-16 13:42:24] Requête GET pour la liste ou un rendez-vous spécifique
[2025-06-16 13:42:24] Rendez-vous trouvé avec ID: 1
[2025-06-16 13:42:35] Authorization header: Bearer eyJ0eXAiOiJKV1QiLCJhbGciOiJIUzI1NiJ9.eyJpYXQiOjE3NTAwNjg1ODMsImV4cCI6MTc1MDE1NDk4MywiZGF0YSI6eyJpZCI6MSwiZW1haWwiOiJhaWNoYXNhZ25lQGVzcC5zbiIsInJvbGUiOiJtZWRlY2luIn19.hWafsXnjFQmJ8_lsuuKVw-TG2t2MNrgEVVdNIcO43sM
[2025-06-16 13:42:35] Token extracted: eyJ0eXAiOiJKV1QiLCJh...
[2025-06-16 13:42:35] Utilisateur authentifié: userId=1
[2025-06-16 13:42:35] Rôle de l'utilisateur: role=medecin
[2025-06-16 13:42:35] Médecin identifié: medecinId=1
[2025-06-16 13:42:35] Requête GET pour la liste ou un rendez-vous spécifique
[2025-06-16 13:42:35] Vérification de conflit pour date 2024-06-15T10:00, patient 1: Pas de conflit
[2025-06-16 13:42:35] Authorization header: Bearer eyJ0eXAiOiJKV1QiLCJhbGciOiJIUzI1NiJ9.eyJpYXQiOjE3NTAwNjg1ODMsImV4cCI6MTc1MDE1NDk4MywiZGF0YSI6eyJpZCI6MSwiZW1haWwiOiJhaWNoYXNhZ25lQGVzcC5zbiIsInJvbGUiOiJtZWRlY2luIn19.hWafsXnjFQmJ8_lsuuKVw-TG2t2MNrgEVVdNIcO43sM
[2025-06-16 13:42:35] Token extracted: eyJ0eXAiOiJKV1QiLCJh...
[2025-06-16 13:42:35] Utilisateur authentifié: userId=1
[2025-06-16 13:42:35] Rôle de l'utilisateur: role=medecin
[2025-06-16 13:42:35] Médecin identifié: medecinId=1
[2025-06-16 13:42:35] Requête PUT pour mettre à jour un rendez-vous
[2025-06-16 13:42:35] Rendez-vous mis à jour avec ID: 1
[2025-06-16 13:42:37] Authorization header: Bearer eyJ0eXAiOiJKV1QiLCJhbGciOiJIUzI1NiJ9.eyJpYXQiOjE3NTAwNjg1ODMsImV4cCI6MTc1MDE1NDk4MywiZGF0YSI6eyJpZCI6MSwiZW1haWwiOiJhaWNoYXNhZ25lQGVzcC5zbiIsInJvbGUiOiJtZWRlY2luIn19.hWafsXnjFQmJ8_lsuuKVw-TG2t2MNrgEVVdNIcO43sM
[2025-06-16 13:42:37] Token extracted: eyJ0eXAiOiJKV1QiLCJh...
[2025-06-16 13:42:37] Utilisateur authentifié: userId=1
[2025-06-16 13:42:37] Rôle de l'utilisateur: role=medecin
[2025-06-16 13:42:37] Médecin identifié: medecinId=1
[2025-06-16 13:42:37] Requête GET pour la liste ou un rendez-vous spécifique
[2025-06-16 13:42:37] Rendez-vous trouvés: [
    {
        "id": 1,
        "patient_id": 1,
        "medecin_id": 1,
        "nom": "ndiaye",
        "prenom": "kabyra",
        "date_rdv": "2024-06-15 10:00:00",
        "motif": "Consultation initia",
        "statut": "termine",
        "lieu": "Salle 1",
        "duree": 45,
        "notes": "Prise de sang recommand?e",
        "type_rdv": "urgence"
    },
    {
        "id": 2,
        "patient_id": 1,
        "medecin_id": 1,
        "nom": "ndiaye",
        "prenom": "kabyra",
        "date_rdv": "2024-07-01 09:30:00",
        "motif": "Suivi traitement",
        "statut": "termine",
        "lieu": "Salle 2",
        "duree": 30,
        "notes": "N\/A",
        "type_rdv": "suivi"
    },
    {
        "id": 3,
        "patient_id": 1,
        "medecin_id": 1,
        "nom": "ndiaye",
        "prenom": "kabyra",
        "date_rdv": "2024-08-10 11:00:00",
        "motif": "Contr?le g?n?ral",
        "statut": "termine",
        "lieu": "Salle 1",
        "duree": 60,
        "notes": "N\/A",
        "type_rdv": "consultation"
    },
    {
        "id": 4,
        "patient_id": 2,
        "medecin_id": 1,
        "nom": "dell",
        "prenom": "modou",
        "date_rdv": "2024-07-05 14:00:00",
        "motif": "Consultation p?diatrique",
        "statut": "termine",
        "lieu": "Salle 3",
        "duree": 45,
        "notes": "N\/A",
        "type_rdv": "consultation"
    },
    {
        "id": 5,
        "patient_id": 3,
        "medecin_id": 1,
        "nom": "ayshu",
        "prenom": "queen",
        "date_rdv": "2024-08-12 15:00:00",
        "motif": "IRM neurologique",
        "statut": "termine",
        "lieu": "Salle 4",
        "duree": 90,
        "notes": "Pr?parer IRM avec contraste",
        "type_rdv": "urgence"
    },
    {
        "id": 6,
        "patient_id": 4,
        "medecin_id": 1,
        "nom": "mbacke",
        "prenom": "amsatou",
        "date_rdv": "2024-09-01 13:00:00",
        "motif": "Consultation de routine",
        "statut": "termine",
        "lieu": "Salle 1",
        "duree": 30,
        "notes": "N\/A",
        "type_rdv": "consultation"
    },
    {
        "id": 7,
        "patient_id": 5,
        "medecin_id": 1,
        "nom": "lam",
        "prenom": "souleymane",
        "date_rdv": "2024-09-10 09:00:00",
        "motif": "Analyse scanner",
        "statut": "termine",
        "lieu": "Salle 2",
        "duree": 60,
        "notes": "N\/A",
        "type_rdv": "urgence"
    },
    {
        "id": 8,
        "patient_id": 1,
        "medecin_id": 1,
        "nom": "ndiaye",
        "prenom": "kabyra",
        "date_rdv": "2025-06-15 10:56:00",
        "motif": "nause",
        "statut": "planifie",
        "lieu": "salle 1",
        "duree": 30,
        "notes": "urgent",
        "type_rdv": "suivi"
    },
    {
        "id": 9,
        "patient_id": 1,
        "medecin_id": 1,
        "nom": "ndiaye",
        "prenom": "kabyra",
        "date_rdv": "2025-06-16 10:12:00",
        "motif": "maux de tete",
        "statut": "planifie",
        "lieu": "salle 1",
        "duree": 30,
        "notes": "test",
        "type_rdv": "suivi"
    }
]
[2025-06-16 13:44:05] Authorization header: Bearer eyJ0eXAiOiJKV1QiLCJhbGciOiJIUzI1NiJ9.eyJpYXQiOjE3NTAwNjg1ODMsImV4cCI6MTc1MDE1NDk4MywiZGF0YSI6eyJpZCI6MSwiZW1haWwiOiJhaWNoYXNhZ25lQGVzcC5zbiIsInJvbGUiOiJtZWRlY2luIn19.hWafsXnjFQmJ8_lsuuKVw-TG2t2MNrgEVVdNIcO43sM
[2025-06-16 13:44:05] Token extracted: eyJ0eXAiOiJKV1QiLCJh...
[2025-06-16 13:44:05] Utilisateur authentifié: userId=1
[2025-06-16 13:44:05] Rôle de l'utilisateur: role=medecin
[2025-06-16 13:44:05] Médecin identifié: medecinId=1
[2025-06-16 13:44:05] Requête GET pour la liste ou un rendez-vous spécifique
[2025-06-16 13:44:05] Rendez-vous trouvés: [
    {
        "id": 1,
        "patient_id": 1,
        "medecin_id": 1,
        "nom": "ndiaye",
        "prenom": "kabyra",
        "date_rdv": "2024-06-15 10:00:00",
        "motif": "Consultation initia",
        "statut": "termine",
        "lieu": "Salle 1",
        "duree": 45,
        "notes": "Prise de sang recommand?e",
        "type_rdv": "urgence"
    },
    {
        "id": 2,
        "patient_id": 1,
        "medecin_id": 1,
        "nom": "ndiaye",
        "prenom": "kabyra",
        "date_rdv": "2024-07-01 09:30:00",
        "motif": "Suivi traitement",
        "statut": "termine",
        "lieu": "Salle 2",
        "duree": 30,
        "notes": "N\/A",
        "type_rdv": "suivi"
    },
    {
        "id": 3,
        "patient_id": 1,
        "medecin_id": 1,
        "nom": "ndiaye",
        "prenom": "kabyra",
        "date_rdv": "2024-08-10 11:00:00",
        "motif": "Contr?le g?n?ral",
        "statut": "termine",
        "lieu": "Salle 1",
        "duree": 60,
        "notes": "N\/A",
        "type_rdv": "consultation"
    },
    {
        "id": 4,
        "patient_id": 2,
        "medecin_id": 1,
        "nom": "dell",
        "prenom": "modou",
        "date_rdv": "2024-07-05 14:00:00",
        "motif": "Consultation p?diatrique",
        "statut": "termine",
        "lieu": "Salle 3",
        "duree": 45,
        "notes": "N\/A",
        "type_rdv": "consultation"
    },
    {
        "id": 5,
        "patient_id": 3,
        "medecin_id": 1,
        "nom": "ayshu",
        "prenom": "queen",
        "date_rdv": "2024-08-12 15:00:00",
        "motif": "IRM neurologique",
        "statut": "termine",
        "lieu": "Salle 4",
        "duree": 90,
        "notes": "Pr?parer IRM avec contraste",
        "type_rdv": "urgence"
    },
    {
        "id": 6,
        "patient_id": 4,
        "medecin_id": 1,
        "nom": "mbacke",
        "prenom": "amsatou",
        "date_rdv": "2024-09-01 13:00:00",
        "motif": "Consultation de routine",
        "statut": "termine",
        "lieu": "Salle 1",
        "duree": 30,
        "notes": "N\/A",
        "type_rdv": "consultation"
    },
    {
        "id": 7,
        "patient_id": 5,
        "medecin_id": 1,
        "nom": "lam",
        "prenom": "souleymane",
        "date_rdv": "2024-09-10 09:00:00",
        "motif": "Analyse scanner",
        "statut": "termine",
        "lieu": "Salle 2",
        "duree": 60,
        "notes": "N\/A",
        "type_rdv": "urgence"
    },
    {
        "id": 8,
        "patient_id": 1,
        "medecin_id": 1,
        "nom": "ndiaye",
        "prenom": "kabyra",
        "date_rdv": "2025-06-15 10:56:00",
        "motif": "nause",
        "statut": "planifie",
        "lieu": "salle 1",
        "duree": 30,
        "notes": "urgent",
        "type_rdv": "suivi"
    },
    {
        "id": 9,
        "patient_id": 1,
        "medecin_id": 1,
        "nom": "ndiaye",
        "prenom": "kabyra",
        "date_rdv": "2025-06-16 10:12:00",
        "motif": "maux de tete",
        "statut": "planifie",
        "lieu": "salle 1",
        "duree": 30,
        "notes": "test",
        "type_rdv": "suivi"
    }
]
[2025-06-16 13:52:16] Authorization header: Bearer eyJ0eXAiOiJKV1QiLCJhbGciOiJIUzI1NiJ9.eyJpYXQiOjE3NTAwNjg1ODMsImV4cCI6MTc1MDE1NDk4MywiZGF0YSI6eyJpZCI6MSwiZW1haWwiOiJhaWNoYXNhZ25lQGVzcC5zbiIsInJvbGUiOiJtZWRlY2luIn19.hWafsXnjFQmJ8_lsuuKVw-TG2t2MNrgEVVdNIcO43sM
[2025-06-16 13:52:16] Token extracted: eyJ0eXAiOiJKV1QiLCJh...
[2025-06-16 13:52:16] Utilisateur authentifié: userId=1
[2025-06-16 13:52:16] Rôle de l'utilisateur: role=medecin
[2025-06-16 13:52:16] Médecin identifié: medecinId=1
[2025-06-16 13:52:16] Requête GET pour la liste ou un rendez-vous spécifique
[2025-06-16 13:52:16] Rendez-vous trouvés: [
    {
        "id": 1,
        "patient_id": 1,
        "medecin_id": 1,
        "nom": "ndiaye",
        "prenom": "kabyra",
        "date_rdv": "2024-06-15 10:00:00",
        "motif": "Consultation initia",
        "statut": "termine",
        "lieu": "Salle 1",
        "duree": 45,
        "notes": "Prise de sang recommand?e",
        "type_rdv": "urgence"
    },
    {
        "id": 2,
        "patient_id": 1,
        "medecin_id": 1,
        "nom": "ndiaye",
        "prenom": "kabyra",
        "date_rdv": "2024-07-01 09:30:00",
        "motif": "Suivi traitement",
        "statut": "termine",
        "lieu": "Salle 2",
        "duree": 30,
        "notes": "N\/A",
        "type_rdv": "suivi"
    },
    {
        "id": 3,
        "patient_id": 1,
        "medecin_id": 1,
        "nom": "ndiaye",
        "prenom": "kabyra",
        "date_rdv": "2024-08-10 11:00:00",
        "motif": "Contr?le g?n?ral",
        "statut": "termine",
        "lieu": "Salle 1",
        "duree": 60,
        "notes": "N\/A",
        "type_rdv": "consultation"
    },
    {
        "id": 4,
        "patient_id": 2,
        "medecin_id": 1,
        "nom": "dell",
        "prenom": "modou",
        "date_rdv": "2024-07-05 14:00:00",
        "motif": "Consultation p?diatrique",
        "statut": "termine",
        "lieu": "Salle 3",
        "duree": 45,
        "notes": "N\/A",
        "type_rdv": "consultation"
    },
    {
        "id": 5,
        "patient_id": 3,
        "medecin_id": 1,
        "nom": "ayshu",
        "prenom": "queen",
        "date_rdv": "2024-08-12 15:00:00",
        "motif": "IRM neurologique",
        "statut": "termine",
        "lieu": "Salle 4",
        "duree": 90,
        "notes": "Pr?parer IRM avec contraste",
        "type_rdv": "urgence"
    },
    {
        "id": 6,
        "patient_id": 4,
        "medecin_id": 1,
        "nom": "mbacke",
        "prenom": "amsatou",
        "date_rdv": "2024-09-01 13:00:00",
        "motif": "Consultation de routine",
        "statut": "termine",
        "lieu": "Salle 1",
        "duree": 30,
        "notes": "N\/A",
        "type_rdv": "consultation"
    },
    {
        "id": 7,
        "patient_id": 5,
        "medecin_id": 1,
        "nom": "lam",
        "prenom": "souleymane",
        "date_rdv": "2024-09-10 09:00:00",
        "motif": "Analyse scanner",
        "statut": "termine",
        "lieu": "Salle 2",
        "duree": 60,
        "notes": "N\/A",
        "type_rdv": "urgence"
    },
    {
        "id": 8,
        "patient_id": 1,
        "medecin_id": 1,
        "nom": "ndiaye",
        "prenom": "kabyra",
        "date_rdv": "2025-06-15 10:56:00",
        "motif": "nause",
        "statut": "planifie",
        "lieu": "salle 1",
        "duree": 30,
        "notes": "urgent",
        "type_rdv": "suivi"
    },
    {
        "id": 9,
        "patient_id": 1,
        "medecin_id": 1,
        "nom": "ndiaye",
        "prenom": "kabyra",
        "date_rdv": "2025-06-16 10:12:00",
        "motif": "maux de tete",
        "statut": "planifie",
        "lieu": "salle 1",
        "duree": 30,
        "notes": "test",
        "type_rdv": "suivi"
    }
]
[2025-06-16 13:52:28] Authorization header: Bearer eyJ0eXAiOiJKV1QiLCJhbGciOiJIUzI1NiJ9.eyJpYXQiOjE3NTAwNjg1ODMsImV4cCI6MTc1MDE1NDk4MywiZGF0YSI6eyJpZCI6MSwiZW1haWwiOiJhaWNoYXNhZ25lQGVzcC5zbiIsInJvbGUiOiJtZWRlY2luIn19.hWafsXnjFQmJ8_lsuuKVw-TG2t2MNrgEVVdNIcO43sM
[2025-06-16 13:52:28] Token extracted: eyJ0eXAiOiJKV1QiLCJh...
[2025-06-16 13:52:28] Utilisateur authentifié: userId=1
[2025-06-16 13:52:28] Rôle de l'utilisateur: role=medecin
[2025-06-16 13:52:28] Médecin identifié: medecinId=1
[2025-06-16 13:52:28] Requête GET pour la liste ou un rendez-vous spécifique
[2025-06-16 13:52:28] Rendez-vous trouvés: [
    {
        "id": 1,
        "patient_id": 1,
        "medecin_id": 1,
        "nom": "ndiaye",
        "prenom": "kabyra",
        "date_rdv": "2024-06-15 10:00:00",
        "motif": "Consultation initia",
        "statut": "termine",
        "lieu": "Salle 1",
        "duree": 45,
        "notes": "Prise de sang recommand?e",
        "type_rdv": "urgence"
    },
    {
        "id": 2,
        "patient_id": 1,
        "medecin_id": 1,
        "nom": "ndiaye",
        "prenom": "kabyra",
        "date_rdv": "2024-07-01 09:30:00",
        "motif": "Suivi traitement",
        "statut": "termine",
        "lieu": "Salle 2",
        "duree": 30,
        "notes": "N\/A",
        "type_rdv": "suivi"
    },
    {
        "id": 3,
        "patient_id": 1,
        "medecin_id": 1,
        "nom": "ndiaye",
        "prenom": "kabyra",
        "date_rdv": "2024-08-10 11:00:00",
        "motif": "Contr?le g?n?ral",
        "statut": "termine",
        "lieu": "Salle 1",
        "duree": 60,
        "notes": "N\/A",
        "type_rdv": "consultation"
    },
    {
        "id": 4,
        "patient_id": 2,
        "medecin_id": 1,
        "nom": "dell",
        "prenom": "modou",
        "date_rdv": "2024-07-05 14:00:00",
        "motif": "Consultation p?diatrique",
        "statut": "termine",
        "lieu": "Salle 3",
        "duree": 45,
        "notes": "N\/A",
        "type_rdv": "consultation"
    },
    {
        "id": 5,
        "patient_id": 3,
        "medecin_id": 1,
        "nom": "ayshu",
        "prenom": "queen",
        "date_rdv": "2024-08-12 15:00:00",
        "motif": "IRM neurologique",
        "statut": "termine",
        "lieu": "Salle 4",
        "duree": 90,
        "notes": "Pr?parer IRM avec contraste",
        "type_rdv": "urgence"
    },
    {
        "id": 6,
        "patient_id": 4,
        "medecin_id": 1,
        "nom": "mbacke",
        "prenom": "amsatou",
        "date_rdv": "2024-09-01 13:00:00",
        "motif": "Consultation de routine",
        "statut": "termine",
        "lieu": "Salle 1",
        "duree": 30,
        "notes": "N\/A",
        "type_rdv": "consultation"
    },
    {
        "id": 7,
        "patient_id": 5,
        "medecin_id": 1,
        "nom": "lam",
        "prenom": "souleymane",
        "date_rdv": "2024-09-10 09:00:00",
        "motif": "Analyse scanner",
        "statut": "termine",
        "lieu": "Salle 2",
        "duree": 60,
        "notes": "N\/A",
        "type_rdv": "urgence"
    },
    {
        "id": 8,
        "patient_id": 1,
        "medecin_id": 1,
        "nom": "ndiaye",
        "prenom": "kabyra",
        "date_rdv": "2025-06-15 10:56:00",
        "motif": "nause",
        "statut": "planifie",
        "lieu": "salle 1",
        "duree": 30,
        "notes": "urgent",
        "type_rdv": "suivi"
    },
    {
        "id": 9,
        "patient_id": 1,
        "medecin_id": 1,
        "nom": "ndiaye",
        "prenom": "kabyra",
        "date_rdv": "2025-06-16 10:12:00",
        "motif": "maux de tete",
        "statut": "planifie",
        "lieu": "salle 1",
        "duree": 30,
        "notes": "test",
        "type_rdv": "suivi"
    }
]
[2025-06-16 13:52:41] Authorization header: Bearer eyJ0eXAiOiJKV1QiLCJhbGciOiJIUzI1NiJ9.eyJpYXQiOjE3NTAwNjg1ODMsImV4cCI6MTc1MDE1NDk4MywiZGF0YSI6eyJpZCI6MSwiZW1haWwiOiJhaWNoYXNhZ25lQGVzcC5zbiIsInJvbGUiOiJtZWRlY2luIn19.hWafsXnjFQmJ8_lsuuKVw-TG2t2MNrgEVVdNIcO43sM
[2025-06-16 13:52:41] Token extracted: eyJ0eXAiOiJKV1QiLCJh...
[2025-06-16 13:52:41] Utilisateur authentifié: userId=1
[2025-06-16 13:52:41] Rôle de l'utilisateur: role=medecin
[2025-06-16 13:52:41] Médecin identifié: medecinId=1
[2025-06-16 13:52:41] Requête GET pour la liste ou un rendez-vous spécifique
[2025-06-16 13:52:41] Rendez-vous trouvé avec ID: 1
[2025-06-16 13:53:14] Authorization header: Bearer eyJ0eXAiOiJKV1QiLCJhbGciOiJIUzI1NiJ9.eyJpYXQiOjE3NTAwNjg1ODMsImV4cCI6MTc1MDE1NDk4MywiZGF0YSI6eyJpZCI6MSwiZW1haWwiOiJhaWNoYXNhZ25lQGVzcC5zbiIsInJvbGUiOiJtZWRlY2luIn19.hWafsXnjFQmJ8_lsuuKVw-TG2t2MNrgEVVdNIcO43sM
[2025-06-16 13:53:14] Token extracted: eyJ0eXAiOiJKV1QiLCJh...
[2025-06-16 13:53:14] Utilisateur authentifié: userId=1
[2025-06-16 13:53:14] Rôle de l'utilisateur: role=medecin
[2025-06-16 13:53:14] Médecin identifié: medecinId=1
[2025-06-16 13:53:14] Requête GET pour la liste ou un rendez-vous spécifique
[2025-06-16 13:53:14] Rendez-vous trouvés: [
    {
        "id": 1,
        "patient_id": 1,
        "medecin_id": 1,
        "nom": "ndiaye",
        "prenom": "kabyra",
        "date_rdv": "2024-06-15 10:00:00",
        "motif": "Consultation initia",
        "statut": "termine",
        "lieu": "Salle 1",
        "duree": 45,
        "notes": "Prise de sang recommand?e",
        "type_rdv": "urgence"
    },
    {
        "id": 2,
        "patient_id": 1,
        "medecin_id": 1,
        "nom": "ndiaye",
        "prenom": "kabyra",
        "date_rdv": "2024-07-01 09:30:00",
        "motif": "Suivi traitement",
        "statut": "termine",
        "lieu": "Salle 2",
        "duree": 30,
        "notes": "N\/A",
        "type_rdv": "suivi"
    },
    {
        "id": 3,
        "patient_id": 1,
        "medecin_id": 1,
        "nom": "ndiaye",
        "prenom": "kabyra",
        "date_rdv": "2024-08-10 11:00:00",
        "motif": "Contr?le g?n?ral",
        "statut": "termine",
        "lieu": "Salle 1",
        "duree": 60,
        "notes": "N\/A",
        "type_rdv": "consultation"
    },
    {
        "id": 4,
        "patient_id": 2,
        "medecin_id": 1,
        "nom": "dell",
        "prenom": "modou",
        "date_rdv": "2024-07-05 14:00:00",
        "motif": "Consultation p?diatrique",
        "statut": "termine",
        "lieu": "Salle 3",
        "duree": 45,
        "notes": "N\/A",
        "type_rdv": "consultation"
    },
    {
        "id": 5,
        "patient_id": 3,
        "medecin_id": 1,
        "nom": "ayshu",
        "prenom": "queen",
        "date_rdv": "2024-08-12 15:00:00",
        "motif": "IRM neurologique",
        "statut": "termine",
        "lieu": "Salle 4",
        "duree": 90,
        "notes": "Pr?parer IRM avec contraste",
        "type_rdv": "urgence"
    },
    {
        "id": 6,
        "patient_id": 4,
        "medecin_id": 1,
        "nom": "mbacke",
        "prenom": "amsatou",
        "date_rdv": "2024-09-01 13:00:00",
        "motif": "Consultation de routine",
        "statut": "termine",
        "lieu": "Salle 1",
        "duree": 30,
        "notes": "N\/A",
        "type_rdv": "consultation"
    },
    {
        "id": 7,
        "patient_id": 5,
        "medecin_id": 1,
        "nom": "lam",
        "prenom": "souleymane",
        "date_rdv": "2024-09-10 09:00:00",
        "motif": "Analyse scanner",
        "statut": "termine",
        "lieu": "Salle 2",
        "duree": 60,
        "notes": "N\/A",
        "type_rdv": "urgence"
    },
    {
        "id": 8,
        "patient_id": 1,
        "medecin_id": 1,
        "nom": "ndiaye",
        "prenom": "kabyra",
        "date_rdv": "2025-06-15 10:56:00",
        "motif": "nause",
        "statut": "planifie",
        "lieu": "salle 1",
        "duree": 30,
        "notes": "urgent",
        "type_rdv": "suivi"
    },
    {
        "id": 9,
        "patient_id": 1,
        "medecin_id": 1,
        "nom": "ndiaye",
        "prenom": "kabyra",
        "date_rdv": "2025-06-16 10:12:00",
        "motif": "maux de tete",
        "statut": "planifie",
        "lieu": "salle 1",
        "duree": 30,
        "notes": "test",
        "type_rdv": "suivi"
    }
]
[2025-06-16 13:53:17] Authorization header: Bearer eyJ0eXAiOiJKV1QiLCJhbGciOiJIUzI1NiJ9.eyJpYXQiOjE3NTAwNjg1ODMsImV4cCI6MTc1MDE1NDk4MywiZGF0YSI6eyJpZCI6MSwiZW1haWwiOiJhaWNoYXNhZ25lQGVzcC5zbiIsInJvbGUiOiJtZWRlY2luIn19.hWafsXnjFQmJ8_lsuuKVw-TG2t2MNrgEVVdNIcO43sM
[2025-06-16 13:53:17] Token extracted: eyJ0eXAiOiJKV1QiLCJh...
[2025-06-16 13:53:17] Utilisateur authentifié: userId=1
[2025-06-16 13:53:17] Rôle de l'utilisateur: role=medecin
[2025-06-16 13:53:17] Médecin identifié: medecinId=1
[2025-06-16 13:53:17] Requête GET pour la liste ou un rendez-vous spécifique
[2025-06-16 13:53:17] Rendez-vous trouvés: [
    {
        "id": 1,
        "patient_id": 1,
        "medecin_id": 1,
        "nom": "ndiaye",
        "prenom": "kabyra",
        "date_rdv": "2024-06-15 10:00:00",
        "motif": "Consultation initia",
        "statut": "termine",
        "lieu": "Salle 1",
        "duree": 45,
        "notes": "Prise de sang recommand?e",
        "type_rdv": "urgence"
    },
    {
        "id": 2,
        "patient_id": 1,
        "medecin_id": 1,
        "nom": "ndiaye",
        "prenom": "kabyra",
        "date_rdv": "2024-07-01 09:30:00",
        "motif": "Suivi traitement",
        "statut": "termine",
        "lieu": "Salle 2",
        "duree": 30,
        "notes": "N\/A",
        "type_rdv": "suivi"
    },
    {
        "id": 3,
        "patient_id": 1,
        "medecin_id": 1,
        "nom": "ndiaye",
        "prenom": "kabyra",
        "date_rdv": "2024-08-10 11:00:00",
        "motif": "Contr?le g?n?ral",
        "statut": "termine",
        "lieu": "Salle 1",
        "duree": 60,
        "notes": "N\/A",
        "type_rdv": "consultation"
    },
    {
        "id": 4,
        "patient_id": 2,
        "medecin_id": 1,
        "nom": "dell",
        "prenom": "modou",
        "date_rdv": "2024-07-05 14:00:00",
        "motif": "Consultation p?diatrique",
        "statut": "termine",
        "lieu": "Salle 3",
        "duree": 45,
        "notes": "N\/A",
        "type_rdv": "consultation"
    },
    {
        "id": 5,
        "patient_id": 3,
        "medecin_id": 1,
        "nom": "ayshu",
        "prenom": "queen",
        "date_rdv": "2024-08-12 15:00:00",
        "motif": "IRM neurologique",
        "statut": "termine",
        "lieu": "Salle 4",
        "duree": 90,
        "notes": "Pr?parer IRM avec contraste",
        "type_rdv": "urgence"
    },
    {
        "id": 6,
        "patient_id": 4,
        "medecin_id": 1,
        "nom": "mbacke",
        "prenom": "amsatou",
        "date_rdv": "2024-09-01 13:00:00",
        "motif": "Consultation de routine",
        "statut": "termine",
        "lieu": "Salle 1",
        "duree": 30,
        "notes": "N\/A",
        "type_rdv": "consultation"
    },
    {
        "id": 7,
        "patient_id": 5,
        "medecin_id": 1,
        "nom": "lam",
        "prenom": "souleymane",
        "date_rdv": "2024-09-10 09:00:00",
        "motif": "Analyse scanner",
        "statut": "termine",
        "lieu": "Salle 2",
        "duree": 60,
        "notes": "N\/A",
        "type_rdv": "urgence"
    },
    {
        "id": 8,
        "patient_id": 1,
        "medecin_id": 1,
        "nom": "ndiaye",
        "prenom": "kabyra",
        "date_rdv": "2025-06-15 10:56:00",
        "motif": "nause",
        "statut": "planifie",
        "lieu": "salle 1",
        "duree": 30,
        "notes": "urgent",
        "type_rdv": "suivi"
    },
    {
        "id": 9,
        "patient_id": 1,
        "medecin_id": 1,
        "nom": "ndiaye",
        "prenom": "kabyra",
        "date_rdv": "2025-06-16 10:12:00",
        "motif": "maux de tete",
        "statut": "planifie",
        "lieu": "salle 1",
        "duree": 30,
        "notes": "test",
        "type_rdv": "suivi"
    }
]
[2025-06-16 13:53:19] Authorization header: Bearer eyJ0eXAiOiJKV1QiLCJhbGciOiJIUzI1NiJ9.eyJpYXQiOjE3NTAwNjg1ODMsImV4cCI6MTc1MDE1NDk4MywiZGF0YSI6eyJpZCI6MSwiZW1haWwiOiJhaWNoYXNhZ25lQGVzcC5zbiIsInJvbGUiOiJtZWRlY2luIn19.hWafsXnjFQmJ8_lsuuKVw-TG2t2MNrgEVVdNIcO43sM
[2025-06-16 13:53:19] Token extracted: eyJ0eXAiOiJKV1QiLCJh...
[2025-06-16 13:53:19] Utilisateur authentifié: userId=1
[2025-06-16 13:53:19] Rôle de l'utilisateur: role=medecin
[2025-06-16 13:53:19] Médecin identifié: medecinId=1
[2025-06-16 13:53:19] Requête GET pour la liste ou un rendez-vous spécifique
[2025-06-16 13:53:19] Rendez-vous trouvé avec ID: 1
[2025-06-16 14:00:50] Authorization header: Bearer eyJ0eXAiOiJKV1QiLCJhbGciOiJIUzI1NiJ9.eyJpYXQiOjE3NTAwNjg1ODMsImV4cCI6MTc1MDE1NDk4MywiZGF0YSI6eyJpZCI6MSwiZW1haWwiOiJhaWNoYXNhZ25lQGVzcC5zbiIsInJvbGUiOiJtZWRlY2luIn19.hWafsXnjFQmJ8_lsuuKVw-TG2t2MNrgEVVdNIcO43sM
[2025-06-16 14:00:50] Token extracted: eyJ0eXAiOiJKV1QiLCJh...
[2025-06-16 14:00:50] Utilisateur authentifié: userId=1
[2025-06-16 14:00:50] Rôle de l'utilisateur: role=medecin
[2025-06-16 14:00:50] Médecin identifié: medecinId=1
[2025-06-16 14:00:50] Requête GET pour la liste ou un rendez-vous spécifique
[2025-06-16 14:00:50] Rendez-vous trouvés: [
    {
        "id": 1,
        "patient_id": 1,
        "medecin_id": 1,
        "nom": "ndiaye",
        "prenom": "kabyra",
        "date_rdv": "2024-06-15 10:00:00",
        "motif": "Consultation initia",
        "statut": "termine",
        "lieu": "Salle 1",
        "duree": 45,
        "notes": "Prise de sang recommand?e",
        "type_rdv": "urgence"
    },
    {
        "id": 2,
        "patient_id": 1,
        "medecin_id": 1,
        "nom": "ndiaye",
        "prenom": "kabyra",
        "date_rdv": "2024-07-01 09:30:00",
        "motif": "Suivi traitement",
        "statut": "termine",
        "lieu": "Salle 2",
        "duree": 30,
        "notes": "N\/A",
        "type_rdv": "suivi"
    },
    {
        "id": 3,
        "patient_id": 1,
        "medecin_id": 1,
        "nom": "ndiaye",
        "prenom": "kabyra",
        "date_rdv": "2024-08-10 11:00:00",
        "motif": "Contr?le g?n?ral",
        "statut": "termine",
        "lieu": "Salle 1",
        "duree": 60,
        "notes": "N\/A",
        "type_rdv": "consultation"
    },
    {
        "id": 4,
        "patient_id": 2,
        "medecin_id": 1,
        "nom": "dell",
        "prenom": "modou",
        "date_rdv": "2024-07-05 14:00:00",
        "motif": "Consultation p?diatrique",
        "statut": "termine",
        "lieu": "Salle 3",
        "duree": 45,
        "notes": "N\/A",
        "type_rdv": "consultation"
    },
    {
        "id": 5,
        "patient_id": 3,
        "medecin_id": 1,
        "nom": "ayshu",
        "prenom": "queen",
        "date_rdv": "2024-08-12 15:00:00",
        "motif": "IRM neurologique",
        "statut": "termine",
        "lieu": "Salle 4",
        "duree": 90,
        "notes": "Pr?parer IRM avec contraste",
        "type_rdv": "urgence"
    },
    {
        "id": 6,
        "patient_id": 4,
        "medecin_id": 1,
        "nom": "mbacke",
        "prenom": "amsatou",
        "date_rdv": "2024-09-01 13:00:00",
        "motif": "Consultation de routine",
        "statut": "termine",
        "lieu": "Salle 1",
        "duree": 30,
        "notes": "N\/A",
        "type_rdv": "consultation"
    },
    {
        "id": 7,
        "patient_id": 5,
        "medecin_id": 1,
        "nom": "lam",
        "prenom": "souleymane",
        "date_rdv": "2024-09-10 09:00:00",
        "motif": "Analyse scanner",
        "statut": "termine",
        "lieu": "Salle 2",
        "duree": 60,
        "notes": "N\/A",
        "type_rdv": "urgence"
    },
    {
        "id": 8,
        "patient_id": 1,
        "medecin_id": 1,
        "nom": "ndiaye",
        "prenom": "kabyra",
        "date_rdv": "2025-06-15 10:56:00",
        "motif": "nause",
        "statut": "planifie",
        "lieu": "salle 1",
        "duree": 30,
        "notes": "urgent",
        "type_rdv": "suivi"
    },
    {
        "id": 9,
        "patient_id": 1,
        "medecin_id": 1,
        "nom": "ndiaye",
        "prenom": "kabyra",
        "date_rdv": "2025-06-16 10:12:00",
        "motif": "maux de tete",
        "statut": "planifie",
        "lieu": "salle 1",
        "duree": 30,
        "notes": "test",
        "type_rdv": "suivi"
    }
]
[2025-06-16 14:00:57] Authorization header: Bearer eyJ0eXAiOiJKV1QiLCJhbGciOiJIUzI1NiJ9.eyJpYXQiOjE3NTAwNjg1ODMsImV4cCI6MTc1MDE1NDk4MywiZGF0YSI6eyJpZCI6MSwiZW1haWwiOiJhaWNoYXNhZ25lQGVzcC5zbiIsInJvbGUiOiJtZWRlY2luIn19.hWafsXnjFQmJ8_lsuuKVw-TG2t2MNrgEVVdNIcO43sM
[2025-06-16 14:00:57] Token extracted: eyJ0eXAiOiJKV1QiLCJh...
[2025-06-16 14:00:57] Utilisateur authentifié: userId=1
[2025-06-16 14:00:57] Rôle de l'utilisateur: role=medecin
[2025-06-16 14:00:57] Médecin identifié: medecinId=1
[2025-06-16 14:00:57] Requête GET pour la liste ou un rendez-vous spécifique
[2025-06-16 14:00:57] Rendez-vous trouvés: [
    {
        "id": 1,
        "patient_id": 1,
        "medecin_id": 1,
        "nom": "ndiaye",
        "prenom": "kabyra",
        "date_rdv": "2024-06-15 10:00:00",
        "motif": "Consultation initia",
        "statut": "termine",
        "lieu": "Salle 1",
        "duree": 45,
        "notes": "Prise de sang recommand?e",
        "type_rdv": "urgence"
    },
    {
        "id": 2,
        "patient_id": 1,
        "medecin_id": 1,
        "nom": "ndiaye",
        "prenom": "kabyra",
        "date_rdv": "2024-07-01 09:30:00",
        "motif": "Suivi traitement",
        "statut": "termine",
        "lieu": "Salle 2",
        "duree": 30,
        "notes": "N\/A",
        "type_rdv": "suivi"
    },
    {
        "id": 3,
        "patient_id": 1,
        "medecin_id": 1,
        "nom": "ndiaye",
        "prenom": "kabyra",
        "date_rdv": "2024-08-10 11:00:00",
        "motif": "Contr?le g?n?ral",
        "statut": "termine",
        "lieu": "Salle 1",
        "duree": 60,
        "notes": "N\/A",
        "type_rdv": "consultation"
    },
    {
        "id": 4,
        "patient_id": 2,
        "medecin_id": 1,
        "nom": "dell",
        "prenom": "modou",
        "date_rdv": "2024-07-05 14:00:00",
        "motif": "Consultation p?diatrique",
        "statut": "termine",
        "lieu": "Salle 3",
        "duree": 45,
        "notes": "N\/A",
        "type_rdv": "consultation"
    },
    {
        "id": 5,
        "patient_id": 3,
        "medecin_id": 1,
        "nom": "ayshu",
        "prenom": "queen",
        "date_rdv": "2024-08-12 15:00:00",
        "motif": "IRM neurologique",
        "statut": "termine",
        "lieu": "Salle 4",
        "duree": 90,
        "notes": "Pr?parer IRM avec contraste",
        "type_rdv": "urgence"
    },
    {
        "id": 6,
        "patient_id": 4,
        "medecin_id": 1,
        "nom": "mbacke",
        "prenom": "amsatou",
        "date_rdv": "2024-09-01 13:00:00",
        "motif": "Consultation de routine",
        "statut": "termine",
        "lieu": "Salle 1",
        "duree": 30,
        "notes": "N\/A",
        "type_rdv": "consultation"
    },
    {
        "id": 7,
        "patient_id": 5,
        "medecin_id": 1,
        "nom": "lam",
        "prenom": "souleymane",
        "date_rdv": "2024-09-10 09:00:00",
        "motif": "Analyse scanner",
        "statut": "termine",
        "lieu": "Salle 2",
        "duree": 60,
        "notes": "N\/A",
        "type_rdv": "urgence"
    },
    {
        "id": 8,
        "patient_id": 1,
        "medecin_id": 1,
        "nom": "ndiaye",
        "prenom": "kabyra",
        "date_rdv": "2025-06-15 10:56:00",
        "motif": "nause",
        "statut": "planifie",
        "lieu": "salle 1",
        "duree": 30,
        "notes": "urgent",
        "type_rdv": "suivi"
    },
    {
        "id": 9,
        "patient_id": 1,
        "medecin_id": 1,
        "nom": "ndiaye",
        "prenom": "kabyra",
        "date_rdv": "2025-06-16 10:12:00",
        "motif": "maux de tete",
        "statut": "planifie",
        "lieu": "salle 1",
        "duree": 30,
        "notes": "test",
        "type_rdv": "suivi"
    }
]
[2025-06-16 14:01:01] Authorization header: Bearer eyJ0eXAiOiJKV1QiLCJhbGciOiJIUzI1NiJ9.eyJpYXQiOjE3NTAwNjg1ODMsImV4cCI6MTc1MDE1NDk4MywiZGF0YSI6eyJpZCI6MSwiZW1haWwiOiJhaWNoYXNhZ25lQGVzcC5zbiIsInJvbGUiOiJtZWRlY2luIn19.hWafsXnjFQmJ8_lsuuKVw-TG2t2MNrgEVVdNIcO43sM
[2025-06-16 14:01:01] Token extracted: eyJ0eXAiOiJKV1QiLCJh...
[2025-06-16 14:01:01] Utilisateur authentifié: userId=1
[2025-06-16 14:01:01] Rôle de l'utilisateur: role=medecin
[2025-06-16 14:01:01] Médecin identifié: medecinId=1
[2025-06-16 14:01:01] Requête GET pour la liste ou un rendez-vous spécifique
[2025-06-16 14:01:01] Rendez-vous trouvé avec ID: 1
[2025-06-16 14:01:53] Authorization header: Bearer eyJ0eXAiOiJKV1QiLCJhbGciOiJIUzI1NiJ9.eyJpYXQiOjE3NTAwNjg1ODMsImV4cCI6MTc1MDE1NDk4MywiZGF0YSI6eyJpZCI6MSwiZW1haWwiOiJhaWNoYXNhZ25lQGVzcC5zbiIsInJvbGUiOiJtZWRlY2luIn19.hWafsXnjFQmJ8_lsuuKVw-TG2t2MNrgEVVdNIcO43sM
[2025-06-16 14:01:53] Token extracted: eyJ0eXAiOiJKV1QiLCJh...
[2025-06-16 14:01:53] Utilisateur authentifié: userId=1
[2025-06-16 14:01:53] Rôle de l'utilisateur: role=medecin
[2025-06-16 14:01:53] Médecin identifié: medecinId=1
[2025-06-16 14:01:53] Requête GET pour la liste ou un rendez-vous spécifique
[2025-06-16 14:01:53] Vérification de conflit pour date 2025-06-16T12:01, patient 10: Pas de conflit
[2025-06-16 14:01:53] Authorization header: Bearer eyJ0eXAiOiJKV1QiLCJhbGciOiJIUzI1NiJ9.eyJpYXQiOjE3NTAwNjg1ODMsImV4cCI6MTc1MDE1NDk4MywiZGF0YSI6eyJpZCI6MSwiZW1haWwiOiJhaWNoYXNhZ25lQGVzcC5zbiIsInJvbGUiOiJtZWRlY2luIn19.hWafsXnjFQmJ8_lsuuKVw-TG2t2MNrgEVVdNIcO43sM
[2025-06-16 14:01:53] Token extracted: eyJ0eXAiOiJKV1QiLCJh...
[2025-06-16 14:01:53] Utilisateur authentifié: userId=1
[2025-06-16 14:01:53] Rôle de l'utilisateur: role=medecin
[2025-06-16 14:01:53] Médecin identifié: medecinId=1
[2025-06-16 14:01:53] Requête POST pour planifier un rendez-vous
[2025-06-16 14:01:53] Rendez-vous planifié avec ID: 10
[2025-06-16 14:01:55] Authorization header: Bearer eyJ0eXAiOiJKV1QiLCJhbGciOiJIUzI1NiJ9.eyJpYXQiOjE3NTAwNjg1ODMsImV4cCI6MTc1MDE1NDk4MywiZGF0YSI6eyJpZCI6MSwiZW1haWwiOiJhaWNoYXNhZ25lQGVzcC5zbiIsInJvbGUiOiJtZWRlY2luIn19.hWafsXnjFQmJ8_lsuuKVw-TG2t2MNrgEVVdNIcO43sM
[2025-06-16 14:01:55] Token extracted: eyJ0eXAiOiJKV1QiLCJh...
[2025-06-16 14:01:55] Utilisateur authentifié: userId=1
[2025-06-16 14:01:55] Rôle de l'utilisateur: role=medecin
[2025-06-16 14:01:55] Médecin identifié: medecinId=1
[2025-06-16 14:01:55] Requête GET pour la liste ou un rendez-vous spécifique
[2025-06-16 14:01:55] Rendez-vous trouvés: [
    {
        "id": 1,
        "patient_id": 1,
        "medecin_id": 1,
        "nom": "ndiaye",
        "prenom": "kabyra",
        "date_rdv": "2024-06-15 10:00:00",
        "motif": "Consultation initia",
        "statut": "termine",
        "lieu": "Salle 1",
        "duree": 45,
        "notes": "Prise de sang recommand?e",
        "type_rdv": "urgence"
    },
    {
        "id": 2,
        "patient_id": 1,
        "medecin_id": 1,
        "nom": "ndiaye",
        "prenom": "kabyra",
        "date_rdv": "2024-07-01 09:30:00",
        "motif": "Suivi traitement",
        "statut": "termine",
        "lieu": "Salle 2",
        "duree": 30,
        "notes": "N\/A",
        "type_rdv": "suivi"
    },
    {
        "id": 3,
        "patient_id": 1,
        "medecin_id": 1,
        "nom": "ndiaye",
        "prenom": "kabyra",
        "date_rdv": "2024-08-10 11:00:00",
        "motif": "Contr?le g?n?ral",
        "statut": "termine",
        "lieu": "Salle 1",
        "duree": 60,
        "notes": "N\/A",
        "type_rdv": "consultation"
    },
    {
        "id": 4,
        "patient_id": 2,
        "medecin_id": 1,
        "nom": "dell",
        "prenom": "modou",
        "date_rdv": "2024-07-05 14:00:00",
        "motif": "Consultation p?diatrique",
        "statut": "termine",
        "lieu": "Salle 3",
        "duree": 45,
        "notes": "N\/A",
        "type_rdv": "consultation"
    },
    {
        "id": 5,
        "patient_id": 3,
        "medecin_id": 1,
        "nom": "ayshu",
        "prenom": "queen",
        "date_rdv": "2024-08-12 15:00:00",
        "motif": "IRM neurologique",
        "statut": "termine",
        "lieu": "Salle 4",
        "duree": 90,
        "notes": "Pr?parer IRM avec contraste",
        "type_rdv": "urgence"
    },
    {
        "id": 6,
        "patient_id": 4,
        "medecin_id": 1,
        "nom": "mbacke",
        "prenom": "amsatou",
        "date_rdv": "2024-09-01 13:00:00",
        "motif": "Consultation de routine",
        "statut": "termine",
        "lieu": "Salle 1",
        "duree": 30,
        "notes": "N\/A",
        "type_rdv": "consultation"
    },
    {
        "id": 7,
        "patient_id": 5,
        "medecin_id": 1,
        "nom": "lam",
        "prenom": "souleymane",
        "date_rdv": "2024-09-10 09:00:00",
        "motif": "Analyse scanner",
        "statut": "termine",
        "lieu": "Salle 2",
        "duree": 60,
        "notes": "N\/A",
        "type_rdv": "urgence"
    },
    {
        "id": 8,
        "patient_id": 1,
        "medecin_id": 1,
        "nom": "ndiaye",
        "prenom": "kabyra",
        "date_rdv": "2025-06-15 10:56:00",
        "motif": "nause",
        "statut": "planifie",
        "lieu": "salle 1",
        "duree": 30,
        "notes": "urgent",
        "type_rdv": "suivi"
    },
    {
        "id": 9,
        "patient_id": 1,
        "medecin_id": 1,
        "nom": "ndiaye",
        "prenom": "kabyra",
        "date_rdv": "2025-06-16 10:12:00",
        "motif": "maux de tete",
        "statut": "planifie",
        "lieu": "salle 1",
        "duree": 30,
        "notes": "test",
        "type_rdv": "suivi"
    },
    {
        "id": 10,
        "patient_id": 10,
        "medecin_id": 1,
        "nom": "testt",
        "prenom": "tesdtt",
        "date_rdv": "2025-06-16 12:01:00",
        "motif": "test",
        "statut": "planifie",
        "lieu": "test",
        "duree": 30,
        "notes": "test",
        "type_rdv": "consultation"
    }
]
[2025-06-16 14:02:03] Authorization header: Bearer eyJ0eXAiOiJKV1QiLCJhbGciOiJIUzI1NiJ9.eyJpYXQiOjE3NTAwNjg1ODMsImV4cCI6MTc1MDE1NDk4MywiZGF0YSI6eyJpZCI6MSwiZW1haWwiOiJhaWNoYXNhZ25lQGVzcC5zbiIsInJvbGUiOiJtZWRlY2luIn19.hWafsXnjFQmJ8_lsuuKVw-TG2t2MNrgEVVdNIcO43sM
[2025-06-16 14:02:03] Token extracted: eyJ0eXAiOiJKV1QiLCJh...
[2025-06-16 14:02:03] Utilisateur authentifié: userId=1
[2025-06-16 14:02:03] Rôle de l'utilisateur: role=medecin
[2025-06-16 14:02:03] Médecin identifié: medecinId=1
[2025-06-16 14:02:03] Requête GET pour la liste ou un rendez-vous spécifique
[2025-06-16 14:02:03] Rendez-vous trouvé avec ID: 8
[2025-06-16 14:24:08] Authorization header: Bearer eyJ0eXAiOiJKV1QiLCJhbGciOiJIUzI1NiJ9.eyJpYXQiOjE3NTAwNjg1ODMsImV4cCI6MTc1MDE1NDk4MywiZGF0YSI6eyJpZCI6MSwiZW1haWwiOiJhaWNoYXNhZ25lQGVzcC5zbiIsInJvbGUiOiJtZWRlY2luIn19.hWafsXnjFQmJ8_lsuuKVw-TG2t2MNrgEVVdNIcO43sM
[2025-06-16 14:24:08] Token extracted: eyJ0eXAiOiJKV1QiLCJh...
[2025-06-16 14:24:08] Utilisateur authentifié: userId=1
[2025-06-16 14:24:08] Rôle de l'utilisateur: role=medecin
[2025-06-16 14:24:08] Médecin identifié: medecinId=1
[2025-06-16 14:24:08] Requête GET pour la liste ou un rendez-vous spécifique
[2025-06-16 14:24:08] Rendez-vous trouvés: [
    {
        "id": 1,
        "patient_id": 1,
        "medecin_id": 1,
        "nom": "ndiaye",
        "prenom": "kabyra",
        "date_rdv": "2024-06-15 10:00:00",
        "motif": "Consultation initia",
        "statut": "termine",
        "lieu": "Salle 1",
        "duree": 45,
        "notes": "Prise de sang recommand?e",
        "type_rdv": "urgence"
    },
    {
        "id": 2,
        "patient_id": 1,
        "medecin_id": 1,
        "nom": "ndiaye",
        "prenom": "kabyra",
        "date_rdv": "2024-07-01 09:30:00",
        "motif": "Suivi traitement",
        "statut": "termine",
        "lieu": "Salle 2",
        "duree": 30,
        "notes": "N\/A",
        "type_rdv": "suivi"
    },
    {
        "id": 3,
        "patient_id": 1,
        "medecin_id": 1,
        "nom": "ndiaye",
        "prenom": "kabyra",
        "date_rdv": "2024-08-10 11:00:00",
        "motif": "Contr?le g?n?ral",
        "statut": "termine",
        "lieu": "Salle 1",
        "duree": 60,
        "notes": "N\/A",
        "type_rdv": "consultation"
    },
    {
        "id": 4,
        "patient_id": 2,
        "medecin_id": 1,
        "nom": "dell",
        "prenom": "modou",
        "date_rdv": "2024-07-05 14:00:00",
        "motif": "Consultation p?diatrique",
        "statut": "termine",
        "lieu": "Salle 3",
        "duree": 45,
        "notes": "N\/A",
        "type_rdv": "consultation"
    },
    {
        "id": 5,
        "patient_id": 3,
        "medecin_id": 1,
        "nom": "ayshu",
        "prenom": "queen",
        "date_rdv": "2024-08-12 15:00:00",
        "motif": "IRM neurologique",
        "statut": "termine",
        "lieu": "Salle 4",
        "duree": 90,
        "notes": "Pr?parer IRM avec contraste",
        "type_rdv": "urgence"
    },
    {
        "id": 6,
        "patient_id": 4,
        "medecin_id": 1,
        "nom": "mbacke",
        "prenom": "amsatou",
        "date_rdv": "2024-09-01 13:00:00",
        "motif": "Consultation de routine",
        "statut": "termine",
        "lieu": "Salle 1",
        "duree": 30,
        "notes": "N\/A",
        "type_rdv": "consultation"
    },
    {
        "id": 7,
        "patient_id": 5,
        "medecin_id": 1,
        "nom": "lam",
        "prenom": "souleymane",
        "date_rdv": "2024-09-10 09:00:00",
        "motif": "Analyse scanner",
        "statut": "termine",
        "lieu": "Salle 2",
        "duree": 60,
        "notes": "N\/A",
        "type_rdv": "urgence"
    },
    {
        "id": 8,
        "patient_id": 1,
        "medecin_id": 1,
        "nom": "ndiaye",
        "prenom": "kabyra",
        "date_rdv": "2025-06-15 10:56:00",
        "motif": "nause",
        "statut": "planifie",
        "lieu": "salle 1",
        "duree": 30,
        "notes": "urgent",
        "type_rdv": "suivi"
    },
    {
        "id": 9,
        "patient_id": 1,
        "medecin_id": 1,
        "nom": "ndiaye",
        "prenom": "kabyra",
        "date_rdv": "2025-06-16 10:12:00",
        "motif": "maux de tete",
        "statut": "planifie",
        "lieu": "salle 1",
        "duree": 30,
        "notes": "test",
        "type_rdv": "suivi"
    },
    {
        "id": 10,
        "patient_id": 10,
        "medecin_id": 1,
        "nom": "testt",
        "prenom": "tesdtt",
        "date_rdv": "2025-06-16 12:01:00",
        "motif": "test",
        "statut": "planifie",
        "lieu": "test",
        "duree": 30,
        "notes": "test",
        "type_rdv": "consultation"
    }
]
[2025-06-16 14:24:10] Authorization header: Bearer eyJ0eXAiOiJKV1QiLCJhbGciOiJIUzI1NiJ9.eyJpYXQiOjE3NTAwNjg1ODMsImV4cCI6MTc1MDE1NDk4MywiZGF0YSI6eyJpZCI6MSwiZW1haWwiOiJhaWNoYXNhZ25lQGVzcC5zbiIsInJvbGUiOiJtZWRlY2luIn19.hWafsXnjFQmJ8_lsuuKVw-TG2t2MNrgEVVdNIcO43sM
[2025-06-16 14:24:10] Token extracted: eyJ0eXAiOiJKV1QiLCJh...
[2025-06-16 14:24:10] Utilisateur authentifié: userId=1
[2025-06-16 14:24:10] Rôle de l'utilisateur: role=medecin
[2025-06-16 14:24:10] Médecin identifié: medecinId=1
[2025-06-16 14:24:10] Requête GET pour la liste ou un rendez-vous spécifique
[2025-06-16 14:24:10] Rendez-vous trouvés: [
    {
        "id": 1,
        "patient_id": 1,
        "medecin_id": 1,
        "nom": "ndiaye",
        "prenom": "kabyra",
        "date_rdv": "2024-06-15 10:00:00",
        "motif": "Consultation initia",
        "statut": "termine",
        "lieu": "Salle 1",
        "duree": 45,
        "notes": "Prise de sang recommand?e",
        "type_rdv": "urgence"
    },
    {
        "id": 2,
        "patient_id": 1,
        "medecin_id": 1,
        "nom": "ndiaye",
        "prenom": "kabyra",
        "date_rdv": "2024-07-01 09:30:00",
        "motif": "Suivi traitement",
        "statut": "termine",
        "lieu": "Salle 2",
        "duree": 30,
        "notes": "N\/A",
        "type_rdv": "suivi"
    },
    {
        "id": 3,
        "patient_id": 1,
        "medecin_id": 1,
        "nom": "ndiaye",
        "prenom": "kabyra",
        "date_rdv": "2024-08-10 11:00:00",
        "motif": "Contr?le g?n?ral",
        "statut": "termine",
        "lieu": "Salle 1",
        "duree": 60,
        "notes": "N\/A",
        "type_rdv": "consultation"
    },
    {
        "id": 4,
        "patient_id": 2,
        "medecin_id": 1,
        "nom": "dell",
        "prenom": "modou",
        "date_rdv": "2024-07-05 14:00:00",
        "motif": "Consultation p?diatrique",
        "statut": "termine",
        "lieu": "Salle 3",
        "duree": 45,
        "notes": "N\/A",
        "type_rdv": "consultation"
    },
    {
        "id": 5,
        "patient_id": 3,
        "medecin_id": 1,
        "nom": "ayshu",
        "prenom": "queen",
        "date_rdv": "2024-08-12 15:00:00",
        "motif": "IRM neurologique",
        "statut": "termine",
        "lieu": "Salle 4",
        "duree": 90,
        "notes": "Pr?parer IRM avec contraste",
        "type_rdv": "urgence"
    },
    {
        "id": 6,
        "patient_id": 4,
        "medecin_id": 1,
        "nom": "mbacke",
        "prenom": "amsatou",
        "date_rdv": "2024-09-01 13:00:00",
        "motif": "Consultation de routine",
        "statut": "termine",
        "lieu": "Salle 1",
        "duree": 30,
        "notes": "N\/A",
        "type_rdv": "consultation"
    },
    {
        "id": 7,
        "patient_id": 5,
        "medecin_id": 1,
        "nom": "lam",
        "prenom": "souleymane",
        "date_rdv": "2024-09-10 09:00:00",
        "motif": "Analyse scanner",
        "statut": "termine",
        "lieu": "Salle 2",
        "duree": 60,
        "notes": "N\/A",
        "type_rdv": "urgence"
    },
    {
        "id": 8,
        "patient_id": 1,
        "medecin_id": 1,
        "nom": "ndiaye",
        "prenom": "kabyra",
        "date_rdv": "2025-06-15 10:56:00",
        "motif": "nause",
        "statut": "planifie",
        "lieu": "salle 1",
        "duree": 30,
        "notes": "urgent",
        "type_rdv": "suivi"
    },
    {
        "id": 9,
        "patient_id": 1,
        "medecin_id": 1,
        "nom": "ndiaye",
        "prenom": "kabyra",
        "date_rdv": "2025-06-16 10:12:00",
        "motif": "maux de tete",
        "statut": "planifie",
        "lieu": "salle 1",
        "duree": 30,
        "notes": "test",
        "type_rdv": "suivi"
    },
    {
        "id": 10,
        "patient_id": 10,
        "medecin_id": 1,
        "nom": "testt",
        "prenom": "tesdtt",
        "date_rdv": "2025-06-16 12:01:00",
        "motif": "test",
        "statut": "planifie",
        "lieu": "test",
        "duree": 30,
        "notes": "test",
        "type_rdv": "consultation"
    }
]
[2025-06-16 14:24:14] Authorization header: Bearer eyJ0eXAiOiJKV1QiLCJhbGciOiJIUzI1NiJ9.eyJpYXQiOjE3NTAwNjg1ODMsImV4cCI6MTc1MDE1NDk4MywiZGF0YSI6eyJpZCI6MSwiZW1haWwiOiJhaWNoYXNhZ25lQGVzcC5zbiIsInJvbGUiOiJtZWRlY2luIn19.hWafsXnjFQmJ8_lsuuKVw-TG2t2MNrgEVVdNIcO43sM
[2025-06-16 14:24:14] Token extracted: eyJ0eXAiOiJKV1QiLCJh...
[2025-06-16 14:24:14] Utilisateur authentifié: userId=1
[2025-06-16 14:24:14] Rôle de l'utilisateur: role=medecin
[2025-06-16 14:24:14] Médecin identifié: medecinId=1
[2025-06-16 14:24:14] Requête GET pour la liste ou un rendez-vous spécifique
[2025-06-16 14:24:14] Rendez-vous trouvé avec ID: 1
[2025-06-16 14:24:30] Authorization header: Bearer eyJ0eXAiOiJKV1QiLCJhbGciOiJIUzI1NiJ9.eyJpYXQiOjE3NTAwNjg1ODMsImV4cCI6MTc1MDE1NDk4MywiZGF0YSI6eyJpZCI6MSwiZW1haWwiOiJhaWNoYXNhZ25lQGVzcC5zbiIsInJvbGUiOiJtZWRlY2luIn19.hWafsXnjFQmJ8_lsuuKVw-TG2t2MNrgEVVdNIcO43sM
[2025-06-16 14:24:30] Token extracted: eyJ0eXAiOiJKV1QiLCJh...
[2025-06-16 14:24:30] Utilisateur authentifié: userId=1
[2025-06-16 14:24:30] Rôle de l'utilisateur: role=medecin
[2025-06-16 14:24:30] Médecin identifié: medecinId=1
[2025-06-16 14:24:30] Requête GET pour la liste ou un rendez-vous spécifique
[2025-06-16 14:24:30] Vérification de conflit pour date 2024-06-15T10:00, patient 1: Pas de conflit
[2025-06-16 14:24:30] Authorization header: Bearer eyJ0eXAiOiJKV1QiLCJhbGciOiJIUzI1NiJ9.eyJpYXQiOjE3NTAwNjg1ODMsImV4cCI6MTc1MDE1NDk4MywiZGF0YSI6eyJpZCI6MSwiZW1haWwiOiJhaWNoYXNhZ25lQGVzcC5zbiIsInJvbGUiOiJtZWRlY2luIn19.hWafsXnjFQmJ8_lsuuKVw-TG2t2MNrgEVVdNIcO43sM
[2025-06-16 14:24:30] Token extracted: eyJ0eXAiOiJKV1QiLCJh...
[2025-06-16 14:24:30] Utilisateur authentifié: userId=1
[2025-06-16 14:24:30] Rôle de l'utilisateur: role=medecin
[2025-06-16 14:24:30] Médecin identifié: medecinId=1
[2025-06-16 14:24:30] Requête PUT pour mettre à jour un rendez-vous
[2025-06-16 14:24:30] Rendez-vous mis à jour avec ID: 1
[2025-06-16 14:24:31] Authorization header: Bearer eyJ0eXAiOiJKV1QiLCJhbGciOiJIUzI1NiJ9.eyJpYXQiOjE3NTAwNjg1ODMsImV4cCI6MTc1MDE1NDk4MywiZGF0YSI6eyJpZCI6MSwiZW1haWwiOiJhaWNoYXNhZ25lQGVzcC5zbiIsInJvbGUiOiJtZWRlY2luIn19.hWafsXnjFQmJ8_lsuuKVw-TG2t2MNrgEVVdNIcO43sM
[2025-06-16 14:24:31] Token extracted: eyJ0eXAiOiJKV1QiLCJh...
[2025-06-16 14:24:31] Utilisateur authentifié: userId=1
[2025-06-16 14:24:31] Rôle de l'utilisateur: role=medecin
[2025-06-16 14:24:31] Médecin identifié: medecinId=1
[2025-06-16 14:24:31] Requête GET pour la liste ou un rendez-vous spécifique
[2025-06-16 14:24:31] Rendez-vous trouvés: [
    {
        "id": 1,
        "patient_id": 1,
        "medecin_id": 1,
        "nom": "ndiaye",
        "prenom": "kabyra",
        "date_rdv": "2024-06-15 10:00:00",
        "motif": "Consultation initiale",
        "statut": "termine",
        "lieu": "Salle 1",
        "duree": 45,
        "notes": "Prise de sang recommand?e",
        "type_rdv": "urgence"
    },
    {
        "id": 2,
        "patient_id": 1,
        "medecin_id": 1,
        "nom": "ndiaye",
        "prenom": "kabyra",
        "date_rdv": "2024-07-01 09:30:00",
        "motif": "Suivi traitement",
        "statut": "termine",
        "lieu": "Salle 2",
        "duree": 30,
        "notes": "N\/A",
        "type_rdv": "suivi"
    },
    {
        "id": 3,
        "patient_id": 1,
        "medecin_id": 1,
        "nom": "ndiaye",
        "prenom": "kabyra",
        "date_rdv": "2024-08-10 11:00:00",
        "motif": "Contr?le g?n?ral",
        "statut": "termine",
        "lieu": "Salle 1",
        "duree": 60,
        "notes": "N\/A",
        "type_rdv": "consultation"
    },
    {
        "id": 4,
        "patient_id": 2,
        "medecin_id": 1,
        "nom": "dell",
        "prenom": "modou",
        "date_rdv": "2024-07-05 14:00:00",
        "motif": "Consultation p?diatrique",
        "statut": "termine",
        "lieu": "Salle 3",
        "duree": 45,
        "notes": "N\/A",
        "type_rdv": "consultation"
    },
    {
        "id": 5,
        "patient_id": 3,
        "medecin_id": 1,
        "nom": "ayshu",
        "prenom": "queen",
        "date_rdv": "2024-08-12 15:00:00",
        "motif": "IRM neurologique",
        "statut": "termine",
        "lieu": "Salle 4",
        "duree": 90,
        "notes": "Pr?parer IRM avec contraste",
        "type_rdv": "urgence"
    },
    {
        "id": 6,
        "patient_id": 4,
        "medecin_id": 1,
        "nom": "mbacke",
        "prenom": "amsatou",
        "date_rdv": "2024-09-01 13:00:00",
        "motif": "Consultation de routine",
        "statut": "termine",
        "lieu": "Salle 1",
        "duree": 30,
        "notes": "N\/A",
        "type_rdv": "consultation"
    },
    {
        "id": 7,
        "patient_id": 5,
        "medecin_id": 1,
        "nom": "lam",
        "prenom": "souleymane",
        "date_rdv": "2024-09-10 09:00:00",
        "motif": "Analyse scanner",
        "statut": "termine",
        "lieu": "Salle 2",
        "duree": 60,
        "notes": "N\/A",
        "type_rdv": "urgence"
    },
    {
        "id": 8,
        "patient_id": 1,
        "medecin_id": 1,
        "nom": "ndiaye",
        "prenom": "kabyra",
        "date_rdv": "2025-06-15 10:56:00",
        "motif": "nause",
        "statut": "planifie",
        "lieu": "salle 1",
        "duree": 30,
        "notes": "urgent",
        "type_rdv": "suivi"
    },
    {
        "id": 9,
        "patient_id": 1,
        "medecin_id": 1,
        "nom": "ndiaye",
        "prenom": "kabyra",
        "date_rdv": "2025-06-16 10:12:00",
        "motif": "maux de tete",
        "statut": "planifie",
        "lieu": "salle 1",
        "duree": 30,
        "notes": "test",
        "type_rdv": "suivi"
    },
    {
        "id": 10,
        "patient_id": 10,
        "medecin_id": 1,
        "nom": "testt",
        "prenom": "tesdtt",
        "date_rdv": "2025-06-16 12:01:00",
        "motif": "test",
        "statut": "planifie",
        "lieu": "test",
        "duree": 30,
        "notes": "test",
        "type_rdv": "consultation"
    }
]
[2025-06-16 14:25:02] Authorization header: Bearer eyJ0eXAiOiJKV1QiLCJhbGciOiJIUzI1NiJ9.eyJpYXQiOjE3NTAwNjg1ODMsImV4cCI6MTc1MDE1NDk4MywiZGF0YSI6eyJpZCI6MSwiZW1haWwiOiJhaWNoYXNhZ25lQGVzcC5zbiIsInJvbGUiOiJtZWRlY2luIn19.hWafsXnjFQmJ8_lsuuKVw-TG2t2MNrgEVVdNIcO43sM
[2025-06-16 14:25:02] Token extracted: eyJ0eXAiOiJKV1QiLCJh...
[2025-06-16 14:25:02] Utilisateur authentifié: userId=1
[2025-06-16 14:25:02] Rôle de l'utilisateur: role=medecin
[2025-06-16 14:25:02] Médecin identifié: medecinId=1
[2025-06-16 14:25:02] Requête GET pour la liste ou un rendez-vous spécifique
[2025-06-16 14:25:02] Vérification de conflit pour date 2025-06-16T12:24, patient 11: Pas de conflit
[2025-06-16 14:25:02] Authorization header: Bearer eyJ0eXAiOiJKV1QiLCJhbGciOiJIUzI1NiJ9.eyJpYXQiOjE3NTAwNjg1ODMsImV4cCI6MTc1MDE1NDk4MywiZGF0YSI6eyJpZCI6MSwiZW1haWwiOiJhaWNoYXNhZ25lQGVzcC5zbiIsInJvbGUiOiJtZWRlY2luIn19.hWafsXnjFQmJ8_lsuuKVw-TG2t2MNrgEVVdNIcO43sM
[2025-06-16 14:25:02] Token extracted: eyJ0eXAiOiJKV1QiLCJh...
[2025-06-16 14:25:02] Utilisateur authentifié: userId=1
[2025-06-16 14:25:02] Rôle de l'utilisateur: role=medecin
[2025-06-16 14:25:02] Médecin identifié: medecinId=1
[2025-06-16 14:25:02] Requête POST pour planifier un rendez-vous
[2025-06-16 14:25:02] Rendez-vous planifié avec ID: 11
[2025-06-16 14:25:04] Authorization header: Bearer eyJ0eXAiOiJKV1QiLCJhbGciOiJIUzI1NiJ9.eyJpYXQiOjE3NTAwNjg1ODMsImV4cCI6MTc1MDE1NDk4MywiZGF0YSI6eyJpZCI6MSwiZW1haWwiOiJhaWNoYXNhZ25lQGVzcC5zbiIsInJvbGUiOiJtZWRlY2luIn19.hWafsXnjFQmJ8_lsuuKVw-TG2t2MNrgEVVdNIcO43sM
[2025-06-16 14:25:04] Token extracted: eyJ0eXAiOiJKV1QiLCJh...
[2025-06-16 14:25:04] Utilisateur authentifié: userId=1
[2025-06-16 14:25:04] Rôle de l'utilisateur: role=medecin
[2025-06-16 14:25:04] Médecin identifié: medecinId=1
[2025-06-16 14:25:04] Requête GET pour la liste ou un rendez-vous spécifique
[2025-06-16 14:25:04] Rendez-vous trouvés: [
    {
        "id": 1,
        "patient_id": 1,
        "medecin_id": 1,
        "nom": "ndiaye",
        "prenom": "kabyra",
        "date_rdv": "2024-06-15 10:00:00",
        "motif": "Consultation initiale",
        "statut": "termine",
        "lieu": "Salle 1",
        "duree": 45,
        "notes": "Prise de sang recommand?e",
        "type_rdv": "urgence"
    },
    {
        "id": 2,
        "patient_id": 1,
        "medecin_id": 1,
        "nom": "ndiaye",
        "prenom": "kabyra",
        "date_rdv": "2024-07-01 09:30:00",
        "motif": "Suivi traitement",
        "statut": "termine",
        "lieu": "Salle 2",
        "duree": 30,
        "notes": "N\/A",
        "type_rdv": "suivi"
    },
    {
        "id": 3,
        "patient_id": 1,
        "medecin_id": 1,
        "nom": "ndiaye",
        "prenom": "kabyra",
        "date_rdv": "2024-08-10 11:00:00",
        "motif": "Contr?le g?n?ral",
        "statut": "termine",
        "lieu": "Salle 1",
        "duree": 60,
        "notes": "N\/A",
        "type_rdv": "consultation"
    },
    {
        "id": 8,
        "patient_id": 1,
        "medecin_id": 1,
        "nom": "ndiaye",
        "prenom": "kabyra",
        "date_rdv": "2025-06-15 10:56:00",
        "motif": "nause",
        "statut": "planifie",
        "lieu": "salle 1",
        "duree": 30,
        "notes": "urgent",
        "type_rdv": "suivi"
    },
    {
        "id": 9,
        "patient_id": 1,
        "medecin_id": 1,
        "nom": "ndiaye",
        "prenom": "kabyra",
        "date_rdv": "2025-06-16 10:12:00",
        "motif": "maux de tete",
        "statut": "planifie",
        "lieu": "salle 1",
        "duree": 30,
        "notes": "test",
        "type_rdv": "suivi"
    },
    {
        "id": 4,
        "patient_id": 2,
        "medecin_id": 1,
        "nom": "dell",
        "prenom": "modou",
        "date_rdv": "2024-07-05 14:00:00",
        "motif": "Consultation p?diatrique",
        "statut": "termine",
        "lieu": "Salle 3",
        "duree": 45,
        "notes": "N\/A",
        "type_rdv": "consultation"
    },
    {
        "id": 5,
        "patient_id": 3,
        "medecin_id": 1,
        "nom": "ayshu",
        "prenom": "queen",
        "date_rdv": "2024-08-12 15:00:00",
        "motif": "IRM neurologique",
        "statut": "termine",
        "lieu": "Salle 4",
        "duree": 90,
        "notes": "Pr?parer IRM avec contraste",
        "type_rdv": "urgence"
    },
    {
        "id": 6,
        "patient_id": 4,
        "medecin_id": 1,
        "nom": "mbacke",
        "prenom": "amsatou",
        "date_rdv": "2024-09-01 13:00:00",
        "motif": "Consultation de routine",
        "statut": "termine",
        "lieu": "Salle 1",
        "duree": 30,
        "notes": "N\/A",
        "type_rdv": "consultation"
    },
    {
        "id": 7,
        "patient_id": 5,
        "medecin_id": 1,
        "nom": "lam",
        "prenom": "souleymane",
        "date_rdv": "2024-09-10 09:00:00",
        "motif": "Analyse scanner",
        "statut": "termine",
        "lieu": "Salle 2",
        "duree": 60,
        "notes": "N\/A",
        "type_rdv": "urgence"
    },
    {
        "id": 10,
        "patient_id": 10,
        "medecin_id": 1,
        "nom": "testt",
        "prenom": "tesdtt",
        "date_rdv": "2025-06-16 12:01:00",
        "motif": "test",
        "statut": "planifie",
        "lieu": "test",
        "duree": 30,
        "notes": "test",
        "type_rdv": "consultation"
    },
    {
        "id": 11,
        "patient_id": 11,
        "medecin_id": 1,
        "nom": "gueye",
        "prenom": "yass",
        "date_rdv": "2025-06-16 12:24:00",
        "motif": "test",
        "statut": "planifie",
        "lieu": "test",
        "duree": 30,
        "notes": "test",
        "type_rdv": "consultation"
    }
]
[2025-06-16 14:25:25] Authorization header: Bearer eyJ0eXAiOiJKV1QiLCJhbGciOiJIUzI1NiJ9.eyJpYXQiOjE3NTAwNjg1ODMsImV4cCI6MTc1MDE1NDk4MywiZGF0YSI6eyJpZCI6MSwiZW1haWwiOiJhaWNoYXNhZ25lQGVzcC5zbiIsInJvbGUiOiJtZWRlY2luIn19.hWafsXnjFQmJ8_lsuuKVw-TG2t2MNrgEVVdNIcO43sM
[2025-06-16 14:25:25] Token extracted: eyJ0eXAiOiJKV1QiLCJh...
[2025-06-16 14:25:25] Utilisateur authentifié: userId=1
[2025-06-16 14:25:25] Rôle de l'utilisateur: role=medecin
[2025-06-16 14:25:25] Médecin identifié: medecinId=1
[2025-06-16 14:25:25] Requête GET pour la liste ou un rendez-vous spécifique
[2025-06-16 14:25:25] Rendez-vous trouvé avec ID: 6
[2025-06-16 14:25:32] Authorization header: Bearer eyJ0eXAiOiJKV1QiLCJhbGciOiJIUzI1NiJ9.eyJpYXQiOjE3NTAwNjg1ODMsImV4cCI6MTc1MDE1NDk4MywiZGF0YSI6eyJpZCI6MSwiZW1haWwiOiJhaWNoYXNhZ25lQGVzcC5zbiIsInJvbGUiOiJtZWRlY2luIn19.hWafsXnjFQmJ8_lsuuKVw-TG2t2MNrgEVVdNIcO43sM
[2025-06-16 14:25:32] Token extracted: eyJ0eXAiOiJKV1QiLCJh...
[2025-06-16 14:25:32] Utilisateur authentifié: userId=1
[2025-06-16 14:25:32] Rôle de l'utilisateur: role=medecin
[2025-06-16 14:25:32] Médecin identifié: medecinId=1
[2025-06-16 14:25:32] Requête GET pour la liste ou un rendez-vous spécifique
[2025-06-16 14:25:32] Vérification de conflit pour date 2024-09-01T13:00, patient 4: Pas de conflit
[2025-06-16 14:25:32] Authorization header: Bearer eyJ0eXAiOiJKV1QiLCJhbGciOiJIUzI1NiJ9.eyJpYXQiOjE3NTAwNjg1ODMsImV4cCI6MTc1MDE1NDk4MywiZGF0YSI6eyJpZCI6MSwiZW1haWwiOiJhaWNoYXNhZ25lQGVzcC5zbiIsInJvbGUiOiJtZWRlY2luIn19.hWafsXnjFQmJ8_lsuuKVw-TG2t2MNrgEVVdNIcO43sM
[2025-06-16 14:25:32] Token extracted: eyJ0eXAiOiJKV1QiLCJh...
[2025-06-16 14:25:32] Utilisateur authentifié: userId=1
[2025-06-16 14:25:32] Rôle de l'utilisateur: role=medecin
[2025-06-16 14:25:32] Médecin identifié: medecinId=1
[2025-06-16 14:25:32] Requête PUT pour mettre à jour un rendez-vous
[2025-06-16 14:25:32] Rendez-vous mis à jour avec ID: 6
[2025-06-16 14:25:34] Authorization header: Bearer eyJ0eXAiOiJKV1QiLCJhbGciOiJIUzI1NiJ9.eyJpYXQiOjE3NTAwNjg1ODMsImV4cCI6MTc1MDE1NDk4MywiZGF0YSI6eyJpZCI6MSwiZW1haWwiOiJhaWNoYXNhZ25lQGVzcC5zbiIsInJvbGUiOiJtZWRlY2luIn19.hWafsXnjFQmJ8_lsuuKVw-TG2t2MNrgEVVdNIcO43sM
[2025-06-16 14:25:34] Token extracted: eyJ0eXAiOiJKV1QiLCJh...
[2025-06-16 14:25:34] Utilisateur authentifié: userId=1
[2025-06-16 14:25:34] Rôle de l'utilisateur: role=medecin
[2025-06-16 14:25:34] Médecin identifié: medecinId=1
[2025-06-16 14:25:34] Requête GET pour la liste ou un rendez-vous spécifique
[2025-06-16 14:25:34] Rendez-vous trouvés: [
    {
        "id": 1,
        "patient_id": 1,
        "medecin_id": 1,
        "nom": "ndiaye",
        "prenom": "kabyra",
        "date_rdv": "2024-06-15 10:00:00",
        "motif": "Consultation initiale",
        "statut": "termine",
        "lieu": "Salle 1",
        "duree": 45,
        "notes": "Prise de sang recommand?e",
        "type_rdv": "urgence"
    },
    {
        "id": 2,
        "patient_id": 1,
        "medecin_id": 1,
        "nom": "ndiaye",
        "prenom": "kabyra",
        "date_rdv": "2024-07-01 09:30:00",
        "motif": "Suivi traitement",
        "statut": "termine",
        "lieu": "Salle 2",
        "duree": 30,
        "notes": "N\/A",
        "type_rdv": "suivi"
    },
    {
        "id": 3,
        "patient_id": 1,
        "medecin_id": 1,
        "nom": "ndiaye",
        "prenom": "kabyra",
        "date_rdv": "2024-08-10 11:00:00",
        "motif": "Contr?le g?n?ral",
        "statut": "termine",
        "lieu": "Salle 1",
        "duree": 60,
        "notes": "N\/A",
        "type_rdv": "consultation"
    },
    {
        "id": 8,
        "patient_id": 1,
        "medecin_id": 1,
        "nom": "ndiaye",
        "prenom": "kabyra",
        "date_rdv": "2025-06-15 10:56:00",
        "motif": "nause",
        "statut": "planifie",
        "lieu": "salle 1",
        "duree": 30,
        "notes": "urgent",
        "type_rdv": "suivi"
    },
    {
        "id": 9,
        "patient_id": 1,
        "medecin_id": 1,
        "nom": "ndiaye",
        "prenom": "kabyra",
        "date_rdv": "2025-06-16 10:12:00",
        "motif": "maux de tete",
        "statut": "planifie",
        "lieu": "salle 1",
        "duree": 30,
        "notes": "test",
        "type_rdv": "suivi"
    },
    {
        "id": 4,
        "patient_id": 2,
        "medecin_id": 1,
        "nom": "dell",
        "prenom": "modou",
        "date_rdv": "2024-07-05 14:00:00",
        "motif": "Consultation p?diatrique",
        "statut": "termine",
        "lieu": "Salle 3",
        "duree": 45,
        "notes": "N\/A",
        "type_rdv": "consultation"
    },
    {
        "id": 5,
        "patient_id": 3,
        "medecin_id": 1,
        "nom": "ayshu",
        "prenom": "queen",
        "date_rdv": "2024-08-12 15:00:00",
        "motif": "IRM neurologique",
        "statut": "termine",
        "lieu": "Salle 4",
        "duree": 90,
        "notes": "Pr?parer IRM avec contraste",
        "type_rdv": "urgence"
    },
    {
        "id": 6,
        "patient_id": 4,
        "medecin_id": 1,
        "nom": "mbacke",
        "prenom": "amsatou",
        "date_rdv": "2024-09-01 13:00:00",
        "motif": "Consultation de routine",
        "statut": "termine",
        "lieu": "Salle 1",
        "duree": 30,
        "notes": "N\/A",
        "type_rdv": "consultation"
    },
    {
        "id": 7,
        "patient_id": 5,
        "medecin_id": 1,
        "nom": "lam",
        "prenom": "souleymane",
        "date_rdv": "2024-09-10 09:00:00",
        "motif": "Analyse scanner",
        "statut": "termine",
        "lieu": "Salle 2",
        "duree": 60,
        "notes": "N\/A",
        "type_rdv": "urgence"
    },
    {
        "id": 10,
        "patient_id": 10,
        "medecin_id": 1,
        "nom": "testt",
        "prenom": "tesdtt",
        "date_rdv": "2025-06-16 12:01:00",
        "motif": "test",
        "statut": "planifie",
        "lieu": "test",
        "duree": 30,
        "notes": "test",
        "type_rdv": "consultation"
    },
    {
        "id": 11,
        "patient_id": 11,
        "medecin_id": 1,
        "nom": "gueye",
        "prenom": "yass",
        "date_rdv": "2025-06-16 12:24:00",
        "motif": "test",
        "statut": "planifie",
        "lieu": "test",
        "duree": 30,
        "notes": "test",
        "type_rdv": "consultation"
    }
]
[2025-06-16 14:26:22] Authorization header: Bearer eyJ0eXAiOiJKV1QiLCJhbGciOiJIUzI1NiJ9.eyJpYXQiOjE3NTAwNzY3NzksImV4cCI6MTc1MDE2MzE3OSwiZGF0YSI6eyJpZCI6MSwiZW1haWwiOiJhaWNoYXNhZ25lQGVzcC5zbiIsInJvbGUiOiJtZWRlY2luIn19.05jCxelBfkrjwXDkwAdsj52ZfEwT75HpdpBbVN23qZE
[2025-06-16 14:26:22] Token extracted: eyJ0eXAiOiJKV1QiLCJh...
[2025-06-16 14:26:22] Utilisateur authentifié: userId=1
[2025-06-16 14:26:22] Rôle de l'utilisateur: role=medecin
[2025-06-16 14:26:22] Médecin identifié: medecinId=1
[2025-06-16 14:26:22] Requête GET pour la liste ou un rendez-vous spécifique
[2025-06-16 14:26:22] Rendez-vous trouvés: [
    {
        "id": 1,
        "patient_id": 1,
        "medecin_id": 1,
        "nom": "ndiaye",
        "prenom": "kabyra",
        "date_rdv": "2024-06-15 10:00:00",
        "motif": "Consultation initiale",
        "statut": "termine",
        "lieu": "Salle 1",
        "duree": 45,
        "notes": "Prise de sang recommand?e",
        "type_rdv": "urgence"
    },
    {
        "id": 2,
        "patient_id": 1,
        "medecin_id": 1,
        "nom": "ndiaye",
        "prenom": "kabyra",
        "date_rdv": "2024-07-01 09:30:00",
        "motif": "Suivi traitement",
        "statut": "termine",
        "lieu": "Salle 2",
        "duree": 30,
        "notes": "N\/A",
        "type_rdv": "suivi"
    },
    {
        "id": 3,
        "patient_id": 1,
        "medecin_id": 1,
        "nom": "ndiaye",
        "prenom": "kabyra",
        "date_rdv": "2024-08-10 11:00:00",
        "motif": "Contr?le g?n?ral",
        "statut": "termine",
        "lieu": "Salle 1",
        "duree": 60,
        "notes": "N\/A",
        "type_rdv": "consultation"
    },
    {
        "id": 8,
        "patient_id": 1,
        "medecin_id": 1,
        "nom": "ndiaye",
        "prenom": "kabyra",
        "date_rdv": "2025-06-15 10:56:00",
        "motif": "nause",
        "statut": "planifie",
        "lieu": "salle 1",
        "duree": 30,
        "notes": "urgent",
        "type_rdv": "suivi"
    },
    {
        "id": 9,
        "patient_id": 1,
        "medecin_id": 1,
        "nom": "ndiaye",
        "prenom": "kabyra",
        "date_rdv": "2025-06-16 10:12:00",
        "motif": "maux de tete",
        "statut": "planifie",
        "lieu": "salle 1",
        "duree": 30,
        "notes": "test",
        "type_rdv": "suivi"
    },
    {
        "id": 4,
        "patient_id": 2,
        "medecin_id": 1,
        "nom": "dell",
        "prenom": "modou",
        "date_rdv": "2024-07-05 14:00:00",
        "motif": "Consultation p?diatrique",
        "statut": "termine",
        "lieu": "Salle 3",
        "duree": 45,
        "notes": "N\/A",
        "type_rdv": "consultation"
    },
    {
        "id": 5,
        "patient_id": 3,
        "medecin_id": 1,
        "nom": "ayshu",
        "prenom": "queen",
        "date_rdv": "2024-08-12 15:00:00",
        "motif": "IRM neurologique",
        "statut": "termine",
        "lieu": "Salle 4",
        "duree": 90,
        "notes": "Pr?parer IRM avec contraste",
        "type_rdv": "urgence"
    },
    {
        "id": 6,
        "patient_id": 4,
        "medecin_id": 1,
        "nom": "mbacke",
        "prenom": "amsatou",
        "date_rdv": "2024-09-01 13:00:00",
        "motif": "Consultation de routine",
        "statut": "termine",
        "lieu": "Salle 1",
        "duree": 30,
        "notes": "N\/A",
        "type_rdv": "consultation"
    },
    {
        "id": 7,
        "patient_id": 5,
        "medecin_id": 1,
        "nom": "lam",
        "prenom": "souleymane",
        "date_rdv": "2024-09-10 09:00:00",
        "motif": "Analyse scanner",
        "statut": "termine",
        "lieu": "Salle 2",
        "duree": 60,
        "notes": "N\/A",
        "type_rdv": "urgence"
    },
    {
        "id": 10,
        "patient_id": 10,
        "medecin_id": 1,
        "nom": "testt",
        "prenom": "tesdtt",
        "date_rdv": "2025-06-16 12:01:00",
        "motif": "test",
        "statut": "planifie",
        "lieu": "test",
        "duree": 30,
        "notes": "test",
        "type_rdv": "consultation"
    },
    {
        "id": 11,
        "patient_id": 11,
        "medecin_id": 1,
        "nom": "gueye",
        "prenom": "yass",
        "date_rdv": "2025-06-16 12:24:00",
        "motif": "test",
        "statut": "planifie",
        "lieu": "test",
        "duree": 30,
        "notes": "test",
        "type_rdv": "consultation"
    }
]
[2025-06-16 14:33:02] Authorization header: Bearer eyJ0eXAiOiJKV1QiLCJhbGciOiJIUzI1NiJ9.eyJpYXQiOjE3NTAwNzY3NzksImV4cCI6MTc1MDE2MzE3OSwiZGF0YSI6eyJpZCI6MSwiZW1haWwiOiJhaWNoYXNhZ25lQGVzcC5zbiIsInJvbGUiOiJtZWRlY2luIn19.05jCxelBfkrjwXDkwAdsj52ZfEwT75HpdpBbVN23qZE
[2025-06-16 14:33:02] Token extracted: eyJ0eXAiOiJKV1QiLCJh...
[2025-06-16 14:33:02] Utilisateur authentifié: userId=1
[2025-06-16 14:33:02] Rôle de l'utilisateur: role=medecin
[2025-06-16 14:33:02] Médecin identifié: medecinId=1
[2025-06-16 14:33:02] Requête GET pour la liste ou un rendez-vous spécifique
[2025-06-16 14:33:02] Rendez-vous trouvés: [
    {
        "id": 1,
        "patient_id": 1,
        "medecin_id": 1,
        "nom": "ndiaye",
        "prenom": "kabyra",
        "date_rdv": "2024-06-15 10:00:00",
        "motif": "Consultation initiale",
        "statut": "termine",
        "lieu": "Salle 1",
        "duree": 45,
        "notes": "Prise de sang recommand?e",
        "type_rdv": "urgence"
    },
    {
        "id": 2,
        "patient_id": 1,
        "medecin_id": 1,
        "nom": "ndiaye",
        "prenom": "kabyra",
        "date_rdv": "2024-07-01 09:30:00",
        "motif": "Suivi traitement",
        "statut": "termine",
        "lieu": "Salle 2",
        "duree": 30,
        "notes": "N\/A",
        "type_rdv": "suivi"
    },
    {
        "id": 3,
        "patient_id": 1,
        "medecin_id": 1,
        "nom": "ndiaye",
        "prenom": "kabyra",
        "date_rdv": "2024-08-10 11:00:00",
        "motif": "Contr?le g?n?ral",
        "statut": "termine",
        "lieu": "Salle 1",
        "duree": 60,
        "notes": "N\/A",
        "type_rdv": "consultation"
    },
    {
        "id": 8,
        "patient_id": 1,
        "medecin_id": 1,
        "nom": "ndiaye",
        "prenom": "kabyra",
        "date_rdv": "2025-06-15 10:56:00",
        "motif": "nause",
        "statut": "planifie",
        "lieu": "salle 1",
        "duree": 30,
        "notes": "urgent",
        "type_rdv": "suivi"
    },
    {
        "id": 9,
        "patient_id": 1,
        "medecin_id": 1,
        "nom": "ndiaye",
        "prenom": "kabyra",
        "date_rdv": "2025-06-16 10:12:00",
        "motif": "maux de tete",
        "statut": "planifie",
        "lieu": "salle 1",
        "duree": 30,
        "notes": "test",
        "type_rdv": "suivi"
    },
    {
        "id": 4,
        "patient_id": 2,
        "medecin_id": 1,
        "nom": "dell",
        "prenom": "modou",
        "date_rdv": "2024-07-05 14:00:00",
        "motif": "Consultation p?diatrique",
        "statut": "termine",
        "lieu": "Salle 3",
        "duree": 45,
        "notes": "N\/A",
        "type_rdv": "consultation"
    },
    {
        "id": 5,
        "patient_id": 3,
        "medecin_id": 1,
        "nom": "ayshu",
        "prenom": "queen",
        "date_rdv": "2024-08-12 15:00:00",
        "motif": "IRM neurologique",
        "statut": "termine",
        "lieu": "Salle 4",
        "duree": 90,
        "notes": "Pr?parer IRM avec contraste",
        "type_rdv": "urgence"
    },
    {
        "id": 6,
        "patient_id": 4,
        "medecin_id": 1,
        "nom": "mbacke",
        "prenom": "amsatou",
        "date_rdv": "2024-09-01 13:00:00",
        "motif": "Consultation de routine",
        "statut": "termine",
        "lieu": "Salle 1",
        "duree": 30,
        "notes": "N\/A",
        "type_rdv": "consultation"
    },
    {
        "id": 7,
        "patient_id": 5,
        "medecin_id": 1,
        "nom": "lam",
        "prenom": "souleymane",
        "date_rdv": "2024-09-10 09:00:00",
        "motif": "Analyse scanner",
        "statut": "termine",
        "lieu": "Salle 2",
        "duree": 60,
        "notes": "N\/A",
        "type_rdv": "urgence"
    },
    {
        "id": 10,
        "patient_id": 10,
        "medecin_id": 1,
        "nom": "testt",
        "prenom": "tesdtt",
        "date_rdv": "2025-06-16 12:01:00",
        "motif": "test",
        "statut": "planifie",
        "lieu": "test",
        "duree": 30,
        "notes": "test",
        "type_rdv": "consultation"
    },
    {
        "id": 11,
        "patient_id": 11,
        "medecin_id": 1,
        "nom": "gueye",
        "prenom": "yass",
        "date_rdv": "2025-06-16 12:24:00",
        "motif": "test",
        "statut": "planifie",
        "lieu": "test",
        "duree": 30,
        "notes": "test",
        "type_rdv": "consultation"
    }
]
[2025-06-16 14:35:32] Authorization header: Bearer eyJ0eXAiOiJKV1QiLCJhbGciOiJIUzI1NiJ9.eyJpYXQiOjE3NTAwNzY3NzksImV4cCI6MTc1MDE2MzE3OSwiZGF0YSI6eyJpZCI6MSwiZW1haWwiOiJhaWNoYXNhZ25lQGVzcC5zbiIsInJvbGUiOiJtZWRlY2luIn19.05jCxelBfkrjwXDkwAdsj52ZfEwT75HpdpBbVN23qZE
[2025-06-16 14:35:32] Token extracted: eyJ0eXAiOiJKV1QiLCJh...
[2025-06-16 14:35:32] Utilisateur authentifié: userId=1
[2025-06-16 14:35:32] Rôle de l'utilisateur: role=medecin
[2025-06-16 14:35:32] Médecin identifié: medecinId=1
[2025-06-16 14:35:32] Requête GET pour la liste ou un rendez-vous spécifique
[2025-06-16 14:35:32] Rendez-vous trouvés: [
    {
        "id": 1,
        "patient_id": 1,
        "medecin_id": 1,
        "nom": "ndiaye",
        "prenom": "kabyra",
        "date_rdv": "2024-06-15 10:00:00",
        "motif": "Consultation initiale",
        "statut": "termine",
        "lieu": "Salle 1",
        "duree": 45,
        "notes": "Prise de sang recommand?e",
        "type_rdv": "urgence"
    },
    {
        "id": 2,
        "patient_id": 1,
        "medecin_id": 1,
        "nom": "ndiaye",
        "prenom": "kabyra",
        "date_rdv": "2024-07-01 09:30:00",
        "motif": "Suivi traitement",
        "statut": "termine",
        "lieu": "Salle 2",
        "duree": 30,
        "notes": "N\/A",
        "type_rdv": "suivi"
    },
    {
        "id": 3,
        "patient_id": 1,
        "medecin_id": 1,
        "nom": "ndiaye",
        "prenom": "kabyra",
        "date_rdv": "2024-08-10 11:00:00",
        "motif": "Contr?le g?n?ral",
        "statut": "termine",
        "lieu": "Salle 1",
        "duree": 60,
        "notes": "N\/A",
        "type_rdv": "consultation"
    },
    {
        "id": 8,
        "patient_id": 1,
        "medecin_id": 1,
        "nom": "ndiaye",
        "prenom": "kabyra",
        "date_rdv": "2025-06-15 10:56:00",
        "motif": "nause",
        "statut": "planifie",
        "lieu": "salle 1",
        "duree": 30,
        "notes": "urgent",
        "type_rdv": "suivi"
    },
    {
        "id": 9,
        "patient_id": 1,
        "medecin_id": 1,
        "nom": "ndiaye",
        "prenom": "kabyra",
        "date_rdv": "2025-06-16 10:12:00",
        "motif": "maux de tete",
        "statut": "planifie",
        "lieu": "salle 1",
        "duree": 30,
        "notes": "test",
        "type_rdv": "suivi"
    },
    {
        "id": 4,
        "patient_id": 2,
        "medecin_id": 1,
        "nom": "dell",
        "prenom": "modou",
        "date_rdv": "2024-07-05 14:00:00",
        "motif": "Consultation p?diatrique",
        "statut": "termine",
        "lieu": "Salle 3",
        "duree": 45,
        "notes": "N\/A",
        "type_rdv": "consultation"
    },
    {
        "id": 5,
        "patient_id": 3,
        "medecin_id": 1,
        "nom": "ayshu",
        "prenom": "queen",
        "date_rdv": "2024-08-12 15:00:00",
        "motif": "IRM neurologique",
        "statut": "termine",
        "lieu": "Salle 4",
        "duree": 90,
        "notes": "Pr?parer IRM avec contraste",
        "type_rdv": "urgence"
    },
    {
        "id": 6,
        "patient_id": 4,
        "medecin_id": 1,
        "nom": "mbacke",
        "prenom": "amsatou",
        "date_rdv": "2024-09-01 13:00:00",
        "motif": "Consultation de routine",
        "statut": "termine",
        "lieu": "Salle 1",
        "duree": 30,
        "notes": "N\/A",
        "type_rdv": "consultation"
    },
    {
        "id": 7,
        "patient_id": 5,
        "medecin_id": 1,
        "nom": "lam",
        "prenom": "souleymane",
        "date_rdv": "2024-09-10 09:00:00",
        "motif": "Analyse scanner",
        "statut": "termine",
        "lieu": "Salle 2",
        "duree": 60,
        "notes": "N\/A",
        "type_rdv": "urgence"
    },
    {
        "id": 10,
        "patient_id": 10,
        "medecin_id": 1,
        "nom": "testt",
        "prenom": "tesdtt",
        "date_rdv": "2025-06-16 12:01:00",
        "motif": "test",
        "statut": "planifie",
        "lieu": "test",
        "duree": 30,
        "notes": "test",
        "type_rdv": "consultation"
    },
    {
        "id": 11,
        "patient_id": 11,
        "medecin_id": 1,
        "nom": "gueye",
        "prenom": "yass",
        "date_rdv": "2025-06-16 12:24:00",
        "motif": "test",
        "statut": "planifie",
        "lieu": "test",
        "duree": 30,
        "notes": "test",
        "type_rdv": "consultation"
    }
]
[2025-06-16 14:36:04] Authorization header: Bearer eyJ0eXAiOiJKV1QiLCJhbGciOiJIUzI1NiJ9.eyJpYXQiOjE3NTAwNzY3NzksImV4cCI6MTc1MDE2MzE3OSwiZGF0YSI6eyJpZCI6MSwiZW1haWwiOiJhaWNoYXNhZ25lQGVzcC5zbiIsInJvbGUiOiJtZWRlY2luIn19.05jCxelBfkrjwXDkwAdsj52ZfEwT75HpdpBbVN23qZE
[2025-06-16 14:36:04] Token extracted: eyJ0eXAiOiJKV1QiLCJh...
[2025-06-16 14:36:04] Utilisateur authentifié: userId=1
[2025-06-16 14:36:04] Rôle de l'utilisateur: role=medecin
[2025-06-16 14:36:04] Médecin identifié: medecinId=1
[2025-06-16 14:36:04] Requête GET pour la liste ou un rendez-vous spécifique
[2025-06-16 14:36:04] Rendez-vous trouvés: [
    {
        "id": 1,
        "patient_id": 1,
        "medecin_id": 1,
        "nom": "ndiaye",
        "prenom": "kabyra",
        "date_rdv": "2024-06-15 10:00:00",
        "motif": "Consultation initiale",
        "statut": "termine",
        "lieu": "Salle 1",
        "duree": 45,
        "notes": "Prise de sang recommand?e",
        "type_rdv": "urgence"
    },
    {
        "id": 2,
        "patient_id": 1,
        "medecin_id": 1,
        "nom": "ndiaye",
        "prenom": "kabyra",
        "date_rdv": "2024-07-01 09:30:00",
        "motif": "Suivi traitement",
        "statut": "termine",
        "lieu": "Salle 2",
        "duree": 30,
        "notes": "N\/A",
        "type_rdv": "suivi"
    },
    {
        "id": 3,
        "patient_id": 1,
        "medecin_id": 1,
        "nom": "ndiaye",
        "prenom": "kabyra",
        "date_rdv": "2024-08-10 11:00:00",
        "motif": "Contr?le g?n?ral",
        "statut": "termine",
        "lieu": "Salle 1",
        "duree": 60,
        "notes": "N\/A",
        "type_rdv": "consultation"
    },
    {
        "id": 8,
        "patient_id": 1,
        "medecin_id": 1,
        "nom": "ndiaye",
        "prenom": "kabyra",
        "date_rdv": "2025-06-15 10:56:00",
        "motif": "nause",
        "statut": "planifie",
        "lieu": "salle 1",
        "duree": 30,
        "notes": "urgent",
        "type_rdv": "suivi"
    },
    {
        "id": 9,
        "patient_id": 1,
        "medecin_id": 1,
        "nom": "ndiaye",
        "prenom": "kabyra",
        "date_rdv": "2025-06-16 10:12:00",
        "motif": "maux de tete",
        "statut": "planifie",
        "lieu": "salle 1",
        "duree": 30,
        "notes": "test",
        "type_rdv": "suivi"
    },
    {
        "id": 4,
        "patient_id": 2,
        "medecin_id": 1,
        "nom": "dell",
        "prenom": "modou",
        "date_rdv": "2024-07-05 14:00:00",
        "motif": "Consultation p?diatrique",
        "statut": "termine",
        "lieu": "Salle 3",
        "duree": 45,
        "notes": "N\/A",
        "type_rdv": "consultation"
    },
    {
        "id": 5,
        "patient_id": 3,
        "medecin_id": 1,
        "nom": "ayshu",
        "prenom": "queen",
        "date_rdv": "2024-08-12 15:00:00",
        "motif": "IRM neurologique",
        "statut": "termine",
        "lieu": "Salle 4",
        "duree": 90,
        "notes": "Pr?parer IRM avec contraste",
        "type_rdv": "urgence"
    },
    {
        "id": 6,
        "patient_id": 4,
        "medecin_id": 1,
        "nom": "mbacke",
        "prenom": "amsatou",
        "date_rdv": "2024-09-01 13:00:00",
        "motif": "Consultation de routine",
        "statut": "termine",
        "lieu": "Salle 1",
        "duree": 30,
        "notes": "N\/A",
        "type_rdv": "consultation"
    },
    {
        "id": 7,
        "patient_id": 5,
        "medecin_id": 1,
        "nom": "lam",
        "prenom": "souleymane",
        "date_rdv": "2024-09-10 09:00:00",
        "motif": "Analyse scanner",
        "statut": "termine",
        "lieu": "Salle 2",
        "duree": 60,
        "notes": "N\/A",
        "type_rdv": "urgence"
    },
    {
        "id": 10,
        "patient_id": 10,
        "medecin_id": 1,
        "nom": "testt",
        "prenom": "tesdtt",
        "date_rdv": "2025-06-16 12:01:00",
        "motif": "test",
        "statut": "planifie",
        "lieu": "test",
        "duree": 30,
        "notes": "test",
        "type_rdv": "consultation"
    },
    {
        "id": 11,
        "patient_id": 11,
        "medecin_id": 1,
        "nom": "gueye",
        "prenom": "yass",
        "date_rdv": "2025-06-16 12:24:00",
        "motif": "test",
        "statut": "planifie",
        "lieu": "test",
        "duree": 30,
        "notes": "test",
        "type_rdv": "consultation"
    }
]
[2025-06-16 14:45:16] Authorization header: Bearer eyJ0eXAiOiJKV1QiLCJhbGciOiJIUzI1NiJ9.eyJpYXQiOjE3NTAwNzY3NzksImV4cCI6MTc1MDE2MzE3OSwiZGF0YSI6eyJpZCI6MSwiZW1haWwiOiJhaWNoYXNhZ25lQGVzcC5zbiIsInJvbGUiOiJtZWRlY2luIn19.05jCxelBfkrjwXDkwAdsj52ZfEwT75HpdpBbVN23qZE
[2025-06-16 14:45:16] Token extracted: eyJ0eXAiOiJKV1QiLCJh...
[2025-06-16 14:45:16] Utilisateur authentifié: userId=1
[2025-06-16 14:45:16] Rôle de l'utilisateur: role=medecin
[2025-06-16 14:45:16] Médecin identifié: medecinId=1
[2025-06-16 14:45:16] Requête GET pour la liste ou un rendez-vous spécifique
[2025-06-16 14:45:16] Rendez-vous trouvé avec ID: 1
[2025-06-16 14:45:37] Authorization header: Bearer eyJ0eXAiOiJKV1QiLCJhbGciOiJIUzI1NiJ9.eyJpYXQiOjE3NTAwNzY3NzksImV4cCI6MTc1MDE2MzE3OSwiZGF0YSI6eyJpZCI6MSwiZW1haWwiOiJhaWNoYXNhZ25lQGVzcC5zbiIsInJvbGUiOiJtZWRlY2luIn19.05jCxelBfkrjwXDkwAdsj52ZfEwT75HpdpBbVN23qZE
[2025-06-16 14:45:37] Token extracted: eyJ0eXAiOiJKV1QiLCJh...
[2025-06-16 14:45:37] Utilisateur authentifié: userId=1
[2025-06-16 14:45:37] Rôle de l'utilisateur: role=medecin
[2025-06-16 14:45:37] Médecin identifié: medecinId=1
[2025-06-16 14:45:37] Requête GET pour la liste ou un rendez-vous spécifique
[2025-06-16 14:45:37] Rendez-vous trouvé avec ID: 1
[2025-06-16 14:45:43] Authorization header: Bearer eyJ0eXAiOiJKV1QiLCJhbGciOiJIUzI1NiJ9.eyJpYXQiOjE3NTAwNzY3NzksImV4cCI6MTc1MDE2MzE3OSwiZGF0YSI6eyJpZCI6MSwiZW1haWwiOiJhaWNoYXNhZ25lQGVzcC5zbiIsInJvbGUiOiJtZWRlY2luIn19.05jCxelBfkrjwXDkwAdsj52ZfEwT75HpdpBbVN23qZE
[2025-06-16 14:45:43] Token extracted: eyJ0eXAiOiJKV1QiLCJh...
[2025-06-16 14:45:43] Utilisateur authentifié: userId=1
[2025-06-16 14:45:43] Rôle de l'utilisateur: role=medecin
[2025-06-16 14:45:43] Médecin identifié: medecinId=1
[2025-06-16 14:45:43] Requête GET pour la liste ou un rendez-vous spécifique
[2025-06-16 14:45:43] Vérification de conflit pour date 2024-06-15T10:00, patient 1: Pas de conflit
[2025-06-16 14:45:43] Authorization header: Bearer eyJ0eXAiOiJKV1QiLCJhbGciOiJIUzI1NiJ9.eyJpYXQiOjE3NTAwNzY3NzksImV4cCI6MTc1MDE2MzE3OSwiZGF0YSI6eyJpZCI6MSwiZW1haWwiOiJhaWNoYXNhZ25lQGVzcC5zbiIsInJvbGUiOiJtZWRlY2luIn19.05jCxelBfkrjwXDkwAdsj52ZfEwT75HpdpBbVN23qZE
[2025-06-16 14:45:43] Token extracted: eyJ0eXAiOiJKV1QiLCJh...
[2025-06-16 14:45:43] Utilisateur authentifié: userId=1
[2025-06-16 14:45:43] Rôle de l'utilisateur: role=medecin
[2025-06-16 14:45:43] Médecin identifié: medecinId=1
[2025-06-16 14:45:43] Requête PUT pour mettre à jour un rendez-vous
[2025-06-16 14:45:43] Aucun rendez-vous trouvé pour mise à jour avec ID: 1
[2025-06-16 14:46:00] Authorization header: Bearer eyJ0eXAiOiJKV1QiLCJhbGciOiJIUzI1NiJ9.eyJpYXQiOjE3NTAwNzY3NzksImV4cCI6MTc1MDE2MzE3OSwiZGF0YSI6eyJpZCI6MSwiZW1haWwiOiJhaWNoYXNhZ25lQGVzcC5zbiIsInJvbGUiOiJtZWRlY2luIn19.05jCxelBfkrjwXDkwAdsj52ZfEwT75HpdpBbVN23qZE
[2025-06-16 14:46:00] Token extracted: eyJ0eXAiOiJKV1QiLCJh...
[2025-06-16 14:46:00] Utilisateur authentifié: userId=1
[2025-06-16 14:46:00] Rôle de l'utilisateur: role=medecin
[2025-06-16 14:46:00] Médecin identifié: medecinId=1
[2025-06-16 14:46:00] Requête GET pour la liste ou un rendez-vous spécifique
[2025-06-16 14:46:00] Rendez-vous trouvés: [
    {
        "id": 1,
        "patient_id": 1,
        "medecin_id": 1,
        "nom": "ndiaye",
        "prenom": "kabyra",
        "date_rdv": "2024-06-15 10:00:00",
        "motif": "Consultation initiale",
        "statut": "termine",
        "lieu": "Salle 1",
        "duree": 45,
        "notes": "Prise de sang recommand?e",
        "type_rdv": "urgence"
    },
    {
        "id": 2,
        "patient_id": 1,
        "medecin_id": 1,
        "nom": "ndiaye",
        "prenom": "kabyra",
        "date_rdv": "2024-07-01 09:30:00",
        "motif": "Suivi traitement",
        "statut": "termine",
        "lieu": "Salle 2",
        "duree": 30,
        "notes": "N\/A",
        "type_rdv": "suivi"
    },
    {
        "id": 3,
        "patient_id": 1,
        "medecin_id": 1,
        "nom": "ndiaye",
        "prenom": "kabyra",
        "date_rdv": "2024-08-10 11:00:00",
        "motif": "Contr?le g?n?ral",
        "statut": "termine",
        "lieu": "Salle 1",
        "duree": 60,
        "notes": "N\/A",
        "type_rdv": "consultation"
    },
    {
        "id": 8,
        "patient_id": 1,
        "medecin_id": 1,
        "nom": "ndiaye",
        "prenom": "kabyra",
        "date_rdv": "2025-06-15 10:56:00",
        "motif": "nause",
        "statut": "planifie",
        "lieu": "salle 1",
        "duree": 30,
        "notes": "urgent",
        "type_rdv": "suivi"
    },
    {
        "id": 9,
        "patient_id": 1,
        "medecin_id": 1,
        "nom": "ndiaye",
        "prenom": "kabyra",
        "date_rdv": "2025-06-16 10:12:00",
        "motif": "maux de tete",
        "statut": "planifie",
        "lieu": "salle 1",
        "duree": 30,
        "notes": "test",
        "type_rdv": "suivi"
    },
    {
        "id": 4,
        "patient_id": 2,
        "medecin_id": 1,
        "nom": "dell",
        "prenom": "modou",
        "date_rdv": "2024-07-05 14:00:00",
        "motif": "Consultation p?diatrique",
        "statut": "termine",
        "lieu": "Salle 3",
        "duree": 45,
        "notes": "N\/A",
        "type_rdv": "consultation"
    },
    {
        "id": 5,
        "patient_id": 3,
        "medecin_id": 1,
        "nom": "ayshu",
        "prenom": "queen",
        "date_rdv": "2024-08-12 15:00:00",
        "motif": "IRM neurologique",
        "statut": "termine",
        "lieu": "Salle 4",
        "duree": 90,
        "notes": "Pr?parer IRM avec contraste",
        "type_rdv": "urgence"
    },
    {
        "id": 6,
        "patient_id": 4,
        "medecin_id": 1,
        "nom": "mbacke",
        "prenom": "amsatou",
        "date_rdv": "2024-09-01 13:00:00",
        "motif": "Consultation de routine",
        "statut": "termine",
        "lieu": "Salle 1",
        "duree": 30,
        "notes": "N\/A",
        "type_rdv": "consultation"
    },
    {
        "id": 7,
        "patient_id": 5,
        "medecin_id": 1,
        "nom": "lam",
        "prenom": "souleymane",
        "date_rdv": "2024-09-10 09:00:00",
        "motif": "Analyse scanner",
        "statut": "termine",
        "lieu": "Salle 2",
        "duree": 60,
        "notes": "N\/A",
        "type_rdv": "urgence"
    },
    {
        "id": 10,
        "patient_id": 10,
        "medecin_id": 1,
        "nom": "testt",
        "prenom": "tesdtt",
        "date_rdv": "2025-06-16 12:01:00",
        "motif": "test",
        "statut": "planifie",
        "lieu": "test",
        "duree": 30,
        "notes": "test",
        "type_rdv": "consultation"
    },
    {
        "id": 11,
        "patient_id": 11,
        "medecin_id": 1,
        "nom": "gueye",
        "prenom": "yass",
        "date_rdv": "2025-06-16 12:24:00",
        "motif": "test",
        "statut": "planifie",
        "lieu": "test",
        "duree": 30,
        "notes": "test",
        "type_rdv": "consultation"
    }
]
[2025-06-16 14:46:05] Authorization header: Bearer eyJ0eXAiOiJKV1QiLCJhbGciOiJIUzI1NiJ9.eyJpYXQiOjE3NTAwNzY3NzksImV4cCI6MTc1MDE2MzE3OSwiZGF0YSI6eyJpZCI6MSwiZW1haWwiOiJhaWNoYXNhZ25lQGVzcC5zbiIsInJvbGUiOiJtZWRlY2luIn19.05jCxelBfkrjwXDkwAdsj52ZfEwT75HpdpBbVN23qZE
[2025-06-16 14:46:05] Token extracted: eyJ0eXAiOiJKV1QiLCJh...
[2025-06-16 14:46:05] Utilisateur authentifié: userId=1
[2025-06-16 14:46:05] Rôle de l'utilisateur: role=medecin
[2025-06-16 14:46:05] Médecin identifié: medecinId=1
[2025-06-16 14:46:05] Requête GET pour la liste ou un rendez-vous spécifique
[2025-06-16 14:46:05] Rendez-vous trouvés: [
    {
        "id": 1,
        "patient_id": 1,
        "medecin_id": 1,
        "nom": "ndiaye",
        "prenom": "kabyra",
        "date_rdv": "2024-06-15 10:00:00",
        "motif": "Consultation initiale",
        "statut": "termine",
        "lieu": "Salle 1",
        "duree": 45,
        "notes": "Prise de sang recommand?e",
        "type_rdv": "urgence"
    },
    {
        "id": 2,
        "patient_id": 1,
        "medecin_id": 1,
        "nom": "ndiaye",
        "prenom": "kabyra",
        "date_rdv": "2024-07-01 09:30:00",
        "motif": "Suivi traitement",
        "statut": "termine",
        "lieu": "Salle 2",
        "duree": 30,
        "notes": "N\/A",
        "type_rdv": "suivi"
    },
    {
        "id": 3,
        "patient_id": 1,
        "medecin_id": 1,
        "nom": "ndiaye",
        "prenom": "kabyra",
        "date_rdv": "2024-08-10 11:00:00",
        "motif": "Contr?le g?n?ral",
        "statut": "termine",
        "lieu": "Salle 1",
        "duree": 60,
        "notes": "N\/A",
        "type_rdv": "consultation"
    },
    {
        "id": 8,
        "patient_id": 1,
        "medecin_id": 1,
        "nom": "ndiaye",
        "prenom": "kabyra",
        "date_rdv": "2025-06-15 10:56:00",
        "motif": "nause",
        "statut": "planifie",
        "lieu": "salle 1",
        "duree": 30,
        "notes": "urgent",
        "type_rdv": "suivi"
    },
    {
        "id": 9,
        "patient_id": 1,
        "medecin_id": 1,
        "nom": "ndiaye",
        "prenom": "kabyra",
        "date_rdv": "2025-06-16 10:12:00",
        "motif": "maux de tete",
        "statut": "planifie",
        "lieu": "salle 1",
        "duree": 30,
        "notes": "test",
        "type_rdv": "suivi"
    },
    {
        "id": 4,
        "patient_id": 2,
        "medecin_id": 1,
        "nom": "dell",
        "prenom": "modou",
        "date_rdv": "2024-07-05 14:00:00",
        "motif": "Consultation p?diatrique",
        "statut": "termine",
        "lieu": "Salle 3",
        "duree": 45,
        "notes": "N\/A",
        "type_rdv": "consultation"
    },
    {
        "id": 5,
        "patient_id": 3,
        "medecin_id": 1,
        "nom": "ayshu",
        "prenom": "queen",
        "date_rdv": "2024-08-12 15:00:00",
        "motif": "IRM neurologique",
        "statut": "termine",
        "lieu": "Salle 4",
        "duree": 90,
        "notes": "Pr?parer IRM avec contraste",
        "type_rdv": "urgence"
    },
    {
        "id": 6,
        "patient_id": 4,
        "medecin_id": 1,
        "nom": "mbacke",
        "prenom": "amsatou",
        "date_rdv": "2024-09-01 13:00:00",
        "motif": "Consultation de routine",
        "statut": "termine",
        "lieu": "Salle 1",
        "duree": 30,
        "notes": "N\/A",
        "type_rdv": "consultation"
    },
    {
        "id": 7,
        "patient_id": 5,
        "medecin_id": 1,
        "nom": "lam",
        "prenom": "souleymane",
        "date_rdv": "2024-09-10 09:00:00",
        "motif": "Analyse scanner",
        "statut": "termine",
        "lieu": "Salle 2",
        "duree": 60,
        "notes": "N\/A",
        "type_rdv": "urgence"
    },
    {
        "id": 10,
        "patient_id": 10,
        "medecin_id": 1,
        "nom": "testt",
        "prenom": "tesdtt",
        "date_rdv": "2025-06-16 12:01:00",
        "motif": "test",
        "statut": "planifie",
        "lieu": "test",
        "duree": 30,
        "notes": "test",
        "type_rdv": "consultation"
    },
    {
        "id": 11,
        "patient_id": 11,
        "medecin_id": 1,
        "nom": "gueye",
        "prenom": "yass",
        "date_rdv": "2025-06-16 12:24:00",
        "motif": "test",
        "statut": "planifie",
        "lieu": "test",
        "duree": 30,
        "notes": "test",
        "type_rdv": "consultation"
    }
]
[2025-06-16 14:46:09] Authorization header: Bearer eyJ0eXAiOiJKV1QiLCJhbGciOiJIUzI1NiJ9.eyJpYXQiOjE3NTAwNzY3NzksImV4cCI6MTc1MDE2MzE3OSwiZGF0YSI6eyJpZCI6MSwiZW1haWwiOiJhaWNoYXNhZ25lQGVzcC5zbiIsInJvbGUiOiJtZWRlY2luIn19.05jCxelBfkrjwXDkwAdsj52ZfEwT75HpdpBbVN23qZE
[2025-06-16 14:46:09] Token extracted: eyJ0eXAiOiJKV1QiLCJh...
[2025-06-16 14:46:09] Utilisateur authentifié: userId=1
[2025-06-16 14:46:09] Rôle de l'utilisateur: role=medecin
[2025-06-16 14:46:09] Médecin identifié: medecinId=1
[2025-06-16 14:46:09] Requête GET pour la liste ou un rendez-vous spécifique
[2025-06-16 14:46:09] Rendez-vous trouvé avec ID: 1
[2025-06-16 14:46:14] Authorization header: Bearer eyJ0eXAiOiJKV1QiLCJhbGciOiJIUzI1NiJ9.eyJpYXQiOjE3NTAwNzY3NzksImV4cCI6MTc1MDE2MzE3OSwiZGF0YSI6eyJpZCI6MSwiZW1haWwiOiJhaWNoYXNhZ25lQGVzcC5zbiIsInJvbGUiOiJtZWRlY2luIn19.05jCxelBfkrjwXDkwAdsj52ZfEwT75HpdpBbVN23qZE
[2025-06-16 14:46:14] Token extracted: eyJ0eXAiOiJKV1QiLCJh...
[2025-06-16 14:46:14] Utilisateur authentifié: userId=1
[2025-06-16 14:46:14] Rôle de l'utilisateur: role=medecin
[2025-06-16 14:46:14] Médecin identifié: medecinId=1
[2025-06-16 14:46:14] Requête GET pour la liste ou un rendez-vous spécifique
[2025-06-16 14:46:14] Vérification de conflit pour date 2024-06-15T10:00, patient 1: Pas de conflit
[2025-06-16 14:46:14] Authorization header: Bearer eyJ0eXAiOiJKV1QiLCJhbGciOiJIUzI1NiJ9.eyJpYXQiOjE3NTAwNzY3NzksImV4cCI6MTc1MDE2MzE3OSwiZGF0YSI6eyJpZCI6MSwiZW1haWwiOiJhaWNoYXNhZ25lQGVzcC5zbiIsInJvbGUiOiJtZWRlY2luIn19.05jCxelBfkrjwXDkwAdsj52ZfEwT75HpdpBbVN23qZE
[2025-06-16 14:46:14] Token extracted: eyJ0eXAiOiJKV1QiLCJh...
[2025-06-16 14:46:14] Utilisateur authentifié: userId=1
[2025-06-16 14:46:14] Rôle de l'utilisateur: role=medecin
[2025-06-16 14:46:14] Médecin identifié: medecinId=1
[2025-06-16 14:46:14] Requête PUT pour mettre à jour un rendez-vous
[2025-06-16 14:46:14] Aucun rendez-vous trouvé pour mise à jour avec ID: 1
[2025-06-16 14:56:07] Authorization header: Bearer eyJ0eXAiOiJKV1QiLCJhbGciOiJIUzI1NiJ9.eyJpYXQiOjE3NTAwNzY3NzksImV4cCI6MTc1MDE2MzE3OSwiZGF0YSI6eyJpZCI6MSwiZW1haWwiOiJhaWNoYXNhZ25lQGVzcC5zbiIsInJvbGUiOiJtZWRlY2luIn19.05jCxelBfkrjwXDkwAdsj52ZfEwT75HpdpBbVN23qZE
[2025-06-16 14:56:07] Token extracted: eyJ0eXAiOiJKV1QiLCJh...
[2025-06-16 14:56:07] Utilisateur authentifié: userId=1
[2025-06-16 14:56:07] Rôle de l'utilisateur: role=medecin
[2025-06-16 14:56:07] Médecin identifié: medecinId=1
[2025-06-16 14:56:07] Requête GET pour la liste ou un rendez-vous spécifique
[2025-06-16 14:56:07] Rendez-vous trouvé avec ID: 1
[2025-06-16 14:56:41] Authorization header: Bearer eyJ0eXAiOiJKV1QiLCJhbGciOiJIUzI1NiJ9.eyJpYXQiOjE3NTAwNzY3NzksImV4cCI6MTc1MDE2MzE3OSwiZGF0YSI6eyJpZCI6MSwiZW1haWwiOiJhaWNoYXNhZ25lQGVzcC5zbiIsInJvbGUiOiJtZWRlY2luIn19.05jCxelBfkrjwXDkwAdsj52ZfEwT75HpdpBbVN23qZE
[2025-06-16 14:56:41] Token extracted: eyJ0eXAiOiJKV1QiLCJh...
[2025-06-16 14:56:41] Utilisateur authentifié: userId=1
[2025-06-16 14:56:41] Rôle de l'utilisateur: role=medecin
[2025-06-16 14:56:41] Médecin identifié: medecinId=1
[2025-06-16 14:56:41] Requête GET pour la liste ou un rendez-vous spécifique
[2025-06-16 14:56:41] Rendez-vous trouvés: [
    {
        "id": 1,
        "patient_id": 1,
        "medecin_id": 1,
        "nom": "ndiaye",
        "prenom": "kabyra",
        "date_rdv": "2024-06-15 10:00:00",
        "motif": "Consultation initiale",
        "statut": "termine",
        "lieu": "Salle 1",
        "duree": 45,
        "notes": "Prise de sang recommand?e",
        "type_rdv": "urgence"
    },
    {
        "id": 2,
        "patient_id": 1,
        "medecin_id": 1,
        "nom": "ndiaye",
        "prenom": "kabyra",
        "date_rdv": "2024-07-01 09:30:00",
        "motif": "Suivi traitement",
        "statut": "termine",
        "lieu": "Salle 2",
        "duree": 30,
        "notes": "N\/A",
        "type_rdv": "suivi"
    },
    {
        "id": 3,
        "patient_id": 1,
        "medecin_id": 1,
        "nom": "ndiaye",
        "prenom": "kabyra",
        "date_rdv": "2024-08-10 11:00:00",
        "motif": "Contr?le g?n?ral",
        "statut": "termine",
        "lieu": "Salle 1",
        "duree": 60,
        "notes": "N\/A",
        "type_rdv": "consultation"
    },
    {
        "id": 8,
        "patient_id": 1,
        "medecin_id": 1,
        "nom": "ndiaye",
        "prenom": "kabyra",
        "date_rdv": "2025-06-15 10:56:00",
        "motif": "nause",
        "statut": "planifie",
        "lieu": "salle 1",
        "duree": 30,
        "notes": "urgent",
        "type_rdv": "suivi"
    },
    {
        "id": 9,
        "patient_id": 1,
        "medecin_id": 1,
        "nom": "ndiaye",
        "prenom": "kabyra",
        "date_rdv": "2025-06-16 10:12:00",
        "motif": "maux de tete",
        "statut": "planifie",
        "lieu": "salle 1",
        "duree": 30,
        "notes": "test",
        "type_rdv": "suivi"
    },
    {
        "id": 4,
        "patient_id": 2,
        "medecin_id": 1,
        "nom": "dell",
        "prenom": "modou",
        "date_rdv": "2024-07-05 14:00:00",
        "motif": "Consultation p?diatrique",
        "statut": "termine",
        "lieu": "Salle 3",
        "duree": 45,
        "notes": "N\/A",
        "type_rdv": "consultation"
    },
    {
        "id": 5,
        "patient_id": 3,
        "medecin_id": 1,
        "nom": "ayshu",
        "prenom": "queen",
        "date_rdv": "2024-08-12 15:00:00",
        "motif": "IRM neurologique",
        "statut": "termine",
        "lieu": "Salle 4",
        "duree": 90,
        "notes": "Pr?parer IRM avec contraste",
        "type_rdv": "urgence"
    },
    {
        "id": 6,
        "patient_id": 4,
        "medecin_id": 1,
        "nom": "mbacke",
        "prenom": "amsatou",
        "date_rdv": "2024-09-01 13:00:00",
        "motif": "Consultation de routine",
        "statut": "termine",
        "lieu": "Salle 1",
        "duree": 30,
        "notes": "N\/A",
        "type_rdv": "consultation"
    },
    {
        "id": 7,
        "patient_id": 5,
        "medecin_id": 1,
        "nom": "lam",
        "prenom": "souleymane",
        "date_rdv": "2024-09-10 09:00:00",
        "motif": "Analyse scanner",
        "statut": "termine",
        "lieu": "Salle 2",
        "duree": 60,
        "notes": "N\/A",
        "type_rdv": "urgence"
    },
    {
        "id": 10,
        "patient_id": 10,
        "medecin_id": 1,
        "nom": "testt",
        "prenom": "tesdtt",
        "date_rdv": "2025-06-16 12:01:00",
        "motif": "test",
        "statut": "planifie",
        "lieu": "test",
        "duree": 30,
        "notes": "test",
        "type_rdv": "consultation"
    },
    {
        "id": 11,
        "patient_id": 11,
        "medecin_id": 1,
        "nom": "gueye",
        "prenom": "yass",
        "date_rdv": "2025-06-16 12:24:00",
        "motif": "test",
        "statut": "planifie",
        "lieu": "test",
        "duree": 30,
        "notes": "test",
        "type_rdv": "consultation"
    }
]
[2025-06-16 14:56:45] Authorization header: Bearer eyJ0eXAiOiJKV1QiLCJhbGciOiJIUzI1NiJ9.eyJpYXQiOjE3NTAwNzY3NzksImV4cCI6MTc1MDE2MzE3OSwiZGF0YSI6eyJpZCI6MSwiZW1haWwiOiJhaWNoYXNhZ25lQGVzcC5zbiIsInJvbGUiOiJtZWRlY2luIn19.05jCxelBfkrjwXDkwAdsj52ZfEwT75HpdpBbVN23qZE
[2025-06-16 14:56:45] Token extracted: eyJ0eXAiOiJKV1QiLCJh...
[2025-06-16 14:56:45] Utilisateur authentifié: userId=1
[2025-06-16 14:56:45] Rôle de l'utilisateur: role=medecin
[2025-06-16 14:56:45] Médecin identifié: medecinId=1
[2025-06-16 14:56:45] Requête GET pour la liste ou un rendez-vous spécifique
[2025-06-16 14:56:45] Rendez-vous trouvés: [
    {
        "id": 1,
        "patient_id": 1,
        "medecin_id": 1,
        "nom": "ndiaye",
        "prenom": "kabyra",
        "date_rdv": "2024-06-15 10:00:00",
        "motif": "Consultation initiale",
        "statut": "termine",
        "lieu": "Salle 1",
        "duree": 45,
        "notes": "Prise de sang recommand?e",
        "type_rdv": "urgence"
    },
    {
        "id": 2,
        "patient_id": 1,
        "medecin_id": 1,
        "nom": "ndiaye",
        "prenom": "kabyra",
        "date_rdv": "2024-07-01 09:30:00",
        "motif": "Suivi traitement",
        "statut": "termine",
        "lieu": "Salle 2",
        "duree": 30,
        "notes": "N\/A",
        "type_rdv": "suivi"
    },
    {
        "id": 3,
        "patient_id": 1,
        "medecin_id": 1,
        "nom": "ndiaye",
        "prenom": "kabyra",
        "date_rdv": "2024-08-10 11:00:00",
        "motif": "Contr?le g?n?ral",
        "statut": "termine",
        "lieu": "Salle 1",
        "duree": 60,
        "notes": "N\/A",
        "type_rdv": "consultation"
    },
    {
        "id": 8,
        "patient_id": 1,
        "medecin_id": 1,
        "nom": "ndiaye",
        "prenom": "kabyra",
        "date_rdv": "2025-06-15 10:56:00",
        "motif": "nause",
        "statut": "planifie",
        "lieu": "salle 1",
        "duree": 30,
        "notes": "urgent",
        "type_rdv": "suivi"
    },
    {
        "id": 9,
        "patient_id": 1,
        "medecin_id": 1,
        "nom": "ndiaye",
        "prenom": "kabyra",
        "date_rdv": "2025-06-16 10:12:00",
        "motif": "maux de tete",
        "statut": "planifie",
        "lieu": "salle 1",
        "duree": 30,
        "notes": "test",
        "type_rdv": "suivi"
    },
    {
        "id": 4,
        "patient_id": 2,
        "medecin_id": 1,
        "nom": "dell",
        "prenom": "modou",
        "date_rdv": "2024-07-05 14:00:00",
        "motif": "Consultation p?diatrique",
        "statut": "termine",
        "lieu": "Salle 3",
        "duree": 45,
        "notes": "N\/A",
        "type_rdv": "consultation"
    },
    {
        "id": 5,
        "patient_id": 3,
        "medecin_id": 1,
        "nom": "ayshu",
        "prenom": "queen",
        "date_rdv": "2024-08-12 15:00:00",
        "motif": "IRM neurologique",
        "statut": "termine",
        "lieu": "Salle 4",
        "duree": 90,
        "notes": "Pr?parer IRM avec contraste",
        "type_rdv": "urgence"
    },
    {
        "id": 6,
        "patient_id": 4,
        "medecin_id": 1,
        "nom": "mbacke",
        "prenom": "amsatou",
        "date_rdv": "2024-09-01 13:00:00",
        "motif": "Consultation de routine",
        "statut": "termine",
        "lieu": "Salle 1",
        "duree": 30,
        "notes": "N\/A",
        "type_rdv": "consultation"
    },
    {
        "id": 7,
        "patient_id": 5,
        "medecin_id": 1,
        "nom": "lam",
        "prenom": "souleymane",
        "date_rdv": "2024-09-10 09:00:00",
        "motif": "Analyse scanner",
        "statut": "termine",
        "lieu": "Salle 2",
        "duree": 60,
        "notes": "N\/A",
        "type_rdv": "urgence"
    },
    {
        "id": 10,
        "patient_id": 10,
        "medecin_id": 1,
        "nom": "testt",
        "prenom": "tesdtt",
        "date_rdv": "2025-06-16 12:01:00",
        "motif": "test",
        "statut": "planifie",
        "lieu": "test",
        "duree": 30,
        "notes": "test",
        "type_rdv": "consultation"
    },
    {
        "id": 11,
        "patient_id": 11,
        "medecin_id": 1,
        "nom": "gueye",
        "prenom": "yass",
        "date_rdv": "2025-06-16 12:24:00",
        "motif": "test",
        "statut": "planifie",
        "lieu": "test",
        "duree": 30,
        "notes": "test",
        "type_rdv": "consultation"
    }
]
[2025-06-16 14:57:01] Authorization header: Bearer eyJ0eXAiOiJKV1QiLCJhbGciOiJIUzI1NiJ9.eyJpYXQiOjE3NTAwNzY3NzksImV4cCI6MTc1MDE2MzE3OSwiZGF0YSI6eyJpZCI6MSwiZW1haWwiOiJhaWNoYXNhZ25lQGVzcC5zbiIsInJvbGUiOiJtZWRlY2luIn19.05jCxelBfkrjwXDkwAdsj52ZfEwT75HpdpBbVN23qZE
[2025-06-16 14:57:01] Token extracted: eyJ0eXAiOiJKV1QiLCJh...
[2025-06-16 14:57:01] Utilisateur authentifié: userId=1
[2025-06-16 14:57:01] Rôle de l'utilisateur: role=medecin
[2025-06-16 14:57:01] Médecin identifié: medecinId=1
[2025-06-16 14:57:01] Requête GET pour la liste ou un rendez-vous spécifique
[2025-06-16 14:57:01] Rendez-vous trouvé avec ID: 1
[2025-06-16 14:57:10] Authorization header: Bearer eyJ0eXAiOiJKV1QiLCJhbGciOiJIUzI1NiJ9.eyJpYXQiOjE3NTAwNzY3NzksImV4cCI6MTc1MDE2MzE3OSwiZGF0YSI6eyJpZCI6MSwiZW1haWwiOiJhaWNoYXNhZ25lQGVzcC5zbiIsInJvbGUiOiJtZWRlY2luIn19.05jCxelBfkrjwXDkwAdsj52ZfEwT75HpdpBbVN23qZE
[2025-06-16 14:57:10] Token extracted: eyJ0eXAiOiJKV1QiLCJh...
[2025-06-16 14:57:10] Utilisateur authentifié: userId=1
[2025-06-16 14:57:10] Rôle de l'utilisateur: role=medecin
[2025-06-16 14:57:10] Médecin identifié: medecinId=1
[2025-06-16 14:57:10] Requête GET pour la liste ou un rendez-vous spécifique
[2025-06-16 14:57:10] Vérification de conflit pour date 2024-06-15T10:00, patient 1: Pas de conflit
[2025-06-16 14:57:10] Authorization header: Bearer eyJ0eXAiOiJKV1QiLCJhbGciOiJIUzI1NiJ9.eyJpYXQiOjE3NTAwNzY3NzksImV4cCI6MTc1MDE2MzE3OSwiZGF0YSI6eyJpZCI6MSwiZW1haWwiOiJhaWNoYXNhZ25lQGVzcC5zbiIsInJvbGUiOiJtZWRlY2luIn19.05jCxelBfkrjwXDkwAdsj52ZfEwT75HpdpBbVN23qZE
[2025-06-16 14:57:10] Token extracted: eyJ0eXAiOiJKV1QiLCJh...
[2025-06-16 14:57:10] Utilisateur authentifié: userId=1
[2025-06-16 14:57:10] Rôle de l'utilisateur: role=medecin
[2025-06-16 14:57:10] Médecin identifié: medecinId=1
[2025-06-16 14:57:10] Requête PUT pour mettre à jour un rendez-vous
[2025-06-16 14:57:10] Rendez-vous mis à jour avec ID: 1
[2025-06-16 14:57:14] Authorization header: Bearer eyJ0eXAiOiJKV1QiLCJhbGciOiJIUzI1NiJ9.eyJpYXQiOjE3NTAwNzY3NzksImV4cCI6MTc1MDE2MzE3OSwiZGF0YSI6eyJpZCI6MSwiZW1haWwiOiJhaWNoYXNhZ25lQGVzcC5zbiIsInJvbGUiOiJtZWRlY2luIn19.05jCxelBfkrjwXDkwAdsj52ZfEwT75HpdpBbVN23qZE
[2025-06-16 14:57:14] Token extracted: eyJ0eXAiOiJKV1QiLCJh...
[2025-06-16 14:57:14] Utilisateur authentifié: userId=1
[2025-06-16 14:57:14] Rôle de l'utilisateur: role=medecin
[2025-06-16 14:57:14] Médecin identifié: medecinId=1
[2025-06-16 14:57:14] Requête GET pour la liste ou un rendez-vous spécifique
[2025-06-16 14:57:14] Rendez-vous trouvés: [
    {
        "id": 1,
        "patient_id": 1,
        "medecin_id": 1,
        "nom": "ndiaye",
        "prenom": "kabyra",
        "date_rdv": "2024-06-15 10:00:00",
        "motif": "Consultation initial",
        "statut": "termine",
        "lieu": "Salle 1",
        "duree": 45,
        "notes": "Prise de sang recommand?e",
        "type_rdv": "urgence"
    },
    {
        "id": 2,
        "patient_id": 1,
        "medecin_id": 1,
        "nom": "ndiaye",
        "prenom": "kabyra",
        "date_rdv": "2024-07-01 09:30:00",
        "motif": "Suivi traitement",
        "statut": "termine",
        "lieu": "Salle 2",
        "duree": 30,
        "notes": "N\/A",
        "type_rdv": "suivi"
    },
    {
        "id": 3,
        "patient_id": 1,
        "medecin_id": 1,
        "nom": "ndiaye",
        "prenom": "kabyra",
        "date_rdv": "2024-08-10 11:00:00",
        "motif": "Contr?le g?n?ral",
        "statut": "termine",
        "lieu": "Salle 1",
        "duree": 60,
        "notes": "N\/A",
        "type_rdv": "consultation"
    },
    {
        "id": 8,
        "patient_id": 1,
        "medecin_id": 1,
        "nom": "ndiaye",
        "prenom": "kabyra",
        "date_rdv": "2025-06-15 10:56:00",
        "motif": "nause",
        "statut": "planifie",
        "lieu": "salle 1",
        "duree": 30,
        "notes": "urgent",
        "type_rdv": "suivi"
    },
    {
        "id": 9,
        "patient_id": 1,
        "medecin_id": 1,
        "nom": "ndiaye",
        "prenom": "kabyra",
        "date_rdv": "2025-06-16 10:12:00",
        "motif": "maux de tete",
        "statut": "planifie",
        "lieu": "salle 1",
        "duree": 30,
        "notes": "test",
        "type_rdv": "suivi"
    },
    {
        "id": 4,
        "patient_id": 2,
        "medecin_id": 1,
        "nom": "dell",
        "prenom": "modou",
        "date_rdv": "2024-07-05 14:00:00",
        "motif": "Consultation p?diatrique",
        "statut": "termine",
        "lieu": "Salle 3",
        "duree": 45,
        "notes": "N\/A",
        "type_rdv": "consultation"
    },
    {
        "id": 5,
        "patient_id": 3,
        "medecin_id": 1,
        "nom": "ayshu",
        "prenom": "queen",
        "date_rdv": "2024-08-12 15:00:00",
        "motif": "IRM neurologique",
        "statut": "termine",
        "lieu": "Salle 4",
        "duree": 90,
        "notes": "Pr?parer IRM avec contraste",
        "type_rdv": "urgence"
    },
    {
        "id": 6,
        "patient_id": 4,
        "medecin_id": 1,
        "nom": "mbacke",
        "prenom": "amsatou",
        "date_rdv": "2024-09-01 13:00:00",
        "motif": "Consultation de routine",
        "statut": "termine",
        "lieu": "Salle 1",
        "duree": 30,
        "notes": "N\/A",
        "type_rdv": "consultation"
    },
    {
        "id": 7,
        "patient_id": 5,
        "medecin_id": 1,
        "nom": "lam",
        "prenom": "souleymane",
        "date_rdv": "2024-09-10 09:00:00",
        "motif": "Analyse scanner",
        "statut": "termine",
        "lieu": "Salle 2",
        "duree": 60,
        "notes": "N\/A",
        "type_rdv": "urgence"
    },
    {
        "id": 10,
        "patient_id": 10,
        "medecin_id": 1,
        "nom": "testt",
        "prenom": "tesdtt",
        "date_rdv": "2025-06-16 12:01:00",
        "motif": "test",
        "statut": "planifie",
        "lieu": "test",
        "duree": 30,
        "notes": "test",
        "type_rdv": "consultation"
    },
    {
        "id": 11,
        "patient_id": 11,
        "medecin_id": 1,
        "nom": "gueye",
        "prenom": "yass",
        "date_rdv": "2025-06-16 12:24:00",
        "motif": "test",
        "statut": "planifie",
        "lieu": "test",
        "duree": 30,
        "notes": "test",
        "type_rdv": "consultation"
    }
]
[2025-06-16 14:57:17] Authorization header: Bearer eyJ0eXAiOiJKV1QiLCJhbGciOiJIUzI1NiJ9.eyJpYXQiOjE3NTAwNzY3NzksImV4cCI6MTc1MDE2MzE3OSwiZGF0YSI6eyJpZCI6MSwiZW1haWwiOiJhaWNoYXNhZ25lQGVzcC5zbiIsInJvbGUiOiJtZWRlY2luIn19.05jCxelBfkrjwXDkwAdsj52ZfEwT75HpdpBbVN23qZE
[2025-06-16 14:57:17] Token extracted: eyJ0eXAiOiJKV1QiLCJh...
[2025-06-16 14:57:17] Utilisateur authentifié: userId=1
[2025-06-16 14:57:17] Rôle de l'utilisateur: role=medecin
[2025-06-16 14:57:17] Médecin identifié: medecinId=1
[2025-06-16 14:57:17] Requête GET pour la liste ou un rendez-vous spécifique
[2025-06-16 14:57:17] Rendez-vous trouvé avec ID: 1
[2025-06-16 14:57:22] Authorization header: Bearer eyJ0eXAiOiJKV1QiLCJhbGciOiJIUzI1NiJ9.eyJpYXQiOjE3NTAwNzY3NzksImV4cCI6MTc1MDE2MzE3OSwiZGF0YSI6eyJpZCI6MSwiZW1haWwiOiJhaWNoYXNhZ25lQGVzcC5zbiIsInJvbGUiOiJtZWRlY2luIn19.05jCxelBfkrjwXDkwAdsj52ZfEwT75HpdpBbVN23qZE
[2025-06-16 14:57:22] Token extracted: eyJ0eXAiOiJKV1QiLCJh...
[2025-06-16 14:57:22] Utilisateur authentifié: userId=1
[2025-06-16 14:57:22] Rôle de l'utilisateur: role=medecin
[2025-06-16 14:57:22] Médecin identifié: medecinId=1
[2025-06-16 14:57:22] Requête GET pour la liste ou un rendez-vous spécifique
[2025-06-16 14:57:22] Vérification de conflit pour date 2024-06-15T10:00, patient 1: Pas de conflit
[2025-06-16 14:57:22] Authorization header: Bearer eyJ0eXAiOiJKV1QiLCJhbGciOiJIUzI1NiJ9.eyJpYXQiOjE3NTAwNzY3NzksImV4cCI6MTc1MDE2MzE3OSwiZGF0YSI6eyJpZCI6MSwiZW1haWwiOiJhaWNoYXNhZ25lQGVzcC5zbiIsInJvbGUiOiJtZWRlY2luIn19.05jCxelBfkrjwXDkwAdsj52ZfEwT75HpdpBbVN23qZE
[2025-06-16 14:57:22] Token extracted: eyJ0eXAiOiJKV1QiLCJh...
[2025-06-16 14:57:23] Utilisateur authentifié: userId=1
[2025-06-16 14:57:23] Rôle de l'utilisateur: role=medecin
[2025-06-16 14:57:23] Médecin identifié: medecinId=1
[2025-06-16 14:57:23] Requête PUT pour mettre à jour un rendez-vous
[2025-06-16 14:57:23] Aucun rendez-vous trouvé pour mise à jour avec ID: 1
[2025-06-16 14:58:22] Authorization header: Bearer eyJ0eXAiOiJKV1QiLCJhbGciOiJIUzI1NiJ9.eyJpYXQiOjE3NTAwNzY3NzksImV4cCI6MTc1MDE2MzE3OSwiZGF0YSI6eyJpZCI6MSwiZW1haWwiOiJhaWNoYXNhZ25lQGVzcC5zbiIsInJvbGUiOiJtZWRlY2luIn19.05jCxelBfkrjwXDkwAdsj52ZfEwT75HpdpBbVN23qZE
[2025-06-16 14:58:22] Token extracted: eyJ0eXAiOiJKV1QiLCJh...
[2025-06-16 14:58:22] Utilisateur authentifié: userId=1
[2025-06-16 14:58:22] Rôle de l'utilisateur: role=medecin
[2025-06-16 14:58:22] Médecin identifié: medecinId=1
[2025-06-16 14:58:23] Requête GET pour la liste ou un rendez-vous spécifique
[2025-06-16 14:58:23] Rendez-vous trouvé avec ID: 1
[2025-06-16 15:16:41] Authorization header: Bearer eyJ0eXAiOiJKV1QiLCJhbGciOiJIUzI1NiJ9.eyJpYXQiOjE3NTAwNzY3NzksImV4cCI6MTc1MDE2MzE3OSwiZGF0YSI6eyJpZCI6MSwiZW1haWwiOiJhaWNoYXNhZ25lQGVzcC5zbiIsInJvbGUiOiJtZWRlY2luIn19.05jCxelBfkrjwXDkwAdsj52ZfEwT75HpdpBbVN23qZE
[2025-06-16 15:16:41] Token extracted: eyJ0eXAiOiJKV1QiLCJh...
[2025-06-16 15:16:41] Utilisateur authentifié: userId=1
[2025-06-16 15:16:41] Rôle de l'utilisateur: role=medecin
[2025-06-16 15:16:41] Médecin identifié: medecinId=1
[2025-06-16 15:16:41] Requête GET pour la liste ou un rendez-vous spécifique
[2025-06-16 15:16:41] Rendez-vous trouvés: [
    {
        "id": 1,
        "patient_id": 1,
        "medecin_id": 1,
        "nom": "ndiaye",
        "prenom": "kabyra",
        "date_rdv": "2024-06-15 10:00:00",
        "motif": "Consultation initial",
        "statut": "termine",
        "lieu": "Salle 1",
        "duree": 45,
        "notes": "Prise de sang recommand?e",
        "type_rdv": "urgence"
    },
    {
        "id": 2,
        "patient_id": 1,
        "medecin_id": 1,
        "nom": "ndiaye",
        "prenom": "kabyra",
        "date_rdv": "2024-07-01 09:30:00",
        "motif": "Suivi traitement",
        "statut": "termine",
        "lieu": "Salle 2",
        "duree": 30,
        "notes": "N\/A",
        "type_rdv": "suivi"
    },
    {
        "id": 3,
        "patient_id": 1,
        "medecin_id": 1,
        "nom": "ndiaye",
        "prenom": "kabyra",
        "date_rdv": "2024-08-10 11:00:00",
        "motif": "Contr?le g?n?ral",
        "statut": "termine",
        "lieu": "Salle 1",
        "duree": 60,
        "notes": "N\/A",
        "type_rdv": "consultation"
    },
    {
        "id": 8,
        "patient_id": 1,
        "medecin_id": 1,
        "nom": "ndiaye",
        "prenom": "kabyra",
        "date_rdv": "2025-06-15 10:56:00",
        "motif": "nause",
        "statut": "planifie",
        "lieu": "salle 1",
        "duree": 30,
        "notes": "urgent",
        "type_rdv": "suivi"
    },
    {
        "id": 9,
        "patient_id": 1,
        "medecin_id": 1,
        "nom": "ndiaye",
        "prenom": "kabyra",
        "date_rdv": "2025-06-16 10:12:00",
        "motif": "maux de tete",
        "statut": "planifie",
        "lieu": "salle 1",
        "duree": 30,
        "notes": "test",
        "type_rdv": "suivi"
    },
    {
        "id": 4,
        "patient_id": 2,
        "medecin_id": 1,
        "nom": "dell",
        "prenom": "modou",
        "date_rdv": "2024-07-05 14:00:00",
        "motif": "Consultation p?diatrique",
        "statut": "termine",
        "lieu": "Salle 3",
        "duree": 45,
        "notes": "N\/A",
        "type_rdv": "consultation"
    },
    {
        "id": 5,
        "patient_id": 3,
        "medecin_id": 1,
        "nom": "ayshu",
        "prenom": "queen",
        "date_rdv": "2024-08-12 15:00:00",
        "motif": "IRM neurologique",
        "statut": "termine",
        "lieu": "Salle 4",
        "duree": 90,
        "notes": "Pr?parer IRM avec contraste",
        "type_rdv": "urgence"
    },
    {
        "id": 6,
        "patient_id": 4,
        "medecin_id": 1,
        "nom": "mbacke",
        "prenom": "amsatou",
        "date_rdv": "2024-09-01 13:00:00",
        "motif": "Consultation de routine",
        "statut": "termine",
        "lieu": "Salle 1",
        "duree": 30,
        "notes": "N\/A",
        "type_rdv": "consultation"
    },
    {
        "id": 7,
        "patient_id": 5,
        "medecin_id": 1,
        "nom": "lam",
        "prenom": "souleymane",
        "date_rdv": "2024-09-10 09:00:00",
        "motif": "Analyse scanner",
        "statut": "termine",
        "lieu": "Salle 2",
        "duree": 60,
        "notes": "N\/A",
        "type_rdv": "urgence"
    },
    {
        "id": 10,
        "patient_id": 10,
        "medecin_id": 1,
        "nom": "testt",
        "prenom": "tesdtt",
        "date_rdv": "2025-06-16 12:01:00",
        "motif": "test",
        "statut": "planifie",
        "lieu": "test",
        "duree": 30,
        "notes": "test",
        "type_rdv": "consultation"
    },
    {
        "id": 11,
        "patient_id": 11,
        "medecin_id": 1,
        "nom": "gueye",
        "prenom": "yass",
        "date_rdv": "2025-06-16 12:24:00",
        "motif": "test",
        "statut": "planifie",
        "lieu": "test",
        "duree": 30,
        "notes": "test",
        "type_rdv": "consultation"
    }
]
[2025-06-16 15:16:46] Authorization header: Bearer eyJ0eXAiOiJKV1QiLCJhbGciOiJIUzI1NiJ9.eyJpYXQiOjE3NTAwNzY3NzksImV4cCI6MTc1MDE2MzE3OSwiZGF0YSI6eyJpZCI6MSwiZW1haWwiOiJhaWNoYXNhZ25lQGVzcC5zbiIsInJvbGUiOiJtZWRlY2luIn19.05jCxelBfkrjwXDkwAdsj52ZfEwT75HpdpBbVN23qZE
[2025-06-16 15:16:46] Token extracted: eyJ0eXAiOiJKV1QiLCJh...
[2025-06-16 15:16:46] Utilisateur authentifié: userId=1
[2025-06-16 15:16:46] Rôle de l'utilisateur: role=medecin
[2025-06-16 15:16:46] Médecin identifié: medecinId=1
[2025-06-16 15:16:46] Requête GET pour la liste ou un rendez-vous spécifique
[2025-06-16 15:16:46] Rendez-vous trouvés: [
    {
        "id": 1,
        "patient_id": 1,
        "medecin_id": 1,
        "nom": "ndiaye",
        "prenom": "kabyra",
        "date_rdv": "2024-06-15 10:00:00",
        "motif": "Consultation initial",
        "statut": "termine",
        "lieu": "Salle 1",
        "duree": 45,
        "notes": "Prise de sang recommand?e",
        "type_rdv": "urgence"
    },
    {
        "id": 2,
        "patient_id": 1,
        "medecin_id": 1,
        "nom": "ndiaye",
        "prenom": "kabyra",
        "date_rdv": "2024-07-01 09:30:00",
        "motif": "Suivi traitement",
        "statut": "termine",
        "lieu": "Salle 2",
        "duree": 30,
        "notes": "N\/A",
        "type_rdv": "suivi"
    },
    {
        "id": 3,
        "patient_id": 1,
        "medecin_id": 1,
        "nom": "ndiaye",
        "prenom": "kabyra",
        "date_rdv": "2024-08-10 11:00:00",
        "motif": "Contr?le g?n?ral",
        "statut": "termine",
        "lieu": "Salle 1",
        "duree": 60,
        "notes": "N\/A",
        "type_rdv": "consultation"
    },
    {
        "id": 8,
        "patient_id": 1,
        "medecin_id": 1,
        "nom": "ndiaye",
        "prenom": "kabyra",
        "date_rdv": "2025-06-15 10:56:00",
        "motif": "nause",
        "statut": "planifie",
        "lieu": "salle 1",
        "duree": 30,
        "notes": "urgent",
        "type_rdv": "suivi"
    },
    {
        "id": 9,
        "patient_id": 1,
        "medecin_id": 1,
        "nom": "ndiaye",
        "prenom": "kabyra",
        "date_rdv": "2025-06-16 10:12:00",
        "motif": "maux de tete",
        "statut": "planifie",
        "lieu": "salle 1",
        "duree": 30,
        "notes": "test",
        "type_rdv": "suivi"
    },
    {
        "id": 4,
        "patient_id": 2,
        "medecin_id": 1,
        "nom": "dell",
        "prenom": "modou",
        "date_rdv": "2024-07-05 14:00:00",
        "motif": "Consultation p?diatrique",
        "statut": "termine",
        "lieu": "Salle 3",
        "duree": 45,
        "notes": "N\/A",
        "type_rdv": "consultation"
    },
    {
        "id": 5,
        "patient_id": 3,
        "medecin_id": 1,
        "nom": "ayshu",
        "prenom": "queen",
        "date_rdv": "2024-08-12 15:00:00",
        "motif": "IRM neurologique",
        "statut": "termine",
        "lieu": "Salle 4",
        "duree": 90,
        "notes": "Pr?parer IRM avec contraste",
        "type_rdv": "urgence"
    },
    {
        "id": 6,
        "patient_id": 4,
        "medecin_id": 1,
        "nom": "mbacke",
        "prenom": "amsatou",
        "date_rdv": "2024-09-01 13:00:00",
        "motif": "Consultation de routine",
        "statut": "termine",
        "lieu": "Salle 1",
        "duree": 30,
        "notes": "N\/A",
        "type_rdv": "consultation"
    },
    {
        "id": 7,
        "patient_id": 5,
        "medecin_id": 1,
        "nom": "lam",
        "prenom": "souleymane",
        "date_rdv": "2024-09-10 09:00:00",
        "motif": "Analyse scanner",
        "statut": "termine",
        "lieu": "Salle 2",
        "duree": 60,
        "notes": "N\/A",
        "type_rdv": "urgence"
    },
    {
        "id": 10,
        "patient_id": 10,
        "medecin_id": 1,
        "nom": "testt",
        "prenom": "tesdtt",
        "date_rdv": "2025-06-16 12:01:00",
        "motif": "test",
        "statut": "planifie",
        "lieu": "test",
        "duree": 30,
        "notes": "test",
        "type_rdv": "consultation"
    },
    {
        "id": 11,
        "patient_id": 11,
        "medecin_id": 1,
        "nom": "gueye",
        "prenom": "yass",
        "date_rdv": "2025-06-16 12:24:00",
        "motif": "test",
        "statut": "planifie",
        "lieu": "test",
        "duree": 30,
        "notes": "test",
        "type_rdv": "consultation"
    }
]
[2025-06-16 15:16:52] Authorization header: Bearer eyJ0eXAiOiJKV1QiLCJhbGciOiJIUzI1NiJ9.eyJpYXQiOjE3NTAwNzY3NzksImV4cCI6MTc1MDE2MzE3OSwiZGF0YSI6eyJpZCI6MSwiZW1haWwiOiJhaWNoYXNhZ25lQGVzcC5zbiIsInJvbGUiOiJtZWRlY2luIn19.05jCxelBfkrjwXDkwAdsj52ZfEwT75HpdpBbVN23qZE
[2025-06-16 15:16:52] Token extracted: eyJ0eXAiOiJKV1QiLCJh...
[2025-06-16 15:16:52] Utilisateur authentifié: userId=1
[2025-06-16 15:16:52] Rôle de l'utilisateur: role=medecin
[2025-06-16 15:16:52] Médecin identifié: medecinId=1
[2025-06-16 15:16:52] Requête GET pour la liste ou un rendez-vous spécifique
[2025-06-16 15:16:52] Rendez-vous trouvé avec ID: 1
[2025-06-16 15:18:38] Authorization header: Bearer eyJ0eXAiOiJKV1QiLCJhbGciOiJIUzI1NiJ9.eyJpYXQiOjE3NTAwNzY3NzksImV4cCI6MTc1MDE2MzE3OSwiZGF0YSI6eyJpZCI6MSwiZW1haWwiOiJhaWNoYXNhZ25lQGVzcC5zbiIsInJvbGUiOiJtZWRlY2luIn19.05jCxelBfkrjwXDkwAdsj52ZfEwT75HpdpBbVN23qZE
[2025-06-16 15:18:38] Token extracted: eyJ0eXAiOiJKV1QiLCJh...
[2025-06-16 15:18:38] Utilisateur authentifié: userId=1
[2025-06-16 15:18:38] Rôle de l'utilisateur: role=medecin
[2025-06-16 15:18:38] Médecin identifié: medecinId=1
[2025-06-16 15:18:38] Requête GET pour la liste ou un rendez-vous spécifique
[2025-06-16 15:18:38] Vérification de conflit pour date 2025-06-16T13:18, patient 11: Pas de conflit
[2025-06-16 15:18:38] Authorization header: Bearer eyJ0eXAiOiJKV1QiLCJhbGciOiJIUzI1NiJ9.eyJpYXQiOjE3NTAwNzY3NzksImV4cCI6MTc1MDE2MzE3OSwiZGF0YSI6eyJpZCI6MSwiZW1haWwiOiJhaWNoYXNhZ25lQGVzcC5zbiIsInJvbGUiOiJtZWRlY2luIn19.05jCxelBfkrjwXDkwAdsj52ZfEwT75HpdpBbVN23qZE
[2025-06-16 15:18:38] Token extracted: eyJ0eXAiOiJKV1QiLCJh...
[2025-06-16 15:18:38] Utilisateur authentifié: userId=1
[2025-06-16 15:18:38] Rôle de l'utilisateur: role=medecin
[2025-06-16 15:18:38] Médecin identifié: medecinId=1
[2025-06-16 15:18:38] Requête POST pour planifier un rendez-vous
[2025-06-16 15:18:39] Rendez-vous planifié avec ID: 12
[2025-06-16 15:18:41] Authorization header: Bearer eyJ0eXAiOiJKV1QiLCJhbGciOiJIUzI1NiJ9.eyJpYXQiOjE3NTAwNzY3NzksImV4cCI6MTc1MDE2MzE3OSwiZGF0YSI6eyJpZCI6MSwiZW1haWwiOiJhaWNoYXNhZ25lQGVzcC5zbiIsInJvbGUiOiJtZWRlY2luIn19.05jCxelBfkrjwXDkwAdsj52ZfEwT75HpdpBbVN23qZE
[2025-06-16 15:18:41] Token extracted: eyJ0eXAiOiJKV1QiLCJh...
[2025-06-16 15:18:41] Utilisateur authentifié: userId=1
[2025-06-16 15:18:41] Rôle de l'utilisateur: role=medecin
[2025-06-16 15:18:41] Médecin identifié: medecinId=1
[2025-06-16 15:18:41] Requête GET pour la liste ou un rendez-vous spécifique
[2025-06-16 15:18:41] Rendez-vous trouvés: [
    {
        "id": 1,
        "patient_id": 1,
        "medecin_id": 1,
        "nom": "ndiaye",
        "prenom": "kabyra",
        "date_rdv": "2024-06-15 10:00:00",
        "motif": "Consultation initial",
        "statut": "termine",
        "lieu": "Salle 1",
        "duree": 45,
        "notes": "Prise de sang recommand?e",
        "type_rdv": "urgence"
    },
    {
        "id": 2,
        "patient_id": 1,
        "medecin_id": 1,
        "nom": "ndiaye",
        "prenom": "kabyra",
        "date_rdv": "2024-07-01 09:30:00",
        "motif": "Suivi traitement",
        "statut": "termine",
        "lieu": "Salle 2",
        "duree": 30,
        "notes": "N\/A",
        "type_rdv": "suivi"
    },
    {
        "id": 3,
        "patient_id": 1,
        "medecin_id": 1,
        "nom": "ndiaye",
        "prenom": "kabyra",
        "date_rdv": "2024-08-10 11:00:00",
        "motif": "Contr?le g?n?ral",
        "statut": "termine",
        "lieu": "Salle 1",
        "duree": 60,
        "notes": "N\/A",
        "type_rdv": "consultation"
    },
    {
        "id": 8,
        "patient_id": 1,
        "medecin_id": 1,
        "nom": "ndiaye",
        "prenom": "kabyra",
        "date_rdv": "2025-06-15 10:56:00",
        "motif": "nause",
        "statut": "planifie",
        "lieu": "salle 1",
        "duree": 30,
        "notes": "urgent",
        "type_rdv": "suivi"
    },
    {
        "id": 9,
        "patient_id": 1,
        "medecin_id": 1,
        "nom": "ndiaye",
        "prenom": "kabyra",
        "date_rdv": "2025-06-16 10:12:00",
        "motif": "maux de tete",
        "statut": "planifie",
        "lieu": "salle 1",
        "duree": 30,
        "notes": "test",
        "type_rdv": "suivi"
    },
    {
        "id": 4,
        "patient_id": 2,
        "medecin_id": 1,
        "nom": "dell",
        "prenom": "modou",
        "date_rdv": "2024-07-05 14:00:00",
        "motif": "Consultation p?diatrique",
        "statut": "termine",
        "lieu": "Salle 3",
        "duree": 45,
        "notes": "N\/A",
        "type_rdv": "consultation"
    },
    {
        "id": 5,
        "patient_id": 3,
        "medecin_id": 1,
        "nom": "ayshu",
        "prenom": "queen",
        "date_rdv": "2024-08-12 15:00:00",
        "motif": "IRM neurologique",
        "statut": "termine",
        "lieu": "Salle 4",
        "duree": 90,
        "notes": "Pr?parer IRM avec contraste",
        "type_rdv": "urgence"
    },
    {
        "id": 6,
        "patient_id": 4,
        "medecin_id": 1,
        "nom": "mbacke",
        "prenom": "amsatou",
        "date_rdv": "2024-09-01 13:00:00",
        "motif": "Consultation de routine",
        "statut": "termine",
        "lieu": "Salle 1",
        "duree": 30,
        "notes": "N\/A",
        "type_rdv": "consultation"
    },
    {
        "id": 7,
        "patient_id": 5,
        "medecin_id": 1,
        "nom": "lam",
        "prenom": "souleymane",
        "date_rdv": "2024-09-10 09:00:00",
        "motif": "Analyse scanner",
        "statut": "termine",
        "lieu": "Salle 2",
        "duree": 60,
        "notes": "N\/A",
        "type_rdv": "urgence"
    },
    {
        "id": 10,
        "patient_id": 10,
        "medecin_id": 1,
        "nom": "testt",
        "prenom": "tesdtt",
        "date_rdv": "2025-06-16 12:01:00",
        "motif": "test",
        "statut": "planifie",
        "lieu": "test",
        "duree": 30,
        "notes": "test",
        "type_rdv": "consultation"
    },
    {
        "id": 11,
        "patient_id": 11,
        "medecin_id": 1,
        "nom": "gueye",
        "prenom": "yass",
        "date_rdv": "2025-06-16 12:24:00",
        "motif": "test",
        "statut": "planifie",
        "lieu": "test",
        "duree": 30,
        "notes": "test",
        "type_rdv": "consultation"
    },
    {
        "id": 12,
        "patient_id": 11,
        "medecin_id": 1,
        "nom": "gueye",
        "prenom": "yass",
        "date_rdv": "2025-06-16 13:18:00",
        "motif": "test",
        "statut": "planifie",
        "lieu": "test",
        "duree": 30,
        "notes": "test",
        "type_rdv": "consultation"
    }
]
[2025-06-16 15:42:54] Authorization header: Bearer eyJ0eXAiOiJKV1QiLCJhbGciOiJIUzI1NiJ9.eyJpYXQiOjE3NTAwNzY3NzksImV4cCI6MTc1MDE2MzE3OSwiZGF0YSI6eyJpZCI6MSwiZW1haWwiOiJhaWNoYXNhZ25lQGVzcC5zbiIsInJvbGUiOiJtZWRlY2luIn19.05jCxelBfkrjwXDkwAdsj52ZfEwT75HpdpBbVN23qZE
[2025-06-16 15:42:54] Token extracted: eyJ0eXAiOiJKV1QiLCJh...
[2025-06-16 15:42:54] Utilisateur authentifié: userId=1
[2025-06-16 15:42:54] Rôle de l'utilisateur: role=medecin
[2025-06-16 15:42:54] Médecin identifié: medecinId=1
[2025-06-16 15:42:54] Requête GET pour la liste ou un rendez-vous spécifique
[2025-06-16 15:42:54] Rendez-vous trouvés: [
    {
        "id": 1,
        "patient_id": 1,
        "medecin_id": 1,
        "nom": "ndiaye",
        "prenom": "kabyra",
        "date_rdv": "2024-06-15 10:00:00",
        "motif": "Consultation initial",
        "statut": "termine",
        "lieu": "Salle 1",
        "duree": 45,
        "notes": "Prise de sang recommand?e",
        "type_rdv": "urgence"
    },
    {
        "id": 2,
        "patient_id": 1,
        "medecin_id": 1,
        "nom": "ndiaye",
        "prenom": "kabyra",
        "date_rdv": "2024-07-01 09:30:00",
        "motif": "Suivi traitement",
        "statut": "termine",
        "lieu": "Salle 2",
        "duree": 30,
        "notes": "N\/A",
        "type_rdv": "suivi"
    },
    {
        "id": 3,
        "patient_id": 1,
        "medecin_id": 1,
        "nom": "ndiaye",
        "prenom": "kabyra",
        "date_rdv": "2024-08-10 11:00:00",
        "motif": "Contr?le g?n?ral",
        "statut": "termine",
        "lieu": "Salle 1",
        "duree": 60,
        "notes": "N\/A",
        "type_rdv": "consultation"
    },
    {
        "id": 8,
        "patient_id": 1,
        "medecin_id": 1,
        "nom": "ndiaye",
        "prenom": "kabyra",
        "date_rdv": "2025-06-15 10:56:00",
        "motif": "nause",
        "statut": "planifie",
        "lieu": "salle 1",
        "duree": 30,
        "notes": "urgent",
        "type_rdv": "suivi"
    },
    {
        "id": 9,
        "patient_id": 1,
        "medecin_id": 1,
        "nom": "ndiaye",
        "prenom": "kabyra",
        "date_rdv": "2025-06-16 10:12:00",
        "motif": "maux de tete",
        "statut": "planifie",
        "lieu": "salle 1",
        "duree": 30,
        "notes": "test",
        "type_rdv": "suivi"
    },
    {
        "id": 4,
        "patient_id": 2,
        "medecin_id": 1,
        "nom": "dell",
        "prenom": "modou",
        "date_rdv": "2024-07-05 14:00:00",
        "motif": "Consultation p?diatrique",
        "statut": "termine",
        "lieu": "Salle 3",
        "duree": 45,
        "notes": "N\/A",
        "type_rdv": "consultation"
    },
    {
        "id": 5,
        "patient_id": 3,
        "medecin_id": 1,
        "nom": "ayshu",
        "prenom": "queen",
        "date_rdv": "2024-08-12 15:00:00",
        "motif": "IRM neurologique",
        "statut": "termine",
        "lieu": "Salle 4",
        "duree": 90,
        "notes": "Pr?parer IRM avec contraste",
        "type_rdv": "urgence"
    },
    {
        "id": 6,
        "patient_id": 4,
        "medecin_id": 1,
        "nom": "mbacke",
        "prenom": "amsatou",
        "date_rdv": "2024-09-01 13:00:00",
        "motif": "Consultation de routine",
        "statut": "termine",
        "lieu": "Salle 1",
        "duree": 30,
        "notes": "N\/A",
        "type_rdv": "consultation"
    },
    {
        "id": 7,
        "patient_id": 5,
        "medecin_id": 1,
        "nom": "lam",
        "prenom": "souleymane",
        "date_rdv": "2024-09-10 09:00:00",
        "motif": "Analyse scanner",
        "statut": "termine",
        "lieu": "Salle 2",
        "duree": 60,
        "notes": "N\/A",
        "type_rdv": "urgence"
    },
    {
        "id": 10,
        "patient_id": 10,
        "medecin_id": 1,
        "nom": "testt",
        "prenom": "tesdtt",
        "date_rdv": "2025-06-16 12:01:00",
        "motif": "test",
        "statut": "planifie",
        "lieu": "test",
        "duree": 30,
        "notes": "test",
        "type_rdv": "consultation"
    },
    {
        "id": 11,
        "patient_id": 11,
        "medecin_id": 1,
        "nom": "gueye",
        "prenom": "yass",
        "date_rdv": "2025-06-16 12:24:00",
        "motif": "test",
        "statut": "planifie",
        "lieu": "test",
        "duree": 30,
        "notes": "test",
        "type_rdv": "consultation"
    },
    {
        "id": 12,
        "patient_id": 11,
        "medecin_id": 1,
        "nom": "gueye",
        "prenom": "yass",
        "date_rdv": "2025-06-16 13:18:00",
        "motif": "test",
        "statut": "planifie",
        "lieu": "test",
        "duree": 30,
        "notes": "test",
        "type_rdv": "consultation"
    }
]
[2025-06-16 15:42:59] Authorization header: Bearer eyJ0eXAiOiJKV1QiLCJhbGciOiJIUzI1NiJ9.eyJpYXQiOjE3NTAwNzY3NzksImV4cCI6MTc1MDE2MzE3OSwiZGF0YSI6eyJpZCI6MSwiZW1haWwiOiJhaWNoYXNhZ25lQGVzcC5zbiIsInJvbGUiOiJtZWRlY2luIn19.05jCxelBfkrjwXDkwAdsj52ZfEwT75HpdpBbVN23qZE
[2025-06-16 15:42:59] Token extracted: eyJ0eXAiOiJKV1QiLCJh...
[2025-06-16 15:42:59] Utilisateur authentifié: userId=1
[2025-06-16 15:42:59] Rôle de l'utilisateur: role=medecin
[2025-06-16 15:42:59] Médecin identifié: medecinId=1
[2025-06-16 15:42:59] Requête GET pour la liste ou un rendez-vous spécifique
[2025-06-16 15:42:59] Rendez-vous trouvés: [
    {
        "id": 1,
        "patient_id": 1,
        "medecin_id": 1,
        "nom": "ndiaye",
        "prenom": "kabyra",
        "date_rdv": "2024-06-15 10:00:00",
        "motif": "Consultation initial",
        "statut": "termine",
        "lieu": "Salle 1",
        "duree": 45,
        "notes": "Prise de sang recommand?e",
        "type_rdv": "urgence"
    },
    {
        "id": 2,
        "patient_id": 1,
        "medecin_id": 1,
        "nom": "ndiaye",
        "prenom": "kabyra",
        "date_rdv": "2024-07-01 09:30:00",
        "motif": "Suivi traitement",
        "statut": "termine",
        "lieu": "Salle 2",
        "duree": 30,
        "notes": "N\/A",
        "type_rdv": "suivi"
    },
    {
        "id": 3,
        "patient_id": 1,
        "medecin_id": 1,
        "nom": "ndiaye",
        "prenom": "kabyra",
        "date_rdv": "2024-08-10 11:00:00",
        "motif": "Contr?le g?n?ral",
        "statut": "termine",
        "lieu": "Salle 1",
        "duree": 60,
        "notes": "N\/A",
        "type_rdv": "consultation"
    },
    {
        "id": 8,
        "patient_id": 1,
        "medecin_id": 1,
        "nom": "ndiaye",
        "prenom": "kabyra",
        "date_rdv": "2025-06-15 10:56:00",
        "motif": "nause",
        "statut": "planifie",
        "lieu": "salle 1",
        "duree": 30,
        "notes": "urgent",
        "type_rdv": "suivi"
    },
    {
        "id": 9,
        "patient_id": 1,
        "medecin_id": 1,
        "nom": "ndiaye",
        "prenom": "kabyra",
        "date_rdv": "2025-06-16 10:12:00",
        "motif": "maux de tete",
        "statut": "planifie",
        "lieu": "salle 1",
        "duree": 30,
        "notes": "test",
        "type_rdv": "suivi"
    },
    {
        "id": 4,
        "patient_id": 2,
        "medecin_id": 1,
        "nom": "dell",
        "prenom": "modou",
        "date_rdv": "2024-07-05 14:00:00",
        "motif": "Consultation p?diatrique",
        "statut": "termine",
        "lieu": "Salle 3",
        "duree": 45,
        "notes": "N\/A",
        "type_rdv": "consultation"
    },
    {
        "id": 5,
        "patient_id": 3,
        "medecin_id": 1,
        "nom": "ayshu",
        "prenom": "queen",
        "date_rdv": "2024-08-12 15:00:00",
        "motif": "IRM neurologique",
        "statut": "termine",
        "lieu": "Salle 4",
        "duree": 90,
        "notes": "Pr?parer IRM avec contraste",
        "type_rdv": "urgence"
    },
    {
        "id": 6,
        "patient_id": 4,
        "medecin_id": 1,
        "nom": "mbacke",
        "prenom": "amsatou",
        "date_rdv": "2024-09-01 13:00:00",
        "motif": "Consultation de routine",
        "statut": "termine",
        "lieu": "Salle 1",
        "duree": 30,
        "notes": "N\/A",
        "type_rdv": "consultation"
    },
    {
        "id": 7,
        "patient_id": 5,
        "medecin_id": 1,
        "nom": "lam",
        "prenom": "souleymane",
        "date_rdv": "2024-09-10 09:00:00",
        "motif": "Analyse scanner",
        "statut": "termine",
        "lieu": "Salle 2",
        "duree": 60,
        "notes": "N\/A",
        "type_rdv": "urgence"
    },
    {
        "id": 10,
        "patient_id": 10,
        "medecin_id": 1,
        "nom": "testt",
        "prenom": "tesdtt",
        "date_rdv": "2025-06-16 12:01:00",
        "motif": "test",
        "statut": "planifie",
        "lieu": "test",
        "duree": 30,
        "notes": "test",
        "type_rdv": "consultation"
    },
    {
        "id": 11,
        "patient_id": 11,
        "medecin_id": 1,
        "nom": "gueye",
        "prenom": "yass",
        "date_rdv": "2025-06-16 12:24:00",
        "motif": "test",
        "statut": "planifie",
        "lieu": "test",
        "duree": 30,
        "notes": "test",
        "type_rdv": "consultation"
    },
    {
        "id": 12,
        "patient_id": 11,
        "medecin_id": 1,
        "nom": "gueye",
        "prenom": "yass",
        "date_rdv": "2025-06-16 13:18:00",
        "motif": "test",
        "statut": "planifie",
        "lieu": "test",
        "duree": 30,
        "notes": "test",
        "type_rdv": "consultation"
    }
]
[2025-06-16 15:43:11] Authorization header: Bearer eyJ0eXAiOiJKV1QiLCJhbGciOiJIUzI1NiJ9.eyJpYXQiOjE3NTAwNzY3NzksImV4cCI6MTc1MDE2MzE3OSwiZGF0YSI6eyJpZCI6MSwiZW1haWwiOiJhaWNoYXNhZ25lQGVzcC5zbiIsInJvbGUiOiJtZWRlY2luIn19.05jCxelBfkrjwXDkwAdsj52ZfEwT75HpdpBbVN23qZE
[2025-06-16 15:43:11] Token extracted: eyJ0eXAiOiJKV1QiLCJh...
[2025-06-16 15:43:11] Utilisateur authentifié: userId=1
[2025-06-16 15:43:11] Rôle de l'utilisateur: role=medecin
[2025-06-16 15:43:11] Médecin identifié: medecinId=1
[2025-06-16 15:43:11] Requête GET pour la liste ou un rendez-vous spécifique
[2025-06-16 15:43:11] Rendez-vous trouvé avec ID: 8
[2025-06-16 15:48:13] Authorization header: Bearer eyJ0eXAiOiJKV1QiLCJhbGciOiJIUzI1NiJ9.eyJpYXQiOjE3NTAwNzY3NzksImV4cCI6MTc1MDE2MzE3OSwiZGF0YSI6eyJpZCI6MSwiZW1haWwiOiJhaWNoYXNhZ25lQGVzcC5zbiIsInJvbGUiOiJtZWRlY2luIn19.05jCxelBfkrjwXDkwAdsj52ZfEwT75HpdpBbVN23qZE
[2025-06-16 15:48:13] Token extracted: eyJ0eXAiOiJKV1QiLCJh...
[2025-06-16 15:48:13] Utilisateur authentifié: userId=1
[2025-06-16 15:48:13] Rôle de l'utilisateur: role=medecin
[2025-06-16 15:48:13] Médecin identifié: medecinId=1
[2025-06-16 15:48:13] Requête GET pour la liste ou un rendez-vous spécifique
[2025-06-16 15:48:13] Rendez-vous trouvés: [
    {
        "id": 1,
        "patient_id": 1,
        "medecin_id": 1,
        "nom": "ndiaye",
        "prenom": "kabyra",
        "date_rdv": "2024-06-15 10:00:00",
        "motif": "Consultation initial",
        "statut": "termine",
        "lieu": "Salle 1",
        "duree": 45,
        "notes": "Prise de sang recommand?e",
        "type_rdv": "urgence"
    },
    {
        "id": 2,
        "patient_id": 1,
        "medecin_id": 1,
        "nom": "ndiaye",
        "prenom": "kabyra",
        "date_rdv": "2024-07-01 09:30:00",
        "motif": "Suivi traitement",
        "statut": "termine",
        "lieu": "Salle 2",
        "duree": 30,
        "notes": "N\/A",
        "type_rdv": "suivi"
    },
    {
        "id": 3,
        "patient_id": 1,
        "medecin_id": 1,
        "nom": "ndiaye",
        "prenom": "kabyra",
        "date_rdv": "2024-08-10 11:00:00",
        "motif": "Contr?le g?n?ral",
        "statut": "termine",
        "lieu": "Salle 1",
        "duree": 60,
        "notes": "N\/A",
        "type_rdv": "consultation"
    },
    {
        "id": 8,
        "patient_id": 1,
        "medecin_id": 1,
        "nom": "ndiaye",
        "prenom": "kabyra",
        "date_rdv": "2025-06-15 10:56:00",
        "motif": "nause",
        "statut": "planifie",
        "lieu": "salle 1",
        "duree": 30,
        "notes": "urgent",
        "type_rdv": "suivi"
    },
    {
        "id": 9,
        "patient_id": 1,
        "medecin_id": 1,
        "nom": "ndiaye",
        "prenom": "kabyra",
        "date_rdv": "2025-06-16 10:12:00",
        "motif": "maux de tete",
        "statut": "planifie",
        "lieu": "salle 1",
        "duree": 30,
        "notes": "test",
        "type_rdv": "suivi"
    },
    {
        "id": 4,
        "patient_id": 2,
        "medecin_id": 1,
        "nom": "dell",
        "prenom": "modou",
        "date_rdv": "2024-07-05 14:00:00",
        "motif": "Consultation p?diatrique",
        "statut": "termine",
        "lieu": "Salle 3",
        "duree": 45,
        "notes": "N\/A",
        "type_rdv": "consultation"
    },
    {
        "id": 5,
        "patient_id": 3,
        "medecin_id": 1,
        "nom": "ayshu",
        "prenom": "queen",
        "date_rdv": "2024-08-12 15:00:00",
        "motif": "IRM neurologique",
        "statut": "termine",
        "lieu": "Salle 4",
        "duree": 90,
        "notes": "Pr?parer IRM avec contraste",
        "type_rdv": "urgence"
    },
    {
        "id": 6,
        "patient_id": 4,
        "medecin_id": 1,
        "nom": "mbacke",
        "prenom": "amsatou",
        "date_rdv": "2024-09-01 13:00:00",
        "motif": "Consultation de routine",
        "statut": "termine",
        "lieu": "Salle 1",
        "duree": 30,
        "notes": "N\/A",
        "type_rdv": "consultation"
    },
    {
        "id": 7,
        "patient_id": 5,
        "medecin_id": 1,
        "nom": "lam",
        "prenom": "souleymane",
        "date_rdv": "2024-09-10 09:00:00",
        "motif": "Analyse scanner",
        "statut": "termine",
        "lieu": "Salle 2",
        "duree": 60,
        "notes": "N\/A",
        "type_rdv": "urgence"
    },
    {
        "id": 10,
        "patient_id": 10,
        "medecin_id": 1,
        "nom": "testt",
        "prenom": "tesdtt",
        "date_rdv": "2025-06-16 12:01:00",
        "motif": "test",
        "statut": "planifie",
        "lieu": "test",
        "duree": 30,
        "notes": "test",
        "type_rdv": "consultation"
    },
    {
        "id": 11,
        "patient_id": 11,
        "medecin_id": 1,
        "nom": "gueye",
        "prenom": "yass",
        "date_rdv": "2025-06-16 12:24:00",
        "motif": "test",
        "statut": "planifie",
        "lieu": "test",
        "duree": 30,
        "notes": "test",
        "type_rdv": "consultation"
    },
    {
        "id": 12,
        "patient_id": 11,
        "medecin_id": 1,
        "nom": "gueye",
        "prenom": "yass",
        "date_rdv": "2025-06-16 13:18:00",
        "motif": "test",
        "statut": "planifie",
        "lieu": "test",
        "duree": 30,
        "notes": "test",
        "type_rdv": "consultation"
    }
]
[2025-06-16 15:48:14] Authorization header: Bearer eyJ0eXAiOiJKV1QiLCJhbGciOiJIUzI1NiJ9.eyJpYXQiOjE3NTAwNzY3NzksImV4cCI6MTc1MDE2MzE3OSwiZGF0YSI6eyJpZCI6MSwiZW1haWwiOiJhaWNoYXNhZ25lQGVzcC5zbiIsInJvbGUiOiJtZWRlY2luIn19.05jCxelBfkrjwXDkwAdsj52ZfEwT75HpdpBbVN23qZE
[2025-06-16 15:48:14] Token extracted: eyJ0eXAiOiJKV1QiLCJh...
[2025-06-16 15:48:14] Utilisateur authentifié: userId=1
[2025-06-16 15:48:14] Rôle de l'utilisateur: role=medecin
[2025-06-16 15:48:14] Médecin identifié: medecinId=1
[2025-06-16 15:48:14] Requête GET pour la liste ou un rendez-vous spécifique
[2025-06-16 15:48:14] Rendez-vous trouvés: [
    {
        "id": 1,
        "patient_id": 1,
        "medecin_id": 1,
        "nom": "ndiaye",
        "prenom": "kabyra",
        "date_rdv": "2024-06-15 10:00:00",
        "motif": "Consultation initial",
        "statut": "termine",
        "lieu": "Salle 1",
        "duree": 45,
        "notes": "Prise de sang recommand?e",
        "type_rdv": "urgence"
    },
    {
        "id": 2,
        "patient_id": 1,
        "medecin_id": 1,
        "nom": "ndiaye",
        "prenom": "kabyra",
        "date_rdv": "2024-07-01 09:30:00",
        "motif": "Suivi traitement",
        "statut": "termine",
        "lieu": "Salle 2",
        "duree": 30,
        "notes": "N\/A",
        "type_rdv": "suivi"
    },
    {
        "id": 3,
        "patient_id": 1,
        "medecin_id": 1,
        "nom": "ndiaye",
        "prenom": "kabyra",
        "date_rdv": "2024-08-10 11:00:00",
        "motif": "Contr?le g?n?ral",
        "statut": "termine",
        "lieu": "Salle 1",
        "duree": 60,
        "notes": "N\/A",
        "type_rdv": "consultation"
    },
    {
        "id": 8,
        "patient_id": 1,
        "medecin_id": 1,
        "nom": "ndiaye",
        "prenom": "kabyra",
        "date_rdv": "2025-06-15 10:56:00",
        "motif": "nause",
        "statut": "planifie",
        "lieu": "salle 1",
        "duree": 30,
        "notes": "urgent",
        "type_rdv": "suivi"
    },
    {
        "id": 9,
        "patient_id": 1,
        "medecin_id": 1,
        "nom": "ndiaye",
        "prenom": "kabyra",
        "date_rdv": "2025-06-16 10:12:00",
        "motif": "maux de tete",
        "statut": "planifie",
        "lieu": "salle 1",
        "duree": 30,
        "notes": "test",
        "type_rdv": "suivi"
    },
    {
        "id": 4,
        "patient_id": 2,
        "medecin_id": 1,
        "nom": "dell",
        "prenom": "modou",
        "date_rdv": "2024-07-05 14:00:00",
        "motif": "Consultation p?diatrique",
        "statut": "termine",
        "lieu": "Salle 3",
        "duree": 45,
        "notes": "N\/A",
        "type_rdv": "consultation"
    },
    {
        "id": 5,
        "patient_id": 3,
        "medecin_id": 1,
        "nom": "ayshu",
        "prenom": "queen",
        "date_rdv": "2024-08-12 15:00:00",
        "motif": "IRM neurologique",
        "statut": "termine",
        "lieu": "Salle 4",
        "duree": 90,
        "notes": "Pr?parer IRM avec contraste",
        "type_rdv": "urgence"
    },
    {
        "id": 6,
        "patient_id": 4,
        "medecin_id": 1,
        "nom": "mbacke",
        "prenom": "amsatou",
        "date_rdv": "2024-09-01 13:00:00",
        "motif": "Consultation de routine",
        "statut": "termine",
        "lieu": "Salle 1",
        "duree": 30,
        "notes": "N\/A",
        "type_rdv": "consultation"
    },
    {
        "id": 7,
        "patient_id": 5,
        "medecin_id": 1,
        "nom": "lam",
        "prenom": "souleymane",
        "date_rdv": "2024-09-10 09:00:00",
        "motif": "Analyse scanner",
        "statut": "termine",
        "lieu": "Salle 2",
        "duree": 60,
        "notes": "N\/A",
        "type_rdv": "urgence"
    },
    {
        "id": 10,
        "patient_id": 10,
        "medecin_id": 1,
        "nom": "testt",
        "prenom": "tesdtt",
        "date_rdv": "2025-06-16 12:01:00",
        "motif": "test",
        "statut": "planifie",
        "lieu": "test",
        "duree": 30,
        "notes": "test",
        "type_rdv": "consultation"
    },
    {
        "id": 11,
        "patient_id": 11,
        "medecin_id": 1,
        "nom": "gueye",
        "prenom": "yass",
        "date_rdv": "2025-06-16 12:24:00",
        "motif": "test",
        "statut": "planifie",
        "lieu": "test",
        "duree": 30,
        "notes": "test",
        "type_rdv": "consultation"
    },
    {
        "id": 12,
        "patient_id": 11,
        "medecin_id": 1,
        "nom": "gueye",
        "prenom": "yass",
        "date_rdv": "2025-06-16 13:18:00",
        "motif": "test",
        "statut": "planifie",
        "lieu": "test",
        "duree": 30,
        "notes": "test",
        "type_rdv": "consultation"
    }
]
[2025-06-16 15:48:26] Authorization header: Bearer eyJ0eXAiOiJKV1QiLCJhbGciOiJIUzI1NiJ9.eyJpYXQiOjE3NTAwNzY3NzksImV4cCI6MTc1MDE2MzE3OSwiZGF0YSI6eyJpZCI6MSwiZW1haWwiOiJhaWNoYXNhZ25lQGVzcC5zbiIsInJvbGUiOiJtZWRlY2luIn19.05jCxelBfkrjwXDkwAdsj52ZfEwT75HpdpBbVN23qZE
[2025-06-16 15:48:26] Token extracted: eyJ0eXAiOiJKV1QiLCJh...
[2025-06-16 15:48:26] Utilisateur authentifié: userId=1
[2025-06-16 15:48:26] Rôle de l'utilisateur: role=medecin
[2025-06-16 15:48:26] Médecin identifié: medecinId=1
[2025-06-16 15:48:26] Requête GET pour la liste ou un rendez-vous spécifique
[2025-06-16 15:48:26] Rendez-vous trouvé avec ID: 1
[2025-06-16 15:48:34] Authorization header: Bearer eyJ0eXAiOiJKV1QiLCJhbGciOiJIUzI1NiJ9.eyJpYXQiOjE3NTAwNzY3NzksImV4cCI6MTc1MDE2MzE3OSwiZGF0YSI6eyJpZCI6MSwiZW1haWwiOiJhaWNoYXNhZ25lQGVzcC5zbiIsInJvbGUiOiJtZWRlY2luIn19.05jCxelBfkrjwXDkwAdsj52ZfEwT75HpdpBbVN23qZE
[2025-06-16 15:48:34] Token extracted: eyJ0eXAiOiJKV1QiLCJh...
[2025-06-16 15:48:34] Utilisateur authentifié: userId=1
[2025-06-16 15:48:34] Rôle de l'utilisateur: role=medecin
[2025-06-16 15:48:34] Médecin identifié: medecinId=1
[2025-06-16 15:48:34] Requête GET pour la liste ou un rendez-vous spécifique
[2025-06-16 15:48:34] Vérification de conflit pour date 2024-06-15T10:00, patient 1: Pas de conflit
[2025-06-16 15:48:34] Authorization header: Bearer eyJ0eXAiOiJKV1QiLCJhbGciOiJIUzI1NiJ9.eyJpYXQiOjE3NTAwNzY3NzksImV4cCI6MTc1MDE2MzE3OSwiZGF0YSI6eyJpZCI6MSwiZW1haWwiOiJhaWNoYXNhZ25lQGVzcC5zbiIsInJvbGUiOiJtZWRlY2luIn19.05jCxelBfkrjwXDkwAdsj52ZfEwT75HpdpBbVN23qZE
[2025-06-16 15:48:34] Token extracted: eyJ0eXAiOiJKV1QiLCJh...
[2025-06-16 15:48:34] Utilisateur authentifié: userId=1
[2025-06-16 15:48:34] Rôle de l'utilisateur: role=medecin
[2025-06-16 15:48:34] Médecin identifié: medecinId=1
[2025-06-16 15:48:34] Requête PUT pour mettre à jour un rendez-vous
[2025-06-16 15:48:34] Rendez-vous mis à jour avec ID: 1, new statut: annule
[2025-06-16 15:48:36] Authorization header: Bearer eyJ0eXAiOiJKV1QiLCJhbGciOiJIUzI1NiJ9.eyJpYXQiOjE3NTAwNzY3NzksImV4cCI6MTc1MDE2MzE3OSwiZGF0YSI6eyJpZCI6MSwiZW1haWwiOiJhaWNoYXNhZ25lQGVzcC5zbiIsInJvbGUiOiJtZWRlY2luIn19.05jCxelBfkrjwXDkwAdsj52ZfEwT75HpdpBbVN23qZE
[2025-06-16 15:48:36] Token extracted: eyJ0eXAiOiJKV1QiLCJh...
[2025-06-16 15:48:36] Utilisateur authentifié: userId=1
[2025-06-16 15:48:36] Rôle de l'utilisateur: role=medecin
[2025-06-16 15:48:36] Médecin identifié: medecinId=1
[2025-06-16 15:48:36] Requête GET pour la liste ou un rendez-vous spécifique
[2025-06-16 15:48:36] Rendez-vous trouvés: [
    {
        "id": 1,
        "patient_id": 1,
        "medecin_id": 1,
        "nom": "ndiaye",
        "prenom": "kabyra",
        "date_rdv": "2024-06-15 10:00:00",
        "motif": "Consultation initial",
        "statut": "annule",
        "lieu": "Salle 1",
        "duree": 45,
        "notes": "Prise de sang recommand?e",
        "type_rdv": "urgence"
    },
    {
        "id": 2,
        "patient_id": 1,
        "medecin_id": 1,
        "nom": "ndiaye",
        "prenom": "kabyra",
        "date_rdv": "2024-07-01 09:30:00",
        "motif": "Suivi traitement",
        "statut": "termine",
        "lieu": "Salle 2",
        "duree": 30,
        "notes": "N\/A",
        "type_rdv": "suivi"
    },
    {
        "id": 3,
        "patient_id": 1,
        "medecin_id": 1,
        "nom": "ndiaye",
        "prenom": "kabyra",
        "date_rdv": "2024-08-10 11:00:00",
        "motif": "Contr?le g?n?ral",
        "statut": "termine",
        "lieu": "Salle 1",
        "duree": 60,
        "notes": "N\/A",
        "type_rdv": "consultation"
    },
    {
        "id": 8,
        "patient_id": 1,
        "medecin_id": 1,
        "nom": "ndiaye",
        "prenom": "kabyra",
        "date_rdv": "2025-06-15 10:56:00",
        "motif": "nause",
        "statut": "planifie",
        "lieu": "salle 1",
        "duree": 30,
        "notes": "urgent",
        "type_rdv": "suivi"
    },
    {
        "id": 9,
        "patient_id": 1,
        "medecin_id": 1,
        "nom": "ndiaye",
        "prenom": "kabyra",
        "date_rdv": "2025-06-16 10:12:00",
        "motif": "maux de tete",
        "statut": "planifie",
        "lieu": "salle 1",
        "duree": 30,
        "notes": "test",
        "type_rdv": "suivi"
    },
    {
        "id": 4,
        "patient_id": 2,
        "medecin_id": 1,
        "nom": "dell",
        "prenom": "modou",
        "date_rdv": "2024-07-05 14:00:00",
        "motif": "Consultation p?diatrique",
        "statut": "termine",
        "lieu": "Salle 3",
        "duree": 45,
        "notes": "N\/A",
        "type_rdv": "consultation"
    },
    {
        "id": 5,
        "patient_id": 3,
        "medecin_id": 1,
        "nom": "ayshu",
        "prenom": "queen",
        "date_rdv": "2024-08-12 15:00:00",
        "motif": "IRM neurologique",
        "statut": "termine",
        "lieu": "Salle 4",
        "duree": 90,
        "notes": "Pr?parer IRM avec contraste",
        "type_rdv": "urgence"
    },
    {
        "id": 6,
        "patient_id": 4,
        "medecin_id": 1,
        "nom": "mbacke",
        "prenom": "amsatou",
        "date_rdv": "2024-09-01 13:00:00",
        "motif": "Consultation de routine",
        "statut": "termine",
        "lieu": "Salle 1",
        "duree": 30,
        "notes": "N\/A",
        "type_rdv": "consultation"
    },
    {
        "id": 7,
        "patient_id": 5,
        "medecin_id": 1,
        "nom": "lam",
        "prenom": "souleymane",
        "date_rdv": "2024-09-10 09:00:00",
        "motif": "Analyse scanner",
        "statut": "termine",
        "lieu": "Salle 2",
        "duree": 60,
        "notes": "N\/A",
        "type_rdv": "urgence"
    },
    {
        "id": 10,
        "patient_id": 10,
        "medecin_id": 1,
        "nom": "testt",
        "prenom": "tesdtt",
        "date_rdv": "2025-06-16 12:01:00",
        "motif": "test",
        "statut": "planifie",
        "lieu": "test",
        "duree": 30,
        "notes": "test",
        "type_rdv": "consultation"
    },
    {
        "id": 11,
        "patient_id": 11,
        "medecin_id": 1,
        "nom": "gueye",
        "prenom": "yass",
        "date_rdv": "2025-06-16 12:24:00",
        "motif": "test",
        "statut": "planifie",
        "lieu": "test",
        "duree": 30,
        "notes": "test",
        "type_rdv": "consultation"
    },
    {
        "id": 12,
        "patient_id": 11,
        "medecin_id": 1,
        "nom": "gueye",
        "prenom": "yass",
        "date_rdv": "2025-06-16 13:18:00",
        "motif": "test",
        "statut": "planifie",
        "lieu": "test",
        "duree": 30,
        "notes": "test",
        "type_rdv": "consultation"
    }
]
[2025-06-16 15:53:06] Authorization header: Bearer eyJ0eXAiOiJKV1QiLCJhbGciOiJIUzI1NiJ9.eyJpYXQiOjE3NTAwNzY3NzksImV4cCI6MTc1MDE2MzE3OSwiZGF0YSI6eyJpZCI6MSwiZW1haWwiOiJhaWNoYXNhZ25lQGVzcC5zbiIsInJvbGUiOiJtZWRlY2luIn19.05jCxelBfkrjwXDkwAdsj52ZfEwT75HpdpBbVN23qZE
[2025-06-16 15:53:06] Token extracted: eyJ0eXAiOiJKV1QiLCJh...
[2025-06-16 15:53:06] Utilisateur authentifié: userId=1
[2025-06-16 15:53:06] Rôle de l'utilisateur: role=medecin
[2025-06-16 15:53:06] Médecin identifié: medecinId=1
[2025-06-16 15:53:06] Requête GET pour la liste ou un rendez-vous spécifique
[2025-06-16 15:53:06] Rendez-vous trouvés: [
    {
        "id": 1,
        "patient_id": 1,
        "medecin_id": 1,
        "nom": "ndiaye",
        "prenom": "kabyra",
        "date_rdv": "2024-06-15 10:00:00",
        "motif": "Consultation initial",
        "statut": "annule",
        "lieu": "Salle 1",
        "duree": 45,
        "notes": "Prise de sang recommand?e",
        "type_rdv": "urgence"
    },
    {
        "id": 2,
        "patient_id": 1,
        "medecin_id": 1,
        "nom": "ndiaye",
        "prenom": "kabyra",
        "date_rdv": "2024-07-01 09:30:00",
        "motif": "Suivi traitement",
        "statut": "termine",
        "lieu": "Salle 2",
        "duree": 30,
        "notes": "N\/A",
        "type_rdv": "suivi"
    },
    {
        "id": 3,
        "patient_id": 1,
        "medecin_id": 1,
        "nom": "ndiaye",
        "prenom": "kabyra",
        "date_rdv": "2024-08-10 11:00:00",
        "motif": "Contr?le g?n?ral",
        "statut": "termine",
        "lieu": "Salle 1",
        "duree": 60,
        "notes": "N\/A",
        "type_rdv": "consultation"
    },
    {
        "id": 4,
        "patient_id": 2,
        "medecin_id": 1,
        "nom": "dell",
        "prenom": "modou",
        "date_rdv": "2024-07-05 14:00:00",
        "motif": "Consultation p?diatrique",
        "statut": "termine",
        "lieu": "Salle 3",
        "duree": 45,
        "notes": "N\/A",
        "type_rdv": "consultation"
    },
    {
        "id": 5,
        "patient_id": 3,
        "medecin_id": 1,
        "nom": "ayshu",
        "prenom": "queen",
        "date_rdv": "2024-08-12 15:00:00",
        "motif": "IRM neurologique",
        "statut": "termine",
        "lieu": "Salle 4",
        "duree": 90,
        "notes": "Pr?parer IRM avec contraste",
        "type_rdv": "urgence"
    },
    {
        "id": 6,
        "patient_id": 4,
        "medecin_id": 1,
        "nom": "mbacke",
        "prenom": "amsatou",
        "date_rdv": "2024-09-01 13:00:00",
        "motif": "Consultation de routine",
        "statut": "termine",
        "lieu": "Salle 1",
        "duree": 30,
        "notes": "N\/A",
        "type_rdv": "consultation"
    },
    {
        "id": 7,
        "patient_id": 5,
        "medecin_id": 1,
        "nom": "lam",
        "prenom": "souleymane",
        "date_rdv": "2024-09-10 09:00:00",
        "motif": "Analyse scanner",
        "statut": "termine",
        "lieu": "Salle 2",
        "duree": 60,
        "notes": "N\/A",
        "type_rdv": "urgence"
    },
    {
        "id": 8,
        "patient_id": 1,
        "medecin_id": 1,
        "nom": "ndiaye",
        "prenom": "kabyra",
        "date_rdv": "2025-06-15 10:56:00",
        "motif": "nause",
        "statut": "planifie",
        "lieu": "salle 1",
        "duree": 30,
        "notes": "urgent",
        "type_rdv": "suivi"
    }
]
[2025-06-16 15:53:08] Authorization header: Bearer eyJ0eXAiOiJKV1QiLCJhbGciOiJIUzI1NiJ9.eyJpYXQiOjE3NTAwNzY3NzksImV4cCI6MTc1MDE2MzE3OSwiZGF0YSI6eyJpZCI6MSwiZW1haWwiOiJhaWNoYXNhZ25lQGVzcC5zbiIsInJvbGUiOiJtZWRlY2luIn19.05jCxelBfkrjwXDkwAdsj52ZfEwT75HpdpBbVN23qZE
[2025-06-16 15:53:08] Token extracted: eyJ0eXAiOiJKV1QiLCJh...
[2025-06-16 15:53:08] Utilisateur authentifié: userId=1
[2025-06-16 15:53:08] Rôle de l'utilisateur: role=medecin
[2025-06-16 15:53:08] Médecin identifié: medecinId=1
[2025-06-16 15:53:08] Requête GET pour la liste ou un rendez-vous spécifique
[2025-06-16 15:53:08] Rendez-vous trouvés: [
    {
        "id": 1,
        "patient_id": 1,
        "medecin_id": 1,
        "nom": "ndiaye",
        "prenom": "kabyra",
        "date_rdv": "2024-06-15 10:00:00",
        "motif": "Consultation initial",
        "statut": "annule",
        "lieu": "Salle 1",
        "duree": 45,
        "notes": "Prise de sang recommand?e",
        "type_rdv": "urgence"
    },
    {
        "id": 2,
        "patient_id": 1,
        "medecin_id": 1,
        "nom": "ndiaye",
        "prenom": "kabyra",
        "date_rdv": "2024-07-01 09:30:00",
        "motif": "Suivi traitement",
        "statut": "termine",
        "lieu": "Salle 2",
        "duree": 30,
        "notes": "N\/A",
        "type_rdv": "suivi"
    },
    {
        "id": 3,
        "patient_id": 1,
        "medecin_id": 1,
        "nom": "ndiaye",
        "prenom": "kabyra",
        "date_rdv": "2024-08-10 11:00:00",
        "motif": "Contr?le g?n?ral",
        "statut": "termine",
        "lieu": "Salle 1",
        "duree": 60,
        "notes": "N\/A",
        "type_rdv": "consultation"
    },
    {
        "id": 4,
        "patient_id": 2,
        "medecin_id": 1,
        "nom": "dell",
        "prenom": "modou",
        "date_rdv": "2024-07-05 14:00:00",
        "motif": "Consultation p?diatrique",
        "statut": "termine",
        "lieu": "Salle 3",
        "duree": 45,
        "notes": "N\/A",
        "type_rdv": "consultation"
    },
    {
        "id": 5,
        "patient_id": 3,
        "medecin_id": 1,
        "nom": "ayshu",
        "prenom": "queen",
        "date_rdv": "2024-08-12 15:00:00",
        "motif": "IRM neurologique",
        "statut": "termine",
        "lieu": "Salle 4",
        "duree": 90,
        "notes": "Pr?parer IRM avec contraste",
        "type_rdv": "urgence"
    },
    {
        "id": 6,
        "patient_id": 4,
        "medecin_id": 1,
        "nom": "mbacke",
        "prenom": "amsatou",
        "date_rdv": "2024-09-01 13:00:00",
        "motif": "Consultation de routine",
        "statut": "termine",
        "lieu": "Salle 1",
        "duree": 30,
        "notes": "N\/A",
        "type_rdv": "consultation"
    },
    {
        "id": 7,
        "patient_id": 5,
        "medecin_id": 1,
        "nom": "lam",
        "prenom": "souleymane",
        "date_rdv": "2024-09-10 09:00:00",
        "motif": "Analyse scanner",
        "statut": "termine",
        "lieu": "Salle 2",
        "duree": 60,
        "notes": "N\/A",
        "type_rdv": "urgence"
    },
    {
        "id": 8,
        "patient_id": 1,
        "medecin_id": 1,
        "nom": "ndiaye",
        "prenom": "kabyra",
        "date_rdv": "2025-06-15 10:56:00",
        "motif": "nause",
        "statut": "planifie",
        "lieu": "salle 1",
        "duree": 30,
        "notes": "urgent",
        "type_rdv": "suivi"
    }
]
[2025-06-16 15:55:26] Authorization header: Bearer eyJ0eXAiOiJKV1QiLCJhbGciOiJIUzI1NiJ9.eyJpYXQiOjE3NTAwNzY3NzksImV4cCI6MTc1MDE2MzE3OSwiZGF0YSI6eyJpZCI6MSwiZW1haWwiOiJhaWNoYXNhZ25lQGVzcC5zbiIsInJvbGUiOiJtZWRlY2luIn19.05jCxelBfkrjwXDkwAdsj52ZfEwT75HpdpBbVN23qZE
[2025-06-16 15:55:26] Token extracted: eyJ0eXAiOiJKV1QiLCJh...
[2025-06-16 15:55:26] Utilisateur authentifié: userId=1
[2025-06-16 15:55:27] Rôle de l'utilisateur: role=medecin
[2025-06-16 15:55:27] Médecin identifié: medecinId=1
[2025-06-16 15:55:27] Requête GET pour la liste ou un rendez-vous spécifique
[2025-06-16 15:55:27] Rendez-vous trouvé avec ID: 5
[2025-06-16 15:55:32] Authorization header: Bearer eyJ0eXAiOiJKV1QiLCJhbGciOiJIUzI1NiJ9.eyJpYXQiOjE3NTAwNzY3NzksImV4cCI6MTc1MDE2MzE3OSwiZGF0YSI6eyJpZCI6MSwiZW1haWwiOiJhaWNoYXNhZ25lQGVzcC5zbiIsInJvbGUiOiJtZWRlY2luIn19.05jCxelBfkrjwXDkwAdsj52ZfEwT75HpdpBbVN23qZE
[2025-06-16 15:55:32] Token extracted: eyJ0eXAiOiJKV1QiLCJh...
[2025-06-16 15:55:32] Utilisateur authentifié: userId=1
[2025-06-16 15:55:32] Rôle de l'utilisateur: role=medecin
[2025-06-16 15:55:32] Médecin identifié: medecinId=1
[2025-06-16 15:55:32] Requête GET pour la liste ou un rendez-vous spécifique
[2025-06-16 15:55:32] Vérification de conflit pour date 2024-08-12T15:00, patient 3: Pas de conflit
[2025-06-16 15:55:32] Authorization header: Bearer eyJ0eXAiOiJKV1QiLCJhbGciOiJIUzI1NiJ9.eyJpYXQiOjE3NTAwNzY3NzksImV4cCI6MTc1MDE2MzE3OSwiZGF0YSI6eyJpZCI6MSwiZW1haWwiOiJhaWNoYXNhZ25lQGVzcC5zbiIsInJvbGUiOiJtZWRlY2luIn19.05jCxelBfkrjwXDkwAdsj52ZfEwT75HpdpBbVN23qZE
[2025-06-16 15:55:32] Token extracted: eyJ0eXAiOiJKV1QiLCJh...
[2025-06-16 15:55:32] Utilisateur authentifié: userId=1
[2025-06-16 15:55:32] Rôle de l'utilisateur: role=medecin
[2025-06-16 15:55:32] Médecin identifié: medecinId=1
[2025-06-16 15:55:32] Requête PUT pour mettre à jour un rendez-vous
[2025-06-16 15:55:33] Rendez-vous mis à jour avec ID: 5, new statut: en_attente
[2025-06-16 15:55:34] Authorization header: Bearer eyJ0eXAiOiJKV1QiLCJhbGciOiJIUzI1NiJ9.eyJpYXQiOjE3NTAwNzY3NzksImV4cCI6MTc1MDE2MzE3OSwiZGF0YSI6eyJpZCI6MSwiZW1haWwiOiJhaWNoYXNhZ25lQGVzcC5zbiIsInJvbGUiOiJtZWRlY2luIn19.05jCxelBfkrjwXDkwAdsj52ZfEwT75HpdpBbVN23qZE
[2025-06-16 15:55:34] Token extracted: eyJ0eXAiOiJKV1QiLCJh...
[2025-06-16 15:55:34] Utilisateur authentifié: userId=1
[2025-06-16 15:55:34] Rôle de l'utilisateur: role=medecin
[2025-06-16 15:55:34] Médecin identifié: medecinId=1
[2025-06-16 15:55:34] Requête GET pour la liste ou un rendez-vous spécifique
[2025-06-16 15:55:34] Rendez-vous trouvés: [
    {
        "id": 1,
        "patient_id": 1,
        "medecin_id": 1,
        "nom": "ndiaye",
        "prenom": "kabyra",
        "date_rdv": "2024-06-15 10:00:00",
        "motif": "Consultation initial",
        "statut": "annule",
        "lieu": "Salle 1",
        "duree": 45,
        "notes": "Prise de sang recommand?e",
        "type_rdv": "urgence"
    },
    {
        "id": 2,
        "patient_id": 1,
        "medecin_id": 1,
        "nom": "ndiaye",
        "prenom": "kabyra",
        "date_rdv": "2024-07-01 09:30:00",
        "motif": "Suivi traitement",
        "statut": "termine",
        "lieu": "Salle 2",
        "duree": 30,
        "notes": "N\/A",
        "type_rdv": "suivi"
    },
    {
        "id": 3,
        "patient_id": 1,
        "medecin_id": 1,
        "nom": "ndiaye",
        "prenom": "kabyra",
        "date_rdv": "2024-08-10 11:00:00",
        "motif": "Contr?le g?n?ral",
        "statut": "termine",
        "lieu": "Salle 1",
        "duree": 60,
        "notes": "N\/A",
        "type_rdv": "consultation"
    },
    {
        "id": 4,
        "patient_id": 2,
        "medecin_id": 1,
        "nom": "dell",
        "prenom": "modou",
        "date_rdv": "2024-07-05 14:00:00",
        "motif": "Consultation p?diatrique",
        "statut": "termine",
        "lieu": "Salle 3",
        "duree": 45,
        "notes": "N\/A",
        "type_rdv": "consultation"
    },
    {
        "id": 5,
        "patient_id": 3,
        "medecin_id": 1,
        "nom": "ayshu",
        "prenom": "queen",
        "date_rdv": "2024-08-12 15:00:00",
        "motif": "IRM neurologique",
        "statut": "en_attente",
        "lieu": "Salle 4",
        "duree": 90,
        "notes": "Pr?parer IRM avec contraste",
        "type_rdv": "urgence"
    },
    {
        "id": 6,
        "patient_id": 4,
        "medecin_id": 1,
        "nom": "mbacke",
        "prenom": "amsatou",
        "date_rdv": "2024-09-01 13:00:00",
        "motif": "Consultation de routine",
        "statut": "termine",
        "lieu": "Salle 1",
        "duree": 30,
        "notes": "N\/A",
        "type_rdv": "consultation"
    },
    {
        "id": 7,
        "patient_id": 5,
        "medecin_id": 1,
        "nom": "lam",
        "prenom": "souleymane",
        "date_rdv": "2024-09-10 09:00:00",
        "motif": "Analyse scanner",
        "statut": "termine",
        "lieu": "Salle 2",
        "duree": 60,
        "notes": "N\/A",
        "type_rdv": "urgence"
    },
    {
        "id": 8,
        "patient_id": 1,
        "medecin_id": 1,
        "nom": "ndiaye",
        "prenom": "kabyra",
        "date_rdv": "2025-06-15 10:56:00",
        "motif": "nause",
        "statut": "planifie",
        "lieu": "salle 1",
        "duree": 30,
        "notes": "urgent",
        "type_rdv": "suivi"
    }
]
