2025-04-29 03:58:23 - Début de la requête proxy-orthanc
2025-04-29 03:58:23 - Méthode HTTP: POST, Path: instances
2025-04-29 03:58:23 - Content-Type: multipart/form-data; boundary=----WebKitFormBoundarybiys8NjHgTQA0qta
2025-04-29 03:58:23 - Patient ID reçu: 3
2025-04-29 03:58:24 - Erreur: patient_id 3 n'existe pas dans la table patients
2025-04-29 03:59:58 - Début de la requête proxy-orthanc
2025-04-29 03:59:58 - Méthode HTTP: POST, Path: instances
2025-04-29 03:59:58 - Content-Type: multipart/form-data; boundary=----WebKitFormBoundaryi744JSOUCp7tWAC9
2025-04-29 03:59:59 - Patient ID reçu: 2
2025-04-29 03:59:59 - Requête POST vers Orthanc: URL=http://localhost:8042/instances, HTTP Code=200, Réponse={
   "ID" : "9ec8fbb6-b5b6bf94-16950f4b-184a8d6e-21c21abd",
   "ParentPatient" : "b6589fc6-ab0dc82c-f12099d1-c2d40ab9-94e8410c",
   "ParentSeries" : "98d367a5-58eeba8b-f3c2da4b-de7d8f6f-ede53eb2",
   "ParentStudy" : "3abaec0a-ebfaaa87-f830d52b-d62df074-6a692c12",
   "Path" : "/instances/9ec8fbb6-b5b6bf94-16950f4b-184a8d6e-21c21abd",
   "Status" : "Success"
}, Erreur cURL=
2025-04-29 03:59:59 - Enregistrement réussi dans dicom_instances: orthanc_instance_id=9ec8fbb6-b5b6bf94-16950f4b-184a8d6e-21c21abd, patient_id=2
2025-04-29 04:01:55 - Début de la requête proxy-orthanc
2025-04-29 04:01:55 - Méthode HTTP: POST, Path: instances
2025-04-29 04:01:55 - Content-Type: multipart/form-data; boundary=----WebKitFormBoundary4dyiRkqgZr3SyDkQ
2025-04-29 04:01:55 - Patient ID reçu: 3
2025-04-29 04:01:55 - Erreur: patient_id 3 n'existe pas dans la table patients
2025-04-29 04:15:03 - Début de la requête proxy-orthanc
2025-04-29 04:15:03 - Méthode HTTP: POST, Path: instances
2025-04-29 04:15:03 - Content-Type: multipart/form-data; boundary=----WebKitFormBoundary0LeqhJiN42gB7QvE
2025-04-29 04:15:03 - Patient ID reçu: 3
2025-04-29 04:15:03 - Erreur: patient_id 3 n'existe pas dans la table patients
2025-04-29 04:16:13 - Début de la requête proxy-orthanc
2025-04-29 04:16:13 - Méthode HTTP: POST, Path: instances
2025-04-29 04:16:13 - Content-Type: multipart/form-data; boundary=----WebKitFormBoundary78AqfFoafIg6sA3T
2025-04-29 04:16:13 - Patient ID reçu: 3
2025-04-29 04:16:13 - Erreur: patient_id 3 n'existe pas dans la table patients
2025-04-29 04:23:19 - Début de la requête proxy-orthanc
2025-04-29 04:23:19 - Méthode HTTP: POST, Path: instances
2025-04-29 04:23:19 - Content-Type: multipart/form-data; boundary=----WebKitFormBoundary7AZITFQ6weJs4tNw
2025-04-29 04:23:19 - Patient ID reçu: 3
2025-04-29 04:23:19 - Erreur: patient_id 3 n'existe pas dans la table patients
2025-04-29 04:49:05 - Début de la requête proxy-orthanc
2025-04-29 04:49:05 - Méthode HTTP: POST, Path: instances
2025-04-29 04:49:05 - Content-Type: multipart/form-data; boundary=----WebKitFormBoundaryBAo81beKBZBQeTI2
2025-04-29 04:49:05 - Patient ID reçu: 3
2025-04-29 04:49:05 - Erreur: patient_id 3 n'existe pas dans la table patients
2025-04-29 04:49:29 - Début de la requête proxy-orthanc
2025-04-29 04:49:29 - Méthode HTTP: POST, Path: instances
2025-04-29 04:49:29 - Content-Type: multipart/form-data; boundary=----WebKitFormBoundary8DPtAt8Ao3FHWxOc
2025-04-29 04:49:29 - Patient ID reçu: 3
2025-04-29 04:49:29 - Erreur: patient_id 3 n'existe pas dans la table patients
2025-04-29 04:57:18 - Début de la requête proxy-orthanc
2025-04-29 04:57:18 - Méthode HTTP: POST, Path: instances
2025-04-29 04:57:18 - Content-Type: multipart/form-data; boundary=----WebKitFormBoundaryTAMyO0LZKxhpHCLb
2025-04-29 04:57:18 - Patient ID reçu: 3
2025-04-29 04:57:18 - Erreur: patient_id 3 n'existe pas dans la table patients
2025-04-29 04:57:44 - Début de la requête proxy-orthanc
2025-04-29 04:57:44 - Méthode HTTP: GET, Path: instances
2025-04-29 09:44:55 - Début de la requête proxy-orthanc
2025-04-29 09:44:55 - Méthode HTTP: POST, Path: instances
2025-04-29 09:44:55 - Content-Type: multipart/form-data; boundary=----WebKitFormBoundaryJduaACBMqyShypcz
2025-04-29 09:44:55 - Patient ID reçu: 3
2025-04-29 09:44:55 - Erreur: patient_id 3 n'existe pas dans la table patients
2025-04-29 10:02:47 - Début de la requête proxy-orthanc
2025-04-29 10:02:47 - Méthode HTTP: GET, Path: /instances
2025-04-29 10:02:49 - Début de la requête proxy-orthanc
2025-04-29 10:02:49 - Méthode HTTP: GET, Path: instances/094563e4-74b821f1-120c8584-6236b3ba-05716a47
2025-04-29 10:02:49 - Début de la requête proxy-orthanc
2025-04-29 10:02:49 - Méthode HTTP: GET, Path: instances/24e83fd1-ddd03175-beb6aa86-f4ce6432-4241b24f
2025-04-29 10:02:50 - Début de la requête proxy-orthanc
2025-04-29 10:02:50 - Méthode HTTP: GET, Path: instances/63831658-2ed313e4-bdd47183-6c1be4da-c0022bb4
2025-04-29 10:02:50 - Début de la requête proxy-orthanc
2025-04-29 10:02:50 - Méthode HTTP: GET, Path: instances/582dde1a-6ee0dcb1-dc2c0a3c-06a79b2f-211eda06
2025-04-29 10:02:50 - Début de la requête proxy-orthanc
2025-04-29 10:02:50 - Début de la requête proxy-orthanc
2025-04-29 10:02:50 - Méthode HTTP: GET, Path: instances/75c6d27e-9c7d0b29-ef99341d-b7507933-63d3057d
2025-04-29 10:02:50 - Méthode HTTP: GET, Path: instances/26952bd2-9569483f-e0549aca-a33b9065-69c33884
2025-04-29 10:02:52 - Début de la requête proxy-orthanc
2025-04-29 10:02:52 - Méthode HTTP: GET, Path: instances/b7fb1fb4-142e5a15-333ae197-298b1626-11f8833b
2025-04-29 10:02:52 - Début de la requête proxy-orthanc
2025-04-29 10:02:52 - Méthode HTTP: GET, Path: instances/bc61cc15-593581eb-104dd853-f8e2ae2f-19704638
2025-04-29 10:02:52 - Début de la requête proxy-orthanc
2025-04-29 10:02:52 - Méthode HTTP: GET, Path: instances/dacc5f2c-4eb67b6e-62fe20be-08583e4b-f7285061
2025-04-29 10:02:52 - Début de la requête proxy-orthanc
2025-04-29 10:02:52 - Méthode HTTP: GET, Path: instances/e07efef8-4eba99da-e58dbc40-0173c1da-e2535081
2025-04-29 10:02:52 - Début de la requête proxy-orthanc
2025-04-29 10:02:52 - Méthode HTTP: GET, Path: instances/eb17dc02-607db0a6-1074ad73-79fb3688-f9a596db
2025-04-29 10:02:52 - Début de la requête proxy-orthanc
2025-04-29 10:02:52 - Méthode HTTP: GET, Path: instances/fe9d11b9-08ca2a74-f27c7727-86fa6833-6b2583ab
2025-04-29 10:02:54 - Début de la requête proxy-orthanc
2025-04-29 10:02:54 - Méthode HTTP: GET, Path: instances/2faf6dae-1e8dd60c-78fbca50-98cc48e7-66559504
2025-04-29 10:02:54 - Début de la requête proxy-orthanc
2025-04-29 10:02:54 - Méthode HTTP: GET, Path: instances/5974bce8-dfa0d418-48e52945-578a9547-fbb8179e
2025-04-29 10:02:55 - Début de la requête proxy-orthanc
2025-04-29 10:02:55 - Méthode HTTP: GET, Path: instances/cad86111-996653c7-c7ca1820-b783c4c3-9ff6e63b
2025-04-29 10:02:55 - Début de la requête proxy-orthanc
2025-04-29 10:02:55 - Méthode HTTP: GET, Path: instances/feaf75ad-9548b055-4a7a21f5-3db18a07-9c6903d3
2025-04-29 10:02:55 - Début de la requête proxy-orthanc
2025-04-29 10:02:55 - Début de la requête proxy-orthanc
2025-04-29 10:02:55 - Méthode HTTP: GET, Path: series/19b4c568-a95664f5-ad117914-3ccf7292-2a7ee3a0
2025-04-29 10:02:55 - Méthode HTTP: GET, Path: series/f623b033-c3bb9318-1ae62c1a-9fd5f247-24c86dea
2025-04-29 10:02:57 - Début de la requête proxy-orthanc
2025-04-29 10:02:57 - Méthode HTTP: GET, Path: series/4541c007-3ddcd5b2-6bf192fc-d28df38d-afe5c271
2025-04-29 10:02:57 - Début de la requête proxy-orthanc
2025-04-29 10:02:57 - Méthode HTTP: GET, Path: series/62cc4f41-9b1679c0-6ad19a2e-71fccb6f-07a3d16d
2025-04-29 10:02:57 - Début de la requête proxy-orthanc
2025-04-29 10:02:57 - Méthode HTTP: GET, Path: series/11b7c563-ae504ced-e95ed300-7176b3e8-74f7e2f5
2025-04-29 10:02:57 - Début de la requête proxy-orthanc
2025-04-29 10:02:57 - Méthode HTTP: GET, Path: series/f6ebf659-c336b2b9-102a72e3-2cd836e9-a5662c26
2025-04-29 10:02:57 - Début de la requête proxy-orthanc
2025-04-29 10:02:57 - Méthode HTTP: GET, Path: series/670d99fa-c4a853ca-52f7989e-f6df82a8-5123711c
2025-04-29 10:02:57 - Début de la requête proxy-orthanc
2025-04-29 10:02:57 - Méthode HTTP: GET, Path: series/19b4c568-a95664f5-ad117914-3ccf7292-2a7ee3a0
2025-04-29 10:02:59 - Début de la requête proxy-orthanc
2025-04-29 10:02:59 - Méthode HTTP: GET, Path: studies/200b3e41-4557e5ed-2b4a1771-a9e4ad06-cd1306c8
2025-04-29 10:02:59 - Début de la requête proxy-orthanc
2025-04-29 10:02:59 - Début de la requête proxy-orthanc
2025-04-29 10:02:59 - Méthode HTTP: GET, Path: studies/286789b1-82845a45-92d7dfc0-c6a8e286-27bc0129
2025-04-29 10:02:59 - Méthode HTTP: GET, Path: studies/aa938400-09e9f0df-8ba95f68-e21f98dd-0c6e0cf0
2025-04-29 10:02:59 - Début de la requête proxy-orthanc
2025-04-29 10:02:59 - Méthode HTTP: GET, Path: studies/ae9bf996-b6ab6a8b-eba1f35e-14600862-f9393ddd
2025-04-29 10:03:00 - Début de la requête proxy-orthanc
2025-04-29 10:03:00 - Début de la requête proxy-orthanc
2025-04-29 10:03:00 - Méthode HTTP: GET, Path: studies/8e51d8c2-c73f0a1e-57f97ca6-0fe69e66-c5e753eb
2025-04-29 10:03:00 - Méthode HTTP: GET, Path: series/19b4c568-a95664f5-ad117914-3ccf7292-2a7ee3a0
2025-04-29 10:03:01 - Début de la requête proxy-orthanc
2025-04-29 10:03:01 - Méthode HTTP: GET, Path: studies/0ba2c4af-c4286377-ed83307a-c4307d90-422eea83
2025-04-29 10:03:01 - Début de la requête proxy-orthanc
2025-04-29 10:03:01 - Méthode HTTP: GET, Path: studies/200b3e41-4557e5ed-2b4a1771-a9e4ad06-cd1306c8
2025-04-29 10:03:02 - Début de la requête proxy-orthanc
2025-04-29 10:03:02 - Méthode HTTP: GET, Path: patients/9b4d864d-a53a383a-44cdda8a-269b4eee-777c5729
2025-04-29 10:03:02 - Début de la requête proxy-orthanc
2025-04-29 10:03:02 - Méthode HTTP: GET, Path: patients/10092b57-91bddc20-e68b74c7-8956c6df-49e00750
2025-04-29 10:03:02 - Début de la requête proxy-orthanc
2025-04-29 10:03:02 - Méthode HTTP: GET, Path: patients/1e6ca9a6-71d9b622-24e72d15-16251ee8-3735baf5
2025-04-29 10:03:02 - Début de la requête proxy-orthanc
2025-04-29 10:03:02 - Méthode HTTP: GET, Path: patients/c5cc2652-d994a3cd-4c0b46e9-8aeb6e72-a0135eba
2025-04-29 10:03:03 - Début de la requête proxy-orthanc
2025-04-29 10:03:03 - Méthode HTTP: GET, Path: series/19b4c568-a95664f5-ad117914-3ccf7292-2a7ee3a0
2025-04-29 10:03:04 - Début de la requête proxy-orthanc
2025-04-29 10:03:04 - Méthode HTTP: GET, Path: studies/8e51d8c2-c73f0a1e-57f97ca6-0fe69e66-c5e753eb
2025-04-29 10:03:04 - Début de la requête proxy-orthanc
2025-04-29 10:03:04 - Méthode HTTP: GET, Path: patients/62bc7cdd-8f5ae588-dea41879-6a8e18d1-d44362ee
2025-04-29 10:03:04 - Début de la requête proxy-orthanc
2025-04-29 10:03:04 - Méthode HTTP: GET, Path: patients/8fff5df9-52cafc00-77071493-d6c9febb-c05b7e14
2025-04-29 10:03:04 - Début de la requête proxy-orthanc
2025-04-29 10:03:04 - Méthode HTTP: GET, Path: studies/200b3e41-4557e5ed-2b4a1771-a9e4ad06-cd1306c8
2025-04-29 10:03:05 - Début de la requête proxy-orthanc
2025-04-29 10:03:05 - Méthode HTTP: GET, Path: patients/9b4d864d-a53a383a-44cdda8a-269b4eee-777c5729
2025-04-29 10:03:06 - Début de la requête proxy-orthanc
2025-04-29 10:03:06 - Méthode HTTP: GET, Path: series/19b4c568-a95664f5-ad117914-3ccf7292-2a7ee3a0
2025-04-29 10:03:06 - Début de la requête proxy-orthanc
2025-04-29 10:03:07 - Méthode HTTP: GET, Path: patients/62bc7cdd-8f5ae588-dea41879-6a8e18d1-d44362ee
2025-04-29 10:03:07 - Début de la requête proxy-orthanc
2025-04-29 10:03:07 - Méthode HTTP: GET, Path: studies/200b3e41-4557e5ed-2b4a1771-a9e4ad06-cd1306c8
2025-04-29 10:03:07 - Début de la requête proxy-orthanc
2025-04-29 10:03:07 - Méthode HTTP: GET, Path: patients/9b4d864d-a53a383a-44cdda8a-269b4eee-777c5729
2025-04-29 10:03:08 - Début de la requête proxy-orthanc
2025-04-29 10:03:08 - Méthode HTTP: GET, Path: series/19b4c568-a95664f5-ad117914-3ccf7292-2a7ee3a0
2025-04-29 10:03:09 - Début de la requête proxy-orthanc
2025-04-29 10:03:09 - Méthode HTTP: GET, Path: studies/200b3e41-4557e5ed-2b4a1771-a9e4ad06-cd1306c8
2025-04-29 10:03:09 - Début de la requête proxy-orthanc
2025-04-29 10:03:09 - Méthode HTTP: GET, Path: patients/9b4d864d-a53a383a-44cdda8a-269b4eee-777c5729
2025-04-29 10:03:10 - Début de la requête proxy-orthanc
2025-04-29 10:03:10 - Méthode HTTP: GET, Path: series/19b4c568-a95664f5-ad117914-3ccf7292-2a7ee3a0
2025-04-29 10:03:11 - Début de la requête proxy-orthanc
2025-04-29 10:03:11 - Méthode HTTP: GET, Path: studies/200b3e41-4557e5ed-2b4a1771-a9e4ad06-cd1306c8
2025-04-29 10:03:11 - Début de la requête proxy-orthanc
2025-04-29 10:03:11 - Méthode HTTP: GET, Path: patients/9b4d864d-a53a383a-44cdda8a-269b4eee-777c5729
2025-04-29 10:03:12 - Début de la requête proxy-orthanc
2025-04-29 10:03:12 - Méthode HTTP: GET, Path: series/19b4c568-a95664f5-ad117914-3ccf7292-2a7ee3a0
2025-04-29 10:03:13 - Début de la requête proxy-orthanc
2025-04-29 10:03:13 - Méthode HTTP: GET, Path: studies/200b3e41-4557e5ed-2b4a1771-a9e4ad06-cd1306c8
2025-04-29 10:03:13 - Début de la requête proxy-orthanc
2025-04-29 10:03:13 - Méthode HTTP: GET, Path: patients/9b4d864d-a53a383a-44cdda8a-269b4eee-777c5729
2025-04-29 10:03:14 - Début de la requête proxy-orthanc
2025-04-29 10:03:14 - Méthode HTTP: GET, Path: series/19b4c568-a95664f5-ad117914-3ccf7292-2a7ee3a0
2025-04-29 10:03:15 - Début de la requête proxy-orthanc
2025-04-29 10:03:15 - Méthode HTTP: GET, Path: studies/200b3e41-4557e5ed-2b4a1771-a9e4ad06-cd1306c8
2025-04-29 10:03:15 - Début de la requête proxy-orthanc
2025-04-29 10:03:15 - Méthode HTTP: GET, Path: patients/9b4d864d-a53a383a-44cdda8a-269b4eee-777c5729
2025-04-29 10:03:16 - Début de la requête proxy-orthanc
2025-04-29 10:03:16 - Méthode HTTP: GET, Path: series/19b4c568-a95664f5-ad117914-3ccf7292-2a7ee3a0
2025-04-29 10:03:17 - Début de la requête proxy-orthanc
2025-04-29 10:03:17 - Méthode HTTP: GET, Path: studies/200b3e41-4557e5ed-2b4a1771-a9e4ad06-cd1306c8
2025-04-29 10:03:17 - Début de la requête proxy-orthanc
2025-04-29 10:03:17 - Méthode HTTP: GET, Path: patients/9b4d864d-a53a383a-44cdda8a-269b4eee-777c5729
2025-04-29 10:03:19 - Début de la requête proxy-orthanc
2025-04-29 10:03:19 - Méthode HTTP: GET, Path: studies/200b3e41-4557e5ed-2b4a1771-a9e4ad06-cd1306c8
2025-04-29 10:03:20 - Début de la requête proxy-orthanc
2025-04-29 10:03:20 - Méthode HTTP: GET, Path: patients/9b4d864d-a53a383a-44cdda8a-269b4eee-777c5729
2025-04-29 10:03:22 - Début de la requête proxy-orthanc
2025-04-29 10:03:22 - Méthode HTTP: GET, Path: patients/9b4d864d-a53a383a-44cdda8a-269b4eee-777c5729
2025-04-29 10:03:30 - Début de la requête proxy-orthanc
2025-04-29 10:03:30 - Méthode HTTP: GET, Path: instances/24e83fd1-ddd03175-beb6aa86-f4ce6432-4241b24f
2025-04-29 10:03:33 - Début de la requête proxy-orthanc
2025-04-29 10:03:33 - Méthode HTTP: GET, Path: series/19b4c568-a95664f5-ad117914-3ccf7292-2a7ee3a0
2025-04-29 10:03:35 - Début de la requête proxy-orthanc
2025-04-29 10:03:35 - Méthode HTTP: GET, Path: studies/200b3e41-4557e5ed-2b4a1771-a9e4ad06-cd1306c8
2025-04-29 10:03:38 - Début de la requête proxy-orthanc
2025-04-29 10:03:38 - Méthode HTTP: GET, Path: instances/24e83fd1-ddd03175-beb6aa86-f4ce6432-4241b24f
2025-04-29 10:03:40 - Début de la requête proxy-orthanc
2025-04-29 10:03:40 - Méthode HTTP: GET, Path: series/19b4c568-a95664f5-ad117914-3ccf7292-2a7ee3a0
2025-04-29 10:03:42 - Début de la requête proxy-orthanc
2025-04-29 10:03:42 - Méthode HTTP: GET, Path: studies/200b3e41-4557e5ed-2b4a1771-a9e4ad06-cd1306c8
2025-04-29 10:04:00 - Début de la requête proxy-orthanc
2025-04-29 10:04:00 - Méthode HTTP: GET, Path: instances/24e83fd1-ddd03175-beb6aa86-f4ce6432-4241b24f
2025-04-29 10:04:03 - Début de la requête proxy-orthanc
2025-04-29 10:04:03 - Méthode HTTP: GET, Path: series/19b4c568-a95664f5-ad117914-3ccf7292-2a7ee3a0
2025-04-29 10:04:05 - Début de la requête proxy-orthanc
2025-04-29 10:04:05 - Méthode HTTP: GET, Path: studies/200b3e41-4557e5ed-2b4a1771-a9e4ad06-cd1306c8
2025-04-29 10:04:16 - Début de la requête proxy-orthanc
2025-04-29 10:04:16 - Méthode HTTP: GET, Path: instances/24e83fd1-ddd03175-beb6aa86-f4ce6432-4241b24f
2025-04-29 10:04:19 - Début de la requête proxy-orthanc
2025-04-29 10:04:19 - Méthode HTTP: GET, Path: series/19b4c568-a95664f5-ad117914-3ccf7292-2a7ee3a0
2025-04-29 10:04:21 - Début de la requête proxy-orthanc
2025-04-29 10:04:21 - Méthode HTTP: GET, Path: studies/200b3e41-4557e5ed-2b4a1771-a9e4ad06-cd1306c8
2025-04-29 10:11:32 - Début de la requête proxy-orthanc
2025-04-29 10:11:32 - Méthode HTTP: POST, Path: instances
2025-04-29 10:11:32 - Content-Type: multipart/form-data; boundary=----WebKitFormBoundaryj0oHwsA6tulMbVcn
2025-04-29 10:11:32 - Patient ID reçu: 3
2025-04-29 10:11:32 - Erreur: patient_id 3 n'existe pas dans la table patients
2025-04-29 10:12:07 - Début de la requête proxy-orthanc
2025-04-29 10:12:07 - Méthode HTTP: POST, Path: instances
2025-04-29 10:12:07 - Content-Type: multipart/form-data; boundary=----WebKitFormBoundaryx69ewrDJ6AO4syJB
2025-04-29 10:12:07 - Patient ID reçu: 3
2025-04-29 10:12:07 - Erreur: patient_id 3 n'existe pas dans la table patients
2025-04-29 11:05:14 - Début de la requête proxy-orthanc
2025-04-29 11:05:14 - Méthode HTTP: GET, Path: /instances
2025-04-29 11:05:14 - Erreur lors de la communication avec Orthanc pour GET
2025-04-29 11:05:25 - Début de la requête proxy-orthanc
2025-04-29 11:05:25 - Méthode HTTP: GET, Path: /instances
2025-04-29 11:05:25 - Erreur lors de la communication avec Orthanc pour GET
2025-04-29 11:05:57 - Début de la requête proxy-orthanc
2025-04-29 11:05:57 - Méthode HTTP: GET, Path: /instances
2025-04-29 11:05:59 - Début de la requête proxy-orthanc
2025-04-29 11:05:59 - Méthode HTTP: GET, Path: instances/094563e4-74b821f1-120c8584-6236b3ba-05716a47
2025-04-29 11:05:59 - Début de la requête proxy-orthanc
2025-04-29 11:05:59 - Méthode HTTP: GET, Path: instances/24e83fd1-ddd03175-beb6aa86-f4ce6432-4241b24f
2025-04-29 11:05:59 - Début de la requête proxy-orthanc
2025-04-29 11:05:59 - Méthode HTTP: GET, Path: instances/2faf6dae-1e8dd60c-78fbca50-98cc48e7-66559504
2025-04-29 11:05:59 - Début de la requête proxy-orthanc
2025-04-29 11:05:59 - Méthode HTTP: GET, Path: instances/582dde1a-6ee0dcb1-dc2c0a3c-06a79b2f-211eda06
2025-04-29 11:05:59 - Début de la requête proxy-orthanc
2025-04-29 11:05:59 - Méthode HTTP: GET, Path: instances/5974bce8-dfa0d418-48e52945-578a9547-fbb8179e
2025-04-29 11:05:59 - Début de la requête proxy-orthanc
2025-04-29 11:05:59 - Méthode HTTP: GET, Path: instances/26952bd2-9569483f-e0549aca-a33b9065-69c33884
2025-04-29 11:06:01 - Début de la requête proxy-orthanc
2025-04-29 11:06:01 - Début de la requête proxy-orthanc
2025-04-29 11:06:01 - Méthode HTTP: GET, Path: instances/63831658-2ed313e4-bdd47183-6c1be4da-c0022bb4
2025-04-29 11:06:01 - Méthode HTTP: GET, Path: instances/75c6d27e-9c7d0b29-ef99341d-b7507933-63d3057d
2025-04-29 11:06:01 - Début de la requête proxy-orthanc
2025-04-29 11:06:01 - Début de la requête proxy-orthanc
2025-04-29 11:06:01 - Méthode HTTP: GET, Path: instances/b7fb1fb4-142e5a15-333ae197-298b1626-11f8833b
2025-04-29 11:06:01 - Méthode HTTP: GET, Path: instances/bc61cc15-593581eb-104dd853-f8e2ae2f-19704638
2025-04-29 11:06:01 - Début de la requête proxy-orthanc
2025-04-29 11:06:01 - Début de la requête proxy-orthanc
2025-04-29 11:06:01 - Méthode HTTP: GET, Path: instances/dacc5f2c-4eb67b6e-62fe20be-08583e4b-f7285061
2025-04-29 11:06:01 - Méthode HTTP: GET, Path: instances/cad86111-996653c7-c7ca1820-b783c4c3-9ff6e63b
2025-04-29 11:06:03 - Début de la requête proxy-orthanc
2025-04-29 11:06:03 - Début de la requête proxy-orthanc
2025-04-29 11:06:03 - Méthode HTTP: GET, Path: instances/e07efef8-4eba99da-e58dbc40-0173c1da-e2535081
2025-04-29 11:06:03 - Début de la requête proxy-orthanc
2025-04-29 11:06:03 - Méthode HTTP: GET, Path: instances/eb17dc02-607db0a6-1074ad73-79fb3688-f9a596db
2025-04-29 11:06:03 - Début de la requête proxy-orthanc
2025-04-29 11:06:03 - Méthode HTTP: GET, Path: instances/feaf75ad-9548b055-4a7a21f5-3db18a07-9c6903d3
2025-04-29 11:06:03 - Début de la requête proxy-orthanc
2025-04-29 11:06:03 - Début de la requête proxy-orthanc
2025-04-29 11:06:03 - Méthode HTTP: GET, Path: series/19b4c568-a95664f5-ad117914-3ccf7292-2a7ee3a0
2025-04-29 11:06:03 - Méthode HTTP: GET, Path: series/f623b033-c3bb9318-1ae62c1a-9fd5f247-24c86dea
2025-04-29 11:06:05 - Début de la requête proxy-orthanc
2025-04-29 11:06:05 - Méthode HTTP: GET, Path: series/4541c007-3ddcd5b2-6bf192fc-d28df38d-afe5c271
2025-04-29 11:06:05 - Début de la requête proxy-orthanc
2025-04-29 11:06:05 - Début de la requête proxy-orthanc
2025-04-29 11:06:05 - Méthode HTTP: GET, Path: series/62cc4f41-9b1679c0-6ad19a2e-71fccb6f-07a3d16d
2025-04-29 11:06:05 - Méthode HTTP: GET, Path: series/f6ebf659-c336b2b9-102a72e3-2cd836e9-a5662c26
2025-04-29 11:06:05 - Début de la requête proxy-orthanc
2025-04-29 11:06:05 - Méthode HTTP: GET, Path: series/19b4c568-a95664f5-ad117914-3ccf7292-2a7ee3a0
2025-04-29 11:06:05 - Début de la requête proxy-orthanc
2025-04-29 11:06:05 - Méthode HTTP: GET, Path: series/670d99fa-c4a853ca-52f7989e-f6df82a8-5123711c
2025-04-29 11:06:05 - Début de la requête proxy-orthanc
2025-04-29 11:06:05 - Méthode HTTP: GET, Path: series/11b7c563-ae504ced-e95ed300-7176b3e8-74f7e2f5
2025-04-29 11:06:07 - Début de la requête proxy-orthanc
2025-04-29 11:06:07 - Méthode HTTP: GET, Path: studies/200b3e41-4557e5ed-2b4a1771-a9e4ad06-cd1306c8
2025-04-29 11:06:07 - Début de la requête proxy-orthanc
2025-04-29 11:06:07 - Méthode HTTP: GET, Path: studies/286789b1-82845a45-92d7dfc0-c6a8e286-27bc0129
2025-04-29 11:06:07 - Début de la requête proxy-orthanc
2025-04-29 11:06:07 - Méthode HTTP: GET, Path: studies/8e51d8c2-c73f0a1e-57f97ca6-0fe69e66-c5e753eb
2025-04-29 11:06:07 - Début de la requête proxy-orthanc
2025-04-29 11:06:07 - Méthode HTTP: GET, Path: studies/aa938400-09e9f0df-8ba95f68-e21f98dd-0c6e0cf0
2025-04-29 11:06:07 - Début de la requête proxy-orthanc
2025-04-29 11:06:07 - Méthode HTTP: GET, Path: series/19b4c568-a95664f5-ad117914-3ccf7292-2a7ee3a0
2025-04-29 11:06:07 - Début de la requête proxy-orthanc
2025-04-29 11:06:07 - Méthode HTTP: GET, Path: studies/0ba2c4af-c4286377-ed83307a-c4307d90-422eea83
2025-04-29 11:06:09 - Début de la requête proxy-orthanc
2025-04-29 11:06:09 - Méthode HTTP: GET, Path: studies/ae9bf996-b6ab6a8b-eba1f35e-14600862-f9393ddd
2025-04-29 11:06:09 - Début de la requête proxy-orthanc
2025-04-29 11:06:09 - Méthode HTTP: GET, Path: studies/200b3e41-4557e5ed-2b4a1771-a9e4ad06-cd1306c8
2025-04-29 11:06:09 - Début de la requête proxy-orthanc
2025-04-29 11:06:09 - Méthode HTTP: GET, Path: patients/9b4d864d-a53a383a-44cdda8a-269b4eee-777c5729
2025-04-29 11:06:09 - Début de la requête proxy-orthanc
2025-04-29 11:06:09 - Début de la requête proxy-orthanc
2025-04-29 11:06:09 - Méthode HTTP: GET, Path: patients/10092b57-91bddc20-e68b74c7-8956c6df-49e00750
2025-04-29 11:06:09 - Méthode HTTP: GET, Path: studies/8e51d8c2-c73f0a1e-57f97ca6-0fe69e66-c5e753eb
2025-04-29 11:06:09 - Début de la requête proxy-orthanc
2025-04-29 11:06:09 - Méthode HTTP: GET, Path: series/19b4c568-a95664f5-ad117914-3ccf7292-2a7ee3a0
2025-04-29 11:06:11 - Début de la requête proxy-orthanc
2025-04-29 11:06:11 - Méthode HTTP: GET, Path: patients/62bc7cdd-8f5ae588-dea41879-6a8e18d1-d44362ee
2025-04-29 11:06:11 - Début de la requête proxy-orthanc
2025-04-29 11:06:11 - Début de la requête proxy-orthanc
2025-04-29 11:06:11 - Méthode HTTP: GET, Path: patients/1e6ca9a6-71d9b622-24e72d15-16251ee8-3735baf5
2025-04-29 11:06:11 - Méthode HTTP: GET, Path: patients/8fff5df9-52cafc00-77071493-d6c9febb-c05b7e14
2025-04-29 11:06:11 - Début de la requête proxy-orthanc
2025-04-29 11:06:11 - Début de la requête proxy-orthanc
2025-04-29 11:06:11 - Méthode HTTP: GET, Path: patients/c5cc2652-d994a3cd-4c0b46e9-8aeb6e72-a0135eba
2025-04-29 11:06:11 - Méthode HTTP: GET, Path: studies/200b3e41-4557e5ed-2b4a1771-a9e4ad06-cd1306c8
2025-04-29 11:06:11 - Début de la requête proxy-orthanc
2025-04-29 11:06:11 - Méthode HTTP: GET, Path: patients/9b4d864d-a53a383a-44cdda8a-269b4eee-777c5729
2025-04-29 11:06:13 - Début de la requête proxy-orthanc
2025-04-29 11:06:13 - Méthode HTTP: GET, Path: series/19b4c568-a95664f5-ad117914-3ccf7292-2a7ee3a0
2025-04-29 11:06:13 - Début de la requête proxy-orthanc
2025-04-29 11:06:13 - Début de la requête proxy-orthanc
2025-04-29 11:06:13 - Méthode HTTP: GET, Path: patients/62bc7cdd-8f5ae588-dea41879-6a8e18d1-d44362ee
2025-04-29 11:06:13 - Méthode HTTP: GET, Path: studies/200b3e41-4557e5ed-2b4a1771-a9e4ad06-cd1306c8
2025-04-29 11:06:13 - Début de la requête proxy-orthanc
2025-04-29 11:06:13 - Méthode HTTP: GET, Path: patients/9b4d864d-a53a383a-44cdda8a-269b4eee-777c5729
2025-04-29 11:06:16 - Début de la requête proxy-orthanc
2025-04-29 11:06:16 - Méthode HTTP: GET, Path: series/19b4c568-a95664f5-ad117914-3ccf7292-2a7ee3a0
2025-04-29 11:06:16 - Début de la requête proxy-orthanc
2025-04-29 11:06:16 - Méthode HTTP: GET, Path: studies/200b3e41-4557e5ed-2b4a1771-a9e4ad06-cd1306c8
2025-04-29 11:06:16 - Début de la requête proxy-orthanc
2025-04-29 11:06:16 - Méthode HTTP: GET, Path: patients/9b4d864d-a53a383a-44cdda8a-269b4eee-777c5729
2025-04-29 11:06:18 - Début de la requête proxy-orthanc
2025-04-29 11:06:18 - Méthode HTTP: GET, Path: series/19b4c568-a95664f5-ad117914-3ccf7292-2a7ee3a0
2025-04-29 11:06:18 - Début de la requête proxy-orthanc
2025-04-29 11:06:18 - Méthode HTTP: GET, Path: studies/200b3e41-4557e5ed-2b4a1771-a9e4ad06-cd1306c8
2025-04-29 11:06:18 - Début de la requête proxy-orthanc
2025-04-29 11:06:18 - Méthode HTTP: GET, Path: patients/9b4d864d-a53a383a-44cdda8a-269b4eee-777c5729
2025-04-29 11:06:20 - Début de la requête proxy-orthanc
2025-04-29 11:06:20 - Méthode HTTP: GET, Path: series/19b4c568-a95664f5-ad117914-3ccf7292-2a7ee3a0
2025-04-29 11:06:20 - Début de la requête proxy-orthanc
2025-04-29 11:06:20 - Méthode HTTP: GET, Path: studies/200b3e41-4557e5ed-2b4a1771-a9e4ad06-cd1306c8
2025-04-29 11:06:20 - Début de la requête proxy-orthanc
2025-04-29 11:06:20 - Méthode HTTP: GET, Path: patients/9b4d864d-a53a383a-44cdda8a-269b4eee-777c5729
2025-04-29 11:06:22 - Début de la requête proxy-orthanc
2025-04-29 11:06:22 - Méthode HTTP: GET, Path: series/19b4c568-a95664f5-ad117914-3ccf7292-2a7ee3a0
2025-04-29 11:06:22 - Début de la requête proxy-orthanc
2025-04-29 11:06:22 - Méthode HTTP: GET, Path: studies/200b3e41-4557e5ed-2b4a1771-a9e4ad06-cd1306c8
2025-04-29 11:06:22 - Début de la requête proxy-orthanc
2025-04-29 11:06:22 - Méthode HTTP: GET, Path: patients/9b4d864d-a53a383a-44cdda8a-269b4eee-777c5729
2025-04-29 11:06:24 - Début de la requête proxy-orthanc
2025-04-29 11:06:24 - Méthode HTTP: GET, Path: series/19b4c568-a95664f5-ad117914-3ccf7292-2a7ee3a0
2025-04-29 11:06:24 - Début de la requête proxy-orthanc
2025-04-29 11:06:24 - Méthode HTTP: GET, Path: studies/200b3e41-4557e5ed-2b4a1771-a9e4ad06-cd1306c8
2025-04-29 11:06:24 - Début de la requête proxy-orthanc
2025-04-29 11:06:24 - Méthode HTTP: GET, Path: patients/9b4d864d-a53a383a-44cdda8a-269b4eee-777c5729
2025-04-29 11:06:26 - Début de la requête proxy-orthanc
2025-04-29 11:06:26 - Méthode HTTP: GET, Path: studies/200b3e41-4557e5ed-2b4a1771-a9e4ad06-cd1306c8
2025-04-29 11:06:26 - Début de la requête proxy-orthanc
2025-04-29 11:06:26 - Méthode HTTP: GET, Path: patients/9b4d864d-a53a383a-44cdda8a-269b4eee-777c5729
2025-04-29 11:06:28 - Début de la requête proxy-orthanc
2025-04-29 11:06:28 - Méthode HTTP: GET, Path: patients/9b4d864d-a53a383a-44cdda8a-269b4eee-777c5729
2025-04-29 11:19:10 - Début de la requête proxy-orthanc
2025-04-29 11:19:10 - Méthode HTTP: GET, Path: /instances
2025-04-29 11:19:12 - Début de la requête proxy-orthanc
2025-04-29 11:19:12 - Début de la requête proxy-orthanc
2025-04-29 11:19:12 - Méthode HTTP: GET, Path: instances/094563e4-74b821f1-120c8584-6236b3ba-05716a47
2025-04-29 11:19:12 - Méthode HTTP: GET, Path: instances/24e83fd1-ddd03175-beb6aa86-f4ce6432-4241b24f
2025-04-29 11:19:12 - Début de la requête proxy-orthanc
2025-04-29 11:19:12 - Méthode HTTP: GET, Path: instances/26952bd2-9569483f-e0549aca-a33b9065-69c33884
2025-04-29 11:19:12 - Début de la requête proxy-orthanc
2025-04-29 11:19:12 - Début de la requête proxy-orthanc
2025-04-29 11:19:12 - Début de la requête proxy-orthanc
2025-04-29 11:19:12 - Méthode HTTP: GET, Path: instances/2faf6dae-1e8dd60c-78fbca50-98cc48e7-66559504
2025-04-29 11:19:12 - Méthode HTTP: GET, Path: instances/5974bce8-dfa0d418-48e52945-578a9547-fbb8179e
2025-04-29 11:19:12 - Méthode HTTP: GET, Path: instances/582dde1a-6ee0dcb1-dc2c0a3c-06a79b2f-211eda06
2025-04-29 11:19:14 - Début de la requête proxy-orthanc
2025-04-29 11:19:14 - Méthode HTTP: GET, Path: instances/63831658-2ed313e4-bdd47183-6c1be4da-c0022bb4
2025-04-29 11:19:14 - Début de la requête proxy-orthanc
2025-04-29 11:19:14 - Début de la requête proxy-orthanc
2025-04-29 11:19:14 - Méthode HTTP: GET, Path: instances/75c6d27e-9c7d0b29-ef99341d-b7507933-63d3057d
2025-04-29 11:19:14 - Méthode HTTP: GET, Path: instances/b7fb1fb4-142e5a15-333ae197-298b1626-11f8833b
2025-04-29 11:19:15 - Début de la requête proxy-orthanc
2025-04-29 11:19:15 - Début de la requête proxy-orthanc
2025-04-29 11:19:15 - Méthode HTTP: GET, Path: instances/bc61cc15-593581eb-104dd853-f8e2ae2f-19704638
2025-04-29 11:19:15 - Début de la requête proxy-orthanc
2025-04-29 11:19:15 - Méthode HTTP: GET, Path: instances/cad86111-996653c7-c7ca1820-b783c4c3-9ff6e63b
2025-04-29 11:19:15 - Méthode HTTP: GET, Path: instances/dacc5f2c-4eb67b6e-62fe20be-08583e4b-f7285061
2025-04-29 11:19:17 - Début de la requête proxy-orthanc
2025-04-29 11:19:17 - Début de la requête proxy-orthanc
2025-04-29 11:19:17 - Méthode HTTP: GET, Path: instances/e07efef8-4eba99da-e58dbc40-0173c1da-e2535081
2025-04-29 11:19:17 - Méthode HTTP: GET, Path: instances/eb17dc02-607db0a6-1074ad73-79fb3688-f9a596db
2025-04-29 11:19:17 - Début de la requête proxy-orthanc
2025-04-29 11:19:17 - Méthode HTTP: GET, Path: instances/fe9d11b9-08ca2a74-f27c7727-86fa6833-6b2583ab
2025-04-29 11:19:17 - Début de la requête proxy-orthanc
2025-04-29 11:19:17 - Méthode HTTP: GET, Path: instances/feaf75ad-9548b055-4a7a21f5-3db18a07-9c6903d3
2025-04-29 11:19:17 - Début de la requête proxy-orthanc
2025-04-29 11:19:17 - Méthode HTTP: GET, Path: series/19b4c568-a95664f5-ad117914-3ccf7292-2a7ee3a0
2025-04-29 11:19:17 - Début de la requête proxy-orthanc
2025-04-29 11:19:17 - Méthode HTTP: GET, Path: series/f623b033-c3bb9318-1ae62c1a-9fd5f247-24c86dea
2025-04-29 11:19:19 - Début de la requête proxy-orthanc
2025-04-29 11:19:19 - Début de la requête proxy-orthanc
2025-04-29 11:19:19 - Méthode HTTP: GET, Path: series/4541c007-3ddcd5b2-6bf192fc-d28df38d-afe5c271
2025-04-29 11:19:19 - Début de la requête proxy-orthanc
2025-04-29 11:19:19 - Méthode HTTP: GET, Path: series/62cc4f41-9b1679c0-6ad19a2e-71fccb6f-07a3d16d
2025-04-29 11:19:19 - Méthode HTTP: GET, Path: series/f6ebf659-c336b2b9-102a72e3-2cd836e9-a5662c26
2025-04-29 11:19:19 - Début de la requête proxy-orthanc
2025-04-29 11:19:19 - Méthode HTTP: GET, Path: series/19b4c568-a95664f5-ad117914-3ccf7292-2a7ee3a0
2025-04-29 11:19:19 - Début de la requête proxy-orthanc
2025-04-29 11:19:19 - Méthode HTTP: GET, Path: series/11b7c563-ae504ced-e95ed300-7176b3e8-74f7e2f5
2025-04-29 11:19:19 - Début de la requête proxy-orthanc
2025-04-29 11:19:19 - Méthode HTTP: GET, Path: studies/200b3e41-4557e5ed-2b4a1771-a9e4ad06-cd1306c8
2025-04-29 11:19:21 - Début de la requête proxy-orthanc
2025-04-29 11:19:21 - Début de la requête proxy-orthanc
2025-04-29 11:19:21 - Méthode HTTP: GET, Path: series/670d99fa-c4a853ca-52f7989e-f6df82a8-5123711c
2025-04-29 11:19:21 - Méthode HTTP: GET, Path: studies/286789b1-82845a45-92d7dfc0-c6a8e286-27bc0129
2025-04-29 11:19:21 - Début de la requête proxy-orthanc
2025-04-29 11:19:21 - Méthode HTTP: GET, Path: studies/8e51d8c2-c73f0a1e-57f97ca6-0fe69e66-c5e753eb
2025-04-29 11:19:21 - Début de la requête proxy-orthanc
2025-04-29 11:19:21 - Début de la requête proxy-orthanc
2025-04-29 11:19:21 - Méthode HTTP: GET, Path: studies/aa938400-09e9f0df-8ba95f68-e21f98dd-0c6e0cf0
2025-04-29 11:19:21 - Méthode HTTP: GET, Path: series/19b4c568-a95664f5-ad117914-3ccf7292-2a7ee3a0
2025-04-29 11:19:21 - Début de la requête proxy-orthanc
2025-04-29 11:19:21 - Méthode HTTP: GET, Path: studies/ae9bf996-b6ab6a8b-eba1f35e-14600862-f9393ddd
2025-04-29 11:19:23 - Début de la requête proxy-orthanc
2025-04-29 11:19:23 - Méthode HTTP: GET, Path: studies/200b3e41-4557e5ed-2b4a1771-a9e4ad06-cd1306c8
2025-04-29 11:19:23 - Méthode HTTP: GET, Path: patients/9b4d864d-a53a383a-44cdda8a-269b4eee-777c5729
2025-04-29 11:19:23 - Début de la requête proxy-orthanc
2025-04-29 11:19:23 - Méthode HTTP: GET, Path: studies/8e51d8c2-c73f0a1e-57f97ca6-0fe69e66-c5e753eb
2025-04-29 11:19:23 - Début de la requête proxy-orthanc
2025-04-29 11:19:23 - Méthode HTTP: GET, Path: patients/62bc7cdd-8f5ae588-dea41879-6a8e18d1-d44362ee
2025-04-29 11:19:23 - Début de la requête proxy-orthanc
2025-04-29 11:19:23 - Méthode HTTP: GET, Path: studies/0ba2c4af-c4286377-ed83307a-c4307d90-422eea83
2025-04-29 11:19:23 - Début de la requête proxy-orthanc
2025-04-29 11:19:23 - Méthode HTTP: GET, Path: patients/10092b57-91bddc20-e68b74c7-8956c6df-49e00750
2025-04-29 11:19:25 - Début de la requête proxy-orthanc
2025-04-29 11:19:25 - Méthode HTTP: GET, Path: patients/1e6ca9a6-71d9b622-24e72d15-16251ee8-3735baf5
2025-04-29 11:19:25 - Début de la requête proxy-orthanc
2025-04-29 11:19:25 - Début de la requête proxy-orthanc
2025-04-29 11:19:25 - Début de la requête proxy-orthanc
2025-04-29 11:19:25 - Méthode HTTP: GET, Path: series/19b4c568-a95664f5-ad117914-3ccf7292-2a7ee3a0
2025-04-29 11:19:25 - Méthode HTTP: GET, Path: patients/c5cc2652-d994a3cd-4c0b46e9-8aeb6e72-a0135eba
2025-04-29 11:19:25 - Méthode HTTP: GET, Path: studies/200b3e41-4557e5ed-2b4a1771-a9e4ad06-cd1306c8
2025-04-29 11:19:25 - Début de la requête proxy-orthanc
2025-04-29 11:19:25 - Méthode HTTP: GET, Path: patients/9b4d864d-a53a383a-44cdda8a-269b4eee-777c5729
2025-04-29 11:19:25 - Début de la requête proxy-orthanc
2025-04-29 11:19:25 - Méthode HTTP: GET, Path: patients/62bc7cdd-8f5ae588-dea41879-6a8e18d1-d44362ee
2025-04-29 11:19:27 - Début de la requête proxy-orthanc
2025-04-29 11:19:27 - Méthode HTTP: GET, Path: patients/8fff5df9-52cafc00-77071493-d6c9febb-c05b7e14
2025-04-29 11:19:27 - Début de la requête proxy-orthanc
2025-04-29 11:19:27 - Méthode HTTP: GET, Path: series/19b4c568-a95664f5-ad117914-3ccf7292-2a7ee3a0
2025-04-29 11:19:27 - Début de la requête proxy-orthanc
2025-04-29 11:19:27 - Début de la requête proxy-orthanc
2025-04-29 11:19:27 - Méthode HTTP: GET, Path: patients/9b4d864d-a53a383a-44cdda8a-269b4eee-777c5729
2025-04-29 11:19:27 - Méthode HTTP: GET, Path: studies/200b3e41-4557e5ed-2b4a1771-a9e4ad06-cd1306c8
2025-04-29 11:19:29 - Début de la requête proxy-orthanc
2025-04-29 11:19:29 - Méthode HTTP: GET, Path: series/19b4c568-a95664f5-ad117914-3ccf7292-2a7ee3a0
2025-04-29 11:19:29 - Début de la requête proxy-orthanc
2025-04-29 11:19:29 - Méthode HTTP: GET, Path: studies/200b3e41-4557e5ed-2b4a1771-a9e4ad06-cd1306c8
2025-04-29 11:19:29 - Début de la requête proxy-orthanc
2025-04-29 11:19:29 - Méthode HTTP: GET, Path: patients/9b4d864d-a53a383a-44cdda8a-269b4eee-777c5729
2025-04-29 11:19:31 - Début de la requête proxy-orthanc
2025-04-29 11:19:31 - Méthode HTTP: GET, Path: series/19b4c568-a95664f5-ad117914-3ccf7292-2a7ee3a0
2025-04-29 11:19:31 - Début de la requête proxy-orthanc
2025-04-29 11:19:31 - Méthode HTTP: GET, Path: studies/200b3e41-4557e5ed-2b4a1771-a9e4ad06-cd1306c8
2025-04-29 11:19:31 - Début de la requête proxy-orthanc
2025-04-29 11:19:31 - Méthode HTTP: GET, Path: patients/9b4d864d-a53a383a-44cdda8a-269b4eee-777c5729
2025-04-29 11:19:33 - Début de la requête proxy-orthanc
2025-04-29 11:19:33 - Méthode HTTP: GET, Path: series/19b4c568-a95664f5-ad117914-3ccf7292-2a7ee3a0
2025-04-29 11:19:33 - Début de la requête proxy-orthanc
2025-04-29 11:19:33 - Début de la requête proxy-orthanc
2025-04-29 11:19:33 - Méthode HTTP: GET, Path: studies/200b3e41-4557e5ed-2b4a1771-a9e4ad06-cd1306c8
2025-04-29 11:19:33 - Méthode HTTP: GET, Path: patients/9b4d864d-a53a383a-44cdda8a-269b4eee-777c5729
2025-04-29 11:19:35 - Début de la requête proxy-orthanc
2025-04-29 11:19:35 - Méthode HTTP: GET, Path: series/19b4c568-a95664f5-ad117914-3ccf7292-2a7ee3a0
2025-04-29 11:19:35 - Début de la requête proxy-orthanc
2025-04-29 11:19:35 - Méthode HTTP: GET, Path: studies/200b3e41-4557e5ed-2b4a1771-a9e4ad06-cd1306c8
2025-04-29 11:19:35 - Début de la requête proxy-orthanc
2025-04-29 11:19:35 - Méthode HTTP: GET, Path: patients/9b4d864d-a53a383a-44cdda8a-269b4eee-777c5729
2025-04-29 11:19:37 - Début de la requête proxy-orthanc
2025-04-29 11:19:37 - Méthode HTTP: GET, Path: /instances
2025-04-29 11:19:37 - Début de la requête proxy-orthanc
2025-04-29 11:19:37 - Méthode HTTP: GET, Path: series/19b4c568-a95664f5-ad117914-3ccf7292-2a7ee3a0
2025-04-29 11:19:37 - Début de la requête proxy-orthanc
2025-04-29 11:19:37 - Méthode HTTP: GET, Path: studies/200b3e41-4557e5ed-2b4a1771-a9e4ad06-cd1306c8
2025-04-29 11:19:37 - Méthode HTTP: GET, Path: patients/9b4d864d-a53a383a-44cdda8a-269b4eee-777c5729
2025-04-29 11:19:39 - Début de la requête proxy-orthanc
2025-04-29 11:19:39 - Début de la requête proxy-orthanc
2025-04-29 11:19:39 - Méthode HTTP: GET, Path: instances/094563e4-74b821f1-120c8584-6236b3ba-05716a47
2025-04-29 11:19:39 - Début de la requête proxy-orthanc
2025-04-29 11:19:39 - Méthode HTTP: GET, Path: instances/24e83fd1-ddd03175-beb6aa86-f4ce6432-4241b24f
2025-04-29 11:19:39 - Méthode HTTP: GET, Path: instances/26952bd2-9569483f-e0549aca-a33b9065-69c33884
2025-04-29 11:19:39 - Début de la requête proxy-orthanc
2025-04-29 11:19:39 - Méthode HTTP: GET, Path: instances/2faf6dae-1e8dd60c-78fbca50-98cc48e7-66559504
2025-04-29 11:19:39 - Début de la requête proxy-orthanc
2025-04-29 11:19:39 - Méthode HTTP: GET, Path: instances/582dde1a-6ee0dcb1-dc2c0a3c-06a79b2f-211eda06
2025-04-29 11:19:39 - Début de la requête proxy-orthanc
2025-04-29 11:19:39 - Méthode HTTP: GET, Path: instances/5974bce8-dfa0d418-48e52945-578a9547-fbb8179e
2025-04-29 11:19:41 - Début de la requête proxy-orthanc
2025-04-29 11:19:41 - Méthode HTTP: GET, Path: instances/63831658-2ed313e4-bdd47183-6c1be4da-c0022bb4
2025-04-29 11:19:41 - Début de la requête proxy-orthanc
2025-04-29 11:19:41 - Début de la requête proxy-orthanc
2025-04-29 11:19:41 - Méthode HTTP: GET, Path: instances/75c6d27e-9c7d0b29-ef99341d-b7507933-63d3057d
2025-04-29 11:19:41 - Méthode HTTP: GET, Path: instances/b7fb1fb4-142e5a15-333ae197-298b1626-11f8833b
2025-04-29 11:19:41 - Début de la requête proxy-orthanc
2025-04-29 11:19:41 - Méthode HTTP: GET, Path: instances/bc61cc15-593581eb-104dd853-f8e2ae2f-19704638
2025-04-29 11:19:41 - Début de la requête proxy-orthanc
2025-04-29 11:19:41 - Méthode HTTP: GET, Path: instances/cad86111-996653c7-c7ca1820-b783c4c3-9ff6e63b
2025-04-29 11:19:41 - Début de la requête proxy-orthanc
2025-04-29 11:19:42 - Méthode HTTP: GET, Path: instances/dacc5f2c-4eb67b6e-62fe20be-08583e4b-f7285061
2025-04-29 11:19:43 - Début de la requête proxy-orthanc
2025-04-29 11:19:43 - Méthode HTTP: GET, Path: instances/e07efef8-4eba99da-e58dbc40-0173c1da-e2535081
2025-04-29 11:19:43 - Début de la requête proxy-orthanc
2025-04-29 11:19:43 - Début de la requête proxy-orthanc
2025-04-29 11:19:43 - Méthode HTTP: GET, Path: instances/eb17dc02-607db0a6-1074ad73-79fb3688-f9a596db
2025-04-29 11:19:43 - Début de la requête proxy-orthanc
2025-04-29 11:19:44 - Méthode HTTP: GET, Path: instances/feaf75ad-9548b055-4a7a21f5-3db18a07-9c6903d3
2025-04-29 11:19:44 - Début de la requête proxy-orthanc
2025-04-29 11:19:44 - Méthode HTTP: GET, Path: studies/200b3e41-4557e5ed-2b4a1771-a9e4ad06-cd1306c8
2025-04-29 11:19:44 - Début de la requête proxy-orthanc
2025-04-29 11:19:44 - Méthode HTTP: GET, Path: patients/9b4d864d-a53a383a-44cdda8a-269b4eee-777c5729
2025-04-29 11:19:45 - Début de la requête proxy-orthanc
2025-04-29 11:19:45 - Méthode HTTP: GET, Path: series/19b4c568-a95664f5-ad117914-3ccf7292-2a7ee3a0
2025-04-29 11:19:45 - Début de la requête proxy-orthanc
2025-04-29 11:19:45 - Méthode HTTP: GET, Path: series/4541c007-3ddcd5b2-6bf192fc-d28df38d-afe5c271
2025-04-29 11:19:45 - Méthode HTTP: GET, Path: series/f623b033-c3bb9318-1ae62c1a-9fd5f247-24c86dea
2025-04-29 11:19:46 - Début de la requête proxy-orthanc
2025-04-29 11:19:46 - Méthode HTTP: GET, Path: series/62cc4f41-9b1679c0-6ad19a2e-71fccb6f-07a3d16d
2025-04-29 11:19:46 - Début de la requête proxy-orthanc
2025-04-29 11:19:46 - Méthode HTTP: GET, Path: series/11b7c563-ae504ced-e95ed300-7176b3e8-74f7e2f5
2025-04-29 11:19:46 - Début de la requête proxy-orthanc
2025-04-29 11:19:46 - Méthode HTTP: GET, Path: series/f6ebf659-c336b2b9-102a72e3-2cd836e9-a5662c26
2025-04-29 11:19:47 - Début de la requête proxy-orthanc
2025-04-29 11:19:47 - Méthode HTTP: GET, Path: series/670d99fa-c4a853ca-52f7989e-f6df82a8-5123711c
2025-04-29 11:19:47 - Début de la requête proxy-orthanc
2025-04-29 11:19:47 - Début de la requête proxy-orthanc
2025-04-29 11:19:47 - Méthode HTTP: GET, Path: patients/9b4d864d-a53a383a-44cdda8a-269b4eee-777c5729
2025-04-29 11:19:47 - Méthode HTTP: GET, Path: series/19b4c568-a95664f5-ad117914-3ccf7292-2a7ee3a0
2025-04-29 11:19:48 - Début de la requête proxy-orthanc
2025-04-29 11:19:48 - Méthode HTTP: GET, Path: studies/200b3e41-4557e5ed-2b4a1771-a9e4ad06-cd1306c8
2025-04-29 11:19:48 - Début de la requête proxy-orthanc
2025-04-29 11:19:48 - Méthode HTTP: GET, Path: studies/8e51d8c2-c73f0a1e-57f97ca6-0fe69e66-c5e753eb
2025-04-29 11:19:48 - Début de la requête proxy-orthanc
2025-04-29 11:19:48 - Méthode HTTP: GET, Path: studies/286789b1-82845a45-92d7dfc0-c6a8e286-27bc0129
2025-04-29 11:19:49 - Début de la requête proxy-orthanc
2025-04-29 11:19:49 - Méthode HTTP: GET, Path: studies/aa938400-09e9f0df-8ba95f68-e21f98dd-0c6e0cf0
2025-04-29 11:19:49 - Début de la requête proxy-orthanc
2025-04-29 11:19:49 - Méthode HTTP: GET, Path: studies/ae9bf996-b6ab6a8b-eba1f35e-14600862-f9393ddd
2025-04-29 11:19:49 - Début de la requête proxy-orthanc
2025-04-29 11:19:49 - Méthode HTTP: GET, Path: studies/0ba2c4af-c4286377-ed83307a-c4307d90-422eea83
2025-04-29 11:19:50 - Début de la requête proxy-orthanc
2025-04-29 11:19:50 - Méthode HTTP: GET, Path: series/19b4c568-a95664f5-ad117914-3ccf7292-2a7ee3a0
2025-04-29 11:19:50 - Début de la requête proxy-orthanc
2025-04-29 11:19:50 - Méthode HTTP: GET, Path: studies/8e51d8c2-c73f0a1e-57f97ca6-0fe69e66-c5e753eb
2025-04-29 11:19:51 - Début de la requête proxy-orthanc
2025-04-29 11:19:51 - Méthode HTTP: GET, Path: patients/62bc7cdd-8f5ae588-dea41879-6a8e18d1-d44362ee
2025-04-29 11:19:51 - Début de la requête proxy-orthanc
2025-04-29 11:19:51 - Début de la requête proxy-orthanc
2025-04-29 11:19:51 - Début de la requête proxy-orthanc
2025-04-29 11:19:51 - Méthode HTTP: GET, Path: patients/9b4d864d-a53a383a-44cdda8a-269b4eee-777c5729
2025-04-29 11:19:51 - Méthode HTTP: GET, Path: studies/200b3e41-4557e5ed-2b4a1771-a9e4ad06-cd1306c8
2025-04-29 11:19:51 - Méthode HTTP: GET, Path: patients/10092b57-91bddc20-e68b74c7-8956c6df-49e00750
2025-04-29 11:19:52 - Début de la requête proxy-orthanc
2025-04-29 11:19:52 - Méthode HTTP: GET, Path: patients/c5cc2652-d994a3cd-4c0b46e9-8aeb6e72-a0135eba
2025-04-29 11:19:52 - Début de la requête proxy-orthanc
2025-04-29 11:19:52 - Méthode HTTP: GET, Path: patients/1e6ca9a6-71d9b622-24e72d15-16251ee8-3735baf5
2025-04-29 11:19:53 - Début de la requête proxy-orthanc
2025-04-29 11:19:53 - Méthode HTTP: GET, Path: patients/8fff5df9-52cafc00-77071493-d6c9febb-c05b7e14
2025-04-29 11:19:54 - Début de la requête proxy-orthanc
2025-04-29 11:19:54 - Méthode HTTP: GET, Path: series/19b4c568-a95664f5-ad117914-3ccf7292-2a7ee3a0
2025-04-29 11:19:54 - Début de la requête proxy-orthanc
2025-04-29 11:19:54 - Début de la requête proxy-orthanc
2025-04-29 11:19:54 - Méthode HTTP: GET, Path: /instances
2025-04-29 11:19:54 - Méthode HTTP: GET, Path: patients/62bc7cdd-8f5ae588-dea41879-6a8e18d1-d44362ee
2025-04-29 11:19:54 - Début de la requête proxy-orthanc
2025-04-29 11:19:54 - Méthode HTTP: GET, Path: studies/200b3e41-4557e5ed-2b4a1771-a9e4ad06-cd1306c8
2025-04-29 11:19:54 - Début de la requête proxy-orthanc
2025-04-29 11:19:54 - Méthode HTTP: GET, Path: patients/9b4d864d-a53a383a-44cdda8a-269b4eee-777c5729
2025-04-29 11:19:56 - Début de la requête proxy-orthanc
2025-04-29 11:19:56 - Méthode HTTP: GET, Path: series/19b4c568-a95664f5-ad117914-3ccf7292-2a7ee3a0
2025-04-29 11:19:56 - Début de la requête proxy-orthanc
2025-04-29 11:19:56 - Début de la requête proxy-orthanc
2025-04-29 11:19:56 - Méthode HTTP: GET, Path: instances/094563e4-74b821f1-120c8584-6236b3ba-05716a47
2025-04-29 11:19:56 - Méthode HTTP: GET, Path: instances/24e83fd1-ddd03175-beb6aa86-f4ce6432-4241b24f
2025-04-29 11:19:56 - Début de la requête proxy-orthanc
2025-04-29 11:19:56 - Méthode HTTP: GET, Path: instances/26952bd2-9569483f-e0549aca-a33b9065-69c33884
2025-04-29 11:19:56 - Début de la requête proxy-orthanc
2025-04-29 11:19:56 - Méthode HTTP: GET, Path: instances/2faf6dae-1e8dd60c-78fbca50-98cc48e7-66559504
2025-04-29 11:19:56 - Début de la requête proxy-orthanc
2025-04-29 11:19:56 - Méthode HTTP: GET, Path: instances/582dde1a-6ee0dcb1-dc2c0a3c-06a79b2f-211eda06
2025-04-29 11:19:58 - Début de la requête proxy-orthanc
2025-04-29 11:19:58 - Méthode HTTP: GET, Path: instances/5974bce8-dfa0d418-48e52945-578a9547-fbb8179e
2025-04-29 11:19:58 - Début de la requête proxy-orthanc
2025-04-29 11:19:58 - Méthode HTTP: GET, Path: instances/63831658-2ed313e4-bdd47183-6c1be4da-c0022bb4
2025-04-29 11:19:58 - Début de la requête proxy-orthanc
2025-04-29 11:19:58 - Début de la requête proxy-orthanc
2025-04-29 11:19:58 - Méthode HTTP: GET, Path: instances/75c6d27e-9c7d0b29-ef99341d-b7507933-63d3057d
2025-04-29 11:19:58 - Méthode HTTP: GET, Path: instances/b7fb1fb4-142e5a15-333ae197-298b1626-11f8833b
2025-04-29 11:19:58 - Début de la requête proxy-orthanc
2025-04-29 11:19:58 - Méthode HTTP: GET, Path: instances/bc61cc15-593581eb-104dd853-f8e2ae2f-19704638
2025-04-29 11:19:58 - Début de la requête proxy-orthanc
2025-04-29 11:19:58 - Méthode HTTP: GET, Path: instances/cad86111-996653c7-c7ca1820-b783c4c3-9ff6e63b
2025-04-29 11:20:00 - Début de la requête proxy-orthanc
2025-04-29 11:20:00 - Méthode HTTP: GET, Path: instances/dacc5f2c-4eb67b6e-62fe20be-08583e4b-f7285061
2025-04-29 11:20:00 - Début de la requête proxy-orthanc
2025-04-29 11:20:00 - Méthode HTTP: GET, Path: instances/e07efef8-4eba99da-e58dbc40-0173c1da-e2535081
2025-04-29 11:20:00 - Début de la requête proxy-orthanc
2025-04-29 11:20:00 - Début de la requête proxy-orthanc
2025-04-29 11:20:00 - Méthode HTTP: GET, Path: instances/fe9d11b9-08ca2a74-f27c7727-86fa6833-6b2583ab
2025-04-29 11:20:00 - Méthode HTTP: GET, Path: instances/eb17dc02-607db0a6-1074ad73-79fb3688-f9a596db
2025-04-29 11:20:00 - Début de la requête proxy-orthanc
2025-04-29 11:20:00 - Méthode HTTP: GET, Path: instances/feaf75ad-9548b055-4a7a21f5-3db18a07-9c6903d3
2025-04-29 11:20:00 - Début de la requête proxy-orthanc
2025-04-29 11:20:00 - Méthode HTTP: GET, Path: studies/200b3e41-4557e5ed-2b4a1771-a9e4ad06-cd1306c8
2025-04-29 11:20:02 - Début de la requête proxy-orthanc
2025-04-29 11:20:02 - Méthode HTTP: GET, Path: patients/9b4d864d-a53a383a-44cdda8a-269b4eee-777c5729
2025-04-29 11:20:02 - Début de la requête proxy-orthanc
2025-04-29 11:20:02 - Méthode HTTP: GET, Path: series/19b4c568-a95664f5-ad117914-3ccf7292-2a7ee3a0
2025-04-29 11:20:02 - Début de la requête proxy-orthanc
2025-04-29 11:20:02 - Méthode HTTP: GET, Path: series/f623b033-c3bb9318-1ae62c1a-9fd5f247-24c86dea
2025-04-29 11:20:02 - Début de la requête proxy-orthanc
2025-04-29 11:20:02 - Méthode HTTP: GET, Path: series/4541c007-3ddcd5b2-6bf192fc-d28df38d-afe5c271
2025-04-29 11:20:02 - Début de la requête proxy-orthanc
2025-04-29 11:20:02 - Méthode HTTP: GET, Path: series/62cc4f41-9b1679c0-6ad19a2e-71fccb6f-07a3d16d
2025-04-29 11:20:02 - Début de la requête proxy-orthanc
2025-04-29 11:20:02 - Méthode HTTP: GET, Path: series/11b7c563-ae504ced-e95ed300-7176b3e8-74f7e2f5
2025-04-29 11:20:04 - Début de la requête proxy-orthanc
2025-04-29 11:20:04 - Méthode HTTP: GET, Path: series/f6ebf659-c336b2b9-102a72e3-2cd836e9-a5662c26
2025-04-29 11:20:04 - Début de la requête proxy-orthanc
2025-04-29 11:20:04 - Méthode HTTP: GET, Path: series/670d99fa-c4a853ca-52f7989e-f6df82a8-5123711c
2025-04-29 11:20:04 - Début de la requête proxy-orthanc
2025-04-29 11:20:04 - Début de la requête proxy-orthanc
2025-04-29 11:20:04 - Méthode HTTP: GET, Path: series/19b4c568-a95664f5-ad117914-3ccf7292-2a7ee3a0
2025-04-29 11:20:04 - Méthode HTTP: GET, Path: studies/200b3e41-4557e5ed-2b4a1771-a9e4ad06-cd1306c8
2025-04-29 11:20:04 - Début de la requête proxy-orthanc
2025-04-29 11:20:04 - Méthode HTTP: GET, Path: series/19b4c568-a95664f5-ad117914-3ccf7292-2a7ee3a0
2025-04-29 11:20:04 - Début de la requête proxy-orthanc
2025-04-29 11:20:04 - Méthode HTTP: GET, Path: series/19b4c568-a95664f5-ad117914-3ccf7292-2a7ee3a0
2025-04-29 11:20:06 - Début de la requête proxy-orthanc
2025-04-29 11:20:06 - Méthode HTTP: GET, Path: patients/9b4d864d-a53a383a-44cdda8a-269b4eee-777c5729
2025-04-29 11:20:06 - Début de la requête proxy-orthanc
2025-04-29 11:20:06 - Méthode HTTP: GET, Path: series/19b4c568-a95664f5-ad117914-3ccf7292-2a7ee3a0
2025-04-29 11:20:06 - Début de la requête proxy-orthanc
2025-04-29 11:20:06 - Méthode HTTP: GET, Path: studies/286789b1-82845a45-92d7dfc0-c6a8e286-27bc0129
2025-04-29 11:20:06 - Début de la requête proxy-orthanc
2025-04-29 11:20:06 - Début de la requête proxy-orthanc
2025-04-29 11:20:06 - Méthode HTTP: GET, Path: studies/8e51d8c2-c73f0a1e-57f97ca6-0fe69e66-c5e753eb
2025-04-29 11:20:06 - Méthode HTTP: GET, Path: studies/aa938400-09e9f0df-8ba95f68-e21f98dd-0c6e0cf0
2025-04-29 11:20:06 - Début de la requête proxy-orthanc
2025-04-29 11:20:06 - Méthode HTTP: GET, Path: studies/ae9bf996-b6ab6a8b-eba1f35e-14600862-f9393ddd
2025-04-29 11:20:08 - Début de la requête proxy-orthanc
2025-04-29 11:20:08 - Méthode HTTP: GET, Path: studies/200b3e41-4557e5ed-2b4a1771-a9e4ad06-cd1306c8
2025-04-29 11:20:08 - Début de la requête proxy-orthanc
2025-04-29 11:20:08 - Début de la requête proxy-orthanc
2025-04-29 11:20:08 - Méthode HTTP: GET, Path: studies/0ba2c4af-c4286377-ed83307a-c4307d90-422eea83
2025-04-29 11:20:08 - Début de la requête proxy-orthanc
2025-04-29 11:20:08 - Méthode HTTP: GET, Path: patients/9b4d864d-a53a383a-44cdda8a-269b4eee-777c5729
2025-04-29 11:20:08 - Méthode HTTP: GET, Path: studies/8e51d8c2-c73f0a1e-57f97ca6-0fe69e66-c5e753eb
2025-04-29 11:20:08 - Méthode HTTP: GET, Path: series/19b4c568-a95664f5-ad117914-3ccf7292-2a7ee3a0
2025-04-29 11:20:08 - Début de la requête proxy-orthanc
2025-04-29 11:20:08 - Méthode HTTP: GET, Path: patients/62bc7cdd-8f5ae588-dea41879-6a8e18d1-d44362ee
2025-04-29 11:20:10 - Début de la requête proxy-orthanc
2025-04-29 11:20:10 - Méthode HTTP: GET, Path: patients/1e6ca9a6-71d9b622-24e72d15-16251ee8-3735baf5
2025-04-29 11:20:10 - Début de la requête proxy-orthanc
2025-04-29 11:20:10 - Méthode HTTP: GET, Path: patients/10092b57-91bddc20-e68b74c7-8956c6df-49e00750
2025-04-29 11:20:10 - Début de la requête proxy-orthanc
2025-04-29 11:20:10 - Méthode HTTP: GET, Path: patients/c5cc2652-d994a3cd-4c0b46e9-8aeb6e72-a0135eba
2025-04-29 11:20:10 - Début de la requête proxy-orthanc
2025-04-29 11:20:10 - Méthode HTTP: GET, Path: studies/200b3e41-4557e5ed-2b4a1771-a9e4ad06-cd1306c8
2025-04-29 11:20:10 - Début de la requête proxy-orthanc
2025-04-29 11:20:10 - Méthode HTTP: GET, Path: patients/8fff5df9-52cafc00-77071493-d6c9febb-c05b7e14
2025-04-29 11:20:10 - Début de la requête proxy-orthanc
2025-04-29 11:20:10 - Méthode HTTP: GET, Path: patients/9b4d864d-a53a383a-44cdda8a-269b4eee-777c5729
2025-04-29 11:20:12 - Début de la requête proxy-orthanc
2025-04-29 11:20:12 - Méthode HTTP: GET, Path: series/19b4c568-a95664f5-ad117914-3ccf7292-2a7ee3a0
2025-04-29 11:20:12 - Début de la requête proxy-orthanc
2025-04-29 11:20:12 - Méthode HTTP: GET, Path: patients/62bc7cdd-8f5ae588-dea41879-6a8e18d1-d44362ee
2025-04-29 11:20:12 - Début de la requête proxy-orthanc
2025-04-29 11:20:12 - Méthode HTTP: GET, Path: studies/200b3e41-4557e5ed-2b4a1771-a9e4ad06-cd1306c8
2025-04-29 11:20:12 - Début de la requête proxy-orthanc
2025-04-29 11:20:12 - Méthode HTTP: GET, Path: patients/9b4d864d-a53a383a-44cdda8a-269b4eee-777c5729
2025-04-29 11:20:14 - Début de la requête proxy-orthanc
2025-04-29 11:20:14 - Méthode HTTP: GET, Path: series/19b4c568-a95664f5-ad117914-3ccf7292-2a7ee3a0
2025-04-29 11:20:14 - Début de la requête proxy-orthanc
2025-04-29 11:20:14 - Méthode HTTP: GET, Path: studies/200b3e41-4557e5ed-2b4a1771-a9e4ad06-cd1306c8
2025-04-29 11:20:14 - Début de la requête proxy-orthanc
2025-04-29 11:20:14 - Méthode HTTP: GET, Path: patients/9b4d864d-a53a383a-44cdda8a-269b4eee-777c5729
2025-04-29 11:20:16 - Début de la requête proxy-orthanc
2025-04-29 11:20:16 - Méthode HTTP: GET, Path: series/19b4c568-a95664f5-ad117914-3ccf7292-2a7ee3a0
2025-04-29 11:20:16 - Début de la requête proxy-orthanc
2025-04-29 11:20:16 - Méthode HTTP: GET, Path: studies/200b3e41-4557e5ed-2b4a1771-a9e4ad06-cd1306c8
2025-04-29 11:20:17 - Début de la requête proxy-orthanc
2025-04-29 11:20:17 - Méthode HTTP: GET, Path: patients/9b4d864d-a53a383a-44cdda8a-269b4eee-777c5729
2025-04-29 11:20:18 - Début de la requête proxy-orthanc
2025-04-29 11:20:18 - Méthode HTTP: GET, Path: series/19b4c568-a95664f5-ad117914-3ccf7292-2a7ee3a0
2025-04-29 11:20:18 - Début de la requête proxy-orthanc
2025-04-29 11:20:18 - Méthode HTTP: GET, Path: studies/200b3e41-4557e5ed-2b4a1771-a9e4ad06-cd1306c8
2025-04-29 11:20:19 - Début de la requête proxy-orthanc
2025-04-29 11:20:19 - Méthode HTTP: GET, Path: patients/9b4d864d-a53a383a-44cdda8a-269b4eee-777c5729
2025-04-29 11:20:20 - Début de la requête proxy-orthanc
2025-04-29 11:20:20 - Méthode HTTP: GET, Path: series/19b4c568-a95664f5-ad117914-3ccf7292-2a7ee3a0
2025-04-29 11:20:20 - Début de la requête proxy-orthanc
2025-04-29 11:20:20 - Méthode HTTP: GET, Path: series/19b4c568-a95664f5-ad117914-3ccf7292-2a7ee3a0
2025-04-29 11:20:20 - Début de la requête proxy-orthanc
2025-04-29 11:20:20 - Méthode HTTP: GET, Path: series/19b4c568-a95664f5-ad117914-3ccf7292-2a7ee3a0
2025-04-29 11:20:20 - Début de la requête proxy-orthanc
2025-04-29 11:20:20 - Méthode HTTP: GET, Path: series/19b4c568-a95664f5-ad117914-3ccf7292-2a7ee3a0
2025-04-29 11:20:20 - Début de la requête proxy-orthanc
2025-04-29 11:20:20 - Méthode HTTP: GET, Path: studies/200b3e41-4557e5ed-2b4a1771-a9e4ad06-cd1306c8
2025-04-29 11:20:21 - Début de la requête proxy-orthanc
2025-04-29 11:20:21 - Méthode HTTP: GET, Path: patients/9b4d864d-a53a383a-44cdda8a-269b4eee-777c5729
2025-04-29 11:20:22 - Début de la requête proxy-orthanc
2025-04-29 11:20:22 - Méthode HTTP: GET, Path: series/19b4c568-a95664f5-ad117914-3ccf7292-2a7ee3a0
2025-04-29 11:20:22 - Début de la requête proxy-orthanc
2025-04-29 11:20:22 - Méthode HTTP: GET, Path: studies/200b3e41-4557e5ed-2b4a1771-a9e4ad06-cd1306c8
2025-04-29 11:20:23 - Début de la requête proxy-orthanc
2025-04-29 11:20:23 - Méthode HTTP: GET, Path: patients/9b4d864d-a53a383a-44cdda8a-269b4eee-777c5729
2025-04-29 11:20:25 - Début de la requête proxy-orthanc
2025-04-29 11:20:25 - Méthode HTTP: GET, Path: studies/200b3e41-4557e5ed-2b4a1771-a9e4ad06-cd1306c8
2025-04-29 11:20:25 - Début de la requête proxy-orthanc
2025-04-29 11:20:25 - Méthode HTTP: GET, Path: patients/9b4d864d-a53a383a-44cdda8a-269b4eee-777c5729
2025-04-29 11:20:27 - Début de la requête proxy-orthanc
2025-04-29 11:20:27 - Méthode HTTP: GET, Path: studies/200b3e41-4557e5ed-2b4a1771-a9e4ad06-cd1306c8
2025-04-29 11:20:27 - Début de la requête proxy-orthanc
2025-04-29 11:20:27 - Méthode HTTP: GET, Path: patients/9b4d864d-a53a383a-44cdda8a-269b4eee-777c5729
2025-04-29 11:20:29 - Début de la requête proxy-orthanc
2025-04-29 11:20:29 - Méthode HTTP: GET, Path: studies/200b3e41-4557e5ed-2b4a1771-a9e4ad06-cd1306c8
2025-04-29 11:20:29 - Début de la requête proxy-orthanc
2025-04-29 11:20:29 - Méthode HTTP: GET, Path: patients/9b4d864d-a53a383a-44cdda8a-269b4eee-777c5729
2025-04-29 11:20:31 - Début de la requête proxy-orthanc
2025-04-29 11:20:31 - Méthode HTTP: GET, Path: studies/200b3e41-4557e5ed-2b4a1771-a9e4ad06-cd1306c8
2025-04-29 11:20:31 - Début de la requête proxy-orthanc
2025-04-29 11:20:31 - Méthode HTTP: GET, Path: patients/9b4d864d-a53a383a-44cdda8a-269b4eee-777c5729
2025-04-29 11:20:33 - Début de la requête proxy-orthanc
2025-04-29 11:20:33 - Méthode HTTP: GET, Path: studies/200b3e41-4557e5ed-2b4a1771-a9e4ad06-cd1306c8
2025-04-29 11:20:33 - Début de la requête proxy-orthanc
2025-04-29 11:20:33 - Méthode HTTP: GET, Path: patients/9b4d864d-a53a383a-44cdda8a-269b4eee-777c5729
2025-04-29 11:20:35 - Début de la requête proxy-orthanc
2025-04-29 11:20:35 - Méthode HTTP: GET, Path: studies/200b3e41-4557e5ed-2b4a1771-a9e4ad06-cd1306c8
2025-04-29 11:20:35 - Début de la requête proxy-orthanc
2025-04-29 11:20:35 - Méthode HTTP: GET, Path: patients/9b4d864d-a53a383a-44cdda8a-269b4eee-777c5729
2025-04-29 11:20:37 - Début de la requête proxy-orthanc
2025-04-29 11:20:37 - Méthode HTTP: GET, Path: studies/200b3e41-4557e5ed-2b4a1771-a9e4ad06-cd1306c8
2025-04-29 11:20:37 - Début de la requête proxy-orthanc
2025-04-29 11:20:37 - Méthode HTTP: GET, Path: patients/9b4d864d-a53a383a-44cdda8a-269b4eee-777c5729
2025-04-29 11:20:39 - Début de la requête proxy-orthanc
2025-04-29 11:20:39 - Méthode HTTP: GET, Path: instances/24e83fd1-ddd03175-beb6aa86-f4ce6432-4241b24f/file
2025-04-29 11:20:39 - Début de la requête proxy-orthanc
2025-04-29 11:20:39 - Méthode HTTP: GET, Path: patients/9b4d864d-a53a383a-44cdda8a-269b4eee-777c5729
2025-04-30 16:37:11 - Début de la requête proxy-orthanc
2025-04-30 16:37:11 - Méthode HTTP: POST, Path: instances
2025-04-30 16:37:11 - Content-Type: multipart/form-data; boundary=----WebKitFormBoundaryMXRFP26WJBJFAzIK
2025-04-30 16:37:11 - Patient ID reçu: 9
2025-04-30 16:37:12 - Erreur: patient_id 9 n'existe pas dans la table patients
2025-04-30 16:37:24 - Début de la requête proxy-orthanc
2025-04-30 16:37:24 - Méthode HTTP: POST, Path: instances
2025-04-30 16:37:24 - Content-Type: multipart/form-data; boundary=----WebKitFormBoundaryTNdag0WEjZADhuhp
2025-04-30 16:37:24 - Patient ID reçu: 2
2025-04-30 16:37:25 - Requête POST vers Orthanc: URL=http://localhost:8042/instances, HTTP Code=200, Réponse={
   "ID" : "6be8f9b5-0a47915b-56fd8a11-4d94300c-9bfb83c4",
   "ParentPatient" : "b6589fc6-ab0dc82c-f12099d1-c2d40ab9-94e8410c",
   "ParentSeries" : "98d367a5-58eeba8b-f3c2da4b-de7d8f6f-ede53eb2",
   "ParentStudy" : "3abaec0a-ebfaaa87-f830d52b-d62df074-6a692c12",
   "Path" : "/instances/6be8f9b5-0a47915b-56fd8a11-4d94300c-9bfb83c4",
   "Status" : "Success"
}, Erreur cURL=
2025-04-30 16:37:25 - Enregistrement réussi dans dicom_instances: orthanc_instance_id=6be8f9b5-0a47915b-56fd8a11-4d94300c-9bfb83c4, patient_id=2
2025-04-30 16:37:32 - Début de la requête proxy-orthanc
2025-04-30 16:37:32 - Méthode HTTP: GET, Path: /instances
2025-04-30 16:37:34 - Début de la requête proxy-orthanc
2025-04-30 16:37:34 - Méthode HTTP: GET, Path: instances/6be8f9b5-0a47915b-56fd8a11-4d94300c-9bfb83c4
2025-04-30 16:37:34 - Début de la requête proxy-orthanc
2025-04-30 16:37:34 - Méthode HTTP: GET, Path: instances/094563e4-74b821f1-120c8584-6236b3ba-05716a47
2025-04-30 16:37:34 - Début de la requête proxy-orthanc
2025-04-30 16:37:34 - Début de la requête proxy-orthanc
2025-04-30 16:37:34 - Méthode HTTP: GET, Path: instances/2faf6dae-1e8dd60c-78fbca50-98cc48e7-66559504
2025-04-30 16:37:34 - Début de la requête proxy-orthanc
2025-04-30 16:37:34 - Méthode HTTP: GET, Path: instances/5974bce8-dfa0d418-48e52945-578a9547-fbb8179e
2025-04-30 16:37:34 - Début de la requête proxy-orthanc
2025-04-30 16:37:34 - Méthode HTTP: GET, Path: instances/582dde1a-6ee0dcb1-dc2c0a3c-06a79b2f-211eda06
2025-04-30 16:37:34 - Méthode HTTP: GET, Path: instances/26952bd2-9569483f-e0549aca-a33b9065-69c33884
2025-04-30 16:37:36 - Début de la requête proxy-orthanc
2025-04-30 16:37:36 - Méthode HTTP: GET, Path: instances/b7fb1fb4-142e5a15-333ae197-298b1626-11f8833b
2025-04-30 16:37:36 - Début de la requête proxy-orthanc
2025-04-30 16:37:36 - Début de la requête proxy-orthanc
2025-04-30 16:37:36 - Méthode HTTP: GET, Path: instances/bc61cc15-593581eb-104dd853-f8e2ae2f-19704638
2025-04-30 16:37:36 - Méthode HTTP: GET, Path: instances/dacc5f2c-4eb67b6e-62fe20be-08583e4b-f7285061
2025-04-30 16:37:36 - Méthode HTTP: GET, Path: instances/cad86111-996653c7-c7ca1820-b783c4c3-9ff6e63b
2025-04-30 16:37:36 - Début de la requête proxy-orthanc
2025-04-30 16:37:36 - Méthode HTTP: GET, Path: instances/e07efef8-4eba99da-e58dbc40-0173c1da-e2535081
2025-04-30 16:37:36 - Début de la requête proxy-orthanc
2025-04-30 16:37:36 - Méthode HTTP: GET, Path: instances/eb17dc02-607db0a6-1074ad73-79fb3688-f9a596db
2025-04-30 16:37:38 - Début de la requête proxy-orthanc
2025-04-30 16:37:38 - Méthode HTTP: GET, Path: instances/fe9d11b9-08ca2a74-f27c7727-86fa6833-6b2583ab
2025-04-30 16:37:38 - Début de la requête proxy-orthanc
2025-04-30 16:37:38 - Début de la requête proxy-orthanc
2025-04-30 16:37:38 - Méthode HTTP: GET, Path: instances/feaf75ad-9548b055-4a7a21f5-3db18a07-9c6903d3
2025-04-30 16:37:38 - Méthode HTTP: GET, Path: instances/63831658-2ed313e4-bdd47183-6c1be4da-c0022bb4
2025-04-30 16:37:38 - Début de la requête proxy-orthanc
2025-04-30 16:37:38 - Début de la requête proxy-orthanc
2025-04-30 16:37:38 - Début de la requête proxy-orthanc
2025-04-30 16:37:38 - Méthode HTTP: GET, Path: instances/24e83fd1-ddd03175-beb6aa86-f4ce6432-4241b24f
2025-04-30 16:37:38 - Méthode HTTP: GET, Path: instances/75c6d27e-9c7d0b29-ef99341d-b7507933-63d3057d
2025-04-30 16:37:38 - Méthode HTTP: GET, Path: series/98d367a5-58eeba8b-f3c2da4b-de7d8f6f-ede53eb2
2025-04-30 16:37:40 - Début de la requête proxy-orthanc
2025-04-30 16:37:40 - Méthode HTTP: GET, Path: series/19b4c568-a95664f5-ad117914-3ccf7292-2a7ee3a0
2025-04-30 16:37:40 - Méthode HTTP: GET, Path: series/f623b033-c3bb9318-1ae62c1a-9fd5f247-24c86dea
2025-04-30 16:37:40 - Début de la requête proxy-orthanc
2025-04-30 16:37:40 - Début de la requête proxy-orthanc
2025-04-30 16:37:40 - Méthode HTTP: GET, Path: series/4541c007-3ddcd5b2-6bf192fc-d28df38d-afe5c271
2025-04-30 16:37:40 - Début de la requête proxy-orthanc
2025-04-30 16:37:40 - Début de la requête proxy-orthanc
2025-04-30 16:37:40 - Méthode HTTP: GET, Path: series/62cc4f41-9b1679c0-6ad19a2e-71fccb6f-07a3d16d
2025-04-30 16:37:40 - Méthode HTTP: GET, Path: series/f6ebf659-c336b2b9-102a72e3-2cd836e9-a5662c26
2025-04-30 16:37:40 - Méthode HTTP: GET, Path: series/11b7c563-ae504ced-e95ed300-7176b3e8-74f7e2f5
2025-04-30 16:37:42 - Début de la requête proxy-orthanc
2025-04-30 16:37:42 - Début de la requête proxy-orthanc
2025-04-30 16:37:42 - Méthode HTTP: GET, Path: studies/3abaec0a-ebfaaa87-f830d52b-d62df074-6a692c12
2025-04-30 16:37:42 - Méthode HTTP: POST, Path: instances
2025-04-30 16:37:42 - Content-Type: multipart/form-data; boundary=----WebKitFormBoundaryibvKNrNs5a8SASUI
2025-04-30 16:37:42 - Patient ID reçu: 9
2025-04-30 16:37:42 - Erreur: patient_id 9 n'existe pas dans la table patients
2025-04-30 16:37:42 - Début de la requête proxy-orthanc
2025-04-30 16:37:43 - Début de la requête proxy-orthanc
2025-04-30 16:37:43 - Méthode HTTP: GET, Path: series/670d99fa-c4a853ca-52f7989e-f6df82a8-5123711c
2025-04-30 16:37:43 - Méthode HTTP: GET, Path: series/19b4c568-a95664f5-ad117914-3ccf7292-2a7ee3a0
2025-04-30 16:37:43 - Début de la requête proxy-orthanc
2025-04-30 16:37:43 - Méthode HTTP: GET, Path: studies/200b3e41-4557e5ed-2b4a1771-a9e4ad06-cd1306c8
2025-04-30 16:37:43 - Début de la requête proxy-orthanc
2025-04-30 16:37:43 - Méthode HTTP: GET, Path: studies/286789b1-82845a45-92d7dfc0-c6a8e286-27bc0129
2025-04-30 16:37:43 - Début de la requête proxy-orthanc
2025-04-30 16:37:43 - Méthode HTTP: GET, Path: studies/8e51d8c2-c73f0a1e-57f97ca6-0fe69e66-c5e753eb
2025-04-30 16:37:45 - Début de la requête proxy-orthanc
2025-04-30 16:37:45 - Méthode HTTP: GET, Path: series/19b4c568-a95664f5-ad117914-3ccf7292-2a7ee3a0
2025-04-30 16:37:47 - Début de la requête proxy-orthanc
2025-04-30 16:37:47 - Méthode HTTP: GET, Path: series/19b4c568-a95664f5-ad117914-3ccf7292-2a7ee3a0
2025-04-30 16:37:49 - Début de la requête proxy-orthanc
2025-04-30 16:37:49 - Méthode HTTP: GET, Path: series/19b4c568-a95664f5-ad117914-3ccf7292-2a7ee3a0
2025-04-30 16:37:49 - Début de la requête proxy-orthanc
2025-04-30 16:37:49 - Méthode HTTP: GET, Path: studies/aa938400-09e9f0df-8ba95f68-e21f98dd-0c6e0cf0
2025-04-30 16:37:49 - Début de la requête proxy-orthanc
2025-04-30 16:37:49 - Début de la requête proxy-orthanc
2025-04-30 16:37:49 - Début de la requête proxy-orthanc
2025-04-30 16:37:49 - Méthode HTTP: GET, Path: studies/8e51d8c2-c73f0a1e-57f97ca6-0fe69e66-c5e753eb
2025-04-30 16:37:49 - Méthode HTTP: GET, Path: patients/62bc7cdd-8f5ae588-dea41879-6a8e18d1-d44362ee
2025-04-30 16:37:49 - Méthode HTTP: GET, Path: patients/b6589fc6-ab0dc82c-f12099d1-c2d40ab9-94e8410c
2025-04-30 16:37:51 - Début de la requête proxy-orthanc
2025-04-30 16:37:51 - Méthode HTTP: GET, Path: studies/200b3e41-4557e5ed-2b4a1771-a9e4ad06-cd1306c8
2025-04-30 16:37:51 - Début de la requête proxy-orthanc
2025-04-30 16:37:51 - Méthode HTTP: GET, Path: studies/0ba2c4af-c4286377-ed83307a-c4307d90-422eea83
2025-04-30 16:37:51 - Début de la requête proxy-orthanc
2025-04-30 16:37:51 - Début de la requête proxy-orthanc
2025-04-30 16:37:51 - Méthode HTTP: GET, Path: studies/ae9bf996-b6ab6a8b-eba1f35e-14600862-f9393ddd
2025-04-30 16:37:51 - Méthode HTTP: GET, Path: patients/10092b57-91bddc20-e68b74c7-8956c6df-49e00750
2025-04-30 16:37:51 - Début de la requête proxy-orthanc
2025-04-30 16:37:51 - Méthode HTTP: GET, Path: series/19b4c568-a95664f5-ad117914-3ccf7292-2a7ee3a0
2025-04-30 16:37:51 - Méthode HTTP: GET, Path: patients/1e6ca9a6-71d9b622-24e72d15-16251ee8-3735baf5
2025-04-30 16:37:53 - Début de la requête proxy-orthanc
2025-04-30 16:37:53 - Méthode HTTP: GET, Path: patients/62bc7cdd-8f5ae588-dea41879-6a8e18d1-d44362ee
2025-04-30 16:37:53 - Début de la requête proxy-orthanc
2025-04-30 16:37:53 - Méthode HTTP: GET, Path: studies/200b3e41-4557e5ed-2b4a1771-a9e4ad06-cd1306c8
2025-04-30 16:37:53 - Début de la requête proxy-orthanc
2025-04-30 16:37:53 - Méthode HTTP: GET, Path: patients/9b4d864d-a53a383a-44cdda8a-269b4eee-777c5729
2025-04-30 16:37:53 - Début de la requête proxy-orthanc
2025-04-30 16:37:53 - Méthode HTTP: GET, Path: patients/8fff5df9-52cafc00-77071493-d6c9febb-c05b7e14
2025-04-30 16:37:53 - Début de la requête proxy-orthanc
2025-04-30 16:37:53 - Méthode HTTP: GET, Path: patients/c5cc2652-d994a3cd-4c0b46e9-8aeb6e72-a0135eba
2025-04-30 16:37:55 - Début de la requête proxy-orthanc
2025-04-30 16:37:55 - Méthode HTTP: GET, Path: studies/200b3e41-4557e5ed-2b4a1771-a9e4ad06-cd1306c8
2025-04-30 16:37:55 - Début de la requête proxy-orthanc
2025-04-30 16:37:55 - Début de la requête proxy-orthanc
2025-04-30 16:37:55 - Méthode HTTP: GET, Path: series/19b4c568-a95664f5-ad117914-3ccf7292-2a7ee3a0
2025-04-30 16:37:55 - Méthode HTTP: GET, Path: patients/9b4d864d-a53a383a-44cdda8a-269b4eee-777c5729
2025-04-30 16:37:57 - Début de la requête proxy-orthanc
2025-04-30 16:37:57 - Méthode HTTP: GET, Path: studies/200b3e41-4557e5ed-2b4a1771-a9e4ad06-cd1306c8
2025-04-30 16:37:57 - Début de la requête proxy-orthanc
2025-04-30 16:37:57 - Début de la requête proxy-orthanc
2025-04-30 16:37:57 - Méthode HTTP: GET, Path: series/19b4c568-a95664f5-ad117914-3ccf7292-2a7ee3a0
2025-04-30 16:37:57 - Méthode HTTP: GET, Path: patients/9b4d864d-a53a383a-44cdda8a-269b4eee-777c5729
2025-04-30 16:37:59 - Début de la requête proxy-orthanc
2025-04-30 16:37:59 - Méthode HTTP: GET, Path: studies/200b3e41-4557e5ed-2b4a1771-a9e4ad06-cd1306c8
2025-04-30 16:37:59 - Début de la requête proxy-orthanc
2025-04-30 16:37:59 - Méthode HTTP: GET, Path: patients/9b4d864d-a53a383a-44cdda8a-269b4eee-777c5729
2025-04-30 16:37:59 - Méthode HTTP: GET, Path: series/19b4c568-a95664f5-ad117914-3ccf7292-2a7ee3a0
2025-04-30 16:38:01 - Début de la requête proxy-orthanc
2025-04-30 16:38:01 - Méthode HTTP: GET, Path: studies/200b3e41-4557e5ed-2b4a1771-a9e4ad06-cd1306c8
2025-04-30 16:38:01 - Début de la requête proxy-orthanc
2025-04-30 16:38:01 - Méthode HTTP: GET, Path: patients/9b4d864d-a53a383a-44cdda8a-269b4eee-777c5729
2025-04-30 16:38:03 - Début de la requête proxy-orthanc
2025-04-30 16:38:03 - Méthode HTTP: GET, Path: studies/200b3e41-4557e5ed-2b4a1771-a9e4ad06-cd1306c8
2025-04-30 16:38:03 - Début de la requête proxy-orthanc
2025-04-30 16:38:03 - Méthode HTTP: GET, Path: patients/9b4d864d-a53a383a-44cdda8a-269b4eee-777c5729
2025-04-30 16:38:05 - Début de la requête proxy-orthanc
2025-04-30 16:38:05 - Méthode HTTP: GET, Path: studies/200b3e41-4557e5ed-2b4a1771-a9e4ad06-cd1306c8
2025-04-30 16:38:05 - Début de la requête proxy-orthanc
2025-04-30 16:38:05 - Méthode HTTP: GET, Path: patients/9b4d864d-a53a383a-44cdda8a-269b4eee-777c5729
2025-04-30 16:38:07 - Début de la requête proxy-orthanc
2025-04-30 16:38:07 - Méthode HTTP: GET, Path: studies/200b3e41-4557e5ed-2b4a1771-a9e4ad06-cd1306c8
2025-04-30 16:38:08 - Début de la requête proxy-orthanc
2025-04-30 16:38:08 - Méthode HTTP: GET, Path: patients/9b4d864d-a53a383a-44cdda8a-269b4eee-777c5729
2025-04-30 16:38:10 - Début de la requête proxy-orthanc
2025-04-30 16:38:10 - Méthode HTTP: GET, Path: patients/9b4d864d-a53a383a-44cdda8a-269b4eee-777c5729
2025-04-30 17:07:06 - Début de la requête proxy-orthanc
2025-04-30 17:07:06 - Méthode HTTP: POST, Path: instances
2025-04-30 17:07:06 - Content-Type: multipart/form-data; boundary=----WebKitFormBoundaryeQvBEsrVtUhkQ48D
2025-04-30 17:07:06 - Patient ID reçu (devrait être l'id de la table patients): 2
2025-04-30 17:07:06 - Résultat de la vérification patient_id 2: count=1
2025-04-30 17:07:07 - Requête POST vers Orthanc: URL=http://localhost:8042/instances, HTTP Code=200, Réponse={
   "ID" : "96548d6b-b87fefbd-78a3f7c5-c5abe181-0643a103",
   "ParentPatient" : "b6589fc6-ab0dc82c-f12099d1-c2d40ab9-94e8410c",
   "ParentSeries" : "98d367a5-58eeba8b-f3c2da4b-de7d8f6f-ede53eb2",
   "ParentStudy" : "3abaec0a-ebfaaa87-f830d52b-d62df074-6a692c12",
   "Path" : "/instances/96548d6b-b87fefbd-78a3f7c5-c5abe181-0643a103",
   "Status" : "Success"
}, Erreur cURL=
2025-04-30 17:07:07 - Enregistrement réussi dans dicom_instances: orthanc_instance_id=96548d6b-b87fefbd-78a3f7c5-c5abe181-0643a103, patient_id=2
2025-04-30 17:07:39 - Début de la requête proxy-orthanc
2025-04-30 17:07:39 - Méthode HTTP: POST, Path: instances
2025-04-30 17:07:39 - Content-Type: multipart/form-data; boundary=----WebKitFormBoundaryyfZz0lc4BaHfPIVS
2025-04-30 17:07:39 - Patient ID reçu (devrait être l'id de la table patients): 10
2025-04-30 17:07:39 - Résultat de la vérification patient_id 10: count=0
2025-04-30 17:07:39 - Erreur: patient_id 10 n'existe pas dans la table patients
2025-04-30 17:13:09 - Début de la requête proxy-orthanc
2025-04-30 17:13:09 - Méthode HTTP: POST, Path: instances
2025-04-30 17:13:09 - Content-Type: multipart/form-data; boundary=----WebKitFormBoundary4crvkUYSnGXK5qmT
2025-04-30 17:13:09 - Patient ID reçu (devrait être l'id de la table patients): 2
2025-04-30 17:13:09 - Résultat de la vérification patient_id 2: count=1
2025-04-30 17:13:10 - Requête POST vers Orthanc: URL=http://localhost:8042/instances, HTTP Code=200, Réponse={
   "ID" : "ca185649-59f5c5ef-ebbff62a-dcd31eec-5232abf3",
   "ParentPatient" : "b6589fc6-ab0dc82c-f12099d1-c2d40ab9-94e8410c",
   "ParentSeries" : "98d367a5-58eeba8b-f3c2da4b-de7d8f6f-ede53eb2",
   "ParentStudy" : "3abaec0a-ebfaaa87-f830d52b-d62df074-6a692c12",
   "Path" : "/instances/ca185649-59f5c5ef-ebbff62a-dcd31eec-5232abf3",
   "Status" : "Success"
}, Erreur cURL=
2025-04-30 17:13:10 - Enregistrement réussi dans dicom_instances: orthanc_instance_id=ca185649-59f5c5ef-ebbff62a-dcd31eec-5232abf3, patient_id=2
2025-04-30 17:13:23 - Début de la requête proxy-orthanc
2025-04-30 17:13:23 - Méthode HTTP: POST, Path: instances
2025-04-30 17:13:23 - Content-Type: multipart/form-data; boundary=----WebKitFormBoundaryeA1lpu6U2KAnTVcA
2025-04-30 17:13:23 - Patient ID reçu (devrait être l'id de la table patients): 3
2025-04-30 17:13:23 - Résultat de la vérification patient_id 3: count=1
2025-04-30 17:13:25 - Requête POST vers Orthanc: URL=http://localhost:8042/instances, HTTP Code=200, Réponse={
   "ID" : "6be8f9b5-0a47915b-56fd8a11-4d94300c-9bfb83c4",
   "ParentPatient" : "b6589fc6-ab0dc82c-f12099d1-c2d40ab9-94e8410c",
   "ParentSeries" : "98d367a5-58eeba8b-f3c2da4b-de7d8f6f-ede53eb2",
   "ParentStudy" : "3abaec0a-ebfaaa87-f830d52b-d62df074-6a692c12",
   "Path" : "/instances/6be8f9b5-0a47915b-56fd8a11-4d94300c-9bfb83c4",
   "Status" : "Success"
}, Erreur cURL=
2025-04-30 17:13:25 - Enregistrement réussi dans dicom_instances: orthanc_instance_id=6be8f9b5-0a47915b-56fd8a11-4d94300c-9bfb83c4, patient_id=3
2025-04-30 17:13:43 - Début de la requête proxy-orthanc
2025-04-30 17:13:43 - Méthode HTTP: POST, Path: instances
2025-04-30 17:13:43 - Content-Type: multipart/form-data; boundary=----WebKitFormBoundaryy3FvDRmQqHI7x7Ds
2025-04-30 17:13:44 - Patient ID reçu (devrait être l'id de la table patients): 9
2025-04-30 17:13:44 - Résultat de la vérification patient_id 9: count=0
2025-04-30 17:13:44 - Erreur: patient_id 9 n'existe pas dans la table patients
2025-04-30 17:15:04 - Début de la requête proxy-orthanc
2025-04-30 17:15:04 - Méthode HTTP: POST, Path: instances
2025-04-30 17:15:04 - Content-Type: multipart/form-data; boundary=----WebKitFormBoundaryuyGyJFrtL1PjQZYD
2025-04-30 17:15:04 - Patient ID reçu (devrait être l'id de la table patients): 10
2025-04-30 17:15:04 - Résultat de la vérification patient_id 10: count=0
2025-04-30 17:15:04 - Erreur: patient_id 10 n'existe pas dans la table patients
2025-04-30 17:16:19 - Début de la requête proxy-orthanc
2025-04-30 17:16:19 - Méthode HTTP: POST, Path: instances
2025-04-30 17:16:19 - Content-Type: multipart/form-data; boundary=----WebKitFormBoundaryW59B1feUfC2foTgF
2025-04-30 17:16:19 - Patient ID reçu (devrait être l'id de la table patients): 10
2025-04-30 17:16:19 - Résultat de la vérification patient_id 10: count=0
2025-04-30 17:16:19 - Erreur: patient_id 10 n'existe pas dans la table patients
2025-04-30 17:28:07 - Début de la requête proxy-orthanc
2025-04-30 17:28:07 - Méthode HTTP: POST, Path: instances
2025-04-30 17:28:07 - Content-Type: multipart/form-data; boundary=----WebKitFormBoundarycTZ0htj6esVpJknp
2025-04-30 17:28:07 - Patient ID reçu (devrait être l'id de la table patients): 9
2025-04-30 17:28:07 - Résultat de la vérification patient_id 9: count=0
2025-04-30 17:28:07 - Erreur: patient_id 9 n'existe pas dans la table patients
2025-04-30 18:54:53 - Début de la requête proxy-orthanc
2025-04-30 18:54:53 - Méthode HTTP: POST, Path: instances
2025-04-30 18:54:53 - Content-Type: multipart/form-data; boundary=----WebKitFormBoundaryA2m1jKcYmCpBoJ7E
2025-04-30 18:54:53 - Patient ID reçu (devrait être l'id de la table patients): 1
2025-04-30 18:54:53 - Résultat de la vérification patient_id 1: count=1
2025-04-30 18:54:54 - Requête POST vers Orthanc: URL=http://localhost:8042/instances, HTTP Code=200, Réponse={
   "ID" : "4e4bce5d-9a98e121-3d1a87bc-47f0398f-5cbefd26",
   "ParentPatient" : "b6589fc6-ab0dc82c-f12099d1-c2d40ab9-94e8410c",
   "ParentSeries" : "98d367a5-58eeba8b-f3c2da4b-de7d8f6f-ede53eb2",
   "ParentStudy" : "3abaec0a-ebfaaa87-f830d52b-d62df074-6a692c12",
   "Path" : "/instances/4e4bce5d-9a98e121-3d1a87bc-47f0398f-5cbefd26",
   "Status" : "Success"
}, Erreur cURL=
2025-04-30 18:54:54 - Enregistrement réussi dans dicom_instances: orthanc_instance_id=4e4bce5d-9a98e121-3d1a87bc-47f0398f-5cbefd26, patient_id=1
2025-04-30 18:55:03 - Début de la requête proxy-orthanc
2025-04-30 18:55:03 - Méthode HTTP: POST, Path: instances
2025-04-30 18:55:03 - Content-Type: multipart/form-data; boundary=----WebKitFormBoundary0oEhnLDAT723AvwB
2025-04-30 18:55:03 - Patient ID reçu (devrait être l'id de la table patients): 2
2025-04-30 18:55:03 - Résultat de la vérification patient_id 2: count=1
2025-04-30 18:55:04 - Requête POST vers Orthanc: URL=http://localhost:8042/instances, HTTP Code=200, Réponse={
   "ID" : "d68ec84d-b86ce4ac-49fcd090-361954ca-da219abf",
   "ParentPatient" : "b6589fc6-ab0dc82c-f12099d1-c2d40ab9-94e8410c",
   "ParentSeries" : "98d367a5-58eeba8b-f3c2da4b-de7d8f6f-ede53eb2",
   "ParentStudy" : "3abaec0a-ebfaaa87-f830d52b-d62df074-6a692c12",
   "Path" : "/instances/d68ec84d-b86ce4ac-49fcd090-361954ca-da219abf",
   "Status" : "Success"
}, Erreur cURL=
2025-04-30 18:55:04 - Enregistrement réussi dans dicom_instances: orthanc_instance_id=d68ec84d-b86ce4ac-49fcd090-361954ca-da219abf, patient_id=2
2025-04-30 18:55:14 - Début de la requête proxy-orthanc
2025-04-30 18:55:14 - Méthode HTTP: POST, Path: instances
2025-04-30 18:55:14 - Content-Type: multipart/form-data; boundary=----WebKitFormBoundaryY0JnQhJSJjAtjq1O
2025-04-30 18:55:14 - Patient ID reçu (devrait être l'id de la table patients): 3
2025-04-30 18:55:14 - Résultat de la vérification patient_id 3: count=1
2025-04-30 18:55:14 - Requête POST vers Orthanc: URL=http://localhost:8042/instances, HTTP Code=200, Réponse={
   "ID" : "f594c062-9b40743f-9a18e6b4-b50b74c6-c147bee8",
   "ParentPatient" : "b6589fc6-ab0dc82c-f12099d1-c2d40ab9-94e8410c",
   "ParentSeries" : "98d367a5-58eeba8b-f3c2da4b-de7d8f6f-ede53eb2",
   "ParentStudy" : "3abaec0a-ebfaaa87-f830d52b-d62df074-6a692c12",
   "Path" : "/instances/f594c062-9b40743f-9a18e6b4-b50b74c6-c147bee8",
   "Status" : "Success"
}, Erreur cURL=
2025-04-30 18:55:14 - Enregistrement réussi dans dicom_instances: orthanc_instance_id=f594c062-9b40743f-9a18e6b4-b50b74c6-c147bee8, patient_id=3
2025-04-30 18:55:26 - Début de la requête proxy-orthanc
2025-04-30 18:55:26 - Méthode HTTP: POST, Path: instances
2025-04-30 18:55:26 - Content-Type: multipart/form-data; boundary=----WebKitFormBoundaryAP0Q2QLeJIISYqBa
2025-04-30 18:55:26 - Patient ID reçu (devrait être l'id de la table patients): 4
2025-04-30 18:55:26 - Résultat de la vérification patient_id 4: count=1
2025-04-30 18:55:26 - Requête POST vers Orthanc: URL=http://localhost:8042/instances, HTTP Code=200, Réponse={
   "ID" : "127cebed-72b718d7-d77db86d-8d17d9ab-edd89842",
   "ParentPatient" : "b6589fc6-ab0dc82c-f12099d1-c2d40ab9-94e8410c",
   "ParentSeries" : "98d367a5-58eeba8b-f3c2da4b-de7d8f6f-ede53eb2",
   "ParentStudy" : "3abaec0a-ebfaaa87-f830d52b-d62df074-6a692c12",
   "Path" : "/instances/127cebed-72b718d7-d77db86d-8d17d9ab-edd89842",
   "Status" : "Success"
}, Erreur cURL=
2025-04-30 18:55:27 - Enregistrement réussi dans dicom_instances: orthanc_instance_id=127cebed-72b718d7-d77db86d-8d17d9ab-edd89842, patient_id=4
2025-04-30 18:55:36 - Début de la requête proxy-orthanc
2025-04-30 18:55:36 - Méthode HTTP: POST, Path: instances
2025-04-30 18:55:36 - Content-Type: multipart/form-data; boundary=----WebKitFormBoundarymanrVSMjNxZqU0Bz
2025-04-30 18:55:36 - Patient ID reçu (devrait être l'id de la table patients): 5
2025-04-30 18:55:36 - Résultat de la vérification patient_id 5: count=1
2025-04-30 18:55:37 - Requête POST vers Orthanc: URL=http://localhost:8042/instances, HTTP Code=200, Réponse={
   "ID" : "06ea7b60-3497774d-50e19bee-a577ad30-18fd5343",
   "ParentPatient" : "b6589fc6-ab0dc82c-f12099d1-c2d40ab9-94e8410c",
   "ParentSeries" : "98d367a5-58eeba8b-f3c2da4b-de7d8f6f-ede53eb2",
   "ParentStudy" : "3abaec0a-ebfaaa87-f830d52b-d62df074-6a692c12",
   "Path" : "/instances/06ea7b60-3497774d-50e19bee-a577ad30-18fd5343",
   "Status" : "Success"
}, Erreur cURL=
2025-04-30 18:55:37 - Enregistrement réussi dans dicom_instances: orthanc_instance_id=06ea7b60-3497774d-50e19bee-a577ad30-18fd5343, patient_id=5
2025-04-30 19:03:59 - Début de la requête proxy-orthanc
2025-04-30 19:03:59 - Méthode HTTP: GET, Path: /instances
2025-04-30 19:04:01 - Début de la requête proxy-orthanc
2025-04-30 19:04:01 - Méthode HTTP: GET, Path: instances/06ea7b60-3497774d-50e19bee-a577ad30-18fd5343
2025-04-30 19:04:01 - Début de la requête proxy-orthanc
2025-04-30 19:04:01 - Méthode HTTP: GET, Path: instances/127cebed-72b718d7-d77db86d-8d17d9ab-edd89842
2025-04-30 19:04:02 - Début de la requête proxy-orthanc
2025-04-30 19:04:02 - Début de la requête proxy-orthanc
2025-04-30 19:04:02 - Début de la requête proxy-orthanc
2025-04-30 19:04:02 - Début de la requête proxy-orthanc
2025-04-30 19:04:02 - Méthode HTTP: GET, Path: instances/f594c062-9b40743f-9a18e6b4-b50b74c6-c147bee8
2025-04-30 19:04:02 - Méthode HTTP: GET, Path: instances/094563e4-74b821f1-120c8584-6236b3ba-05716a47
2025-04-30 19:04:02 - Méthode HTTP: GET, Path: instances/d68ec84d-b86ce4ac-49fcd090-361954ca-da219abf
2025-04-30 19:04:02 - Méthode HTTP: GET, Path: instances/ca185649-59f5c5ef-ebbff62a-dcd31eec-5232abf3
2025-04-30 19:04:04 - Début de la requête proxy-orthanc
2025-04-30 19:04:04 - Méthode HTTP: GET, Path: instances/26952bd2-9569483f-e0549aca-a33b9065-69c33884
2025-04-30 19:04:04 - Début de la requête proxy-orthanc
2025-04-30 19:04:04 - Méthode HTTP: GET, Path: instances/2faf6dae-1e8dd60c-78fbca50-98cc48e7-66559504
2025-04-30 19:04:04 - Début de la requête proxy-orthanc
2025-04-30 19:04:04 - Méthode HTTP: GET, Path: instances/5974bce8-dfa0d418-48e52945-578a9547-fbb8179e
2025-04-30 19:04:04 - Début de la requête proxy-orthanc
2025-04-30 19:04:04 - Méthode HTTP: GET, Path: instances/6be8f9b5-0a47915b-56fd8a11-4d94300c-9bfb83c4
2025-04-30 19:04:04 - Début de la requête proxy-orthanc
2025-04-30 19:04:04 - Méthode HTTP: GET, Path: instances/63831658-2ed313e4-bdd47183-6c1be4da-c0022bb4
2025-04-30 19:04:04 - Méthode HTTP: GET, Path: instances/96548d6b-b87fefbd-78a3f7c5-c5abe181-0643a103
2025-04-30 19:04:06 - Début de la requête proxy-orthanc
2025-04-30 19:04:06 - Méthode HTTP: GET, Path: instances/b7fb1fb4-142e5a15-333ae197-298b1626-11f8833b
2025-04-30 19:04:06 - Début de la requête proxy-orthanc
2025-04-30 19:04:06 - Méthode HTTP: GET, Path: instances/bc61cc15-593581eb-104dd853-f8e2ae2f-19704638
2025-04-30 19:04:06 - Début de la requête proxy-orthanc
2025-04-30 19:04:06 - Méthode HTTP: GET, Path: instances/cad86111-996653c7-c7ca1820-b783c4c3-9ff6e63b
2025-04-30 19:04:06 - Début de la requête proxy-orthanc
2025-04-30 19:04:06 - Début de la requête proxy-orthanc
2025-04-30 19:04:06 - Début de la requête proxy-orthanc
2025-04-30 19:04:06 - Méthode HTTP: GET, Path: instances/dacc5f2c-4eb67b6e-62fe20be-08583e4b-f7285061
2025-04-30 19:04:06 - Méthode HTTP: GET, Path: instances/e07efef8-4eba99da-e58dbc40-0173c1da-e2535081
2025-04-30 19:04:06 - Méthode HTTP: GET, Path: instances/eb17dc02-607db0a6-1074ad73-79fb3688-f9a596db
2025-04-30 19:04:08 - Début de la requête proxy-orthanc
2025-04-30 19:04:08 - Début de la requête proxy-orthanc
2025-04-30 19:04:08 - Méthode HTTP: GET, Path: instances/582dde1a-6ee0dcb1-dc2c0a3c-06a79b2f-211eda06
2025-04-30 19:04:08 - Méthode HTTP: GET, Path: instances/24e83fd1-ddd03175-beb6aa86-f4ce6432-4241b24f
2025-04-30 19:04:08 - Début de la requête proxy-orthanc
2025-04-30 19:04:08 - Méthode HTTP: GET, Path: instances/75c6d27e-9c7d0b29-ef99341d-b7507933-63d3057d
2025-04-30 19:04:08 - Début de la requête proxy-orthanc
2025-04-30 19:04:08 - Méthode HTTP: GET, Path: instances/fe9d11b9-08ca2a74-f27c7727-86fa6833-6b2583ab
2025-04-30 19:04:08 - Début de la requête proxy-orthanc
2025-04-30 19:04:08 - Méthode HTTP: GET, Path: instances/4e4bce5d-9a98e121-3d1a87bc-47f0398f-5cbefd26
2025-04-30 19:04:08 - Début de la requête proxy-orthanc
2025-04-30 19:04:08 - Méthode HTTP: GET, Path: instances/feaf75ad-9548b055-4a7a21f5-3db18a07-9c6903d3
2025-04-30 19:04:10 - Début de la requête proxy-orthanc
2025-04-30 19:04:10 - Début de la requête proxy-orthanc
2025-04-30 19:04:10 - Méthode HTTP: GET, Path: series/98d367a5-58eeba8b-f3c2da4b-de7d8f6f-ede53eb2
2025-04-30 19:04:10 - Méthode HTTP: GET, Path: series/f623b033-c3bb9318-1ae62c1a-9fd5f247-24c86dea
2025-04-30 19:04:10 - Début de la requête proxy-orthanc
2025-04-30 19:04:10 - Méthode HTTP: GET, Path: series/19b4c568-a95664f5-ad117914-3ccf7292-2a7ee3a0
2025-04-30 19:04:10 - Début de la requête proxy-orthanc
2025-04-30 19:04:10 - Méthode HTTP: GET, Path: series/62cc4f41-9b1679c0-6ad19a2e-71fccb6f-07a3d16d
2025-04-30 19:49:17 - Début de la requête proxy-orthanc
2025-04-30 19:49:17 - Méthode HTTP: POST, Path: instances
2025-04-30 19:49:17 - Content-Type: multipart/form-data; boundary=----WebKitFormBoundarybPqBzMk42qPTOZON
2025-04-30 19:49:17 - Patient ID reçu (devrait être l'id de la table patients): 1
2025-04-30 19:49:17 - Résultat de la vérification patient_id 1: count=1
2025-04-30 19:49:18 - Requête POST vers Orthanc: URL=http://localhost:8042/instances, HTTP Code=200, Réponse={
   "ID" : "6be8f9b5-0a47915b-56fd8a11-4d94300c-9bfb83c4",
   "ParentPatient" : "b6589fc6-ab0dc82c-f12099d1-c2d40ab9-94e8410c",
   "ParentSeries" : "98d367a5-58eeba8b-f3c2da4b-de7d8f6f-ede53eb2",
   "ParentStudy" : "3abaec0a-ebfaaa87-f830d52b-d62df074-6a692c12",
   "Path" : "/instances/6be8f9b5-0a47915b-56fd8a11-4d94300c-9bfb83c4",
   "Status" : "AlreadyStored"
}, Erreur cURL=
2025-04-30 19:49:19 - Enregistrement réussi dans dicom_instances: orthanc_instance_id=6be8f9b5-0a47915b-56fd8a11-4d94300c-9bfb83c4, patient_id=1
2025-04-30 19:57:47 - Début de la requête proxy-orthanc
2025-04-30 19:57:47 - Méthode HTTP: GET, Path: /instances
2025-04-30 19:57:49 - Début de la requête proxy-orthanc
2025-04-30 19:57:49 - Méthode HTTP: GET, Path: instances/06ea7b60-3497774d-50e19bee-a577ad30-18fd5343
2025-04-30 19:57:49 - Début de la requête proxy-orthanc
2025-04-30 19:57:49 - Méthode HTTP: GET, Path: instances/4e4bce5d-9a98e121-3d1a87bc-47f0398f-5cbefd26
2025-04-30 19:57:49 - Début de la requête proxy-orthanc
2025-04-30 19:57:49 - Méthode HTTP: GET, Path: instances/feaf75ad-9548b055-4a7a21f5-3db18a07-9c6903d3
2025-04-30 19:57:49 - Début de la requête proxy-orthanc
2025-04-30 19:57:49 - Méthode HTTP: GET, Path: instances/094563e4-74b821f1-120c8584-6236b3ba-05716a47
2025-04-30 19:57:49 - Méthode HTTP: GET, Path: instances/127cebed-72b718d7-d77db86d-8d17d9ab-edd89842
2025-04-30 19:57:49 - Début de la requête proxy-orthanc
2025-04-30 19:57:49 - Méthode HTTP: GET, Path: instances/fe9d11b9-08ca2a74-f27c7727-86fa6833-6b2583ab
2025-04-30 19:57:51 - Début de la requête proxy-orthanc
2025-04-30 19:57:51 - Début de la requête proxy-orthanc
2025-04-30 19:57:51 - Méthode HTTP: GET, Path: instances/26952bd2-9569483f-e0549aca-a33b9065-69c33884
2025-04-30 19:57:51 - Début de la requête proxy-orthanc
2025-04-30 19:57:51 - Début de la requête proxy-orthanc
2025-04-30 19:57:51 - Méthode HTTP: GET, Path: instances/2faf6dae-1e8dd60c-78fbca50-98cc48e7-66559504
2025-04-30 19:57:51 - Début de la requête proxy-orthanc
2025-04-30 19:57:51 - Méthode HTTP: GET, Path: instances/63831658-2ed313e4-bdd47183-6c1be4da-c0022bb4
2025-04-30 19:57:51 - Méthode HTTP: GET, Path: instances/5974bce8-dfa0d418-48e52945-578a9547-fbb8179e
2025-04-30 19:57:51 - Méthode HTTP: GET, Path: instances/6be8f9b5-0a47915b-56fd8a11-4d94300c-9bfb83c4
2025-04-30 19:57:53 - Début de la requête proxy-orthanc
2025-04-30 19:57:53 - Méthode HTTP: GET, Path: instances/75c6d27e-9c7d0b29-ef99341d-b7507933-63d3057d
2025-04-30 19:57:53 - Début de la requête proxy-orthanc
2025-04-30 19:57:53 - Méthode HTTP: GET, Path: instances/24e83fd1-ddd03175-beb6aa86-f4ce6432-4241b24f
2025-04-30 19:57:54 - Début de la requête proxy-orthanc
2025-04-30 19:57:54 - Début de la requête proxy-orthanc
2025-04-30 19:57:54 - Méthode HTTP: GET, Path: instances/96548d6b-b87fefbd-78a3f7c5-c5abe181-0643a103
2025-04-30 19:57:54 - Méthode HTTP: GET, Path: instances/ca185649-59f5c5ef-ebbff62a-dcd31eec-5232abf3
2025-04-30 19:57:54 - Méthode HTTP: GET, Path: instances/bc61cc15-593581eb-104dd853-f8e2ae2f-19704638
2025-04-30 19:57:54 - Méthode HTTP: GET, Path: instances/b7fb1fb4-142e5a15-333ae197-298b1626-11f8833b
2025-04-30 19:57:55 - Début de la requête proxy-orthanc
2025-04-30 19:57:55 - Méthode HTTP: GET, Path: instances/cad86111-996653c7-c7ca1820-b783c4c3-9ff6e63b
2025-04-30 19:57:55 - Début de la requête proxy-orthanc
2025-04-30 19:57:55 - Méthode HTTP: GET, Path: instances/d68ec84d-b86ce4ac-49fcd090-361954ca-da219abf
2025-04-30 19:57:56 - Début de la requête proxy-orthanc
2025-04-30 19:57:56 - Début de la requête proxy-orthanc
2025-04-30 19:57:56 - Méthode HTTP: GET, Path: instances/dacc5f2c-4eb67b6e-62fe20be-08583e4b-f7285061
2025-04-30 19:57:56 - Méthode HTTP: GET, Path: instances/e07efef8-4eba99da-e58dbc40-0173c1da-e2535081
2025-04-30 19:57:56 - Début de la requête proxy-orthanc
2025-04-30 19:57:56 - Début de la requête proxy-orthanc
2025-04-30 19:57:56 - Méthode HTTP: GET, Path: instances/eb17dc02-607db0a6-1074ad73-79fb3688-f9a596db
2025-04-30 19:57:56 - Méthode HTTP: GET, Path: instances/f594c062-9b40743f-9a18e6b4-b50b74c6-c147bee8
2025-04-30 19:57:57 - Début de la requête proxy-orthanc
2025-04-30 19:57:57 - Début de la requête proxy-orthanc
2025-04-30 19:57:57 - Méthode HTTP: GET, Path: series/98d367a5-58eeba8b-f3c2da4b-de7d8f6f-ede53eb2
2025-04-30 19:57:57 - Méthode HTTP: GET, Path: series/f623b033-c3bb9318-1ae62c1a-9fd5f247-24c86dea
2025-04-30 19:57:58 - Début de la requête proxy-orthanc
2025-04-30 19:57:58 - Début de la requête proxy-orthanc
2025-04-30 19:57:58 - Méthode HTTP: GET, Path: series/19b4c568-a95664f5-ad117914-3ccf7292-2a7ee3a0
2025-04-30 19:57:58 - Début de la requête proxy-orthanc
2025-04-30 19:57:58 - Méthode HTTP: GET, Path: series/4541c007-3ddcd5b2-6bf192fc-d28df38d-afe5c271
2025-04-30 19:57:58 - Début de la requête proxy-orthanc
2025-04-30 19:57:58 - Méthode HTTP: GET, Path: series/62cc4f41-9b1679c0-6ad19a2e-71fccb6f-07a3d16d
2025-04-30 19:57:58 - Méthode HTTP: GET, Path: series/670d99fa-c4a853ca-52f7989e-f6df82a8-5123711c
2025-04-30 19:57:59 - Début de la requête proxy-orthanc
2025-04-30 19:57:59 - Méthode HTTP: GET, Path: series/11b7c563-ae504ced-e95ed300-7176b3e8-74f7e2f5
2025-04-30 19:57:59 - Début de la requête proxy-orthanc
2025-04-30 19:57:59 - Méthode HTTP: GET, Path: series/f6ebf659-c336b2b9-102a72e3-2cd836e9-a5662c26
2025-04-30 19:58:00 - Début de la requête proxy-orthanc
2025-04-30 19:58:00 - Méthode HTTP: GET, Path: series/98d367a5-58eeba8b-f3c2da4b-de7d8f6f-ede53eb2
2025-04-30 19:58:00 - Début de la requête proxy-orthanc
2025-04-30 19:58:00 - Méthode HTTP: GET, Path: studies/286789b1-82845a45-92d7dfc0-c6a8e286-27bc0129
2025-04-30 19:58:00 - Début de la requête proxy-orthanc
2025-04-30 19:58:00 - Méthode HTTP: GET, Path: studies/3abaec0a-ebfaaa87-f830d52b-d62df074-6a692c12
2025-04-30 19:58:00 - Début de la requête proxy-orthanc
2025-04-30 19:58:00 - Méthode HTTP: GET, Path: series/19b4c568-a95664f5-ad117914-3ccf7292-2a7ee3a0
2025-04-30 19:58:01 - Début de la requête proxy-orthanc
2025-04-30 19:58:01 - Méthode HTTP: GET, Path: studies/200b3e41-4557e5ed-2b4a1771-a9e4ad06-cd1306c8
2025-04-30 19:58:01 - Début de la requête proxy-orthanc
2025-04-30 19:58:01 - Méthode HTTP: GET, Path: studies/8e51d8c2-c73f0a1e-57f97ca6-0fe69e66-c5e753eb
2025-04-30 19:58:02 - Début de la requête proxy-orthanc
2025-04-30 19:58:02 - Début de la requête proxy-orthanc
38400-09e9f0df-8ba95f68-e21f98dd-0c6e0cf0
2025-04-30 19:58:02 - Méthode HTTP: GET, Path: studies/0ba2c4af-c4286377-ed83307a-c4307d90-422eea83
2025-04-30 19:58:02 - Début de la requête proxy-orthanc
2025-04-30 19:58:02 - Méthode HTTP: GET, Path: studies/ae9bf996-b6ab6a8b-eba1f35e-14600862-f9393ddd
2025-04-30 19:58:02 - Début de la requête proxy-orthanc
2025-04-30 19:58:02 - Méthode HTTP: GET, Path: series/98d367a5-58eeba8b-f3c2da4b-de7d8f6f-ede53eb2
2025-04-30 19:58:03 - Début de la requête proxy-orthanc
2025-04-30 19:58:03 - Méthode HTTP: GET, Path: studies/3abaec0a-ebfaaa87-f830d52b-d62df074-6a692c12
2025-04-30 19:58:03 - Début de la requête proxy-orthanc
2025-04-30 19:58:03 - Méthode HTTP: GET, Path: patients/10092b57-91bddc20-e68b74c7-8956c6df-49e00750
2025-04-30 19:58:04 - Début de la requête proxy-orthanc
2025-04-30 19:58:04 - Méthode HTTP: GET, Path: series/19b4c568-a95664f5-ad117914-3ccf7292-2a7ee3a0

2025-04-30 19:58:04 - Début de la requête proxy-orthanc
2025-04-30 19:58:04 - Début de la requête proxy-orthanc
2025-04-30 19:58:04 - Méthode HTTP: GET, Path: studies/200b3e41-4557e5ed-2b4a1771-a9e4ad06-cd1306c8
2025-04-30 19:58:04 - Méthode HTTP: GET, Path: patients/9b4d864d-a53a383a-44cdda8a-269b4eee-777c5729
2025-04-30 19:58:05 - Début de la requête proxy-orthanc
2025-04-30 19:58:05 - Méthode HTTP: GET, Path: studies/8e51d8c2-c73f0a1e-57f97ca6-0fe69e66-c5e753eb
2025-04-30 19:58:05 - Début de la requête proxy-orthanc
2025-04-30 19:58:05 - Méthode HTTP: GET, Path: patients/62bc7cdd-8f5ae588-dea41879-6a8e18d1-d44362ee
2025-04-30 19:58:06 - Début de la requête proxy-orthanc
2025-04-30 19:58:06 - Méthode HTTP: GET, Path: patients/c5cc2652-d994a3cd-4c0b46e9-8aeb6e72-a0135eba
2025-04-30 19:58:06 - Début de la requête proxy-orthanc
2025-04-30 19:58:06 - Méthode HTTP: GET, Path: series/98d367a5-58eeba8b-f3c2da4b-de7d8f6f-ede53eb2
2025-04-30 19:58:06 - Début de la requête proxy-orthanc
2025-04-30 19:58:06 - Début de la requête proxy-orthanc
2025-04-30 19:58:06 - Méthode HTTP: GET, Path: patients/1e6ca9a6-71d9b622-24e72d15-16251ee8-3735baf5
2025-04-30 19:58:06 - Méthode HTTP: GET, Path: patients/8fff5df9-52cafc00-77071493-d6c9febb-c05b7e14
2025-04-30 19:58:07 - Début de la requête proxy-orthanc
2025-04-30 19:58:07 - Méthode HTTP: GET, Path: studies/3abaec0a-ebfaaa87-f830d52b-d62df074-6a692c12
2025-04-30 19:58:07 - Début de la requête proxy-orthanc
2025-04-30 19:58:07 - Méthode HTTP: GET, Path: series/19b4c568-a95664f5-ad117914-3ccf7292-2a7ee3a0
2025-04-30 19:58:08 - Début de la requête proxy-orthanc
2025-04-30 19:58:08 - Début de la requête proxy-orthanc
2025-04-30 19:58:08 - Méthode HTTP: GET, Path: patients/b6589fc6-ab0dc82c-f12099d1-c2d40ab9-94e8410c
2025-04-30 19:58:08 - Méthode HTTP: GET, Path: studies/200b3e41-4557e5ed-2b4a1771-a9e4ad06-cd1306c8
2025-04-30 19:58:08 - Début de la requête proxy-orthanc
2025-04-30 19:58:08 - Méthode HTTP: GET, Path: patients/62bc7cdd-8f5ae588-dea41879-6a8e18d1-d44362ee
2025-04-30 19:58:08 - Méthode HTTP: GET, Path: patients/9b4d864d-a53a383a-44cdda8a-269b4eee-777c5729
2025-04-30 19:58:10 - Début de la requête proxy-orthanc
2025-04-30 19:58:10 - Début de la requête proxy-orthanc
2025-04-30 19:58:10 - Méthode HTTP: GET, Path: series/98d367a5-58eeba8b-f3c2da4b-de7d8f6f-ede53eb2
2025-04-30 19:58:10 - Méthode HTTP: GET, Path: studies/3abaec0a-ebfaaa87-f830d52b-d62df074-6a692c12
2025-04-30 19:58:10 - Début de la requête proxy-orthanc
2025-04-30 19:58:10 - Méthode HTTP: GET, Path: series/19b4c568-a95664f5-ad117914-3ccf7292-2a7ee3a0
2025-04-30 19:58:10 - Méthode HTTP: GET, Path: patients/b6589fc6-ab0dc82c-f12099d1-c2d40ab9-94e8410c
2025-04-30 19:58:11 - Début de la requête proxy-orthanc
2025-04-30 19:58:11 - Début de la requête proxy-orthanc
2025-04-30 19:58:11 - Méthode HTTP: GET, Path: patients/9b4d864d-a53a383a-44cdda8a-269b4eee-777c5729
2025-04-30 19:58:11 - Méthode HTTP: GET, Path: studies/200b3e41-4557e5ed-2b4a1771-a9e4ad06-cd1306c8
2025-04-30 19:58:12 - Début de la requête proxy-orthanc
2025-04-30 19:58:12 - Méthode HTTP: GET, Path: series/98d367a5-58eeba8b-f3c2da4b-de7d8f6f-ede53eb2
2025-04-30 19:58:12 - Début de la requête proxy-orthanc
2025-04-30 19:58:12 - Méthode HTTP: GET, Path: studies/3abaec0a-ebfaaa87-f830d52b-d62df074-6a692c12
2025-04-30 19:58:13 - Début de la requête proxy-orthanc
2025-04-30 19:58:13 - Début de la requête proxy-orthanc
2025-04-30 19:58:13 - Méthode HTTP: GET, Path: patients/b6589fc6-ab0dc82c-f12099d1-c2d40ab9-94e8410c
2025-04-30 19:58:13 - Méthode HTTP: GET, Path: series/19b4c568-a95664f5-ad117914-3ccf7292-2a7ee3a0
2025-04-30 19:58:13 - Début de la requête proxy-orthanc
2025-04-30 19:58:13 - Méthode HTTP: GET, Path: studies/200b3e41-4557e5ed-2b4a1771-a9e4ad06-cd1306c8
2025-04-30 19:58:13 - Début de la requête proxy-orthanc
2025-04-30 19:58:13 - Méthode HTTP: GET, Path: patients/9b4d864d-a53a383a-44cdda8a-269b4eee-777c5729
2025-04-30 19:58:14 - Début de la requête proxy-orthanc
2025-04-30 19:58:14 - Méthode HTTP: GET, Path: series/98d367a5-58eeba8b-f3c2da4b-de7d8f6f-ede53eb2
2025-04-30 19:58:14 - Début de la requête proxy-orthanc
2025-04-30 19:58:14 - Méthode HTTP: GET, Path: studies/3abaec0a-ebfaaa87-f830d52b-d62df074-6a692c12
2025-04-30 19:58:15 - Début de la requête proxy-orthanc
2025-04-30 19:58:15 - Méthode HTTP: GET, Path: series/19b4c568-a95664f5-ad117914-3ccf7292-2a7ee3a0
2025-04-30 19:58:15 - Début de la requête proxy-orthanc
2025-04-30 19:58:15 - Méthode HTTP: GET, Path: patients/b6589fc6-ab0dc82c-f12099d1-c2d40ab9-94e8410c
2025-04-30 19:58:15 - Début de la requête proxy-orthanc
2025-04-30 19:58:15 - Méthode HTTP: GET, Path: studies/200b3e41-4557e5ed-2b4a1771-a9e4ad06-cd1306c8
2025-04-30 19:58:15 - Début de la requête proxy-orthanc
2025-04-30 19:58:15 - Méthode HTTP: GET, Path: patients/9b4d864d-a53a383a-44cdda8a-269b4eee-777c5729
2025-04-30 19:58:16 - Début de la requête proxy-orthanc
2025-04-30 19:58:16 - Méthode HTTP: GET, Path: series/98d367a5-58eeba8b-f3c2da4b-de7d8f6f-ede53eb2
2025-04-30 19:58:16 - Début de la requête proxy-orthanc
2025-04-30 19:58:16 - Méthode HTTP: GET, Path: studies/3abaec0a-ebfaaa87-f830d52b-d62df074-6a692c12
2025-04-30 19:58:17 - Début de la requête proxy-orthanc
2025-04-30 19:58:17 - Méthode HTTP: GET, Path: series/19b4c568-a95664f5-ad117914-3ccf7292-2a7ee3a0
2025-04-30 19:58:17 - Début de la requête proxy-orthanc
2025-04-30 19:58:17 - Méthode HTTP: GET, Path: series/19b4c568-a95664f5-ad117914-3ccf7292-2a7ee3a0
2025-04-30 19:58:17 - Début de la requête proxy-orthanc
2025-04-30 19:58:17 - Méthode HTTP: GET, Path: patients/b6589fc6-ab0dc82c-f12099d1-c2d40ab9-94e8410c
2025-04-30 19:58:17 - Début de la requête proxy-orthanc
2025-04-30 19:58:17 - Méthode HTTP: GET, Path: studies/200b3e41-4557e5ed-2b4a1771-a9e4ad06-cd1306c8
2025-04-30 19:58:18 - Début de la requête proxy-orthanc
2025-04-30 19:58:18 - Méthode HTTP: GET, Path: patients/9b4d864d-a53a383a-44cdda8a-269b4eee-777c5729
2025-04-30 19:58:18 - Début de la requête proxy-orthanc
2025-04-30 19:58:18 - Méthode HTTP: GET, Path: studies/3abaec0a-ebfaaa87-f830d52b-d62df074-6a692c12
2025-04-30 19:58:19 - Début de la requête proxy-orthanc
2025-04-30 19:58:19 - Méthode HTTP: GET, Path: series/19b4c568-a95664f5-ad117914-3ccf7292-2a7ee3a0
2025-04-30 19:58:19 - Début de la requête proxy-orthanc
2025-04-30 19:58:19 - Méthode HTTP: GET, Path: patients/b6589fc6-ab0dc82c-f12099d1-c2d40ab9-94e8410c
2025-04-30 19:58:19 - Début de la requête proxy-orthanc
2025-04-30 19:58:19 - Méthode HTTP: GET, Path: studies/200b3e41-4557e5ed-2b4a1771-a9e4ad06-cd1306c8
2025-04-30 19:58:20 - Début de la requête proxy-orthanc
2025-04-30 19:58:20 - Méthode HTTP: GET, Path: patients/9b4d864d-a53a383a-44cdda8a-269b4eee-777c5729
2025-04-30 19:58:21 - Début de la requête proxy-orthanc
2025-04-30 19:58:21 - Méthode HTTP: GET, Path: patients/b6589fc6-ab0dc82c-f12099d1-c2d40ab9-94e8410c
2025-04-30 19:58:21 - Début de la requête proxy-orthanc
2025-04-30 19:58:21 - Méthode HTTP: GET, Path: studies/200b3e41-4557e5ed-2b4a1771-a9e4ad06-cd1306c8
2025-04-30 19:58:22 - Début de la requête proxy-orthanc
2025-04-30 19:58:22 - Méthode HTTP: GET, Path: patients/9b4d864d-a53a383a-44cdda8a-269b4eee-777c5729
2025-04-30 19:58:23 - Début de la requête proxy-orthanc
2025-04-30 19:58:23 - Méthode HTTP: GET, Path: studies/200b3e41-4557e5ed-2b4a1771-a9e4ad06-cd1306c8
2025-04-30 19:58:24 - Début de la requête proxy-orthanc
2025-04-30 19:58:24 - Méthode HTTP: GET, Path: patients/9b4d864d-a53a383a-44cdda8a-269b4eee-777c5729
2025-04-30 19:58:26 - Début de la requête proxy-orthanc
2025-04-30 19:58:26 - Méthode HTTP: GET, Path: patients/9b4d864d-a53a383a-44cdda8a-269b4eee-777c5729
2025-04-30 19:58:57 - Début de la requête proxy-orthanc
2025-04-30 19:58:57 - Méthode HTTP: GET, Path: instances/24e83fd1-ddd03175-beb6aa86-f4ce6432-4241b24f
2025-04-30 19:58:59 - Début de la requête proxy-orthanc
2025-04-30 19:58:59 - Méthode HTTP: GET, Path: series/19b4c568-a95664f5-ad117914-3ccf7292-2a7ee3a0
2025-04-30 19:59:02 - Début de la requête proxy-orthanc
2025-04-30 19:59:02 - Méthode HTTP: GET, Path: studies/200b3e41-4557e5ed-2b4a1771-a9e4ad06-cd1306c8
2025-04-30 20:44:10 - Début de la requête proxy-orthanc
2025-04-30 20:44:10 - Méthode HTTP: GET, Path: /instances
2025-04-30 20:44:12 - Début de la requête proxy-orthanc
2025-04-30 20:44:12 - Méthode HTTP: GET, Path: instances/06ea7b60-3497774d-50e19bee-a577ad30-18fd5343
2025-04-30 20:44:12 - Début de la requête proxy-orthanc
2025-04-30 20:44:12 - Début de la requête proxy-orthanc
2025-04-30 20:44:12 - Début de la requête proxy-orthanc
2025-04-30 20:44:12 - Début de la requête proxy-orthanc
2025-04-30 20:44:12 - Méthode HTTP: GET, Path: instances/127cebed-72b718d7-d77db86d-8d17d9ab-edd89842
2025-04-30 20:44:12 - Méthode HTTP: GET, Path: instances/26952bd2-9569483f-e0549aca-a33b9065-69c33884
2025-04-30 20:44:12 - Méthode HTTP: GET, Path: instances/2faf6dae-1e8dd60c-78fbca50-98cc48e7-66559504
2025-04-30 20:44:12 - Méthode HTTP: GET, Path: instances/094563e4-74b821f1-120c8584-6236b3ba-05716a47
2025-04-30 20:44:12 - Méthode HTTP: GET, Path: instances/24e83fd1-ddd03175-beb6aa86-f4ce6432-4241b24f
2025-04-30 20:44:14 - Début de la requête proxy-orthanc
2025-04-30 20:44:14 - Méthode HTTP: GET, Path: instances/582dde1a-6ee0dcb1-dc2c0a3c-06a79b2f-211eda06
2025-04-30 20:44:14 - Début de la requête proxy-orthanc
2025-04-30 20:44:14 - Méthode HTTP: GET, Path: instances/4e4bce5d-9a98e121-3d1a87bc-47f0398f-5cbefd26
2025-04-30 20:44:14 - Début de la requête proxy-orthanc
2025-04-30 20:44:14 - Début de la requête proxy-orthanc
2025-04-30 20:44:14 - Début de la requête proxy-orthanc
2025-04-30 20:44:14 - Méthode HTTP: GET, Path: instances/63831658-2ed313e4-bdd47183-6c1be4da-c0022bb4
2025-04-30 20:44:14 - Méthode HTTP: GET, Path: instances/5974bce8-dfa0d418-48e52945-578a9547-fbb8179e
2025-04-30 20:44:14 - Méthode HTTP: GET, Path: instances/6be8f9b5-0a47915b-56fd8a11-4d94300c-9bfb83c4
2025-04-30 20:44:14 - Début de la requête proxy-orthanc
2025-04-30 20:44:14 - Méthode HTTP: GET, Path: instances/75c6d27e-9c7d0b29-ef99341d-b7507933-63d3057d
2025-04-30 20:44:16 - Début de la requête proxy-orthanc
2025-04-30 20:44:16 - Méthode HTTP: GET, Path: instances/b7fb1fb4-142e5a15-333ae197-298b1626-11f8833b
2025-04-30 20:44:16 - Début de la requête proxy-orthanc
2025-04-30 20:44:16 - Méthode HTTP: GET, Path: instances/96548d6b-b87fefbd-78a3f7c5-c5abe181-0643a103
2025-04-30 20:44:16 - Début de la requête proxy-orthanc
2025-04-30 20:44:16 - Méthode HTTP: GET, Path: instances/ca185649-59f5c5ef-ebbff62a-dcd31eec-5232abf3
2025-04-30 20:44:16 - Début de la requête proxy-orthanc
2025-04-30 20:44:16 - Méthode HTTP: GET, Path: instances/cad86111-996653c7-c7ca1820-b783c4c3-9ff6e63b
2025-04-30 20:44:16 - Début de la requête proxy-orthanc
2025-04-30 20:44:16 - Méthode HTTP: GET, Path: instances/bc61cc15-593581eb-104dd853-f8e2ae2f-19704638
2025-04-30 20:44:16 - Début de la requête proxy-orthanc
2025-04-30 20:44:16 - Méthode HTTP: GET, Path: instances/d68ec84d-b86ce4ac-49fcd090-361954ca-da219abf
2025-04-30 20:44:18 - Début de la requête proxy-orthanc
2025-04-30 20:44:18 - Méthode HTTP: GET, Path: instances/dacc5f2c-4eb67b6e-62fe20be-08583e4b-f7285061
2025-04-30 20:44:18 - Début de la requête proxy-orthanc
2025-04-30 20:44:18 - Méthode HTTP: GET, Path: instances/eb17dc02-607db0a6-1074ad73-79fb3688-f9a596db
2025-04-30 20:44:18 - Début de la requête proxy-orthanc
2025-04-30 20:44:18 - Méthode HTTP: GET, Path: instances/f594c062-9b40743f-9a18e6b4-b50b74c6-c147bee8
2025-04-30 20:44:18 - Début de la requête proxy-orthanc
2025-04-30 20:44:18 - Méthode HTTP: GET, Path: instances/e07efef8-4eba99da-e58dbc40-0173c1da-e2535081
2025-04-30 20:44:18 - Début de la requête proxy-orthanc
2025-04-30 20:44:18 - Début de la requête proxy-orthanc
2025-04-30 20:44:18 - Méthode HTTP: GET, Path: instances/feaf75ad-9548b055-4a7a21f5-3db18a07-9c6903d3
2025-04-30 20:44:18 - Méthode HTTP: GET, Path: instances/fe9d11b9-08ca2a74-f27c7727-86fa6833-6b2583ab
2025-04-30 20:44:20 - Début de la requête proxy-orthanc
2025-04-30 20:44:20 - Méthode HTTP: GET, Path: series/98d367a5-58eeba8b-f3c2da4b-de7d8f6f-ede53eb2
2025-04-30 20:44:20 - Début de la requête proxy-orthanc
2025-04-30 20:44:20 - Méthode HTTP: GET, Path: series/19b4c568-a95664f5-ad117914-3ccf7292-2a7ee3a0
2025-04-30 20:44:20 - Début de la requête proxy-orthanc
2025-04-30 20:44:20 - Méthode HTTP: GET, Path: series/f623b033-c3bb9318-1ae62c1a-9fd5f247-24c86dea
2025-04-30 20:44:20 - Début de la requête proxy-orthanc
2025-04-30 20:44:20 - Méthode HTTP: GET, Path: series/4541c007-3ddcd5b2-6bf192fc-d28df38d-afe5c271
2025-04-30 20:44:20 - Début de la requête proxy-orthanc
2025-04-30 20:44:20 - Méthode HTTP: GET, Path: series/62cc4f41-9b1679c0-6ad19a2e-71fccb6f-07a3d16d
2025-04-30 20:44:20 - Début de la requête proxy-orthanc
2025-04-30 20:44:20 - Méthode HTTP: GET, Path: series/f6ebf659-c336b2b9-102a72e3-2cd836e9-a5662c26
2025-04-30 20:44:22 - Début de la requête proxy-orthanc
2025-04-30 20:44:22 - Début de la requête proxy-orthanc
2025-04-30 20:44:22 - Début de la requête proxy-orthanc
2025-04-30 20:44:22 - Méthode HTTP: GET, Path: series/11b7c563-ae504ced-e95ed300-7176b3e8-74f7e2f5
2025-04-30 20:44:22 - Début de la requête proxy-orthanc
2025-04-30 20:44:22 - Méthode HTTP: GET, Path: series/670d99fa-c4a853ca-52f7989e-f6df82a8-5123711c
2025-04-30 20:44:22 - Méthode HTTP: GET, Path: series/19b4c568-a95664f5-ad117914-3ccf7292-2a7ee3a0
2025-04-30 20:44:22 - Méthode HTTP: GET, Path: series/98d367a5-58eeba8b-f3c2da4b-de7d8f6f-ede53eb2
2025-04-30 20:44:22 - Début de la requête proxy-orthanc
2025-04-30 20:44:22 - Début de la requête proxy-orthanc
2025-04-30 20:44:22 - Méthode HTTP: GET, Path: studies/3abaec0a-ebfaaa87-f830d52b-d62df074-6a692c12
2025-04-30 20:44:22 - Méthode HTTP: GET, Path: studies/286789b1-82845a45-92d7dfc0-c6a8e286-27bc0129
2025-04-30 20:44:24 - Début de la requête proxy-orthanc
2025-04-30 20:44:24 - Méthode HTTP: GET, Path: studies/200b3e41-4557e5ed-2b4a1771-a9e4ad06-cd1306c8
2025-04-30 20:44:24 - Méthode HTTP: GET, Path: studies/8e51d8c2-c73f0a1e-57f97ca6-0fe69e66-c5e753eb
2025-04-30 20:44:24 - Début de la requête proxy-orthanc
2025-04-30 20:44:24 - Début de la requête proxy-orthanc
2025-04-30 20:44:24 - Méthode HTTP: GET, Path: studies/aa938400-09e9f0df-8ba95f68-e21f98dd-0c6e0cf0
2025-04-30 20:44:24 - Méthode HTTP: GET, Path: series/19b4c568-a95664f5-ad117914-3ccf7292-2a7ee3a0
2025-04-30 20:44:24 - Début de la requête proxy-orthanc
2025-04-30 20:44:24 - Méthode HTTP: GET, Path: series/98d367a5-58eeba8b-f3c2da4b-de7d8f6f-ede53eb2

2025-04-30 20:44:26 - Début de la requête proxy-orthanc
2025-04-30 20:44:26 - Début de la requête proxy-orthanc
2025-04-30 20:44:26 - Méthode HTTP: GET, Path: studies/3abaec0a-ebfaaa87-f830d52b-d62df074-6a692c12
2025-04-30 20:44:26 - Début de la requête proxy-orthanc
bf996-b6ab6a8b-eba1f35e-14600862-f9393ddd
2025-04-30 20:44:26 - Début de la requête proxy-orthanc
2025-04-30 20:44:26 - Méthode HTTP: GET, Path: patients/10092b57-91bddc20-e68b74c7-8956c6df-49e00750
2025-04-30 20:44:26 - Méthode HTTP: GET, Path: series/19b4c568-a95664f5-ad117914-3ccf7292-2a7ee3a0
2025-04-30 20:44:26 - Méthode HTTP: GET, Path: studies/200b3e41-4557e5ed-2b4a1771-a9e4ad06-cd1306c8
2025-04-30 20:44:26 - Méthode HTTP: GET, Path: patients/b6589fc6-ab0dc82c-f12099d1-c2d40ab9-94e8410c
2025-04-30 20:44:29 - Début de la requête proxy-orthanc
2025-04-30 20:44:29 - Début de la requête proxy-orthanc
2025-04-30 20:44:29 - Début de la requête proxy-orthanc
2025-04-30 20:44:29 - Méthode HTTP: GET, Path: studies/8e51d8c2-c73f0a1e-57f97ca6-0fe69e66-c5e753eb
2025-04-30 20:44:29 - Méthode HTTP: GET, Path: patients/9b4d864d-a53a383a-44cdda8a-269b4eee-777c5729
2025-04-30 20:44:29 - Méthode HTTP: GET, Path: series/98d367a5-58eeba8b-f3c2da4b-de7d8f6f-ede53eb2
2025-04-30 20:44:29 - Méthode HTTP: GET, Path: patients/62bc7cdd-8f5ae588-dea41879-6a8e18d1-d44362ee
2025-04-30 20:44:29 - Début de la requête proxy-orthanc
2025-04-30 20:44:29 - Méthode HTTP: GET, Path: patients/8fff5df9-52cafc00-77071493-d6c9febb-c05b7e14
2025-04-30 20:44:29 - Début de la requête proxy-orthanc
2025-04-30 20:44:29 - Méthode HTTP: GET, Path: patients/1e6ca9a6-71d9b622-24e72d15-16251ee8-3735baf5
2025-04-30 20:44:31 - Début de la requête proxy-orthanc
2025-04-30 20:44:31 - Début de la requête proxy-orthanc
2025-04-30 20:44:31 - Méthode HTTP: GET, Path: studies/3abaec0a-ebfaaa87-f830d52b-d62df074-6a692c12
2025-04-30 20:44:31 - Méthode HTTP: GET, Path: series/19b4c568-a95664f5-ad117914-3ccf7292-2a7ee3a0
2025-04-30 20:44:31 - Début de la requête proxy-orthanc
2025-04-30 20:44:31 - Méthode HTTP: GET, Path: patients/c5cc2652-d994a3cd-4c0b46e9-8aeb6e72-a0135eba
2025-04-30 20:44:31 - Début de la requête proxy-orthanc
2025-04-30 20:44:31 - Méthode HTTP: GET, Path: patients/b6589fc6-ab0dc82c-f12099d1-c2d40ab9-94e8410c
2025-04-30 20:44:31 - Début de la requête proxy-orthanc
2025-04-30 20:44:31 - Méthode HTTP: GET, Path: patients/9b4d864d-a53a383a-44cdda8a-269b4eee-777c5729
2025-04-30 20:44:33 - Début de la requête proxy-orthanc
2025-04-30 20:44:33 - Méthode HTTP: GET, Path: series/98d367a5-58eeba8b-f3c2da4b-de7d8f6f-ede53eb2
2025-04-30 20:44:33 - Début de la requête proxy-orthanc
2025-04-30 20:44:33 - Début de la requête proxy-orthanc
2025-04-30 20:44:33 - Méthode HTTP: GET, Path: series/19b4c568-a95664f5-ad117914-3ccf7292-2a7ee3a0
2025-04-30 20:44:33 - Méthode HTTP: GET, Path: patients/62bc7cdd-8f5ae588-dea41879-6a8e18d1-d44362ee
2025-04-30 20:44:33 - Début de la requête proxy-orthanc
2025-04-30 20:44:33 - Méthode HTTP: GET, Path: studies/3abaec0a-ebfaaa87-f830d52b-d62df074-6a692c12
2025-04-30 20:44:33 - Début de la requête proxy-orthanc
2025-04-30 20:44:33 - Méthode HTTP: GET, Path: studies/200b3e41-4557e5ed-2b4a1771-a9e4ad06-cd1306c8
2025-04-30 20:44:33 - Début de la requête proxy-orthanc
2025-04-30 20:44:33 - Méthode HTTP: GET, Path: patients/b6589fc6-ab0dc82c-f12099d1-c2d40ab9-94e8410c
2025-04-30 20:44:35 - Début de la requête proxy-orthanc
2025-04-30 20:44:35 - Méthode HTTP: GET, Path: patients/9b4d864d-a53a383a-44cdda8a-269b4eee-777c5729
2025-04-30 20:44:35 - Début de la requête proxy-orthanc
2025-04-30 20:44:35 - Début de la requête proxy-orthanc
2025-04-30 20:44:35 - Méthode HTTP: GET, Path: series/19b4c568-a95664f5-ad117914-3ccf7292-2a7ee3a0
2025-04-30 20:44:35 - Méthode HTTP: GET, Path: series/98d367a5-58eeba8b-f3c2da4b-de7d8f6f-ede53eb2
2025-04-30 20:44:35 - Début de la requête proxy-orthanc
2025-04-30 20:44:35 - Méthode HTTP: GET, Path: studies/3abaec0a-ebfaaa87-f830d52b-d62df074-6a692c12
2025-04-30 20:44:35 - Début de la requête proxy-orthanc
2025-04-30 20:44:35 - Méthode HTTP: GET, Path: studies/200b3e41-4557e5ed-2b4a1771-a9e4ad06-cd1306c8
2025-04-30 20:44:35 - Début de la requête proxy-orthanc
2025-04-30 20:44:35 - Méthode HTTP: GET, Path: patients/b6589fc6-ab0dc82c-f12099d1-c2d40ab9-94e8410c
2025-04-30 20:44:37 - Début de la requête proxy-orthanc
2025-04-30 20:44:37 - Début de la requête proxy-orthanc
2025-04-30 20:44:37 - Méthode HTTP: GET, Path: patients/9b4d864d-a53a383a-44cdda8a-269b4eee-777c5729
2025-04-30 20:44:37 - Méthode HTTP: GET, Path: series/98d367a5-58eeba8b-f3c2da4b-de7d8f6f-ede53eb2
2025-04-30 20:44:37 - Début de la requête proxy-orthanc
2025-04-30 20:44:37 - Méthode HTTP: GET, Path: series/19b4c568-a95664f5-ad117914-3ccf7292-2a7ee3a0
2025-04-30 20:44:37 - Début de la requête proxy-orthanc
2025-04-30 20:44:37 - Méthode HTTP: GET, Path: studies/200b3e41-4557e5ed-2b4a1771-a9e4ad06-cd1306c8
2025-04-30 20:44:37 - Début de la requête proxy-orthanc
2025-04-30 20:44:37 - Méthode HTTP: GET, Path: studies/3abaec0a-ebfaaa87-f830d52b-d62df074-6a692c12
2025-04-30 20:44:37 - Début de la requête proxy-orthanc
2025-04-30 20:44:37 - Méthode HTTP: GET, Path: patients/b6589fc6-ab0dc82c-f12099d1-c2d40ab9-94e8410c
2025-04-30 20:44:39 - Début de la requête proxy-orthanc
2025-04-30 20:44:39 - Méthode HTTP: GET, Path: series/98d367a5-58eeba8b-f3c2da4b-de7d8f6f-ede53eb2
2025-04-30 20:44:39 - Début de la requête proxy-orthanc
2025-04-30 20:44:39 - Début de la requête proxy-orthanc
2025-04-30 20:44:39 - Méthode HTTP: GET, Path: patients/9b4d864d-a53a383a-44cdda8a-269b4eee-777c5729
2025-04-30 20:44:39 - Méthode HTTP: GET, Path: studies/200b3e41-4557e5ed-2b4a1771-a9e4ad06-cd1306c8
2025-04-30 20:44:39 - Méthode HTTP: GET, Path: series/19b4c568-a95664f5-ad117914-3ccf7292-2a7ee3a0
2025-04-30 20:44:39 - Début de la requête proxy-orthanc
2025-04-30 20:44:39 - Méthode HTTP: GET, Path: studies/3abaec0a-ebfaaa87-f830d52b-d62df074-6a692c12
2025-04-30 20:44:39 - Début de la requête proxy-orthanc
2025-04-30 20:44:39 - Méthode HTTP: GET, Path: patients/b6589fc6-ab0dc82c-f12099d1-c2d40ab9-94e8410c
2025-04-30 20:44:41 - Début de la requête proxy-orthanc
2025-04-30 20:44:41 - Méthode HTTP: GET, Path: series/19b4c568-a95664f5-ad117914-3ccf7292-2a7ee3a0
2025-04-30 20:44:41 - Début de la requête proxy-orthanc
2025-04-30 20:44:41 - Début de la requête proxy-orthanc
2025-04-30 20:44:41 - Méthode HTTP: GET, Path: studies/3abaec0a-ebfaaa87-f830d52b-d62df074-6a692c12
2025-04-30 20:44:41 - Début de la requête proxy-orthanc
2025-04-30 20:44:41 - Méthode HTTP: GET, Path: studies/200b3e41-4557e5ed-2b4a1771-a9e4ad06-cd1306c8
2025-04-30 20:44:41 - Méthode HTTP: GET, Path: patients/9b4d864d-a53a383a-44cdda8a-269b4eee-777c5729
2025-04-30 20:44:41 - Début de la requête proxy-orthanc
2025-04-30 20:44:41 - Méthode HTTP: GET, Path: patients/b6589fc6-ab0dc82c-f12099d1-c2d40ab9-94e8410c
2025-04-30 20:44:43 - Début de la requête proxy-orthanc
2025-04-30 20:44:43 - Méthode HTTP: GET, Path: patients/b6589fc6-ab0dc82c-f12099d1-c2d40ab9-94e8410c
2025-04-30 20:44:43 - Méthode HTTP: GET, Path: patients/9b4d864d-a53a383a-44cdda8a-269b4eee-777c5729
2025-04-30 20:44:43 - Méthode HTTP: GET, Path: studies/200b3e41-4557e5ed-2b4a1771-a9e4ad06-cd1306c8
2025-04-30 20:44:45 - Début de la requête proxy-orthanc
2025-04-30 20:44:45 - Méthode HTTP: GET, Path: patients/9b4d864d-a53a383a-44cdda8a-269b4eee-777c5729
2025-04-30 20:44:45 - Début de la requête proxy-orthanc
2025-04-30 20:44:45 - Méthode HTTP: GET, Path: studies/200b3e41-4557e5ed-2b4a1771-a9e4ad06-cd1306c8
2025-04-30 20:44:47 - Début de la requête proxy-orthanc
2025-04-30 20:44:47 - Méthode HTTP: GET, Path: patients/9b4d864d-a53a383a-44cdda8a-269b4eee-777c5729
2025-04-30 20:44:49 - Début de la requête proxy-orthanc
2025-04-30 20:44:49 - Méthode HTTP: GET, Path: patients/9b4d864d-a53a383a-44cdda8a-269b4eee-777c5729
2025-04-30 20:46:30 - Début de la requête proxy-orthanc
2025-04-30 20:46:30 - Méthode HTTP: GET, Path: instances/24e83fd1-ddd03175-beb6aa86-f4ce6432-4241b24f
2025-04-30 20:46:32 - Début de la requête proxy-orthanc
2025-04-30 20:46:32 - Méthode HTTP: GET, Path: series/19b4c568-a95664f5-ad117914-3ccf7292-2a7ee3a0
2025-04-30 20:46:34 - Début de la requête proxy-orthanc
2025-04-30 20:46:34 - Méthode HTTP: GET, Path: studies/200b3e41-4557e5ed-2b4a1771-a9e4ad06-cd1306c8
2025-04-30 21:19:20 - Début de la requête proxy-orthanc
2025-04-30 21:19:20 - Méthode HTTP: POST, Path: instances
2025-04-30 21:19:20 - Content-Type: multipart/form-data; boundary=----WebKitFormBoundarygjKKNleSaADplDel
2025-04-30 21:19:20 - Patient ID reçu (devrait être l'id de la table patients): 2
2025-04-30 21:19:20 - Résultat de la vérification patient_id 2: count=1
2025-04-30 21:19:21 - Requête POST vers Orthanc: URL=http://localhost:8042/instances, HTTP Code=200, Réponse={
   "ID" : "9ec8fbb6-b5b6bf94-16950f4b-184a8d6e-21c21abd",
   "ParentPatient" : "b6589fc6-ab0dc82c-f12099d1-c2d40ab9-94e8410c",
   "ParentSeries" : "98d367a5-58eeba8b-f3c2da4b-de7d8f6f-ede53eb2",
   "ParentStudy" : "3abaec0a-ebfaaa87-f830d52b-d62df074-6a692c12",
   "Path" : "/instances/9ec8fbb6-b5b6bf94-16950f4b-184a8d6e-21c21abd",
   "Status" : "Success"
}, Erreur cURL=
2025-04-30 21:19:21 - Enregistrement réussi dans dicom_instances: orthanc_instance_id=9ec8fbb6-b5b6bf94-16950f4b-184a8d6e-21c21abd, patient_id=2
2025-05-01 14:57:52 - Début de la requête proxy-orthanc
2025-05-01 14:57:52 - Méthode HTTP: POST, Path: instances
2025-05-01 14:57:52 - Content-Type: multipart/form-data; boundary=----WebKitFormBoundaryMQQ3x9zhDSNPYWko
2025-05-01 14:57:52 - Patient ID reçu: 4
2025-05-01 14:57:55 - Requête POST vers Orthanc: URL=http://localhost:8042/instances, HTTP Code=200, Réponse={
   "ID" : "d68ec84d-b86ce4ac-49fcd090-361954ca-da219abf",
   "ParentPatient" : "b6589fc6-ab0dc82c-f12099d1-c2d40ab9-94e8410c",
   "ParentSeries" : "98d367a5-58eeba8b-f3c2da4b-de7d8f6f-ede53eb2",
   "ParentStudy" : "3abaec0a-ebfaaa87-f830d52b-d62df074-6a692c12",
   "Path" : "/instances/d68ec84d-b86ce4ac-49fcd090-361954ca-da219abf",
   "Status" : "AlreadyStored"
}, Erreur cURL=
2025-05-01 14:57:55 - Enregistrement réussi dans dicom_instances: orthanc_instance_id=d68ec84d-b86ce4ac-49fcd090-361954ca-da219abf, patient_id=4
2025-05-01 16:01:24 - Début de la requête proxy-orthanc
2025-05-01 16:01:24 - Méthode HTTP: POST, Path: instances, Full URL: http://localhost:8042/instances
2025-05-01 16:01:24 - Content-Type: multipart/form-data; boundary=----WebKitFormBoundaryfJbFnxWdQ9VQxLK6
2025-05-01 16:01:24 - Patient ID reçu: 1
2025-05-01 16:01:25 - Requête POST vers Orthanc: URL=http://localhost:8042/instances, HTTP Code=200, Réponse={
   "ID" : "4e4bce5d-9a98e121-3d1a87bc-47f0398f-5cbefd26",
   "ParentPatient" : "b6589fc6-ab0dc82c-f12099d1-c2d40ab9-94e8410c",
   "ParentSeries" : "98d367a5-58eeba8b-f3c2da4b-de7d8f6f-ede53eb2",
   "ParentStudy" : "3abaec0a-ebfaaa87-f830d52b-d62df074-6a692c12",
   "Path" : "/instances/4e4bce5d-9a98e121-3d1a87bc-47f0398f-5cbefd26",
   "Status" : "AlreadyStored"
}, Erreur cURL=
2025-05-01 16:01:25 - Enregistrement réussi dans dicom_instances: orthanc_instance_id=4e4bce5d-9a98e121-3d1a87bc-47f0398f-5cbefd26, patient_id=1
2025-05-01 17:42:53 - Début de la requête proxy-orthanc
2025-05-01 17:42:53 - Méthode HTTP: GET, Path: /instances, Full URL: http://localhost:8042//instances
2025-05-01 17:42:53 - Début de la requête proxy-orthanc
2025-05-01 17:42:53 - Méthode HTTP: GET, Path: instances/9ec8fbb6-b5b6bf94-16950f4b-184a8d6e-21c21abd, Full URL: http://localhost:8042/instances/9ec8fbb6-b5b6bf94-16950f4b-184a8d6e-21c21abd
2025-05-01 17:42:53 - Début de la requête proxy-orthanc
2025-05-01 17:42:53 - Méthode HTTP: GET, Path: instances/094563e4-74b821f1-120c8584-6236b3ba-05716a47, Full URL: http://localhost:8042/instances/094563e4-74b821f1-120c8584-6236b3ba-05716a47
2025-05-01 17:42:53 - Début de la requête proxy-orthanc
2025-05-01 17:42:54 - Début de la requête proxy-orthanc
2025-05-01 17:42:54 - Méthode HTTP: GET, Path: instances/4e4bce5d-9a98e121-3d1a87bc-47f0398f-5cbefd26, Full URL: http://localhost:8042/instances/4e4bce5d-9a98e121-3d1a87bc-47f0398f-5cbefd26
2025-05-01 17:42:54 - Début de la requête proxy-orthanc
2025-05-01 17:42:54 - Méthode HTTP: GET, Path: instances/127cebed-72b718d7-d77db86d-8d17d9ab-edd89842, Full URL: http://localhost:8042/instances/127cebed-72b718d7-d77db86d-8d17d9ab-edd89842
2025-05-01 17:42:54 - Méthode HTTP: GET, Path: instances/24e83fd1-ddd03175-beb6aa86-f4ce6432-4241b24f, Full URL: http://localhost:8042/instances/24e83fd1-ddd03175-beb6aa86-f4ce6432-4241b24f
2025-05-01 17:42:54 - Début de la requête proxy-orthanc
2025-05-01 17:42:54 - Méthode HTTP: GET, Path: instances/582dde1a-6ee0dcb1-dc2c0a3c-06a79b2f-211eda06, Full URL: http://localhost:8042/instances/582dde1a-6ee0dcb1-dc2c0a3c-06a79b2f-211eda06
2025-05-01 17:42:54 - Début de la requête proxy-orthanc
2025-05-01 17:42:54 - Méthode HTTP: GET, Path: instances/26952bd2-9569483f-e0549aca-a33b9065-69c33884, Full URL: http://localhost:8042/instances/26952bd2-9569483f-e0549aca-a33b9065-69c33884
2025-05-01 17:42:54 - Début de la requête proxy-orthanc
2025-05-01 17:42:54 - Début de la requête proxy-orthanc
2025-05-01 17:42:54 - Méthode HTTP: GET, Path: instances/2faf6dae-1e8dd60c-78fbca50-98cc48e7-66559504, Full URL: http://localhost:8042/instances/2faf6dae-1e8dd60c-78fbca50-98cc48e7-66559504
2025-05-01 17:42:54 - Début de la requête proxy-orthanc
2025-05-01 17:42:54 - Méthode HTTP: GET, Path: instances/63831658-2ed313e4-bdd47183-6c1be4da-c0022bb4, Full URL: http://localhost:8042/instances/63831658-2ed313e4-bdd47183-6c1be4da-c0022bb4
2025-05-01 17:42:54 - Méthode HTTP: GET, Path: instances/75c6d27e-9c7d0b29-ef99341d-b7507933-63d3057d, Full URL: http://localhost:8042/instances/75c6d27e-9c7d0b29-ef99341d-b7507933-63d3057d
2025-05-01 17:42:54 - Début de la requête proxy-orthanc
2025-05-01 17:42:54 - Méthode HTTP: GET, Path: instances/96548d6b-b87fefbd-78a3f7c5-c5abe181-0643a103, Full URL: http://localhost:8042/instances/96548d6b-b87fefbd-78a3f7c5-c5abe181-0643a103
2025-05-01 17:42:54 - Début de la requête proxy-orthanc
2025-05-01 17:42:54 - Méthode HTTP: GET, Path: instances/b7fb1fb4-142e5a15-333ae197-298b1626-11f8833b, Full URL: http://localhost:8042/instances/b7fb1fb4-142e5a15-333ae197-298b1626-11f8833b
2025-05-01 17:42:54 - Début de la requête proxy-orthanc
2025-05-01 17:42:54 - Méthode HTTP: GET, Path: instances/bc61cc15-593581eb-104dd853-f8e2ae2f-19704638, Full URL: http://localhost:8042/instances/bc61cc15-593581eb-104dd853-f8e2ae2f-19704638
2025-05-01 17:42:54 - Début de la requête proxy-orthanc
2025-05-01 17:42:54 - Méthode HTTP: GET, Path: instances/ca185649-59f5c5ef-ebbff62a-dcd31eec-5232abf3, Full URL: http://localhost:8042/instances/ca185649-59f5c5ef-ebbff62a-dcd31eec-5232abf3
2025-05-01 17:42:54 - Début de la requête proxy-orthanc
2025-05-01 17:42:54 - Méthode HTTP: GET, Path: instances/d68ec84d-b86ce4ac-49fcd090-361954ca-da219abf, Full URL: http://localhost:8042/instances/d68ec84d-b86ce4ac-49fcd090-361954ca-da219abf
2025-05-01 17:42:54 - Début de la requête proxy-orthanc
2025-05-01 17:42:54 - Méthode HTTP: GET, Path: instances/dacc5f2c-4eb67b6e-62fe20be-08583e4b-f7285061, Full URL: http://localhost:8042/instances/dacc5f2c-4eb67b6e-62fe20be-08583e4b-f7285061
2025-05-01 17:42:54 - Début de la requête proxy-orthanc
2025-05-01 17:42:54 - Méthode HTTP: GET, Path: instances/eb17dc02-607db0a6-1074ad73-79fb3688-f9a596db, Full URL: http://localhost:8042/instances/eb17dc02-607db0a6-1074ad73-79fb3688-f9a596db
2025-05-01 17:42:54 - Début de la requête proxy-orthanc
2025-05-01 17:42:54 - Méthode HTTP: GET, Path: instances/f594c062-9b40743f-9a18e6b4-b50b74c6-c147bee8, Full URL: http://localhost:8042/instances/f594c062-9b40743f-9a18e6b4-b50b74c6-c147bee8
2025-05-01 17:42:54 - Début de la requête proxy-orthanc
2025-05-01 17:42:54 - Méthode HTTP: GET, Path: instances/fe9d11b9-08ca2a74-f27c7727-86fa6833-6b2583ab, Full URL: http://localhost:8042/instances/fe9d11b9-08ca2a74-f27c7727-86fa6833-6b2583ab
2025-05-01 17:42:54 - Début de la requête proxy-orthanc
2025-05-01 17:42:54 - Méthode HTTP: GET, Path: instances/feaf75ad-9548b055-4a7a21f5-3db18a07-9c6903d3, Full URL: http://localhost:8042/instances/feaf75ad-9548b055-4a7a21f5-3db18a07-9c6903d3
2025-05-01 17:42:54 - Début de la requête proxy-orthanc
2025-05-01 17:42:54 - Méthode HTTP: GET, Path: instances/06ea7b60-3497774d-50e19bee-a577ad30-18fd5343, Full URL: http://localhost:8042/instances/06ea7b60-3497774d-50e19bee-a577ad30-18fd5343
2025-05-01 17:42:54 - Début de la requête proxy-orthanc
2025-05-01 17:42:54 - Méthode HTTP: GET, Path: instances/5974bce8-dfa0d418-48e52945-578a9547-fbb8179e, Full URL: http://localhost:8042/instances/5974bce8-dfa0d418-48e52945-578a9547-fbb8179e
2025-05-01 17:42:54 - Début de la requête proxy-orthanc
2025-05-01 17:42:54 - Méthode HTTP: GET, Path: instances/6be8f9b5-0a47915b-56fd8a11-4d94300c-9bfb83c4, Full URL: http://localhost:8042/instances/6be8f9b5-0a47915b-56fd8a11-4d94300c-9bfb83c4
2025-05-01 17:42:54 - Début de la requête proxy-orthanc
2025-05-01 17:42:54 - Méthode HTTP: GET, Path: instances/cad86111-996653c7-c7ca1820-b783c4c3-9ff6e63b, Full URL: http://localhost:8042/instances/cad86111-996653c7-c7ca1820-b783c4c3-9ff6e63b
2025-05-01 17:42:55 - Début de la requête proxy-orthanc
2025-05-01 17:42:55 - Méthode HTTP: GET, Path: instances/e07efef8-4eba99da-e58dbc40-0173c1da-e2535081, Full URL: http://localhost:8042/instances/e07efef8-4eba99da-e58dbc40-0173c1da-e2535081
2025-05-01 17:42:55 - Début de la requête proxy-orthanc
2025-05-01 17:42:55 - Méthode HTTP: GET, Path: series/98d367a5-58eeba8b-f3c2da4b-de7d8f6f-ede53eb2, Full URL: http://localhost:8042/series/98d367a5-58eeba8b-f3c2da4b-de7d8f6f-ede53eb2
2025-05-01 17:42:55 - Début de la requête proxy-orthanc
2025-05-01 17:42:55 - Méthode HTTP: GET, Path: series/f623b033-c3bb9318-1ae62c1a-9fd5f247-24c86dea, Full URL: http://localhost:8042/series/f623b033-c3bb9318-1ae62c1a-9fd5f247-24c86dea
2025-05-01 17:42:55 - Début de la requête proxy-orthanc
2025-05-01 17:42:55 - Méthode HTTP: GET, Path: series/4541c007-3ddcd5b2-6bf192fc-d28df38d-afe5c271, Full URL: http://localhost:8042/series/4541c007-3ddcd5b2-6bf192fc-d28df38d-afe5c271
2025-05-01 17:42:55 - Début de la requête proxy-orthanc
2025-05-01 17:42:55 - Début de la requête proxy-orthanc
2025-05-01 17:42:55 - Méthode HTTP: GET, Path: series/62cc4f41-9b1679c0-6ad19a2e-71fccb6f-07a3d16d, Full URL: http://localhost:8042/series/62cc4f41-9b1679c0-6ad19a2e-71fccb6f-07a3d16d
2025-05-01 17:42:55 - Méthode HTTP: GET, Path: series/19b4c568-a95664f5-ad117914-3ccf7292-2a7ee3a0, Full URL: http://localhost:8042/series/19b4c568-a95664f5-ad117914-3ccf7292-2a7ee3a0
2025-05-01 17:42:55 - Début de la requête proxy-orthanc
2025-05-01 17:42:55 - Méthode HTTP: GET, Path: series/f6ebf659-c336b2b9-102a72e3-2cd836e9-a5662c26, Full URL: http://localhost:8042/series/f6ebf659-c336b2b9-102a72e3-2cd836e9-a5662c26
2025-05-01 17:42:55 - Début de la requête proxy-orthanc
2025-05-01 17:42:55 - Méthode HTTP: GET, Path: series/670d99fa-c4a853ca-52f7989e-f6df82a8-5123711c, Full URL: http://localhost:8042/series/670d99fa-c4a853ca-52f7989e-f6df82a8-5123711c
2025-05-01 17:42:55 - Début de la requête proxy-orthanc
2025-05-01 17:42:55 - Début de la requête proxy-orthanc
c563-ae504ced-e95ed300-7176b3e8-74f7e2f5, Full URL: http://localhost:8042/series/11b7c563-ae504ced-e95ed300-7176b3e8-74f7e2f5
2025-05-01 17:42:55 - Début de la requête proxy-orthanc
2025-05-01 17:42:55 - Méthode HTTP: GET, Path: series/98d367a5-58eeba8b-f3c2da4b-de7d8f6f-ede53eb2, Full URL: http://localhost:8042/series/98d367a5-58eeba8b-f3c2da4b-de7d8f6f-ede53eb2
2025-05-01 17:42:55 - Méthode HTTP: GET, Path: studies/3abaec0a-ebfaaa87-f830d52b-d62df074-6a692c12, Full URL: http://localhost:8042/studies/3abaec0a-ebfaaa87-f830d52b-d62df074-6a692c12
2025-05-01 17:42:55 - Début de la requête proxy-orthanc
2025-05-01 17:42:55 - Méthode HTTP: GET, Path: series/19b4c568-a95664f5-ad117914-3ccf7292-2a7ee3a0, Full URL: http://localhost:8042/series/19b4c568-a95664f5-ad117914-3ccf7292-2a7ee3a0
2025-05-01 17:42:55 - Début de la requête proxy-orthanc
2025-05-01 17:42:55 - Méthode HTTP: GET, Path: studies/286789b1-82845a45-92d7dfc0-c6a8e286-27bc0129, Full URL: http://localhost:8042/studies/286789b1-82845a45-92d7dfc0-c6a8e286-27bc0129
2025-05-01 17:42:55 - Début de la requête proxy-orthanc
2025-05-01 17:42:55 - Méthode HTTP: GET, Path: studies/200b3e41-4557e5ed-2b4a1771-a9e4ad06-cd1306c8, Full URL: http://localhost:8042/studies/200b3e41-4557e5ed-2b4a1771-a9e4ad06-cd1306c8
2025-05-01 17:42:55 - Début de la requête proxy-orthanc
2025-05-01 17:42:55 - Début de la requête proxy-orthanc
2025-05-01 17:42:55 - Méthode HTTP: GET, Path: series/19b4c568-a95664f5-ad117914-3ccf7292-2a7ee3a0, Full URL: http://localhost:8042/series/19b4c568-a95664f5-ad117914-3ccf7292-2a7ee3a0
2025-05-01 17:42:55 - Début de la requête proxy-orthanc
2025-05-01 17:42:55 - Début de la requête proxy-orthanc
2025-05-01 17:42:55 - Début de la requête proxy-orthanc
2025-05-01 17:42:55 - Méthode HTTP: GET, Path: studies/aa938400-09e9f0df-8ba95f68-e21f98dd-0c6e0cf0, Full URL: http://localhost:8042/studies/aa938400-09e9f0df-8ba95f68-e21f98dd-0c6e0cf0
2025-05-01 17:42:55 - Méthode HTTP: GET, Path: studies/0ba2c4af-c4286377-ed83307a-c4307d90-422eea83, Full URL: http://localhost:8042/studies/0ba2c4af-c4286377-ed83307a-c4307d90-422eea83
2025-05-01 17:42:55 - Méthode HTTP: GET, Path: studies/8e51d8c2-c73f0a1e-57f97ca6-0fe69e66-c5e753eb, Full URL: http://localhost:8042/studies/8e51d8c2-c73f0a1e-57f97ca6-0fe69e66-c5e753eb
2025-05-01 17:42:55 - Début de la requête proxy-orthanc
2025-05-01 17:42:55 - Méthode HTTP: GET, Path: studies/ae9bf996-b6ab6a8b-eba1f35e-14600862-f9393ddd, Full URL: http://localhost:8042/studies/ae9bf996-b6ab6a8b-eba1f35e-14600862-f9393ddd
2025-05-01 17:42:55 - Début de la requête proxy-orthanc
2025-05-01 17:42:55 - Début de la requête proxy-orthanc
2025-05-01 17:42:55 - Méthode HTTP: GET, Path: studies/3abaec0a-ebfaaa87-f830d52b-d62df074-6a692c12, Full URL: http://localhost:8042/studies/3abaec0a-ebfaaa87-f830d52b-d62df074-6a692c12
2025-05-01 17:42:56 - Début de la requête proxy-orthanc
2025-05-01 17:42:56 - Méthode HTTP: GET, Path: patients/10092b57-91bddc20-e68b74c7-8956c6df-49e00750, Full URL: http://localhost:8042/patients/10092b57-91bddc20-e68b74c7-8956c6df-49e00750
2025-05-01 17:42:56 - Méthode HTTP: GET, Path: studies/200b3e41-4557e5ed-2b4a1771-a9e4ad06-cd1306c8, Full URL: http://localhost:8042/studies/200b3e41-4557e5ed-2b4a1771-a9e4ad06-cd1306c8
2025-05-01 17:42:56 - Début de la requête proxy-orthanc
2025-05-01 17:42:56 - Méthode HTTP: GET, Path: patients/b6589fc6-ab0dc82c-f12099d1-c2d40ab9-94e8410c, Full URL: http://localhost:8042/patients/b6589fc6-ab0dc82c-f12099d1-c2d40ab9-94e8410c
2025-05-01 17:42:56 - Début de la requête proxy-orthanc
2025-05-01 17:42:56 - Méthode HTTP: GET, Path: patients/9b4d864d-a53a383a-44cdda8a-269b4eee-777c5729, Full URL: http://localhost:8042/patients/9b4d864d-a53a383a-44cdda8a-269b4eee-777c5729
2025-05-01 17:42:56 - Début de la requête proxy-orthanc
2025-05-01 17:42:56 - Méthode HTTP: GET, Path: series/19b4c568-a95664f5-ad117914-3ccf7292-2a7ee3a0, Full URL: http://localhost:8042/series/19b4c568-a95664f5-ad117914-3ccf7292-2a7ee3a0
2025-05-01 17:42:56 - Début de la requête proxy-orthanc
2025-05-01 17:42:56 - Méthode HTTP: GET, Path: patients/8fff5df9-52cafc00-77071493-d6c9febb-c05b7e14, Full URL: http://localhost:8042/patients/8fff5df9-52cafc00-77071493-d6c9febb-c05b7e14
2025-05-01 17:42:56 - Début de la requête proxy-orthanc
2025-05-01 17:42:56 - Méthode HTTP: GET, Path: patients/1e6ca9a6-71d9b622-24e72d15-16251ee8-3735baf5, Full URL: http://localhost:8042/patients/1e6ca9a6-71d9b622-24e72d15-16251ee8-3735baf5
2025-05-01 17:42:56 - Début de la requête proxy-orthanc
2025-05-01 17:42:56 - Méthode HTTP: GET, Path: studies/8e51d8c2-c73f0a1e-57f97ca6-0fe69e66-c5e753eb, Full URL: http://localhost:8042/studies/8e51d8c2-c73f0a1e-57f97ca6-0fe69e66-c5e753eb
2025-05-01 17:42:56 - Début de la requête proxy-orthanc
2025-05-01 17:42:56 - Méthode HTTP: GET, Path: patients/62bc7cdd-8f5ae588-dea41879-6a8e18d1-d44362ee, Full URL: http://localhost:8042/patients/62bc7cdd-8f5ae588-dea41879-6a8e18d1-d44362ee
2025-05-01 17:42:56 - Début de la requête proxy-orthanc
2025-05-01 17:42:56 - Méthode HTTP: GET, Path: series/98d367a5-58eeba8b-f3c2da4b-de7d8f6f-ede53eb2, Full URL: http://localhost:8042/series/98d367a5-58eeba8b-f3c2da4b-de7d8f6f-ede53eb2
2025-05-01 17:42:56 - Début de la requête proxy-orthanc
2025-05-01 17:42:56 - Méthode HTTP: GET, Path: patients/c5cc2652-d994a3cd-4c0b46e9-8aeb6e72-a0135eba, Full URL: http://localhost:8042/patients/c5cc2652-d994a3cd-4c0b46e9-8aeb6e72-a0135eba
2025-05-01 17:42:56 - Début de la requête proxy-orthanc
2025-05-01 17:42:56 - Méthode HTTP: GET, Path: studies/3abaec0a-ebfaaa87-f830d52b-d62df074-6a692c12, Full URL: http://localhost:8042/studies/3abaec0a-ebfaaa87-f830d52b-d62df074-6a692c12
2025-05-01 17:42:56 - Début de la requête proxy-orthanc
2025-05-01 17:42:56 - Début de la requête proxy-orthanc
2025-05-01 17:42:56 - Méthode HTTP: GET, Path: patients/b6589fc6-ab0dc82c-f12099d1-c2d40ab9-94e8410c, Full URL: http://localhost:8042/patients/b6589fc6-ab0dc82c-f12099d1-c2d40ab9-94e8410c
2025-05-01 17:42:56 - Méthode HTTP: GET, Path: studies/200b3e41-4557e5ed-2b4a1771-a9e4ad06-cd1306c8, Full URL: http://localhost:8042/studies/200b3e41-4557e5ed-2b4a1771-a9e4ad06-cd1306c8
2025-05-01 17:42:56 - Début de la requête proxy-orthanc
2025-05-01 17:42:56 - Méthode HTTP: GET, Path: patients/9b4d864d-a53a383a-44cdda8a-269b4eee-777c5729, Full URL: http://localhost:8042/patients/9b4d864d-a53a383a-44cdda8a-269b4eee-777c5729
2025-05-01 17:42:56 - Début de la requête proxy-orthanc
2025-05-01 17:42:56 - Méthode HTTP: GET, Path: series/19b4c568-a95664f5-ad117914-3ccf7292-2a7ee3a0, Full URL: http://localhost:8042/series/19b4c568-a95664f5-ad117914-3ccf7292-2a7ee3a0
2025-05-01 17:42:56 - Début de la requête proxy-orthanc
2025-05-01 17:42:56 - Méthode HTTP: GET, Path: series/98d367a5-58eeba8b-f3c2da4b-de7d8f6f-ede53eb2, Full URL: http://localhost:8042/series/98d367a5-58eeba8b-f3c2da4b-de7d8f6f-ede53eb2
2025-05-01 17:42:56 - Début de la requête proxy-orthanc
2025-05-01 17:42:56 - Méthode HTTP: GET, Path: patients/62bc7cdd-8f5ae588-dea41879-6a8e18d1-d44362ee, Full URL: http://localhost:8042/patients/62bc7cdd-8f5ae588-dea41879-6a8e18d1-d44362ee
2025-05-01 17:42:56 - Début de la requête proxy-orthanc
2025-05-01 17:42:56 - Méthode HTTP: GET, Path: studies/3abaec0a-ebfaaa87-f830d52b-d62df074-6a692c12, Full URL: http://localhost:8042/studies/3abaec0a-ebfaaa87-f830d52b-d62df074-6a692c12
2025-05-01 17:42:56 - Début de la requête proxy-orthanc
2025-05-01 17:42:56 - Début de la requête proxy-orthanc
2025-05-01 17:42:56 - Méthode HTTP: GET, Path: studies/200b3e41-4557e5ed-2b4a1771-a9e4ad06-cd1306c8, Full URL: http://localhost:8042/studies/200b3e41-4557e5ed-2b4a1771-a9e4ad06-cd1306c8
2025-05-01 17:42:56 - Méthode HTTP: GET, Path: patients/b6589fc6-ab0dc82c-f12099d1-c2d40ab9-94e8410c, Full URL: http://localhost:8042/patients/b6589fc6-ab0dc82c-f12099d1-c2d40ab9-94e8410c
2025-05-01 17:42:56 - Début de la requête proxy-orthanc
2025-05-01 17:42:56 - Méthode HTTP: GET, Path: patients/9b4d864d-a53a383a-44cdda8a-269b4eee-777c5729, Full URL: http://localhost:8042/patients/9b4d864d-a53a383a-44cdda8a-269b4eee-777c5729
2025-05-01 17:42:56 - Début de la requête proxy-orthanc
2025-05-01 17:42:56 - Méthode HTTP: GET, Path: series/19b4c568-a95664f5-ad117914-3ccf7292-2a7ee3a0, Full URL: http://localhost:8042/series/19b4c568-a95664f5-ad117914-3ccf7292-2a7ee3a0
2025-05-01 17:42:56 - Début de la requête proxy-orthanc
2025-05-01 17:42:56 - Début de la requête proxy-orthanc
2025-05-01 17:42:56 - Méthode HTTP: GET, Path: series/98d367a5-58eeba8b-f3c2da4b-de7d8f6f-ede53eb2, Full URL: http://localhost:8042/series/98d367a5-58eeba8b-f3c2da4b-de7d8f6f-ede53eb2
2025-05-01 17:42:56 - Méthode HTTP: GET, Path: studies/3abaec0a-ebfaaa87-f830d52b-d62df074-6a692c12, Full URL: http://localhost:8042/studies/3abaec0a-ebfaaa87-f830d52b-d62df074-6a692c12
2025-05-01 17:42:56 - Début de la requête proxy-orthanc
2025-05-01 17:42:56 - Méthode HTTP: GET, Path: studies/200b3e41-4557e5ed-2b4a1771-a9e4ad06-cd1306c8, Full URL: http://localhost:8042/studies/200b3e41-4557e5ed-2b4a1771-a9e4ad06-cd1306c8
2025-05-01 17:42:56 - Début de la requête proxy-orthanc
2025-05-01 17:42:56 - Méthode HTTP: GET, Path: patients/b6589fc6-ab0dc82c-f12099d1-c2d40ab9-94e8410c, Full URL: http://localhost:8042/patients/b6589fc6-ab0dc82c-f12099d1-c2d40ab9-94e8410c
2025-05-01 17:42:56 - Début de la requête proxy-orthanc
2025-05-01 17:42:56 - Méthode HTTP: GET, Path: patients/9b4d864d-a53a383a-44cdda8a-269b4eee-777c5729, Full URL: http://localhost:8042/patients/9b4d864d-a53a383a-44cdda8a-269b4eee-777c5729
2025-05-01 17:42:56 - Début de la requête proxy-orthanc
2025-05-01 17:42:56 - Méthode HTTP: GET, Path: series/19b4c568-a95664f5-ad117914-3ccf7292-2a7ee3a0, Full URL: http://localhost:8042/series/19b4c568-a95664f5-ad117914-3ccf7292-2a7ee3a0
2025-05-01 17:42:57 - Début de la requête proxy-orthanc
2025-05-01 17:42:57 - Méthode HTTP: GET, Path: series/98d367a5-58eeba8b-f3c2da4b-de7d8f6f-ede53eb2, Full URL: http://localhost:8042/series/98d367a5-58eeba8b-f3c2da4b-de7d8f6f-ede53eb2
2025-05-01 17:42:57 - Début de la requête proxy-orthanc
2025-05-01 17:42:57 - Méthode HTTP: GET, Path: studies/3abaec0a-ebfaaa87-f830d52b-d62df074-6a692c12, Full URL: http://localhost:8042/studies/3abaec0a-ebfaaa87-f830d52b-d62df074-6a692c12
2025-05-01 17:42:57 - Début de la requête proxy-orthanc
2025-05-01 17:42:57 - Début de la requête proxy-orthanc
2025-05-01 17:42:57 - Méthode HTTP: GET, Path: studies/200b3e41-4557e5ed-2b4a1771-a9e4ad06-cd1306c8, Full URL: http://localhost:8042/studies/200b3e41-4557e5ed-2b4a1771-a9e4ad06-cd1306c8
2025-05-01 17:42:57 - Méthode HTTP: GET, Path: patients/b6589fc6-ab0dc82c-f12099d1-c2d40ab9-94e8410c, Full URL: http://localhost:8042/patients/b6589fc6-ab0dc82c-f12099d1-c2d40ab9-94e8410c
2025-05-01 17:42:57 - Début de la requête proxy-orthanc
2025-05-01 17:42:57 - Méthode HTTP: GET, Path: series/19b4c568-a95664f5-ad117914-3ccf7292-2a7ee3a0, Full URL: http://localhost:8042/series/19b4c568-a95664f5-ad117914-3ccf7292-2a7ee3a0
2025-05-01 17:42:57 - Début de la requête proxy-orthanc
2025-05-01 17:42:57 - Méthode HTTP: GET, Path: patients/9b4d864d-a53a383a-44cdda8a-269b4eee-777c5729, Full URL: http://localhost:8042/patients/9b4d864d-a53a383a-44cdda8a-269b4eee-777c5729
2025-05-01 17:42:57 - Début de la requête proxy-orthanc
2025-05-01 17:42:57 - Méthode HTTP: GET, Path: series/98d367a5-58eeba8b-f3c2da4b-de7d8f6f-ede53eb2, Full URL: http://localhost:8042/series/98d367a5-58eeba8b-f3c2da4b-de7d8f6f-ede53eb2
2025-05-01 17:42:57 - Début de la requête proxy-orthanc
2025-05-01 17:42:57 - Début de la requête proxy-orthanc
2025-05-01 17:42:57 - Méthode HTTP: GET, Path: studies/3abaec0a-ebfaaa87-f830d52b-d62df074-6a692c12, Full URL: http://localhost:8042/studies/3abaec0a-ebfaaa87-f830d52b-d62df074-6a692c12
2025-05-01 17:42:57 - Méthode HTTP: GET, Path: studies/200b3e41-4557e5ed-2b4a1771-a9e4ad06-cd1306c8, Full URL: http://localhost:8042/studies/200b3e41-4557e5ed-2b4a1771-a9e4ad06-cd1306c8
2025-05-01 17:42:57 - Début de la requête proxy-orthanc
2025-05-01 17:42:57 - Début de la requête proxy-orthanc
2025-05-01 17:42:57 - Méthode HTTP: GET, Path: series/19b4c568-a95664f5-ad117914-3ccf7292-2a7ee3a0, Full URL: http://localhost:8042/series/19b4c568-a95664f5-ad117914-3ccf7292-2a7ee3a0
2025-05-01 17:42:57 - Méthode HTTP: GET, Path: patients/b6589fc6-ab0dc82c-f12099d1-c2d40ab9-94e8410c, Full URL: http://localhost:8042/patients/b6589fc6-ab0dc82c-f12099d1-c2d40ab9-94e8410c
2025-05-01 17:42:57 - Début de la requête proxy-orthanc
2025-05-01 17:42:57 - Méthode HTTP: GET, Path: patients/9b4d864d-a53a383a-44cdda8a-269b4eee-777c5729, Full URL: http://localhost:8042/patients/9b4d864d-a53a383a-44cdda8a-269b4eee-777c5729
2025-05-01 17:42:57 - Début de la requête proxy-orthanc
2025-05-01 17:42:57 - Méthode HTTP: GET, Path: series/98d367a5-58eeba8b-f3c2da4b-de7d8f6f-ede53eb2, Full URL: http://localhost:8042/series/98d367a5-58eeba8b-f3c2da4b-de7d8f6f-ede53eb2
2025-05-01 17:42:57 - Début de la requête proxy-orthanc
2025-05-01 17:42:57 - Début de la requête proxy-orthanc
2025-05-01 17:42:57 - Méthode HTTP: GET, Path: series/19b4c568-a95664f5-ad117914-3ccf7292-2a7ee3a0, Full URL: http://localhost:8042/series/19b4c568-a95664f5-ad117914-3ccf7292-2a7ee3a0
2025-05-01 17:42:57 - Méthode HTTP: GET, Path: studies/200b3e41-4557e5ed-2b4a1771-a9e4ad06-cd1306c8, Full URL: http://localhost:8042/studies/200b3e41-4557e5ed-2b4a1771-a9e4ad06-cd1306c8
2025-05-01 17:42:57 - Méthode HTTP: GET, Path: studies/3abaec0a-ebfaaa87-f830d52b-d62df074-6a692c12, Full URL: http://localhost:8042/studies/3abaec0a-ebfaaa87-f830d52b-d62df074-6a692c12
2025-05-01 17:42:57 - Début de la requête proxy-orthanc
2025-05-01 17:42:57 - Méthode HTTP: GET, Path: patients/9b4d864d-a53a383a-44cdda8a-269b4eee-777c5729, Full URL: http://localhost:8042/patients/9b4d864d-a53a383a-44cdda8a-269b4eee-777c5729
2025-05-01 17:42:57 - Méthode HTTP: GET, Path: patients/b6589fc6-ab0dc82c-f12099d1-c2d40ab9-94e8410c, Full URL: http://localhost:8042/patients/b6589fc6-ab0dc82c-f12099d1-c2d40ab9-94e8410c
2025-05-01 17:42:57 - Début de la requête proxy-orthanc
2025-05-01 17:42:57 - Début de la requête proxy-orthanc
2025-05-01 17:42:57 - Méthode HTTP: GET, Path: studies/200b3e41-4557e5ed-2b4a1771-a9e4ad06-cd1306c8, Full URL: http://localhost:8042/studies/200b3e41-4557e5ed-2b4a1771-a9e4ad06-cd1306c8
2025-05-01 17:42:57 - Méthode HTTP: GET, Path: studies/3abaec0a-ebfaaa87-f830d52b-d62df074-6a692c12, Full URL: http://localhost:8042/studies/3abaec0a-ebfaaa87-f830d52b-d62df074-6a692c12
2025-05-01 17:42:57 - Début de la requête proxy-orthanc
2025-05-01 17:42:57 - Début de la requête proxy-orthanc
2025-05-01 17:42:57 - Méthode HTTP: GET, Path: patients/9b4d864d-a53a383a-44cdda8a-269b4eee-777c5729, Full URL: http://localhost:8042/patients/9b4d864d-a53a383a-44cdda8a-269b4eee-777c5729
2025-05-01 17:42:57 - Méthode HTTP: GET, Path: patients/b6589fc6-ab0dc82c-f12099d1-c2d40ab9-94e8410c, Full URL: http://localhost:8042/patients/b6589fc6-ab0dc82c-f12099d1-c2d40ab9-94e8410c
2025-05-01 17:42:58 - Début de la requête proxy-orthanc
2025-05-01 17:42:58 - Méthode HTTP: GET, Path: studies/200b3e41-4557e5ed-2b4a1771-a9e4ad06-cd1306c8, Full URL: http://localhost:8042/studies/200b3e41-4557e5ed-2b4a1771-a9e4ad06-cd1306c8
2025-05-01 17:42:58 - Début de la requête proxy-orthanc
2025-05-01 17:42:58 - Méthode HTTP: GET, Path: patients/9b4d864d-a53a383a-44cdda8a-269b4eee-777c5729, Full URL: http://localhost:8042/patients/9b4d864d-a53a383a-44cdda8a-269b4eee-777c5729
2025-05-01 17:42:58 - Début de la requête proxy-orthanc
2025-05-01 17:42:58 - Méthode HTTP: GET, Path: patients/b6589fc6-ab0dc82c-f12099d1-c2d40ab9-94e8410c, Full URL: http://localhost:8042/patients/b6589fc6-ab0dc82c-f12099d1-c2d40ab9-94e8410c
2025-05-01 17:42:58 - Début de la requête proxy-orthanc
2025-05-01 17:42:58 - Méthode HTTP: GET, Path: patients/9b4d864d-a53a383a-44cdda8a-269b4eee-777c5729, Full URL: http://localhost:8042/patients/9b4d864d-a53a383a-44cdda8a-269b4eee-777c5729
2025-05-02 02:50:01 - Début de la requête proxy-orthanc
2025-05-02 02:50:01 - Méthode HTTP: POST, Path: instances, Full URL: http://localhost:8042/instances
2025-05-02 02:50:01 - Content-Type: multipart/form-data; boundary=----WebKitFormBoundaryMndF9mQlC9EvSOU4
2025-05-02 02:50:01 - Patient ID reçu: 1
2025-05-02 02:50:02 - Requête POST vers Orthanc: URL=http://localhost:8042/instances, HTTP Code=200, Réponse={
   "ID" : "4e4bce5d-9a98e121-3d1a87bc-47f0398f-5cbefd26",
   "ParentPatient" : "b6589fc6-ab0dc82c-f12099d1-c2d40ab9-94e8410c",
   "ParentSeries" : "98d367a5-58eeba8b-f3c2da4b-de7d8f6f-ede53eb2",
   "ParentStudy" : "3abaec0a-ebfaaa87-f830d52b-d62df074-6a692c12",
   "Path" : "/instances/4e4bce5d-9a98e121-3d1a87bc-47f0398f-5cbefd26",
   "Status" : "AlreadyStored"
}, Erreur cURL=
2025-05-02 02:50:02 - Enregistrement réussi dans dicom_instances: orthanc_instance_id=4e4bce5d-9a98e121-3d1a87bc-47f0398f-5cbefd26, patient_id=1
2025-05-02 02:51:42 - Début de la requête proxy-orthanc
2025-05-02 02:51:42 - Méthode HTTP: POST, Path: instances, Full URL: http://localhost:8042/instances
2025-05-02 02:51:42 - Content-Type: multipart/form-data; boundary=----WebKitFormBoundarywFwnTMEtRwuFE5Nl
2025-05-02 02:51:43 - Patient ID reçu: 5
2025-05-02 02:51:43 - Requête POST vers Orthanc: URL=http://localhost:8042/instances, HTTP Code=200, Réponse={
   "ID" : "9ec8fbb6-b5b6bf94-16950f4b-184a8d6e-21c21abd",
   "ParentPatient" : "b6589fc6-ab0dc82c-f12099d1-c2d40ab9-94e8410c",
   "ParentSeries" : "98d367a5-58eeba8b-f3c2da4b-de7d8f6f-ede53eb2",
   "ParentStudy" : "3abaec0a-ebfaaa87-f830d52b-d62df074-6a692c12",
   "Path" : "/instances/9ec8fbb6-b5b6bf94-16950f4b-184a8d6e-21c21abd",
   "Status" : "AlreadyStored"
}, Erreur cURL=
2025-05-02 02:51:43 - Enregistrement réussi dans dicom_instances: orthanc_instance_id=9ec8fbb6-b5b6bf94-16950f4b-184a8d6e-21c21abd, patient_id=5
2025-05-02 03:57:33 - Début de la requête proxy-orthanc
2025-05-02 03:57:33 - Méthode HTTP: POST, Path: instances
2025-05-02 03:57:33 - Content-Type: multipart/form-data; boundary=----WebKitFormBoundaryjAS3oHNNfYpm500b
2025-05-02 03:57:33 - Patient ID reçu: 1
2025-05-02 03:57:34 - Requête POST vers Orthanc: URL=http://localhost:8042/instances, HTTP Code=200, Réponse={
   "ID" : "ca185649-59f5c5ef-ebbff62a-dcd31eec-5232abf3",
   "ParentPatient" : "b6589fc6-ab0dc82c-f12099d1-c2d40ab9-94e8410c",
   "ParentSeries" : "98d367a5-58eeba8b-f3c2da4b-de7d8f6f-ede53eb2",
   "ParentStudy" : "3abaec0a-ebfaaa87-f830d52b-d62df074-6a692c12",
   "Path" : "/instances/ca185649-59f5c5ef-ebbff62a-dcd31eec-5232abf3",
   "Status" : "AlreadyStored"
}, Erreur cURL=
2025-05-02 03:57:34 - Enregistrement réussi dans dicom_instances: orthanc_instance_id=ca185649-59f5c5ef-ebbff62a-dcd31eec-5232abf3, patient_id=1
2025-05-02 03:57:47 - Début de la requête proxy-orthanc
2025-05-02 03:57:47 - Méthode HTTP: POST, Path: instances
2025-05-02 03:57:47 - Content-Type: multipart/form-data; boundary=----WebKitFormBoundaryxLX9kzqhvf5perQ7
2025-05-02 03:57:47 - Patient ID reçu: 5
2025-05-02 03:57:47 - Requête POST vers Orthanc: URL=http://localhost:8042/instances, HTTP Code=200, Réponse={
   "ID" : "96548d6b-b87fefbd-78a3f7c5-c5abe181-0643a103",
   "ParentPatient" : "b6589fc6-ab0dc82c-f12099d1-c2d40ab9-94e8410c",
   "ParentSeries" : "98d367a5-58eeba8b-f3c2da4b-de7d8f6f-ede53eb2",
   "ParentStudy" : "3abaec0a-ebfaaa87-f830d52b-d62df074-6a692c12",
   "Path" : "/instances/96548d6b-b87fefbd-78a3f7c5-c5abe181-0643a103",
   "Status" : "AlreadyStored"
}, Erreur cURL=
2025-05-02 03:57:48 - Enregistrement réussi dans dicom_instances: orthanc_instance_id=96548d6b-b87fefbd-78a3f7c5-c5abe181-0643a103, patient_id=5
2025-05-03 13:24:36 - Début de la requête proxy-orthanc
2025-05-03 13:24:36 - Méthode HTTP: POST, Path: instances
2025-05-03 13:24:36 - Content-Type: multipart/form-data; boundary=----WebKitFormBoundaryN27mSF55g4HUSdoE
2025-05-03 13:24:36 - Patient ID reçu: 1
2025-05-03 13:24:38 - Requête POST vers Orthanc: URL=http://localhost:8042/instances, HTTP Code=200, Réponse={
   "ID" : "892e8101-891e4b24-43c20a0c-cda4e1ee-34cdbb93",
   "ParentPatient" : "b6589fc6-ab0dc82c-f12099d1-c2d40ab9-94e8410c",
   "ParentSeries" : "98d367a5-58eeba8b-f3c2da4b-de7d8f6f-ede53eb2",
   "ParentStudy" : "3abaec0a-ebfaaa87-f830d52b-d62df074-6a692c12",
   "Path" : "/instances/892e8101-891e4b24-43c20a0c-cda4e1ee-34cdbb93",
   "Status" : "Success"
}, Erreur cURL=
2025-05-03 13:24:39 - Enregistrement réussi dans dicom_instances: orthanc_instance_id=892e8101-891e4b24-43c20a0c-cda4e1ee-34cdbb93, patient_id=1
2025-05-03 13:34:44 - Début de la requête proxy-orthanc
2025-05-03 13:34:44 - Méthode HTTP: POST, Path: instances
2025-05-03 13:34:44 - Content-Type: multipart/form-data; boundary=----WebKitFormBoundaryjlJhPQ57j1xvxAIT
2025-05-03 13:34:44 - Patient ID reçu: 5
2025-05-03 13:34:44 - Requête POST vers Orthanc: URL=http://localhost:8042/instances, HTTP Code=200, Réponse={
   "ID" : "892e8101-891e4b24-43c20a0c-cda4e1ee-34cdbb93",
   "ParentPatient" : "b6589fc6-ab0dc82c-f12099d1-c2d40ab9-94e8410c",
   "ParentSeries" : "98d367a5-58eeba8b-f3c2da4b-de7d8f6f-ede53eb2",
   "ParentStudy" : "3abaec0a-ebfaaa87-f830d52b-d62df074-6a692c12",
   "Path" : "/instances/892e8101-891e4b24-43c20a0c-cda4e1ee-34cdbb93",
   "Status" : "AlreadyStored"
}, Erreur cURL=
2025-05-03 13:34:45 - Enregistrement réussi dans dicom_instances: orthanc_instance_id=892e8101-891e4b24-43c20a0c-cda4e1ee-34cdbb93, patient_id=5
2025-05-03 21:13:28 - Début de la requête proxy-orthanc
2025-05-03 21:13:28 - Méthode HTTP: POST, Path: instances
2025-05-03 21:13:28 - Content-Type: multipart/form-data; boundary=----WebKitFormBoundaryC03FzpwjNAn9AThQ
2025-05-03 21:13:28 - Patient ID reçu: 1, Instance ID personnalisé: PATIENT-1-20250503191328
2025-05-03 21:13:29 - Requête POST vers Orthanc: URL=http://localhost:8042/instances, HTTP Code=200, Réponse={
   "ID" : "9ec8fbb6-b5b6bf94-16950f4b-184a8d6e-21c21abd",
   "ParentPatient" : "b6589fc6-ab0dc82c-f12099d1-c2d40ab9-94e8410c",
   "ParentSeries" : "98d367a5-58eeba8b-f3c2da4b-de7d8f6f-ede53eb2",
   "ParentStudy" : "3abaec0a-ebfaaa87-f830d52b-d62df074-6a692c12",
   "Path" : "/instances/9ec8fbb6-b5b6bf94-16950f4b-184a8d6e-21c21abd",
   "Status" : "AlreadyStored"
}, Erreur cURL=
2025-05-03 21:13:29 - Erreur: Métadonnées invalides ou StudyInstanceUID absent: {
   "FileSize" : 91658,
   "FileUuid" : "7b042208-1ecd-45ad-88c9-b577cd90889a",
   "ID" : "9ec8fbb6-b5b6bf94-16950f4b-184a8d6e-21c21abd",
   "IndexInSeries" : 10,
   "Labels" : [],
   "MainDicomTags" : 
   {
      "ImageComments" : "JPEG 2000 lossless - Version 4.0.2 (c) Image Devices GmbH",
      "ImageOrientationPatient" : "1\\0\\0\\0\\1\\0",
      "ImagePositionPatient" : "-151.493508\\-36.6564417\\1290.5",
      "InstanceCreationDate" : "20061012",
      "InstanceCreationTime" : "091607.000000",
      "InstanceNumber" : "10",
      "SOPInstanceUID" : "1.2.826.0.1.3680043.8.1055.1.20111102150759419.98760783.75639221"
   },
   "ParentSeries" : "98d367a5-58eeba8b-f3c2da4b-de7d8f6f-ede53eb2",
   "Type" : "Instance"
}
2025-05-03 21:20:14 - Début de la requête proxy-orthanc
2025-05-03 21:20:14 - Méthode HTTP: POST, Path: instances
2025-05-03 21:20:14 - Content-Type: multipart/form-data; boundary=----WebKitFormBoundary2Fq5kToin2MofoTf
2025-05-03 21:20:14 - Patient ID reçu: 1, Instance ID personnalisé: PATIENT-1-20250503192014
2025-05-03 21:20:14 - Requête POST vers Orthanc: URL=http://localhost:8042/instances, HTTP Code=200, Réponse={
   "ID" : "892e8101-891e4b24-43c20a0c-cda4e1ee-34cdbb93",
   "ParentPatient" : "b6589fc6-ab0dc82c-f12099d1-c2d40ab9-94e8410c",
   "ParentSeries" : "98d367a5-58eeba8b-f3c2da4b-de7d8f6f-ede53eb2",
   "ParentStudy" : "3abaec0a-ebfaaa87-f830d52b-d62df074-6a692c12",
   "Path" : "/instances/892e8101-891e4b24-43c20a0c-cda4e1ee-34cdbb93",
   "Status" : "AlreadyStored"
}, Erreur cURL=
2025-05-03 21:20:15 - Metadata Response: {
   "FileSize" : 95526,
   "FileUuid" : "1574399b-1e17-4bff-a465-fa16e2c352ba",
   "ID" : "892e8101-891e4b24-43c20a0c-cda4e1ee-34cdbb93",
   "IndexInSeries" : 6,
   "Labels" : [],
   "MainDicomTags" : 
   {
      "ImageComments" : "JPEG 2000 lossless - Version 4.0.2 (c) Image Devices GmbH",
      "ImageOrientationPatient" : "1\\0\\0\\0\\1\\0",
      "ImagePositionPatient" : "-151.493508\\-36.6564417\\1292.5",
      "InstanceCreationDate" : "20061012",
      "InstanceCreationTime" : "091607.000000",
      "InstanceNumber" : "6",
      "SOPInstanceUID" : "1.2.826.0.1.3680043.8.1055.1.20111102150759122.72299459.20444569"
   },
   "ParentSeries" : "98d367a5-58eeba8b-f3c2da4b-de7d8f6f-ede53eb2",
   "Type" : "Instance"
}
2025-05-03 21:20:15 - Erreur: StudyInstanceUID absent dans les métadonnées: {"FileSize":95526,"FileUuid":"1574399b-1e17-4bff-a465-fa16e2c352ba","ID":"892e8101-891e4b24-43c20a0c-cda4e1ee-34cdbb93","IndexInSeries":6,"Labels":[],"MainDicomTags":{"ImageComments":"JPEG 2000 lossless - Version 4.0.2 (c) Image Devices GmbH","ImageOrientationPatient":"1\\0\\0\\0\\1\\0","ImagePositionPatient":"-151.493508\\-36.6564417\\1292.5","InstanceCreationDate":"20061012","InstanceCreationTime":"091607.000000","InstanceNumber":"6","SOPInstanceUID":"1.2.826.0.1.3680043.8.1055.1.20111102150759122.72299459.20444569"},"ParentSeries":"98d367a5-58eeba8b-f3c2da4b-de7d8f6f-ede53eb2","Type":"Instance"}
2025-05-03 22:22:02 - Début de la requête proxy-orthanc
2025-05-03 22:22:03 - Méthode HTTP: POST, Path: instances
2025-05-03 22:22:03 - Content-Type: multipart/form-data; boundary=----WebKitFormBoundaryRDbdv0PqhZIAc5ll
2025-05-03 22:22:03 - Patient ID reçu: 1, Instance ID personnalisé: PATIENT-1-20250503202202
2025-05-03 22:22:03 - Requête POST vers Orthanc: URL=http://localhost:8042/instances, HTTP Code=200, Réponse={
   "ID" : "ca185649-59f5c5ef-ebbff62a-dcd31eec-5232abf3",
   "ParentPatient" : "b6589fc6-ab0dc82c-f12099d1-c2d40ab9-94e8410c",
   "ParentSeries" : "98d367a5-58eeba8b-f3c2da4b-de7d8f6f-ede53eb2",
   "ParentStudy" : "3abaec0a-ebfaaa87-f830d52b-d62df074-6a692c12",
   "Path" : "/instances/ca185649-59f5c5ef-ebbff62a-dcd31eec-5232abf3",
   "Status" : "AlreadyStored"
}, Erreur cURL=
2025-05-03 22:22:03 - Metadata Response: {
   "FileSize" : 91688,
   "FileUuid" : "fc313d4e-083c-42d6-aeaf-e176fde4e365",
   "ID" : "ca185649-59f5c5ef-ebbff62a-dcd31eec-5232abf3",
   "IndexInSeries" : 8,
   "Labels" : [],
   "MainDicomTags" : 
   {
      "ImageComments" : "JPEG 2000 lossless - Version 4.0.2 (c) Image Devices GmbH",
      "ImageOrientationPatient" : "1\\0\\0\\0\\1\\0",
      "ImagePositionPatient" : "-151.493508\\-36.6564417\\1291.5",
      "InstanceCreationDate" : "20061012",
      "InstanceCreationTime" : "091607.000000",
      "InstanceNumber" : "8",
      "SOPInstanceUID" : "1.2.826.0.1.3680043.8.1055.1.20111102150759278.17477298.74845291"
   },
   "ParentSeries" : "98d367a5-58eeba8b-f3c2da4b-de7d8f6f-ede53eb2",
   "Type" : "Instance"
}
2025-05-03 22:22:03 - StudyInstanceUID absent, généré synthétiquement: 1.2.840.113619.2.1746303723.7370
2025-05-03 22:22:03 - Instance DICOM associée à patient_id=1 avec orthanc_instance_id=ca185649-59f5c5ef-ebbff62a-dcd31eec-5232abf3
2025-05-03 22:22:04 - Instance ID personnalisé appliqué: PATIENT-1-20250503202202
2025-05-03 22:26:34 - Début de la requête proxy-orthanc
2025-05-03 22:26:34 - Méthode HTTP: POST, Path: instances
2025-05-03 22:26:34 - Content-Type: multipart/form-data; boundary=----WebKitFormBoundaryJRiLr85v5bBrm2V2
2025-05-03 22:26:34 - Patient ID reçu: 2, Instance ID personnalisé: PATIENT-2-20250503202634
2025-05-03 22:26:34 - Requête POST vers Orthanc: URL=http://localhost:8042/instances, HTTP Code=200, Réponse={
   "ID" : "9ec8fbb6-b5b6bf94-16950f4b-184a8d6e-21c21abd",
   "ParentPatient" : "b6589fc6-ab0dc82c-f12099d1-c2d40ab9-94e8410c",
   "ParentSeries" : "98d367a5-58eeba8b-f3c2da4b-de7d8f6f-ede53eb2",
   "ParentStudy" : "3abaec0a-ebfaaa87-f830d52b-d62df074-6a692c12",
   "Path" : "/instances/9ec8fbb6-b5b6bf94-16950f4b-184a8d6e-21c21abd",
   "Status" : "AlreadyStored"
}, Erreur cURL=
2025-05-03 22:26:34 - Metadata Response: {
   "FileSize" : 91658,
   "FileUuid" : "7b042208-1ecd-45ad-88c9-b577cd90889a",
   "ID" : "9ec8fbb6-b5b6bf94-16950f4b-184a8d6e-21c21abd",
   "IndexInSeries" : 10,
   "Labels" : [],
   "MainDicomTags" : 
   {
      "ImageComments" : "JPEG 2000 lossless - Version 4.0.2 (c) Image Devices GmbH",
      "ImageOrientationPatient" : "1\\0\\0\\0\\1\\0",
      "ImagePositionPatient" : "-151.493508\\-36.6564417\\1290.5",
      "InstanceCreationDate" : "20061012",
      "InstanceCreationTime" : "091607.000000",
      "InstanceNumber" : "10",
      "SOPInstanceUID" : "1.2.826.0.1.3680043.8.1055.1.20111102150759419.98760783.75639221"
   },
   "ParentSeries" : "98d367a5-58eeba8b-f3c2da4b-de7d8f6f-ede53eb2",
   "Type" : "Instance"
}
2025-05-03 22:26:34 - StudyInstanceUID absent, généré synthétiquement: 1.2.840.113619.2.1746303994.1067
2025-05-03 22:26:35 - Instance DICOM associée à patient_id=2 avec orthanc_instance_id=9ec8fbb6-b5b6bf94-16950f4b-184a8d6e-21c21abd
2025-05-03 22:26:35 - Instance ID personnalisé appliqué: PATIENT-2-20250503202634
2025-05-03 22:45:10 - Début de la requête proxy-orthanc
2025-05-03 22:45:10 - Méthode HTTP: POST, Path: instances
2025-05-03 22:45:10 - Content-Type: multipart/form-data; boundary=----WebKitFormBoundaryj1IpK4qbXbN0F7DE
2025-05-03 22:45:10 - Patient ID reçu: 4, Instance ID personnalisé: PATIENT-4-20250503204509
2025-05-03 22:45:10 - Requête POST vers Orthanc: URL=http://localhost:8042/instances, HTTP Code=200, Réponse={
   "ID" : "ca185649-59f5c5ef-ebbff62a-dcd31eec-5232abf3",
   "ParentPatient" : "b6589fc6-ab0dc82c-f12099d1-c2d40ab9-94e8410c",
   "ParentSeries" : "98d367a5-58eeba8b-f3c2da4b-de7d8f6f-ede53eb2",
   "ParentStudy" : "3abaec0a-ebfaaa87-f830d52b-d62df074-6a692c12",
   "Path" : "/instances/ca185649-59f5c5ef-ebbff62a-dcd31eec-5232abf3",
   "Status" : "AlreadyStored"
}, Erreur cURL=
2025-05-03 22:45:10 - Metadata Response: {
   "FileSize" : 91688,
   "FileUuid" : "fc313d4e-083c-42d6-aeaf-e176fde4e365",
   "ID" : "ca185649-59f5c5ef-ebbff62a-dcd31eec-5232abf3",
   "IndexInSeries" : 8,
   "Labels" : [],
   "MainDicomTags" : 
   {
      "ImageComments" : "JPEG 2000 lossless - Version 4.0.2 (c) Image Devices GmbH",
      "ImageOrientationPatient" : "1\\0\\0\\0\\1\\0",
      "ImagePositionPatient" : "-151.493508\\-36.6564417\\1291.5",
      "InstanceCreationDate" : "20061012",
      "InstanceCreationTime" : "091607.000000",
      "InstanceNumber" : "8",
      "SOPInstanceUID" : "1.2.826.0.1.3680043.8.1055.1.20111102150759278.17477298.74845291"
   },
   "ParentSeries" : "98d367a5-58eeba8b-f3c2da4b-de7d8f6f-ede53eb2",
   "Type" : "Instance"
}
2025-05-03 22:45:10 - StudyInstanceUID absent, généré synthétiquement: 1.2.840.113619.2.1746305110.8857
2025-05-03 22:45:10 - Instance DICOM associée à patient_id=4 avec orthanc_instance_id=ca185649-59f5c5ef-ebbff62a-dcd31eec-5232abf3
2025-05-03 22:45:10 - Instance ID personnalisé appliqué: PATIENT-4-20250503204509
2025-05-04 01:35:26 - Début de la requête proxy-orthanc
2025-05-04 01:35:26 - Méthode HTTP: POST, Path: instances
2025-05-04 01:35:26 - Content-Type: multipart/form-data; boundary=----WebKitFormBoundaryBK7M5CL910Vb2bYA
2025-05-04 01:35:26 - Patient ID reçu: 3, Instance ID personnalisé: PATIENT-3-20250503233525
2025-05-04 01:35:26 - Requête POST vers Orthanc: URL=http://localhost:8042/instances, HTTP Code=200, Réponse={
   "ID" : "ca185649-59f5c5ef-ebbff62a-dcd31eec-5232abf3",
   "ParentPatient" : "b6589fc6-ab0dc82c-f12099d1-c2d40ab9-94e8410c",
   "ParentSeries" : "98d367a5-58eeba8b-f3c2da4b-de7d8f6f-ede53eb2",
   "ParentStudy" : "3abaec0a-ebfaaa87-f830d52b-d62df074-6a692c12",
   "Path" : "/instances/ca185649-59f5c5ef-ebbff62a-dcd31eec-5232abf3",
   "Status" : "AlreadyStored"
}, Erreur cURL=
2025-05-04 01:35:26 - Metadata Response: {
   "FileSize" : 91688,
   "FileUuid" : "fc313d4e-083c-42d6-aeaf-e176fde4e365",
   "ID" : "ca185649-59f5c5ef-ebbff62a-dcd31eec-5232abf3",
   "IndexInSeries" : 8,
   "Labels" : [],
   "MainDicomTags" : 
   {
      "ImageComments" : "JPEG 2000 lossless - Version 4.0.2 (c) Image Devices GmbH",
      "ImageOrientationPatient" : "1\\0\\0\\0\\1\\0",
      "ImagePositionPatient" : "-151.493508\\-36.6564417\\1291.5",
      "InstanceCreationDate" : "20061012",
      "InstanceCreationTime" : "091607.000000",
      "InstanceNumber" : "8",
      "SOPInstanceUID" : "1.2.826.0.1.3680043.8.1055.1.20111102150759278.17477298.74845291"
   },
   "ParentSeries" : "98d367a5-58eeba8b-f3c2da4b-de7d8f6f-ede53eb2",
   "Type" : "Instance"
}
2025-05-04 01:35:26 - StudyInstanceUID absent, généré synthétiquement: 1.2.840.113619.2.1746315326.3285
2025-05-04 01:35:26 - Instance DICOM associée à patient_id=3 avec orthanc_instance_id=ca185649-59f5c5ef-ebbff62a-dcd31eec-5232abf3
2025-05-04 01:35:26 - Instance ID personnalisé appliqué: PATIENT-3-20250503233525
2025-05-04 19:52:15 - Début de la requête proxy-orthanc
2025-05-04 19:52:16 - Méthode HTTP: POST, Path: instances
2025-05-04 19:52:16 - Content-Type: multipart/form-data; boundary=----WebKitFormBoundary7OmAzUN4XfEkMMnA
2025-05-04 19:52:16 - Patient ID reçu: 3, Instance ID personnalisé: PATIENT-3-20250504175215
2025-05-04 19:52:16 - Requête POST vers Orthanc: URL=http://localhost:8042/instances, HTTP Code=200, Réponse={
   "ID" : "9ec8fbb6-b5b6bf94-16950f4b-184a8d6e-21c21abd",
   "ParentPatient" : "b6589fc6-ab0dc82c-f12099d1-c2d40ab9-94e8410c",
   "ParentSeries" : "98d367a5-58eeba8b-f3c2da4b-de7d8f6f-ede53eb2",
   "ParentStudy" : "3abaec0a-ebfaaa87-f830d52b-d62df074-6a692c12",
   "Path" : "/instances/9ec8fbb6-b5b6bf94-16950f4b-184a8d6e-21c21abd",
   "Status" : "AlreadyStored"
}, Erreur cURL=
2025-05-04 19:52:16 - Metadata Response: {
   "FileSize" : 91658,
   "FileUuid" : "7b042208-1ecd-45ad-88c9-b577cd90889a",
   "ID" : "9ec8fbb6-b5b6bf94-16950f4b-184a8d6e-21c21abd",
   "IndexInSeries" : 10,
   "Labels" : [],
   "MainDicomTags" : 
   {
      "ImageComments" : "JPEG 2000 lossless - Version 4.0.2 (c) Image Devices GmbH",
      "ImageOrientationPatient" : "1\\0\\0\\0\\1\\0",
      "ImagePositionPatient" : "-151.493508\\-36.6564417\\1290.5",
      "InstanceCreationDate" : "20061012",
      "InstanceCreationTime" : "091607.000000",
      "InstanceNumber" : "10",
      "SOPInstanceUID" : "1.2.826.0.1.3680043.8.1055.1.20111102150759419.98760783.75639221"
   },
   "ParentSeries" : "98d367a5-58eeba8b-f3c2da4b-de7d8f6f-ede53eb2",
   "Type" : "Instance"
}
2025-05-04 19:52:16 - StudyInstanceUID absent, généré synthétiquement: 1.2.840.113619.2.1746381136.4098
2025-05-04 19:52:16 - Instance DICOM associée à patient_id=3 avec orthanc_instance_id=9ec8fbb6-b5b6bf94-16950f4b-184a8d6e-21c21abd
2025-05-04 19:52:16 - Instance ID personnalisé appliqué: PATIENT-3-20250504175215
2025-05-05 20:38:33 - Début de la requête proxy-orthanc
2025-05-05 20:38:33 - URL Orthanc: http://localhost:8042/instances
2025-05-05 20:38:33 - Méthode HTTP: GET
2025-05-05 20:38:33 - Requête Orthanc: HTTP Code=200, Réponse=[
   "06ea7b60-3497774d-50e19bee-a577ad30-18fd5343",
   "094563e4-74b821f1-120c8584-6236b3ba-05716a47",
   "127cebed-72b718d7-d77db86d-8d17d9ab-edd89842",
   "24e83fd1-ddd03175-beb6aa86-f4ce6432-4241b24f",
   "26952bd2-9569483f-e0549aca-a33b9065-69c33884",
   "2faf6dae-1e8dd60c-78fbca50-98cc48e7-66559504",
   "4e4bce5d-9a98e121-3d1a87bc-47f0398f-5cbefd26",
   "582dde1a-6ee0dcb1-dc2c0a3c-06a79b2f-211eda06",
   "5974bce8-dfa0d418-48e52945-578a9547-fbb8179e",
   "63831658-2ed313e4-bdd47183-6c1be4da, Erreur cURL=
2025-05-05 20:38:33 - Début de la requête proxy-orthanc
2025-05-05 20:38:33 - Début de la requête proxy-orthanc
2025-05-05 20:38:33 - URL Orthanc: http://localhost:8042/instances/06ea7b60-3497774d-50e19bee-a577ad30-18fd5343
2025-05-05 20:38:33 - Méthode HTTP: GET
2025-05-05 20:38:33 - URL Orthanc: http://localhost:8042/instances/094563e4-74b821f1-120c8584-6236b3ba-05716a47
2025-05-05 20:38:33 - Méthode HTTP: GET
2025-05-05 20:38:33 - Début de la requête proxy-orthanc
2025-05-05 20:38:33 - Début de la requête proxy-orthanc
2025-05-05 20:38:33 - Début de la requête proxy-orthanc
2025-05-05 20:38:33 - URL Orthanc: http://localhost:8042/instances/26952bd2-9569483f-e0549aca-a33b9065-69c33884
2025-05-05 20:38:33 - Méthode HTTP: GET
2025-05-05 20:38:33 - URL Orthanc: http://localhost:8042/instances/2faf6dae-1e8dd60c-78fbca50-98cc48e7-66559504
2025-05-05 20:38:33 - Méthode HTTP: GET
2025-05-05 20:38:33 - URL Orthanc: http://localhost:8042/instances/24e83fd1-ddd03175-beb6aa86-f4ce6432-4241b24f
2025-05-05 20:38:33 - Méthode HTTP: GET
2025-05-05 20:38:33 - Début de la requête proxy-orthanc
2025-05-05 20:38:33 - URL Orthanc: http://localhost:8042/instances/127cebed-72b718d7-d77db86d-8d17d9ab-edd89842
2025-05-05 20:38:33 - Méthode HTTP: GET
2025-05-05 20:38:34 - Requête Orthanc: HTTP Code=200, Réponse={
   "FileSize" : 526336,
   "FileUuid" : "9702e94e-8902-4103-ae55-af77a92efc6a",
   "ID" : "26952bd2-9569483f-e0549aca-a33b9065-69c33884",
   "IndexInSeries" : 17001,
   "Labels" : [],
   "MainDicomTags" : 
   {
      "AcquisitionNumber" : "17",
      "ImageComments" : "",
      "ImageOrientationPatient" : "1.0000\\0.0000\\0.0000\\0.0000\\1.0000\\0.0000",
      "ImagePositionPatient" : "-175.1000\\-175.1000\\-150.0000",
      "InstanceCreationDate" : "19970114",
      "InstanceCreationTime" : ", Erreur cURL=
2025-05-05 20:38:34 - Requête Orthanc: HTTP Code=200, Réponse={
   "FileSize" : 526336,
   "FileUuid" : "847455dd-9936-4c5a-9d73-29f225acd32b",
   "ID" : "094563e4-74b821f1-120c8584-6236b3ba-05716a47",
   "IndexInSeries" : 5003,
   "Labels" : [],
   "MainDicomTags" : 
   {
      "AcquisitionNumber" : " 5",
      "ImageComments" : "MD",
      "ImageOrientationPatient" : "1.0000\\0.0000\\0.0000\\0.0000\\1.0000\\0.0000",
      "ImagePositionPatient" : "-80.7000\\-75.1000\\-61.0000",
      "InstanceCreationDate" : "19970114",
      "InstanceCreationTime" : "03, Erreur cURL=
2025-05-05 20:38:34 - Requête Orthanc: HTTP Code=200, Réponse={
   "FileSize" : 526336,
   "FileUuid" : "1b56fb91-ea25-44cc-8c18-5f24da876928",
   "ID" : "24e83fd1-ddd03175-beb6aa86-f4ce6432-4241b24f",
   "IndexInSeries" : 14001,
   "Labels" : [],
   "MainDicomTags" : 
   {
      "AcquisitionNumber" : "14",
      "ImageComments" : "",
      "ImageOrientationPatient" : "1.0000\\0.0000\\0.0000\\0.0000\\1.0000\\0.0000",
      "ImagePositionPatient" : "-175.1000\\-175.1000\\-120.0000",
      "InstanceCreationDate" : "19970114",
      "InstanceCreationTime" : ", Erreur cURL=
2025-05-05 20:38:34 - Requête Orthanc: HTTP Code=200, Réponse={
   "FileSize" : 94292,
   "FileUuid" : "8df9dc92-06f7-489e-998e-5c34755e2119",
   "ID" : "06ea7b60-3497774d-50e19bee-a577ad30-18fd5343",
   "IndexInSeries" : 300,
   "Labels" : [],
   "MainDicomTags" : 
   {
      "ImageComments" : "JPEG 2000 lossless - Version 4.0.2 (c) Image Devices GmbH",
      "ImageOrientationPatient" : "1\\0\\0\\0\\1\\0",
      "ImagePositionPatient" : "-151.493508\\-36.6564417\\1145.5",
      "InstanceCreationDate" : "20061012",
      "InstanceCreationTime" : "091723.00, Erreur cURL=
2025-05-05 20:38:34 - Requête Orthanc: HTTP Code=200, Réponse={
   "FileSize" : 526336,
   "FileUuid" : "43af4eee-ad27-4654-b4a1-e5a62a718f5a",
   "ID" : "2faf6dae-1e8dd60c-78fbca50-98cc48e7-66559504",
   "IndexInSeries" : 20001,
   "Labels" : [],
   "MainDicomTags" : 
   {
      "AcquisitionNumber" : "20",
      "ImageComments" : "",
      "ImageOrientationPatient" : "1.0000\\0.0000\\0.0000\\0.0000\\1.0000\\0.0000",
      "ImagePositionPatient" : "-175.1000\\-175.1000\\-180.0000",
      "InstanceCreationDate" : "19970114",
      "InstanceCreationTime" : ", Erreur cURL=
2025-05-05 20:38:34 - Début de la requête proxy-orthanc
2025-05-05 20:38:34 - Début de la requête proxy-orthanc
2025-05-05 20:38:34 - Début de la requête proxy-orthanc
2025-05-05 20:38:34 - Début de la requête proxy-orthanc
2025-05-05 20:38:34 - URL Orthanc: http://localhost:8042/instances/4e4bce5d-9a98e121-3d1a87bc-47f0398f-5cbefd26
2025-05-05 20:38:34 - Méthode HTTP: GET
2025-05-05 20:38:34 - Début de la requête proxy-orthanc
2025-05-05 20:38:34 - Début de la requête proxy-orthanc
2025-05-05 20:38:34 - URL Orthanc: http://localhost:8042/instances/582dde1a-6ee0dcb1-dc2c0a3c-06a79b2f-211eda06
2025-05-05 20:38:34 - URL Orthanc: http://2025-05-05 20:38:34 - URL Orthanc: http://localhost:8042/instances/5974bce8-dfa0d418-48e52945-578a9547-fbb8179e
2025-05-05 20:38:34 - URL Orthanc: http://localhost:8042/instances/75c6d27e-9c7d0b29-ef99341d-b7507933-63d3057d
2025-05-05 20:38:34 - URL Orthanc: http://localhost:8042/instances/63831658-2ed313e4-bdd47183-6c1be4da-c0022bb4
2025-05-05 20:38:34 - Méthode HTTP: GET
2025-05-05 20:38:34 - Méthode HTTP: GET
2025-05-05 20:38:34 - Requête Orthanc: HTTP Code=200, Réponse={
   "FileSize" : 91614,
   "FileUuid" : "1466d84e-b856-44f4-8d7e-8f0165294fc2",
   "ID" : "4e4bce5d-9a98e121-3d1a87bc-47f0398f-5cbefd26",
   "IndexInSeries" : 7,
   "Labels" : [],
   "MainDicomTags" : 
   {
      "ImageComments" : "JPEG 2000 lossless - Version 4.0.2 (c) Image Devices GmbH",
      "ImageOrientationPatient" : "1\\0\\0\\0\\1\\0",
      "ImagePositionPatient" : "-151.493508\\-36.6564417\\1292",
      "InstanceCreationDate" : "20061012",
      "InstanceCreationTime" : "091607.000000, Erreur cURL=
2025-05-05 20:38:34 - Début de la requête proxy-orthanc
2025-05-05 20:38:34 - URL Orthanc: http://localhost:8042/instances/892e8101-891e4b24-43c20a0c-cda4e1ee-34cdbb93
2025-05-05 20:38:34 - Méthode HTTP: GET
2025-05-05 20:38:34 - Requête Orthanc: HTTP Code=200, Réponse={
   "FileSize" : 91754,
   "FileUuid" : "69983b39-cdaa-42dd-8768-cc51e4e61c80",
   "ID" : "6be8f9b5-0a47915b-56fd8a11-4d94300c-9bfb83c4",
   "IndexInSeries" : 9,
   "Labels" : [],
   "MainDicomTags" : 
   {
      "ImageComments" : "JPEG 2000 lossless - Version 4.0.2 (c) Image Devices GmbH",
      "ImageOrientationPatient" : "1\\0\\0\\0\\1\\0",
      "ImagePositionPatient" : "-151.493508\\-36.6564417\\1291",
      "InstanceCreationDate" : "20061012",
      "InstanceCreationTime" : "091607.000000, Erreur cURL=
2025-05-05 20:38:34 - Requête Orthanc: HTTP Code=200, Réponse={
   "FileSize" : 527206,
   "FileUuid" : "795689db-f22a-4dce-b798-da7adabb6f0e",
   "ID" : "582dde1a-6ee0dcb1-dc2c0a3c-06a79b2f-211eda06",
   "IndexInSeries" : null,
   "Labels" : [],
   "MainDicomTags" : 
   {
      "InstanceCreationDate" : "20250421",
      "InstanceCreationTime" : "202125.000000",
      "SOPInstanceUID" : "1.2.276.0.7230010.3.1.4.1159938914.5836.1745266885.814"
   },
   "ParentSeries" : "4541c007-3ddcd5b2-6bf192fc-d28df38d-afe5c271",
   "Type" : "Instance"
}, Erreur cURL=
2025-05-05 20:38:34 - Requête Orthanc: HTTP Code=200, Réponse={
   "FileSize" : 526336,
   "FileUuid" : "11a7f312-517f-42ad-a5f0-e749b0038b6c",
   "ID" : "5974bce8-dfa0d418-48e52945-578a9547-fbb8179e",
   "IndexInSeries" : 18001,
   "Labels" : [],
   "MainDicomTags" : 
   {
      "AcquisitionNumber" : "18",
      "ImageComments" : "",
      "ImageOrientationPatient" : "1.0000\\0.0000\\0.0000\\0.0000\\1.0000\\0.0000",
      "ImagePositionPatient" : "-175.1000\\-175.1000\\-160.0000",
      "InstanceCreationDate" : "19970114",
      "InstanceCreationTime" : ", Erreur cURL=
2025-05-05 20:38:34 - Début de la requête proxy-orthanc
2025-05-05 20:38:34 - Début de la requête proxy-orthanc
2025-05-05 20:38:34 - Requête Orthanc: HTTP Code=200, Réponse={
   "FileSize" : 526336,
   "FileUuid" : "7ef2cfb2-cd10-40ef-8012-0b6fd7578b13",
   "ID" : "75c6d27e-9c7d0b29-ef99341d-b7507933-63d3057d",
   "IndexInSeries" : 21001,
   "Labels" : [],
   "MainDicomTags" : 
   {
      "AcquisitionNumber" : "21",
      "ImageComments" : "",
      "ImageOrientationPatient" : "1.0000\\0.0000\\0.0000\\0.0000\\1.0000\\0.0000",
      "ImagePositionPatient" : "-175.1000\\-175.1000\\-190.0000",
      "InstanceCreationDate" : "19970114",
      "InstanceCreationTime" : ", Erreur cURL=
2025-05-05 20:38:34 - URL Orthanc: http://localhost:8042/instances/96548d6b-b87fefbd-78a3f7c5-c5abe181-0643a103
2025-05-05 20:38:34 - Méthode HTTP: GET
2025-05-05 20:38:34 - URL Orthanc: http://localhost:8042/instances/9ec8fbb6-b5b6bf94-16950f4b-184a8d6e-21c21abd
2025-05-05 20:38:34 - Méthode HTTP: GET
2025-05-05 20:38:34 - Requête Orthanc: HTTP Code=200, Réponse={
   "FileSize" : 526336,
   "FileUuid" : "18595efd-f373-4173-a048-6de33ca05bca",
   "ID" : "63831658-2ed313e4-bdd47183-6c1be4da-c0022bb4",
   "IndexInSeries" : 15001,
   "Labels" : [],
   "MainDicomTags" : 
   {
      "AcquisitionNumber" : "15",
      "ImageComments" : "",
      "ImageOrientationPatient" : "1.0000\\0.0000\\0.0000\\0.0000\\1.0000\\0.0000",
      "ImagePositionPatient" : "-175.1000\\-175.1000\\-130.0000",
      "InstanceCreationDate" : "19970114",
      "InstanceCreationTime" : ", Erreur cURL=
2025-05-05 20:38:34 - Début de la requête proxy-orthanc
2025-05-05 20:38:34 - URL Orthanc: http://localhost:8042/instances/b7fb1fb4-142e5a15-333ae197-298b1626-11f8833b
2025-05-05 20:38:34 - Méthode HTTP: GET
2025-05-05 20:38:34 - Début de la requête proxy-orthanc
2025-05-05 20:38:34 - URL Orthanc: http://localhost:8042/instances/bc61cc15-593581eb-104dd853-f8e2ae2f-19704638
2025-05-05 20:38:34 - Début de la requête proxy-orthanc
2025-05-05 20:38:34 - Méthode HTTP: GET
2025-05-05 20:38:34 - URL Orthanc: http://localhost:8042/instances/ca185649-59f5c5ef-ebbff62a-dcd31eec-5232abf3
2025-05-05 20:38:34 - Méthode HTTP: GET
2025-05-05 20:38:34 - Requête Orthanc: HTTP Code=200, Réponse={
   "FileSize" : 95526,
   "FileUuid" : "1574399b-1e17-4bff-a465-fa16e2c352ba",
   "ID" : "892e8101-891e4b24-43c20a0c-cda4e1ee-34cdbb93",
   "IndexInSeries" : 6,
   "Labels" : [],
   "MainDicomTags" : 
   {
      "ImageComments" : "JPEG 2000 lossless - Version 4.0.2 (c) Image Devices GmbH",
      "ImageOrientationPatient" : "1\\0\\0\\0\\1\\0",
      "ImagePositionPatient" : "-151.493508\\-36.6564417\\1292.5",
      "InstanceCreationDate" : "20061012",
      "InstanceCreationTime" : "091607.0000, Erreur cURL=
2025-05-05 20:38:34 - Début de la requête proxy-orthanc
2025-05-05 20:38:34 - URL Orthanc: http://localhost:8042/instances/cad86111-996653c7-c7ca1820-b783c4c3-9ff6e63b
2025-05-05 20:38:34 - Méthode HTTP: GET
2025-05-05 20:38:34 - Requête Orthanc: HTTP Code=200, Réponse={
   "FileSize" : 91264,
   "FileUuid" : "7043ba01-a582-4bcb-a2a9-287d95983359",
   "ID" : "96548d6b-b87fefbd-78a3f7c5-c5abe181-0643a103",
   "IndexInSeries" : 5,
   "Labels" : [],
   "MainDicomTags" : 
   {
      "ImageComments" : "JPEG 2000 lossless - Version 4.0.2 (c) Image Devices GmbH",
      "ImageOrientationPatient" : "1\\0\\0\\0\\1\\0",
      "ImagePositionPatient" : "-151.493508\\-36.6564417\\1293",
      "InstanceCreationDate" : "20061012",
      "InstanceCreationTime" : "091607.000000, Erreur cURL=
2025-05-05 20:38:34 - Début de la requête proxy-orthanc
2025-05-05 20:38:34 - URL Orthanc: http://localhost:8042/instances/d68ec84d-b86ce4ac-49fcd090-361954ca-da219abf
2025-05-05 20:38:34 - Méthode HTTP: GET
2025-05-05 20:38:34 - Requête Orthanc: HTTP Code=200, Réponse={
   "FileSize" : 91658,
   "FileUuid" : "7b042208-1ecd-45ad-88c9-b577cd90889a",
   "ID" : "9ec8fbb6-b5b6bf94-16950f4b-184a8d6e-21c21abd",
   "IndexInSeries" : 10,
   "Labels" : [],
   "MainDicomTags" : 
   {
      "ImageComments" : "JPEG 2000 lossless - Version 4.0.2 (c) Image Devices GmbH",
      "ImageOrientationPatient" : "1\\0\\0\\0\\1\\0",
      "ImagePositionPatient" : "-151.493508\\-36.6564417\\1290.5",
      "InstanceCreationDate" : "20061012",
      "InstanceCreationTime" : "091607.000, Erreur cURL=
2025-05-05 20:38:34 - Requête Orthanc: HTTP Code=200, Réponse={
   "FileSize" : 1702398,
   "FileUuid" : "9fa9d15a-988d-410e-9194-ddfde927c89a",
   "ID" : "b7fb1fb4-142e5a15-333ae197-298b1626-11f8833b",
   "IndexInSeries" : null,
   "Labels" : [],
   "MainDicomTags" : 
   {
      "InstanceNumber" : "",
      "NumberOfFrames" : "96",
      "SOPInstanceUID" : "1.3.12.2.1107.5.4.3.321890.19960124.162922.29"
   },
   "ParentSeries" : "62cc4f41-9b1679c0-6ad19a2e-71fccb6f-07a3d16d",
   "Type" : "Instance"
}, Erreur cURL=
2025-05-05 20:38:34 - Début de la requête proxy-orthanc
2025-05-05 20:38:34 - Début de la requête proxy-orthanc
2025-05-05 20:38:34 - URL Orthanc: http://localhost:8042/instances/dacc5f2c-4eb67b6e-62fe20be-08583e4b-f7285061
2025-05-05 20:38:34 - Méthode HTTP: GET
2025-05-05 20:38:34 - URL Orthanc: http://localhost:8042/instances/e07efef8-4eba99da-e58dbc40-0173c1da-e2535081
2025-05-05 20:38:34 - Méthode HTTP: GET
2025-05-05 20:38:34 - Requête Orthanc: HTTP Code=200, Réponse={
   "FileSize" : 91688,
   "FileUuid" : "fc313d4e-083c-42d6-aeaf-e176fde4e365",
   "ID" : "ca185649-59f5c5ef-ebbff62a-dcd31eec-5232abf3",
   "IndexInSeries" : 8,
   "Labels" : [],
   "MainDicomTags" : 
   {
      "ImageComments" : "JPEG 2000 lossless - Version 4.0.2 (c) Image Devices GmbH",
      "ImageOrientationPatient" : "1\\0\\0\\0\\1\\0",
      "ImagePositionPatient" : "-151.493508\\-36.6564417\\1291.5",
      "InstanceCreationDate" : "20061012",
      "InstanceCreationTime" : "091607.0000, Erreur cURL=
2025-05-05 20:38:34 - Requête Orthanc: HTTP Code=200, Réponse={
   "FileSize" : 526336,
   "FileUuid" : "9f80260d-18b9-46ce-ada1-00d0d866886d",
   "ID" : "bc61cc15-593581eb-104dd853-f8e2ae2f-19704638",
   "IndexInSeries" : 16001,
   "Labels" : [],
   "MainDicomTags" : 
   {
      "AcquisitionNumber" : "16",
      "ImageComments" : "",
      "ImageOrientationPatient" : "1.0000\\0.0000\\0.0000\\0.0000\\1.0000\\0.0000",
      "ImagePositionPatient" : "-175.1000\\-175.1000\\-140.0000",
      "InstanceCreationDate" : "19970114",
      "InstanceCreationTime" : ", Erreur cURL=
2025-05-05 20:38:34 - Début de la requête proxy-orthanc
2025-05-05 20:38:34 - URL Orthanc: http://localhost:8042/instances/eb17dc02-607db0a6-1074ad73-79fb3688-f9a596db
2025-05-05 20:38:34 - Méthode HTTP: GET
2025-05-05 20:38:34 - Début de la requête proxy-orthanc
2025-05-05 20:38:34 - URL Orthanc: http://localhost:8042/instances/f594c062-9b40743f-9a18e6b4-b50b74c6-c147bee8
2025-05-05 20:38:34 - Méthode HTTP: GET
2025-05-05 20:38:34 - Requête Orthanc: HTTP Code=200, Réponse={
   "FileSize" : 526336,
   "FileUuid" : "644bcf08-beb7-4bb7-8f87-2a07dae77a9f",
   "ID" : "cad86111-996653c7-c7ca1820-b783c4c3-9ff6e63b",
   "IndexInSeries" : 22001,
   "Labels" : [],
   "MainDicomTags" : 
   {
      "AcquisitionNumber" : "22",
      "ImageComments" : "",
      "ImageOrientationPatient" : "1.0000\\0.0000\\0.0000\\0.0000\\1.0000\\0.0000",
      "ImagePositionPatient" : "-175.1000\\-175.1000\\-200.0000",
      "InstanceCreationDate" : "19970114",
      "InstanceCreationTime" : ", Erreur cURL=
2025-05-05 20:38:34 - Début de la requête proxy-orthanc
2025-05-05 20:38:34 - URL Orthanc: http://localhost:8042/instances/fe9d11b9-08ca2a74-f27c7727-86fa6833-6b2583ab
2025-05-05 20:38:34 - Méthode HTTP: GET
2025-05-05 20:38:34 - Requête Orthanc: HTTP Code=200, Réponse={
   "FileSize" : 91554,
   "FileUuid" : "65380b97-da9c-45bf-8de9-391cbe061a41",
   "ID" : "d68ec84d-b86ce4ac-49fcd090-361954ca-da219abf",
   "IndexInSeries" : 11,
   "Labels" : [],
   "MainDicomTags" : 
   {
      "ImageComments" : "JPEG 2000 lossless - Version 4.0.2 (c) Image Devices GmbH",
      "ImageOrientationPatient" : "1\\0\\0\\0\\1\\0",
      "ImagePositionPatient" : "-151.493508\\-36.6564417\\1290",
      "InstanceCreationDate" : "20061012",
      "InstanceCreationTime" : "091608.00000, Erreur cURL=
2025-05-05 20:38:34 - Début de la requête proxy-orthanc
2025-05-05 20:38:34 - URL Orthanc: http://localhost:8042/instances/feaf75ad-9548b055-4a7a21f5-3db18a07-9c6903d3
2025-05-05 20:38:34 - Méthode HTTP: GET
2025-05-05 20:38:34 - Requête Orthanc: HTTP Code=200, Réponse={
   "FileSize" : 531298,
   "FileUuid" : "937b172f-feb1-4efd-a3ab-432405774a56",
   "ID" : "e07efef8-4eba99da-e58dbc40-0173c1da-e2535081",
   "IndexInSeries" : 1,
   "Labels" : [],
   "MainDicomTags" : 
   {
      "AcquisitionNumber" : "1",
      "InstanceCreationDate" : "20210411",
      "InstanceCreationTime" : "213019.104784",
      "InstanceNumber" : "1",
      "NumberOfFrames" : "1",
      "SOPInstanceUID" : "1.3.12.2.1107.5.8.15.999999.30000021041121051996700000250"
   },
   "ParentSeries, Erreur cURL=
2025-05-05 20:38:34 - Début de la requête proxy-orthanc
2025-05-05 20:38:34 - Requête Orthanc: HTTP Code=200, Réponse={
   "FileSize" : 526336,
   "FileUuid" : "97a1c84b-5c67-4016-8405-2f71ae4af3de",
   "ID" : "dacc5f2c-4eb67b6e-62fe20be-08583e4b-f7285061",
   "IndexInSeries" : 19001,
   "Labels" : [],
   "MainDicomTags" : 
   {
      "AcquisitionNumber" : "19",
      "ImageComments" : "",
      "ImageOrientationPatient" : "1.0000\\0.0000\\0.0000\\0.0000\\1.0000\\0.0000",
      "ImagePositionPatient" : "-175.1000\\-175.1000\\-170.0000",
      "InstanceCreationDate" : "19970114",
      "InstanceCreationTime" : ", Erreur cURL=
2025-05-05 20:38:34 - Méthode HTTP: GET
2025-05-05 20:38:34 - Requête Orthanc: HTTP Code=200, Réponse={
   "FileSize" : 526336,
   "FileUuid" : "c426268c-e58d-4f99-814f-daad18c5a0b1",
   "ID" : "eb17dc02-607db0a6-1074ad73-79fb3688-f9a596db",
   "IndexInSeries" : 6000,
   "Labels" : [],
   "MainDicomTags" : 
   {
      "AcquisitionNumber" : " 6",
      "ImageComments" : "",
      "ImageOrientationPatient" : "1.0000\\0.0000\\0.0000\\0.0000\\0.9397\\-0.3420",
      "ImagePositionPatient" : "-124.9000\\-117.4000\\67.7000",
      "InstanceCreationDate" : "19970114",
      "InstanceCreationTime" : "03, Erreur cURL=
2025-05-05 20:38:34 - Requête Orthanc: HTTP Code=200, Réponse={
   "FileSize" : 91858,
   "FileUuid" : "2e113bd3-129c-495c-a1d2-964ef09bfa3c",
   "ID" : "f594c062-9b40743f-9a18e6b4-b50b74c6-c147bee8",
   "IndexInSeries" : 12,
   "Labels" : [],
   "MainDicomTags" : 
   {
      "ImageComments" : "JPEG 2000 lossless - Version 4.0.2 (c) Image Devices GmbH",
      "ImageOrientationPatient" : "1\\0\\0\\0\\1\\0",
      "ImagePositionPatient" : "-151.493508\\-36.6564417\\1289.5",
      "InstanceCreationDate" : "20061012",
      "InstanceCreationTime" : "091609.000, Erreur cURL=
2025-05-05 20:38:34 - Début de la requête proxy-orthanc
2025-05-05 20:38:34 - Début de la requête proxy-orthanc
2025-05-05 20:38:35 - URL Orthanc: http://localhost:8042/series/19b4c568-a95664f5-ad117914-3ccf7292-2a7ee3a0
2025-05-05 20:38:35 - Méthode HTTP: GET
2025-05-05 20:38:35 - URL Orthanc: http://localhost:8042/series/f623b033-c3bb9318-1ae62c1a-9fd5f247-24c86dea
2025-05-05 20:38:35 - Méthode HTTP: GET
2025-05-05 20:38:35 - Début de la requête proxy-orthanc
2025-05-05 20:38:35 - URL Orthanc: http://localhost:8042/series/4541c007-3ddcd5b2-6bf192fc-d28df38d-afe5c271
2025-05-05 20:38:35 - Méthode HTTP: GET
2025-05-05 20:38:35 - Requête Orthanc: HTTP Code=200, Réponse={
   "FileSize" : 526336,
   "FileUuid" : "c147a823-c25b-4c74-a7fb-877198ac4ebe",
   "ID" : "fe9d11b9-08ca2a74-f27c7727-86fa6833-6b2583ab",
   "IndexInSeries" : 13001,
   "Labels" : [],
   "MainDicomTags" : 
   {
      "AcquisitionNumber" : "13",
      "ImageComments" : "",
      "ImageOrientationPatient" : "1.0000\\0.0000\\0.0000\\0.0000\\1.0000\\0.0000",
      "ImagePositionPatient" : "-175.1000\\-175.1000\\-110.0000",
      "InstanceCreationDate" : "19970114",
      "InstanceCreationTime" : ", Erreur cURL=
2025-05-05 20:38:35 - Début de la requête proxy-orthanc
2025-05-05 20:38:35 - URL Orthanc: http://localhost:8042/series/62cc4f41-9b1679c0-6ad19a2e-71fccb6f-07a3d16d
2025-05-05 20:38:35 - Méthode HTTP: GET
2025-05-05 20:38:35 - Requête Orthanc: HTTP Code=200, Réponse={
   "FileSize" : 526336,
   "FileUuid" : "c415c430-c5a8-4afa-854f-af8e254144b8",
   "ID" : "feaf75ad-9548b055-4a7a21f5-3db18a07-9c6903d3",
   "IndexInSeries" : 5000,
   "Labels" : [],
   "MainDicomTags" : 
   {
      "AcquisitionNumber" : " 5",
      "ImageComments" : "",
      "ImageOrientationPatient" : "1.0000\\0.0000\\0.0000\\0.0000\\1.0000\\0.0000",
      "ImagePositionPatient" : "-124.9000\\-124.9000\\15.0000",
      "InstanceCreationDate" : "19970114",
      "InstanceCreationTime" : "035, Erreur cURL=
2025-05-05 20:38:35 - Début de la requête proxy-orthanc
2025-05-05 20:38:35 - URL Orthanc: http://localhost:8042/series/11b7c563-ae504ced-e95ed300-7176b3e8-74f7e2f5
2025-05-05 20:38:35 - Méthode HTTP: GET
2025-05-05 20:38:35 - Requête Orthanc: HTTP Code=200, Réponse={
   "ExpectedNumberOfInstances" : null,
   "ID" : "98d367a5-58eeba8b-f3c2da4b-de7d8f6f-ede53eb2",
   "Instances" : 
   [
      "06ea7b60-3497774d-50e19bee-a577ad30-18fd5343",
      "127cebed-72b718d7-d77db86d-8d17d9ab-edd89842",
      "4e4bce5d-9a98e121-3d1a87bc-47f0398f-5cbefd26",
      "6be8f9b5-0a47915b-56fd8a11-4d94300c-9bfb83c4",
      "892e8101-891e4b24-43c20a0c-cda4e1ee-34cdbb93",
      "96548d6b-b87fefbd-78a3f7c5-c5abe181-0643a103",
      "9ec8fbb6-b5b6bf94-16950f4b-184a8d6e-21c21abd",
, Erreur cURL=
2025-05-05 20:38:35 - Début de la requête proxy-orthanc
2025-05-05 20:38:35 - Requête Orthanc: HTTP Code=200, Réponse={
   "ExpectedNumberOfInstances" : null,
   "ID" : "19b4c568-a95664f5-ad117914-3ccf7292-2a7ee3a0",
   "Instances" : 
   [
      "24e83fd1-ddd03175-beb6aa86-f4ce6432-4241b24f",
      "26952bd2-9569483f-e0549aca-a33b9065-69c33884",
      "2faf6dae-1e8dd60c-78fbca50-98cc48e7-66559504",
      "5974bce8-dfa0d418-48e52945-578a9547-fbb8179e",
      "63831658-2ed313e4-bdd47183-6c1be4da-c0022bb4",
      "75c6d27e-9c7d0b29-ef99341d-b7507933-63d3057d",
      "bc61cc15-593581eb-104dd853-f8e2ae2f-19704638",
, Erreur cURL=
2025-05-05 20:38:35 - Début de la requête proxy-orthanc
2025-05-05 20:38:35 - Début de la requête proxy-orthanc
2025-05-05 20:38:35 - URL Orthanc: http://localhost:8042/series/f6ebf659-c336b2b9-102a72e3-2cd836e9-a5662c26
2025-05-05 20:38:35 - Méthode HTTP: GET
2025-05-05 20:38:35 - URL Orthanc: http://localhost:8042/series/98d367a5-58eeba8b-f3c2da4b-de7d8f6f-ede53eb2
2025-05-05 20:38:35 - URL Orthanc: http://localhost:8042/series/670d99fa-c4a853ca-52f7989e-f6df82a8-5123711c
2025-05-05 20:38:35 - Méthode HTTP: GET
2025-05-05 20:38:35 - Requête Orthanc: HTTP Code=200, Réponse={
   "ExpectedNumberOfInstances" : null,
   "ID" : "4541c007-3ddcd5b2-6bf192fc-d28df38d-afe5c271",
   "Instances" : 
   [
      "582dde1a-6ee0dcb1-dc2c0a3c-06a79b2f-211eda06"
   ],
   "IsStable" : true,
   "Labels" : [],
   "LastUpdate" : "20250421T202126",
   "MainDicomTags" : 
   {
      "Modality" : "M3D",
      "SeriesDate" : "20250421",
      "SeriesDescription" : "Model",
      "SeriesInstanceUID" : "1.2.276.0.7230010.3.1.3.1159938914.5836.1745266885.813",
      "SeriesTime" : "202125.0000, Erreur cURL=
2025-05-05 20:38:35 - Début de la requête proxy-orthanc
2025-05-05 20:38:35 - URL Orthanc: http://localhost:8042/studies/3abaec0a-ebfaaa87-f830d52b-d62df074-6a692c12
2025-05-05 20:38:35 - Méthode HTTP: GET
2025-05-05 20:38:35 - Requête Orthanc: HTTP Code=200, Réponse={
   "ExpectedNumberOfInstances" : null,
   "ID" : "62cc4f41-9b1679c0-6ad19a2e-71fccb6f-07a3d16d",
   "Instances" : 
   [
      "b7fb1fb4-142e5a15-333ae197-298b1626-11f8833b"
   ],
   "IsStable" : true,
   "Labels" : [],
   "LastUpdate" : "20250421T205945",
   "MainDicomTags" : 
   {
      "Manufacturer" : "",
      "Modality" : "XA",
      "SeriesInstanceUID" : "1.3.12.2.1107.5.4.3.123456789012345.19950922.121803.8",
      "SeriesNumber" : "1"
   },
   "ParentStudy" : "aa938400-09e9f0df-8ba95f6, Erreur cURL=
2025-05-05 20:38:35 - Début de la requête proxy-orthanc
2025-05-05 20:38:35 - URL Orthanc: http://localhost:8042/series/19b4c568-a95664f5-ad117914-3ccf7292-2a7ee3a0
2025-05-05 20:38:35 - Méthode HTTP: GET
2025-05-05 20:38:35 - Début de la requête proxy-orthanc
2025-05-05 20:38:35 - URL Orthanc: http://localhost:8042/studies/200b3e41-4557e5ed-2b4a1771-a9e4ad06-cd1306c8
2025-05-05 20:38:35 - Méthode HTTP: GET
2025-05-05 20:38:35 - Requête Orthanc: HTTP Code=200, Réponse={
   "ExpectedNumberOfInstances" : null,
   "ID" : "f6ebf659-c336b2b9-102a72e3-2cd836e9-a5662c26",
   "Instances" : 
   [
      "eb17dc02-607db0a6-1074ad73-79fb3688-f9a596db"
   ],
   "IsStable" : true,
   "Labels" : [],
   "LastUpdate" : "20250311T081322",
   "MainDicomTags" : 
   {
      "ContrastBolusAgent" : "NONE",
      "ImageOrientationPatient" : "1.0000\\0.0000\\0.0000\\0.0000\\0.9397\\-0.3420",
      "Manufacturer" : "Philips Medical Systems",
      "Modality" : "CT",
      "ProtocolNam, Erreur cURL=
2025-05-05 20:38:35 - Requête Orthanc: HTTP Code=200, Réponse={
   "ExpectedNumberOfInstances" : null,
   "ID" : "670d99fa-c4a853ca-52f7989e-f6df82a8-5123711c",
   "Instances" : 
   [
      "feaf75ad-9548b055-4a7a21f5-3db18a07-9c6903d3"
   ],
   "IsStable" : true,
   "Labels" : [],
   "LastUpdate" : "20250311T081322",
   "MainDicomTags" : 
   {
      "ContrastBolusAgent" : "NONE",
      "ImageOrientationPatient" : "1.0000\\0.0000\\0.0000\\0.0000\\1.0000\\0.0000",
      "Manufacturer" : "Philips Medical Systems",
      "Modality" : "CT",
      "ProtocolName, Erreur cURL=
2025-05-05 20:38:35 - Requête Orthanc: HTTP Code=200, Réponse={
   "ID" : "3abaec0a-ebfaaa87-f830d52b-d62df074-6a692c12",
   "IsStable" : true,
   "Labels" : [],
   "LastUpdate" : "20250503T112438",
   "MainDicomTags" : 
   {
      "StudyDate" : "20061012",
      "StudyDescription" : "CT1 abdomen",
      "StudyInstanceUID" : "1.2.826.0.1.3680043.8.1055.1.20111102150758591.92402465.76095170",
      "StudyTime" : "090258.000000"
   },
   "ParentPatient" : "b6589fc6-ab0dc82c-f12099d1-c2d40ab9-94e8410c",
   "PatientMainDicomTags" : 
   {
      "PatientID" : "0, Erreur cURL=
2025-05-05 20:38:35 - Début de la requête proxy-orthanc
2025-05-05 20:38:35 - URL Orthanc: http://localhost:8042/studies/286789b1-82845a45-92d7dfc0-c6a8e286-27bc0129
2025-05-05 20:38:35 - Méthode HTTP: GET
2025-05-05 20:38:35 - Début de la requête proxy-orthanc
2025-05-05 20:38:35 - URL Orthanc: http://localhost:8042/studies/ae9bf996-b6ab6a8b-eba1f35e-14600862-f9393ddd
2025-05-05 20:38:35 - URL Orthanc: http://localhost:8042/studies/8e51d8c2-c73f0a1e-57f97ca6-0fe69e66-c5e753eb
2025-05-05 20:38:35 - Méthode HTTP: GET
2025-05-05 20:38:35 - URL Orthanc: http://localhost:8042/studies/aa938400-09e9f0df-8ba95f68-e21f98dd-0c6e0cf0
2025-05-05 20:38:35 - Méthode HTTP: GET
2025-05-05 20:38:35 - Requête Orthanc: HTTP Code=200, Réponse={
   "ID" : "200b3e41-4557e5ed-2b4a1771-a9e4ad06-cd1306c8",
   "IsStable" : true,
   "Labels" : [],
   "LastUpdate" : "20250311T081323",
   "MainDicomTags" : 
   {
      "AccessionNumber" : "",
      "InstitutionName" : "CHU St ROCH",
      "ReferringPhysicianName" : "",
      "StudyDate" : "19961014",
      "StudyID" : "2019",
      "StudyInstanceUID" : "1.3.46.670589.10.900123.19970114.35056000060.1",
      "StudyTime" : "145056.00000"
   },
   "ParentPatient" : "9b4d864d-a53a383a-44cdda8a-269, Erreur cURL=
2025-05-05 20:38:35 - Requête Orthanc: HTTP Code=200, Réponse={
   "ExpectedNumberOfInstances" : null,
   "ID" : "19b4c568-a95664f5-ad117914-3ccf7292-2a7ee3a0",
   "Instances" : 
   [
      "24e83fd1-ddd03175-beb6aa86-f4ce6432-4241b24f",
      "26952bd2-9569483f-e0549aca-a33b9065-69c33884",
      "2faf6dae-1e8dd60c-78fbca50-98cc48e7-66559504",
      "5974bce8-dfa0d418-48e52945-578a9547-fbb8179e",
      "63831658-2ed313e4-bdd47183-6c1be4da-c0022bb4",
      "75c6d27e-9c7d0b29-ef99341d-b7507933-63d3057d",
      "bc61cc15-593581eb-104dd853-f8e2ae2f-19704638",
, Erreur cURL=
2025-05-05 20:38:35 - Début de la requête proxy-orthanc
2025-05-05 20:38:35 - Début de la requête proxy-orthanc
2025-05-05 20:38:35 - URL Orthanc: http://localhost:8042/studies/0ba2c4af-c4286377-ed83307a-c4307d90-422eea83
2025-05-05 20:38:35 - Méthode HTTP: GET
2025-05-05 20:38:35 - URL Orthanc: http://localhost:8042/series/98d367a5-58eeba8b-f3c2da4b-de7d8f6f-ede53eb2
2025-05-05 20:38:35 - Méthode HTTP: GET
2025-05-05 20:38:35 - Requête Orthanc: HTTP Code=200, Réponse={
   "ID" : "286789b1-82845a45-92d7dfc0-c6a8e286-27bc0129",
   "IsStable" : true,
   "Labels" : [],
   "LastUpdate" : "20250311T081322",
   "MainDicomTags" : 
   {
      "AccessionNumber" : "",
      "InstitutionName" : "CHU St ROCH",
      "ReferringPhysicianName" : "",
      "StudyDate" : "19961014",
      "StudyID" : "2011",
      "StudyInstanceUID" : "1.3.46.670589.10.900123.19970114.35049000050.1",
      "StudyTime" : "115421.00000"
   },
   "ParentPatient" : "10092b57-91bddc20-e68b74c7-895, Erreur cURL=
2025-05-05 20:38:35 - Début de la requête proxy-orthanc
2025-05-05 20:38:35 - URL Orthanc: http://localhost:8042/studies/3abaec0a-ebfaaa87-f830d52b-d62df074-6a692c12
2025-05-05 20:38:35 - Méthode HTTP: GET
2025-05-05 20:38:35 - Requête Orthanc: HTTP Code=200, Réponse={
   "ID" : "8e51d8c2-c73f0a1e-57f97ca6-0fe69e66-c5e753eb",
   "IsStable" : true,
   "Labels" : [],
   "LastUpdate" : "20250421T202126",
   "MainDicomTags" : 
   {
      "AccessionNumber" : "",
      "InstitutionName" : "CHU St ROCH",
      "ReferringPhysicianName" : "",
      "StudyDate" : "19961014",
      "StudyID" : "2018",
      "StudyInstanceUID" : "1.3.46.670589.10.900123.19970114.35036000030.1",
      "StudyTime" : "140735.00000"
   },
   "ParentPatient" : "62bc7cdd-8f5ae588-dea41879-6a8, Erreur cURL=
2025-05-05 20:38:35 - Requête Orthanc: HTTP Code=200, Réponse={
   "ID" : "ae9bf996-b6ab6a8b-eba1f35e-14600862-f9393ddd",
   "IsStable" : true,
   "Labels" : [],
   "LastUpdate" : "20250421T233940",
   "MainDicomTags" : 
   {
      "AccessionNumber" : "",
      "InstitutionName" : "",
      "ReferringPhysicianName" : "",
      "StudyDate" : "20210113",
      "StudyDescription" : "Osteo_2021 Cheville",
      "StudyID" : "b0513b81-3517-43",
      "StudyInstanceUID" : "1.3.12.2.1107.5.2.53.189501.30000021011309045077000000005",
      "StudyTime" : "130454.100, Erreur cURL=
2025-05-05 20:38:35 - Requête Orthanc: HTTP Code=200, Réponse={
   "ID" : "aa938400-09e9f0df-8ba95f68-e21f98dd-0c6e0cf0",
   "IsStable" : true,
   "Labels" : [],
   "LastUpdate" : "20250421T205945",
   "MainDicomTags" : 
   {
      "AccessionNumber" : "",
      "InstitutionName" : "",
      "ReferringPhysicianName" : "",
      "StudyDate" : "19941013",
      "StudyDescription" : "",
      "StudyID" : "",
      "StudyInstanceUID" : "1.3.12.2.1107.5.4.3.123456789012345.19950922.121803.6",
      "StudyTime" : "141917"
   },
   "ParentPatient" : "1e6ca9a6-71d9, Erreur cURL=
2025-05-05 20:38:35 - Début de la requête proxy-orthanc
2025-05-05 20:38:35 - Début de la requête proxy-orthanc
2025-05-05 20:38:35 - URL Orthanc: http://localhost:8042/patients/b6589fc6-ab0dc82c-f12099d1-c2d40ab9-94e8410c
2025-05-05 20:38:35 - Début de la requête proxy-orthanc
2025-05-05 20:38:35 - Méthode HTTP: GET
2025-05-05 20:38:35 - URL Orthanc: http://localhost:8042/series/19b4c568-a95664f5-ad117914-3ccf7292-2a7ee3a0
2025-05-05 20:38:35 - Méthode HTTP: GET
2025-05-05 20:38:35 - URL Orthanc: http://localhost:8042/patients/9b4d864d-a53a383a-44cdda8a-269b4eee-777c5729
2025-05-05 20:38:35 - Méthode HTTP: GET
2025-05-05 20:38:35 - Requête Orthanc: HTTP Code=200, Réponse={
   "ID" : "0ba2c4af-c4286377-ed83307a-c4307d90-422eea83",
   "IsStable" : true,
   "Labels" : [],
   "LastUpdate" : "20250311T081322",
   "MainDicomTags" : 
   {
      "AccessionNumber" : "",
      "InstitutionName" : "CHU St ROCH",
      "ReferringPhysicianName" : "",
      "StudyDate" : "19961014",
      "StudyID" : "2014",
      "StudyInstanceUID" : "1.3.46.670589.10.900123.19970114.35029000020.1",
      "StudyTime" : "121625.00000"
   },
   "ParentPatient" : "8fff5df9-52cafc00-77071493-d6c, Erreur cURL=
2025-05-05 20:38:35 - Requête Orthanc: HTTP Code=200, Réponse={
   "ExpectedNumberOfInstances" : null,
   "ID" : "98d367a5-58eeba8b-f3c2da4b-de7d8f6f-ede53eb2",
   "Instances" : 
   [
      "06ea7b60-3497774d-50e19bee-a577ad30-18fd5343",
      "127cebed-72b718d7-d77db86d-8d17d9ab-edd89842",
      "4e4bce5d-9a98e121-3d1a87bc-47f0398f-5cbefd26",
      "6be8f9b5-0a47915b-56fd8a11-4d94300c-9bfb83c4",
      "892e8101-891e4b24-43c20a0c-cda4e1ee-34cdbb93",
      "96548d6b-b87fefbd-78a3f7c5-c5abe181-0643a103",
      "9ec8fbb6-b5b6bf94-16950f4b-184a8d6e-21c21abd",
, Erreur cURL=
2025-05-05 20:38:35 - Début de la requête proxy-orthanc
2025-05-05 20:38:35 - Début de la requête proxy-orthanc
2025-05-05 20:38:35 - URL Orthanc: http://localhost:8042/studies/200b3e41-4557e5ed-2b4a1771-a9e4ad06-cd1306c8
2025-05-05 20:38:35 - Méthode HTTP: GET
2025-05-05 20:38:35 - URL Orthanc: http://localhost:8042/patients/10092b57-91bddc20-e68b74c7-8956c6df-49e00750
2025-05-05 20:38:35 - Méthode HTTP: GET
2025-05-05 20:38:35 - Requête Orthanc: HTTP Code=200, Réponse={
   "ID" : "3abaec0a-ebfaaa87-f830d52b-d62df074-6a692c12",
   "IsStable" : true,
   "Labels" : [],
   "LastUpdate" : "20250503T112438",
   "MainDicomTags" : 
   {
      "StudyDate" : "20061012",
      "StudyDescription" : "CT1 abdomen",
      "StudyInstanceUID" : "1.2.826.0.1.3680043.8.1055.1.20111102150758591.92402465.76095170",
      "StudyTime" : "090258.000000"
   },
   "ParentPatient" : "b6589fc6-ab0dc82c-f12099d1-c2d40ab9-94e8410c",
   "PatientMainDicomTags" : 
   {
      "PatientID" : "0, Erreur cURL=
2025-05-05 20:38:35 - Début de la requête proxy-orthanc
2025-05-05 20:38:35 - URL Orthanc: http://localhost:8042/studies/8e51d8c2-c73f0a1e-57f97ca6-0fe69e66-c5e753eb
2025-05-05 20:38:35 - Méthode HTTP: GET
2025-05-05 20:38:35 - Requête Orthanc: HTTP Code=200, Réponse={
   "ID" : "9b4d864d-a53a383a-44cdda8a-269b4eee-777c5729",
   "IsStable" : true,
   "Labels" : [],
   "LastUpdate" : "20250311T081323",
   "MainDicomTags" : 
   {
      "PatientBirthDate" : "19781010",
      "PatientID" : "0000002019",
      "PatientName" : "AVE+ ABDOMEN",
      "PatientSex" : "M"
   },
   "Studies" : 
   [
      "200b3e41-4557e5ed-2b4a1771-a9e4ad06-cd1306c8"
   ],
   "Type" : "Patient"
}, Erreur cURL=
2025-05-05 20:38:35 - Requête Orthanc: HTTP Code=200, Réponse={
   "ExpectedNumberOfInstances" : null,
   "ID" : "19b4c568-a95664f5-ad117914-3ccf7292-2a7ee3a0",
   "Instances" : 
   [
      "24e83fd1-ddd03175-beb6aa86-f4ce6432-4241b24f",
      "26952bd2-9569483f-e0549aca-a33b9065-69c33884",
      "2faf6dae-1e8dd60c-78fbca50-98cc48e7-66559504",
      "5974bce8-dfa0d418-48e52945-578a9547-fbb8179e",
      "63831658-2ed313e4-bdd47183-6c1be4da-c0022bb4",
      "75c6d27e-9c7d0b29-ef99341d-b7507933-63d3057d",
      "bc61cc15-593581eb-104dd853-f8e2ae2f-19704638",
, Erreur cURL=
2025-05-05 20:38:35 - Requête Orthanc: HTTP Code=200, Réponse={
   "ID" : "b6589fc6-ab0dc82c-f12099d1-c2d40ab9-94e8410c",
   "IsStable" : true,
   "Labels" : [],
   "LastUpdate" : "20250503T112438",
   "MainDicomTags" : 
   {
      "PatientID" : "0",
      "PatientName" : "Anonymized"
   },
   "Studies" : 
   [
      "3abaec0a-ebfaaa87-f830d52b-d62df074-6a692c12"
   ],
   "Type" : "Patient"
}, Erreur cURL=
2025-05-05 20:38:35 - Début de la requête proxy-orthanc
2025-05-05 20:38:35 - URL Orthanc: http://localhost:8042/patients/62bc7cdd-8f5ae588-dea41879-6a8e18d1-d44362ee
2025-05-05 20:38:35 - Méthode HTTP: GET
2025-05-05 20:38:35 - Début de la requête proxy-orthanc
2025-05-05 20:38:35 - URL Orthanc: http://localhost:8042/patients/1e6ca9a6-71d9b622-24e72d15-16251ee8-3735baf5
2025-05-05 20:38:35 - Méthode HTTP: GET
2025-05-05 20:38:35 - Début de la requête proxy-orthanc
2025-05-05 20:38:35 - URL Orthanc: http://localhost:8042/patients/c5cc2652-d994a3cd-4c0b46e9-8aeb6e72-a0135eba
2025-05-05 20:38:35 - Méthode HTTP: GET
2025-05-05 20:38:36 - Requête Orthanc: HTTP Code=200, Réponse={
   "ID" : "10092b57-91bddc20-e68b74c7-8956c6df-49e00750",
   "IsStable" : true,
   "Labels" : [],
   "LastUpdate" : "20250311T081322",
   "MainDicomTags" : 
   {
      "PatientBirthDate" : "19320918",
      "PatientID" : "0000002011",
      "PatientName" : "AVE+ KNEE",
      "PatientSex" : "F"
   },
   "Studies" : 
   [
      "286789b1-82845a45-92d7dfc0-c6a8e286-27bc0129"
   ],
   "Type" : "Patient"
}, Erreur cURL=
2025-05-05 20:38:36 - Requête Orthanc: HTTP Code=200, Réponse={
   "ID" : "200b3e41-4557e5ed-2b4a1771-a9e4ad06-cd1306c8",
   "IsStable" : true,
   "Labels" : [],
   "LastUpdate" : "20250311T081323",
   "MainDicomTags" : 
   {
      "AccessionNumber" : "",
      "InstitutionName" : "CHU St ROCH",
      "ReferringPhysicianName" : "",
      "StudyDate" : "19961014",
      "StudyID" : "2019",
      "StudyInstanceUID" : "1.3.46.670589.10.900123.19970114.35056000060.1",
      "StudyTime" : "145056.00000"
   },
   "ParentPatient" : "9b4d864d-a53a383a-44cdda8a-269, Erreur cURL=
2025-05-05 20:38:36 - Début de la requête proxy-orthanc
2025-05-05 20:38:36 - Début de la requête proxy-orthanc
2025-05-05 20:38:36 - URL Orthanc: http://localhost:8042/series/98d367a5-58eeba8b-f3c2da4b-de7d8f6f-ede53eb2
2025-05-05 20:38:36 - Méthode HTTP: GET
2025-05-05 20:38:36 - URL Orthanc: http://localhost:8042/patients/8fff5df9-52cafc00-77071493-d6c9febb-c05b7e14
2025-05-05 20:38:36 - Méthode HTTP: GET
2025-05-05 20:38:36 - Requête Orthanc: HTTP Code=200, Réponse={
   "ID" : "8e51d8c2-c73f0a1e-57f97ca6-0fe69e66-c5e753eb",
   "IsStable" : true,
   "Labels" : [],
   "LastUpdate" : "20250421T202126",
   "MainDicomTags" : 
   {
      "AccessionNumber" : "",
      "InstitutionName" : "CHU St ROCH",
      "ReferringPhysicianName" : "",
      "StudyDate" : "19961014",
      "StudyID" : "2018",
      "StudyInstanceUID" : "1.3.46.670589.10.900123.19970114.35036000030.1",
      "StudyTime" : "140735.00000"
   },
   "ParentPatient" : "62bc7cdd-8f5ae588-dea41879-6a8, Erreur cURL=
2025-05-05 20:38:36 - Début de la requête proxy-orthanc
2025-05-05 20:38:36 - URL Orthanc: http://localhost:8042/studies/3abaec0a-ebfaaa87-f830d52b-d62df074-6a692c12
2025-05-05 20:38:36 - Méthode HTTP: GET
2025-05-05 20:38:36 - Requête Orthanc: HTTP Code=200, Réponse={
   "ID" : "62bc7cdd-8f5ae588-dea41879-6a8e18d1-d44362ee",
   "IsStable" : true,
   "Labels" : [],
   "LastUpdate" : "20250421T202126",
   "MainDicomTags" : 
   {
      "PatientBirthDate" : "19240101",
      "PatientID" : "0000002018",
      "PatientName" : "AVE+ BRAIN + POST + SINUS",
      "PatientSex" : "M"
   },
   "Studies" : 
   [
      "8e51d8c2-c73f0a1e-57f97ca6-0fe69e66-c5e753eb"
   ],
   "Type" : "Patient"
}, Erreur cURL=
2025-05-05 20:38:36 - Début de la requête proxy-orthanc
2025-05-05 20:38:36 - Requête Orthanc: HTTP Code=200, Réponse={
   "ID" : "1e6ca9a6-71d9b622-24e72d15-16251ee8-3735baf5",
   "IsStable" : true,
   "Labels" : [],
   "LastUpdate" : "20250421T205945",
   "MainDicomTags" : 
   {
      "PatientBirthDate" : "19951025",
      "PatientID" : "556342B",
      "PatientName" : "Rubo DEMO",
      "PatientSex" : "M"
   },
   "Studies" : 
   [
      "aa938400-09e9f0df-8ba95f68-e21f98dd-0c6e0cf0"
   ],
   "Type" : "Patient"
}, Erreur cURL=
2025-05-05 20:38:36 - Début de la requête proxy-orthanc
2025-05-05 20:38:36 - URL Orthanc: http://localhost:8042/patients/b6589fc6-ab0dc82c-f12099d1-c2d40ab9-94e8410c
2025-05-05 20:38:36 - Méthode HTTP: GET
2025-05-05 20:38:36 - URL Orthanc: http://localhost:8042/series/19b4c568-a95664f5-ad117914-3ccf7292-2a7ee3a0
2025-05-05 20:38:36 - Méthode HTTP: GET
2025-05-05 20:38:36 - Requête Orthanc: HTTP Code=200, Réponse={
   "ID" : "c5cc2652-d994a3cd-4c0b46e9-8aeb6e72-a0135eba",
   "IsStable" : true,
   "Labels" : [],
   "LastUpdate" : "20250421T233940",
   "MainDicomTags" : 
   {
      "PatientBirthDate" : "19960205",
      "PatientID" : "2021.01.13-13:04:52-STD-1.3.12.2.1107.5.99.3",
      "PatientName" : "DeepResolve_Altea2",
      "PatientSex" : "M"
   },
   "Studies" : 
   [
      "ae9bf996-b6ab6a8b-eba1f35e-14600862-f9393ddd"
   ],
   "Type" : "Patient"
}, Erreur cURL=
2025-05-05 20:38:36 - Début de la requête proxy-orthanc
2025-05-05 20:38:36 - URL Orthanc: http://localhost:8042/studies/200b3e41-4557e5ed-2b4a1771-a9e4ad06-cd1306c8
2025-05-05 20:38:36 - Méthode HTTP: GET
2025-05-05 20:38:36 - Requête Orthanc: HTTP Code=200, Réponse={
   "ExpectedNumberOfInstances" : null,
   "ID" : "98d367a5-58eeba8b-f3c2da4b-de7d8f6f-ede53eb2",
   "Instances" : 
   [
      "06ea7b60-3497774d-50e19bee-a577ad30-18fd5343",
      "127cebed-72b718d7-d77db86d-8d17d9ab-edd89842",
      "4e4bce5d-9a98e121-3d1a87bc-47f0398f-5cbefd26",
      "6be8f9b5-0a47915b-56fd8a11-4d94300c-9bfb83c4",
      "892e8101-891e4b24-43c20a0c-cda4e1ee-34cdbb93",
      "96548d6b-b87fefbd-78a3f7c5-c5abe181-0643a103",
      "9ec8fbb6-b5b6bf94-16950f4b-184a8d6e-21c21abd",
, Erreur cURL=
2025-05-05 20:38:36 - Début de la requête proxy-orthanc
2025-05-05 20:38:36 - Requête Orthanc: HTTP Code=200, Réponse={
   "ID" : "8fff5df9-52cafc00-77071493-d6c9febb-c05b7e14",
   "IsStable" : true,
   "Labels" : [],
   "LastUpdate" : "20250311T081322",
   "MainDicomTags" : 
   {
      "PatientBirthDate" : "19131220",
      "PatientID" : "0000002014",
      "PatientName" : "AVE+ BRAIN + POST FOS.",
      "PatientSex" : "F"
   },
   "Studies" : 
   [
      "0ba2c4af-c4286377-ed83307a-c4307d90-422eea83"
   ],
   "Type" : "Patient"
}, Erreur cURL=
2025-05-05 20:38:36 - Début de la requête proxy-orthanc
2025-05-05 20:38:36 - URL Orthanc: http://localhost:8042/patients/62bc7cdd-8f5ae588-dea41879-6a8e18d1-d44362ee
2025-05-05 20:38:36 - Méthode HTTP: GET
2025-05-05 20:38:36 - URL Orthanc: http://localhost:8042/patients/9b4d864d-a53a383a-44cdda8a-269b4eee-777c5729
2025-05-05 20:38:36 - Méthode HTTP: GET
2025-05-05 20:38:36 - Requête Orthanc: HTTP Code=200, Réponse={
   "ID" : "3abaec0a-ebfaaa87-f830d52b-d62df074-6a692c12",
   "IsStable" : true,
   "Labels" : [],
   "LastUpdate" : "20250503T112438",
   "MainDicomTags" : 
   {
      "StudyDate" : "20061012",
      "StudyDescription" : "CT1 abdomen",
      "StudyInstanceUID" : "1.2.826.0.1.3680043.8.1055.1.20111102150758591.92402465.76095170",
      "StudyTime" : "090258.000000"
   },
   "ParentPatient" : "b6589fc6-ab0dc82c-f12099d1-c2d40ab9-94e8410c",
   "PatientMainDicomTags" : 
   {
      "PatientID" : "0, Erreur cURL=
2025-05-05 20:38:36 - Début de la requête proxy-orthanc
2025-05-05 20:38:36 - URL Orthanc: http://localhost:8042/series/98d367a5-58eeba8b-f3c2da4b-de7d8f6f-ede53eb2
2025-05-05 20:38:36 - Méthode HTTP: GET
2025-05-05 20:38:36 - Requête Orthanc: HTTP Code=200, Réponse={
   "ID" : "b6589fc6-ab0dc82c-f12099d1-c2d40ab9-94e8410c",
   "IsStable" : true,
   "Labels" : [],
   "LastUpdate" : "20250503T112438",
   "MainDicomTags" : 
   {
      "PatientID" : "0",
      "PatientName" : "Anonymized"
   },
   "Studies" : 
   [
      "3abaec0a-ebfaaa87-f830d52b-d62df074-6a692c12"
   ],
   "Type" : "Patient"
}, Erreur cURL=
2025-05-05 20:38:36 - Début de la requête proxy-orthanc
2025-05-05 20:38:36 - Requête Orthanc: HTTP Code=200, Réponse={
   "ExpectedNumberOfInstances" : null,
   "ID" : "19b4c568-a95664f5-ad117914-3ccf7292-2a7ee3a0",
   "Instances" : 
   [
      "24e83fd1-ddd03175-beb6aa86-f4ce6432-4241b24f",
      "26952bd2-9569483f-e0549aca-a33b9065-69c33884",
      "2faf6dae-1e8dd60c-78fbca50-98cc48e7-66559504",
      "5974bce8-dfa0d418-48e52945-578a9547-fbb8179e",
      "63831658-2ed313e4-bdd47183-6c1be4da-c0022bb4",
      "75c6d27e-9c7d0b29-ef99341d-b7507933-63d3057d",
      "bc61cc15-593581eb-104dd853-f8e2ae2f-19704638",
, Erreur cURL=
2025-05-05 20:38:36 - Début de la requête proxy-orthanc
2025-05-05 20:38:36 - URL Orthanc: http://localhost:8042/studies/3abaec0a-ebfaaa87-f830d52b-d62df074-6a692c12
2025-05-05 20:38:36 - Méthode HTTP: GET
2025-05-05 20:38:36 - URL Orthanc: http://localhost:8042/patients/b6589fc6-ab0dc82c-f12099d1-c2d40ab9-94e8410c
2025-05-05 20:38:36 - Méthode HTTP: GET
2025-05-05 20:38:36 - Requête Orthanc: HTTP Code=200, Réponse={
   "ID" : "200b3e41-4557e5ed-2b4a1771-a9e4ad06-cd1306c8",
   "IsStable" : true,
   "Labels" : [],
   "LastUpdate" : "20250311T081323",
   "MainDicomTags" : 
   {
      "AccessionNumber" : "",
      "InstitutionName" : "CHU St ROCH",
      "ReferringPhysicianName" : "",
      "StudyDate" : "19961014",
      "StudyID" : "2019",
      "StudyInstanceUID" : "1.3.46.670589.10.900123.19970114.35056000060.1",
      "StudyTime" : "145056.00000"
   },
   "ParentPatient" : "9b4d864d-a53a383a-44cdda8a-269, Erreur cURL=
2025-05-05 20:38:36 - Début de la requête proxy-orthanc
2025-05-05 20:38:36 - URL Orthanc: http://localhost:8042/series/19b4c568-a95664f5-ad117914-3ccf7292-2a7ee3a0
2025-05-05 20:38:36 - Méthode HTTP: GET
2025-05-05 20:38:36 - Requête Orthanc: HTTP Code=200, Réponse={
   "ID" : "9b4d864d-a53a383a-44cdda8a-269b4eee-777c5729",
   "IsStable" : true,
   "Labels" : [],
   "LastUpdate" : "20250311T081323",
   "MainDicomTags" : 
   {
      "PatientBirthDate" : "19781010",
      "PatientID" : "0000002019",
      "PatientName" : "AVE+ ABDOMEN",
      "PatientSex" : "M"
   },
   "Studies" : 
   [
      "200b3e41-4557e5ed-2b4a1771-a9e4ad06-cd1306c8"
   ],
   "Type" : "Patient"
}, Erreur cURL=
rreur cURL=
2025-05-05 20:38:36 - Début de la requête proxy-orthanc
2025-05-05 20:38:36 - URL Orthanc: http://localhost:8042/studies/200b3e41-4557e5ed-2b4a1771-a9e4ad06-cd1306c8
2025-05-05 20:38:36 - Méthode HTTP: GET
2025-05-05 20:38:36 - Début de la requête proxy-orthanc
2025-05-05 20:38:36 - URL Orthanc: http://localhost:8042/patients/9b4d864d-a53a383a-44cdda8a-269b4eee-777c5729
2025-05-05 20:38:36 - Méthode HTTP: GET
2025-05-05 20:38:36 - Requête Orthanc: HTTP Code=200, Réponse={
   "ExpectedNumberOfInstances" : null,
   "ID" : "98d367a5-58eeba8b-f3c2da4b-de7d8f6f-ede53eb2",
   "Instances" : 
   [
      "06ea7b60-3497774d-50e19bee-a577ad30-18fd5343",
      "127cebed-72b718d7-d77db86d-8d17d9ab-edd89842",
      "4e4bce5d-9a98e121-3d1a87bc-47f0398f-5cbefd26",
      "6be8f9b5-0a47915b-56fd8a11-4d94300c-9bfb83c4",
      "892e8101-891e4b24-43c20a0c-cda4e1ee-34cdbb93",
      "96548d6b-b87fefbd-78a3f7c5-c5abe181-0643a103",
      "9ec8fbb6-b5b6bf94-16950f4b-184a8d6e-21c21abd",
, Erreur cURL=
2025-05-05 20:38:36 - Début de la requête proxy-orthanc
2025-05-05 20:38:36 - URL Orthanc: http://localhost:8042/series/98d367a5-58eeba8b-f3c2da4b-de7d8f6f-ede53eb2
2025-05-05 20:38:36 - Méthode HTTP: GET
2025-05-05 20:38:36 - Requête Orthanc: HTTP Code=200, Réponse={
   "ID" : "3abaec0a-ebfaaa87-f830d52b-d62df074-6a692c12",
   "IsStable" : true,
   "Labels" : [],
   "LastUpdate" : "20250503T112438",
   "MainDicomTags" : 
   {
      "StudyDate" : "20061012",
      "StudyDescription" : "CT1 abdomen",
      "StudyInstanceUID" : "1.2.826.0.1.3680043.8.1055.1.20111102150758591.92402465.76095170",
      "StudyTime" : "090258.000000"
   },
   "ParentPatient" : "b6589fc6-ab0dc82c-f12099d1-c2d40ab9-94e8410c",
   "PatientMainDicomTags" : 
   {
      "PatientID" : "0, Erreur cURL=
2025-05-05 20:38:36 - Début de la requête proxy-orthanc
2025-05-05 20:38:36 - URL Orthanc: http://localhost:8042/studies/3abaec0a-ebfaaa87-f830d52b-d62df074-6a692c12
2025-05-05 20:38:36 - Méthode HTTP: GET
2025-05-05 20:38:36 - Requête Orthanc: HTTP Code=200, Réponse={
   "ID" : "b6589fc6-ab0dc82c-f12099d1-c2d40ab9-94e8410c",
   "IsStable" : true,
   "Labels" : [],
   "LastUpdate" : "20250503T112438",
   "MainDicomTags" : 
   {
      "PatientID" : "0",
      "PatientName" : "Anonymized"
   },
   "Studies" : 
   [
      "3abaec0a-ebfaaa87-f830d52b-d62df074-6a692c12"
   ],
   "Type" : "Patient"
}, Erreur cURL=
2025-05-05 20:38:36 - Début de la requête proxy-orthanc
2025-05-05 20:38:36 - URL Orthanc: http://localhost:8042/patients/b6589fc6-ab0dc82c-f12099d1-c2d40ab9-94e8410c
2025-05-05 20:38:36 - Méthode HTTP: GET
2025-05-05 20:38:36 - Requête Orthanc: HTTP Code=200, Réponse={
   "ExpectedNumberOfInstances" : null,
   "ID" : "19b4c568-a95664f5-ad117914-3ccf7292-2a7ee3a0",
   "Instances" : 
   [
      "24e83fd1-ddd03175-beb6aa86-f4ce6432-4241b24f",
      "26952bd2-9569483f-e0549aca-a33b9065-69c33884",
      "2faf6dae-1e8dd60c-78fbca50-98cc48e7-66559504",
      "5974bce8-dfa0d418-48e52945-578a9547-fbb8179e",
      "63831658-2ed313e4-bdd47183-6c1be4da-c0022bb4",
      "75c6d27e-9c7d0b29-ef99341d-b7507933-63d3057d",
      "bc61cc15-593581eb-104dd853-f8e2ae2f-19704638",
, Erreur cURL=
2025-05-05 20:38:36 - Début de la requête proxy-orthanc
2025-05-05 20:38:36 - URL Orthanc: http://localhost:8042/series/19b4c568-a95664f5-ad117914-3ccf7292-2a7ee3a0
2025-05-05 20:38:36 - Méthode HTTP: GET
2025-05-05 20:38:36 - Requête Orthanc: HTTP Code=200, Réponse={
   "ID" : "9b4d864d-a53a383a-44cdda8a-269b4eee-777c5729",
   "IsStable" : true,
   "Labels" : [],
   "LastUpdate" : "20250311T081323",
   "MainDicomTags" : 
   {
      "PatientBirthDate" : "19781010",
      "PatientID" : "0000002019",
      "PatientName" : "AVE+ ABDOMEN",
      "PatientSex" : "M"
   },
   "Studies" : 
   [
      "200b3e41-4557e5ed-2b4a1771-a9e4ad06-cd1306c8"
   ],
   "Type" : "Patient"
}, Erreur cURL=
2025-05-05 20:38:36 - Requête Orthanc: HTTP Code=200, Réponse={
   "ID" : "200b3e41-4557e5ed-2b4a1771-a9e4ad06-cd1306c8",
   "IsStable" : true,
   "Labels" : [],
   "LastUpdate" : "20250311T081323",
   "MainDicomTags" : 
   {
      "AccessionNumber" : "",
      "InstitutionName" : "CHU St ROCH",
      "ReferringPhysicianName" : "",
      "StudyDate" : "19961014",
      "StudyID" : "2019",
      "StudyInstanceUID" : "1.3.46.670589.10.900123.19970114.35056000060.1",
      "StudyTime" : "145056.00000"
   },
   "ParentPatient" : "9b4d864d-a53a383a-44cdda8a-269, Erreur cURL=
2025-05-05 20:38:36 - Début de la requête proxy-orthanc
2025-05-05 20:38:36 - URL Orthanc: http://localhost:8042/studies/200b3e41-4557e5ed-2b4a1771-a9e4ad06-cd1306c8
2025-05-05 20:38:36 - Méthode HTTP: GET
2025-05-05 20:38:36 - Début de la requête proxy-orthanc
2025-05-05 20:38:36 - URL Orthanc: http://localhost:8042/patients/9b4d864d-a53a383a-44cdda8a-269b4eee-777c5729
2025-05-05 20:38:36 - Méthode HTTP: GET
2025-05-05 20:38:36 - Requête Orthanc: HTTP Code=200, Réponse={
   "ExpectedNumberOfInstances" : null,
   "ID" : "98d367a5-58eeba8b-f3c2da4b-de7d8f6f-ede53eb2",
   "Instances" : 
   [
      "06ea7b60-3497774d-50e19bee-a577ad30-18fd5343",
      "127cebed-72b718d7-d77db86d-8d17d9ab-edd89842",
      "4e4bce5d-9a98e121-3d1a87bc-47f0398f-5cbefd26",
      "6be8f9b5-0a47915b-56fd8a11-4d94300c-9bfb83c4",
      "892e8101-891e4b24-43c20a0c-cda4e1ee-34cdbb93",
      "96548d6b-b87fefbd-78a3f7c5-c5abe181-0643a103",
      "9ec8fbb6-b5b6bf94-16950f4b-184a8d6e-21c21abd",
, Erreur cURL=
2025-05-05 20:38:36 - Début de la requête proxy-orthanc
2025-05-05 20:38:36 - URL Orthanc: http://localhost:8042/series/98d367a5-58eeba8b-f3c2da4b-de7d8f6f-ede53eb2
2025-05-05 20:38:36 - Méthode HTTP: GET
2025-05-05 20:38:36 - Requête Orthanc: HTTP Code=200, Réponse={
   "ID" : "3abaec0a-ebfaaa87-f830d52b-d62df074-6a692c12",
   "IsStable" : true,
   "Labels" : [],
   "LastUpdate" : "20250503T112438",
   "MainDicomTags" : 
   {
      "StudyDate" : "20061012",
      "StudyDescription" : "CT1 abdomen",
      "StudyInstanceUID" : "1.2.826.0.1.3680043.8.1055.1.20111102150758591.92402465.76095170",
      "StudyTime" : "090258.000000"
   },
   "ParentPatient" : "b6589fc6-ab0dc82c-f12099d1-c2d40ab9-94e8410c",
   "PatientMainDicomTags" : 
   {
      "PatientID" : "0, Erreur cURL=
2025-05-05 20:38:36 - Début de la requête proxy-orthanc
2025-05-05 20:38:36 - Requête Orthanc: HTTP Code=200, Réponse={
   "ID" : "b6589fc6-ab0dc82c-f12099d1-c2d40ab9-94e8410c",
   "IsStable" : true,
   "Labels" : [],
   "LastUpdate" : "20250503T112438",
   "MainDicomTags" : 
   {
      "PatientID" : "0",
      "PatientName" : "Anonymized"
   },
   "Studies" : 
   [
      "3abaec0a-ebfaaa87-f830d52b-d62df074-6a692c12"
   ],
   "Type" : "Patient"
}, Erreur cURL=
2025-05-05 20:38:36 - URL Orthanc: http://localhost:8042/studies/3abaec0a-ebfaaa87-f830d52b-d62df074-6a692c12
2025-05-05 20:38:36 - Début de la requête proxy-orthanc
2025-05-05 20:38:36 - Méthode HTTP: GET
2025-05-05 20:38:36 - URL Orthanc: http://localhost:8042/patients/b6589fc6-ab0dc82c-f12099d1-c2d40ab9-94e8410c
2025-05-05 20:38:36 - Méthode HTTP: GET
2025-05-05 20:38:36 - Requête Orthanc: HTTP Code=200, Réponse={
   "ExpectedNumberOfInstances" : null,
   "ID" : "19b4c568-a95664f5-ad117914-3ccf7292-2a7ee3a0",
   "Instances" : 
   [
      "24e83fd1-ddd03175-beb6aa86-f4ce6432-4241b24f",
      "26952bd2-9569483f-e0549aca-a33b9065-69c33884",
      "2faf6dae-1e8dd60c-78fbca50-98cc48e7-66559504",
      "5974bce8-dfa0d418-48e52945-578a9547-fbb8179e",
      "63831658-2ed313e4-bdd47183-6c1be4da-c0022bb4",
      "75c6d27e-9c7d0b29-ef99341d-b7507933-63d3057d",
      "bc61cc15-593581eb-104dd853-f8e2ae2f-19704638",
, Erreur cURL=
2025-05-05 20:38:36 - Début de la requête proxy-orthanc
2025-05-05 20:38:36 - URL Orthanc: http://localhost:8042/series/19b4c568-a95664f5-ad117914-3ccf7292-2a7ee3a0
2025-05-05 20:38:36 - Méthode HTTP: GET
2025-05-05 20:38:36 - Requête Orthanc: HTTP Code=200, Réponse={
   "ID" : "9b4d864d-a53a383a-44cdda8a-269b4eee-777c5729",
   "IsStable" : true,
   "Labels" : [],
   "LastUpdate" : "20250311T081323",
   "MainDicomTags" : 
   {
      "PatientBirthDate" : "19781010",
      "PatientID" : "0000002019",
      "PatientName" : "AVE+ ABDOMEN",
      "PatientSex" : "M"
   },
   "Studies" : 
   [
      "200b3e41-4557e5ed-2b4a1771-a9e4ad06-cd1306c8"
   ],
   "Type" : "Patient"
}, Erreur cURL=
: "145056.00000"
   },
   "ParentPatient" : "9b4d864d-a53a383a-44cdda8a-269, Erreur cURL=
2025-05-05 20:38:36 - Début de la requête proxy-orthanc
2025-05-05 20:38:36 - URL Orthanc: http://localhost:8042/studies/200b3e41-4557e5ed-2b4a1771-a9e4ad06-cd1306c8
2025-05-05 20:38:36 - Méthode HTTP: GET
2025-05-05 20:38:36 - Début de la requête proxy-orthanc
2025-05-05 20:38:36 - URL Orthanc: http://localhost:8042/patients/9b4d864d-a53a383a-44cdda8a-269b4eee-777c5729
2025-05-05 20:38:36 - Méthode HTTP: GET
2025-05-05 20:38:37 - Requête Orthanc: HTTP Code=200, Réponse={
   "ExpectedNumberOfInstances" : null,
   "ID" : "98d367a5-58eeba8b-f3c2da4b-de7d8f6f-ede53eb2",
   "Instances" : 
   [
      "06ea7b60-3497774d-50e19bee-a577ad30-18fd5343",
      "127cebed-72b718d7-d77db86d-8d17d9ab-edd89842",
      "4e4bce5d-9a98e121-3d1a87bc-47f0398f-5cbefd26",
      "6be8f9b5-0a47915b-56fd8a11-4d94300c-9bfb83c4",
      "892e8101-891e4b24-43c20a0c-cda4e1ee-34cdbb93",
      "96548d6b-b87fefbd-78a3f7c5-c5abe181-0643a103",
      "9ec8fbb6-b5b6bf94-16950f4b-184a8d6e-21c21abd",
, Erreur cURL=
2025-05-05 20:38:37 - Début de la requête proxy-orthanc
2025-05-05 20:38:37 - URL Orthanc: http://localhost:8042/series/98d367a5-58eeba8b-f3c2da4b-de7d8f6f-ede53eb2
2025-05-05 20:38:37 - Méthode HTTP: GET
2025-05-05 20:38:37 - Requête Orthanc: HTTP Code=200, Réponse={
   "ID" : "3abaec0a-ebfaaa87-f830d52b-d62df074-6a692c12",
   "IsStable" : true,
   "Labels" : [],
   "LastUpdate" : "20250503T112438",
   "MainDicomTags" : 
   {
      "StudyDate" : "20061012",
      "StudyDescription" : "CT1 abdomen",
      "StudyInstanceUID" : "1.2.826.0.1.3680043.8.1055.1.20111102150758591.92402465.76095170",
      "StudyTime" : "090258.000000"
   },
   "ParentPatient" : "b6589fc6-ab0dc82c-f12099d1-c2d40ab9-94e8410c",
   "PatientMainDicomTags" : 
   {
      "PatientID" : "0, Erreur cURL=
2025-05-05 20:38:37 - Début de la requête proxy-orthanc
2025-05-05 20:38:37 - Requête Orthanc: HTTP Code=200, Réponse={
   "ID" : "b6589fc6-ab0dc82c-f12099d1-c2d40ab9-94e8410c",
   "IsStable" : true,
   "Labels" : [],
   "LastUpdate" : "20250503T112438",
   "MainDicomTags" : 
   {
      "PatientID" : "0",
      "PatientName" : "Anonymized"
   },
   "Studies" : 
   [
      "3abaec0a-ebfaaa87-f830d52b-d62df074-6a692c12"
   ],
   "Type" : "Patient"
}, Erreur cURL=
2025-05-05 20:38:37 - Début de la requête proxy-orthanc
2025-05-05 20:38:37 - URL Orthanc: http://localhost:8042/studies/3abaec0a-ebfaaa87-f830d52b-d62df074-6a692c12
2025-05-05 20:38:37 - Méthode HTTP: GET
2025-05-05 20:38:37 - URL Orthanc: http://localhost:8042/patients/b6589fc6-ab0dc82c-f12099d1-c2d40ab9-94e8410c
2025-05-05 20:38:37 - Méthode HTTP: GET
2025-05-05 20:38:37 - Requête Orthanc: HTTP Code=200, Réponse={
   "ExpectedNumberOfInstances" : null,
   "ID" : "19b4c568-a95664f5-ad117914-3ccf7292-2a7ee3a0",
   "Instances" : 
   [
      "24e83fd1-ddd03175-beb6aa86-f4ce6432-4241b24f",
      "26952bd2-9569483f-e0549aca-a33b9065-69c33884",
      "2faf6dae-1e8dd60c-78fbca50-98cc48e7-66559504",
      "5974bce8-dfa0d418-48e52945-578a9547-fbb8179e",
      "63831658-2ed313e4-bdd47183-6c1be4da-c0022bb4",
      "75c6d27e-9c7d0b29-ef99341d-b7507933-63d3057d",
      "bc61cc15-593581eb-104dd853-f8e2ae2f-19704638",
, Erreur cURL=
2025-05-05 20:38:37 - Début de la requête proxy-orthanc
2025-05-05 20:38:37 - URL Orthanc: http://localhost:8042/series/19b4c568-a95664f5-ad117914-3ccf7292-2a7ee3a0
2025-05-05 20:38:37 - Méthode HTTP: GET
2025-05-05 20:38:37 - Requête Orthanc: HTTP Code=200, Réponse={
   "ID" : "200b3e41-4557e5ed-2b4a1771-a9e4ad06-cd1306c8",
   "IsStable" : true,
   "Labels" : [],
   "LastUpdate" : "20250311T081323",
   "MainDicomTags" : 
   {
      "AccessionNumber" : "",
      "InstitutionName" : "CHU St ROCH",
      "ReferringPhysicianName" : "",
      "StudyDate" : "19961014",
      "StudyID" : "2019",
      "StudyInstanceUID" : "1.3.46.670589.10.900123.19970114.35056000060.1",
      "StudyTime" : "145056.00000"
   },
   "ParentPatient" : "9b4d864d-a53a383a-44cdda8a-269, Erreur cURL=
2025-05-05 20:38:37 - Requête Orthanc: HTTP Code=200, Réponse={
   "ID" : "9b4d864d-a53a383a-44cdda8a-269b4eee-777c5729",
   "IsStable" : true,
   "Labels" : [],
   "LastUpdate" : "20250311T081323",
   "MainDicomTags" : 
   {
      "PatientBirthDate" : "19781010",
      "PatientID" : "0000002019",
      "PatientName" : "AVE+ ABDOMEN",
      "PatientSex" : "M"
   },
   "Studies" : 
   [
      "200b3e41-4557e5ed-2b4a1771-a9e4ad06-cd1306c8"
   ],
   "Type" : "Patient"
}, Erreur cURL=
2025-05-05 20:38:37 - Début de la requête proxy-orthanc
2025-05-05 20:38:37 - URL Orthanc: http://localhost:8042/studies/200b3e41-4557e5ed-2b4a1771-a9e4ad06-cd1306c8
2025-05-05 20:38:37 - Méthode HTTP: GET
2025-05-05 20:38:37 - Début de la requête proxy-orthanc
2025-05-05 20:38:37 - URL Orthanc: http://localhost:8042/patients/9b4d864d-a53a383a-44cdda8a-269b4eee-777c5729
2025-05-05 20:38:37 - Méthode HTTP: GET
2025-05-05 20:38:37 - Requête Orthanc: HTTP Code=200, Réponse={
   "ExpectedNumberOfInstances" : null,
   "ID" : "98d367a5-58eeba8b-f3c2da4b-de7d8f6f-ede53eb2",
   "Instances" : 
   [
      "06ea7b60-3497774d-50e19bee-a577ad30-18fd5343",
      "127cebed-72b718d7-d77db86d-8d17d9ab-edd89842",
      "4e4bce5d-9a98e121-3d1a87bc-47f0398f-5cbefd26",
      "6be8f9b5-0a47915b-56fd8a11-4d94300c-9bfb83c4",
      "892e8101-891e4b24-43c20a0c-cda4e1ee-34cdbb93",
      "96548d6b-b87fefbd-78a3f7c5-c5abe181-0643a103",
      "9ec8fbb6-b5b6bf94-16950f4b-184a8d6e-21c21abd",
, Erreur cURL=
2025-05-05 20:38:37 - Début de la requête proxy-orthanc
2025-05-05 20:38:37 - URL Orthanc: http://localhost:8042/series/98d367a5-58eeba8b-f3c2da4b-de7d8f6f-ede53eb2
2025-05-05 20:38:37 - Méthode HTTP: GET
2025-05-05 20:38:37 - Requête Orthanc: HTTP Code=200, Réponse={
   "ID" : "3abaec0a-ebfaaa87-f830d52b-d62df074-6a692c12",
   "IsStable" : true,
   "Labels" : [],
   "LastUpdate" : "20250503T112438",
   "MainDicomTags" : 
   {
      "StudyDate" : "20061012",
      "StudyDescription" : "CT1 abdomen",
      "StudyInstanceUID" : "1.2.826.0.1.3680043.8.1055.1.20111102150758591.92402465.76095170",
      "StudyTime" : "090258.000000"
   },
   "ParentPatient" : "b6589fc6-ab0dc82c-f12099d1-c2d40ab9-94e8410c",
   "PatientMainDicomTags" : 
   {
      "PatientID" : "0, Erreur cURL=
2025-05-05 20:38:37 - Début de la requête proxy-orthanc
2025-05-05 20:38:37 - Requête Orthanc: HTTP Code=200, Réponse={
   "ID" : "b6589fc6-ab0dc82c-f12099d1-c2d40ab9-94e8410c",
   "IsStable" : true,
   "Labels" : [],
   "LastUpdate" : "20250503T112438",
   "MainDicomTags" : 
   {
      "PatientID" : "0",
      "PatientName" : "Anonymized"
   },
   "Studies" : 
   [
      "3abaec0a-ebfaaa87-f830d52b-d62df074-6a692c12"
   ],
   "Type" : "Patient"
}, Erreur cURL=
2025-05-05 20:38:37 - Début de la requête proxy-orthanc
2025-05-05 20:38:37 - URL Orthanc: http://localhost:8042/studies/3abaec0a-ebfaaa87-f830d52b-d62df074-6a692c12
2025-05-05 20:38:37 - Méthode HTTP: GET
2025-05-05 20:38:37 - URL Orthanc: http://localhost:8042/patients/b6589fc6-ab0dc82c-f12099d1-c2d40ab9-94e8410c
2025-05-05 20:38:37 - Méthode HTTP: GET
2025-05-05 20:38:37 - Requête Orthanc: HTTP Code=200, Réponse={
   "ExpectedNumberOfInstances" : null,
   "ID" : "19b4c568-a95664f5-ad117914-3ccf7292-2a7ee3a0",
   "Instances" : 
   [
      "24e83fd1-ddd03175-beb6aa86-f4ce6432-4241b24f",
      "26952bd2-9569483f-e0549aca-a33b9065-69c33884",
      "2faf6dae-1e8dd60c-78fbca50-98cc48e7-66559504",
      "5974bce8-dfa0d418-48e52945-578a9547-fbb8179e",
      "63831658-2ed313e4-bdd47183-6c1be4da-c0022bb4",
      "75c6d27e-9c7d0b29-ef99341d-b7507933-63d3057d",
      "bc61cc15-593581eb-104dd853-f8e2ae2f-19704638",
, Erreur cURL=
2025-05-05 20:38:37 - Début de la requête proxy-orthanc
2025-05-05 20:38:37 - URL Orthanc: http://localhost:8042/series/19b4c568-a95664f5-ad117914-3ccf7292-2a7ee3a0
2025-05-05 20:38:37 - Méthode HTTP: GET
2025-05-05 20:38:37 - Requête Orthanc: HTTP Code=200, Réponse={
   "ID" : "200b3e41-4557e5ed-2b4a1771-a9e4ad06-cd1306c8",
   "IsStable" : true,
   "Labels" : [],
   "LastUpdate" : "20250311T081323",
   "MainDicomTags" : 
   {
      "AccessionNumber" : "",
      "InstitutionName" : "CHU St ROCH",
      "ReferringPhysicianName" : "",
      "StudyDate" : "19961014",
      "StudyID" : "2019",
      "StudyInstanceUID" : "1.3.46.670589.10.900123.19970114.35056000060.1",
      "StudyTime" : "145056.00000"
   },
   "ParentPatient" : "9b4d864d-a53a383a-44cdda8a-269, Erreur cURL=
2025-05-05 20:38:37 - Début de la requête proxy-orthanc
2025-05-05 20:38:37 - URL Orthanc: http://localhost:8042/studies/200b3e41-4557e5ed-2b4a1771-a9e4ad06-cd1306c8
2025-05-05 20:38:37 - Méthode HTTP: GET
2025-05-05 20:38:37 - Requête Orthanc: HTTP Code=200, Réponse={
   "ID" : "9b4d864d-a53a383a-44cdda8a-269b4eee-777c5729",
   "IsStable" : true,
   "Labels" : [],
   "LastUpdate" : "20250311T081323",
   "MainDicomTags" : 
   {
      "PatientBirthDate" : "19781010",
      "PatientID" : "0000002019",
      "PatientName" : "AVE+ ABDOMEN",
      "PatientSex" : "M"
   },
   "Studies" : 
   [
      "200b3e41-4557e5ed-2b4a1771-a9e4ad06-cd1306c8"
   ],
   "Type" : "Patient"
}, Erreur cURL=
2025-05-05 20:38:37 - Début de la requête proxy-orthanc
2025-05-05 20:38:37 - URL Orthanc: http://localhost:8042/patients/9b4d864d-a53a383a-44cdda8a-269b4eee-777c5729
2025-05-05 20:38:37 - Méthode HTTP: GET
2025-05-05 20:38:37 - Requête Orthanc: HTTP Code=200, Réponse={
   "ExpectedNumberOfInstances" : null,
   "ID" : "98d367a5-58eeba8b-f3c2da4b-de7d8f6f-ede53eb2",
   "Instances" : 
   [
      "06ea7b60-3497774d-50e19bee-a577ad30-18fd5343",
      "127cebed-72b718d7-d77db86d-8d17d9ab-edd89842",
      "4e4bce5d-9a98e121-3d1a87bc-47f0398f-5cbefd26",
      "6be8f9b5-0a47915b-56fd8a11-4d94300c-9bfb83c4",
      "892e8101-891e4b24-43c20a0c-cda4e1ee-34cdbb93",
      "96548d6b-b87fefbd-78a3f7c5-c5abe181-0643a103",
      "9ec8fbb6-b5b6bf94-16950f4b-184a8d6e-21c21abd",
, Erreur cURL=
2025-05-05 20:38:37 - Début de la requête proxy-orthanc
2025-05-05 20:38:37 - URL Orthanc: http://localhost:8042/series/98d367a5-58eeba8b-f3c2da4b-de7d8f6f-ede53eb2
2025-05-05 20:38:37 - Méthode HTTP: GET
2025-05-05 20:38:37 - Requête Orthanc: HTTP Code=200, Réponse={
   "ID" : "3abaec0a-ebfaaa87-f830d52b-d62df074-6a692c12",
   "IsStable" : true,
   "Labels" : [],
   "LastUpdate" : "20250503T112438",
   "MainDicomTags" : 
   {
      "StudyDate" : "20061012",
      "StudyDescription" : "CT1 abdomen",
      "StudyInstanceUID" : "1.2.826.0.1.3680043.8.1055.1.20111102150758591.92402465.76095170",
      "StudyTime" : "090258.000000"
   },
   "ParentPatient" : "b6589fc6-ab0dc82c-f12099d1-c2d40ab9-94e8410c",
   "PatientMainDicomTags" : 
   {
      "PatientID" : "0, Erreur cURL=
2025-05-05 20:38:37 - Début de la requête proxy-orthanc
2025-05-05 20:38:37 - Requête Orthanc: HTTP Code=200, Réponse={
   "ID" : "b6589fc6-ab0dc82c-f12099d1-c2d40ab9-94e8410c",
   "IsStable" : true,
   "Labels" : [],
   "LastUpdate" : "20250503T112438",
   "MainDicomTags" : 
   {
      "PatientID" : "0",
      "PatientName" : "Anonymized"
   },
   "Studies" : 
   [
      "3abaec0a-ebfaaa87-f830d52b-d62df074-6a692c12"
   ],
   "Type" : "Patient"
}, Erreur cURL=
2025-05-05 20:38:37 - Début de la requête proxy-orthanc
2025-05-05 20:38:37 - URL Orthanc: http://localhost:8042/studies/3abaec0a-ebfaaa87-f830d52b-d62df074-6a692c12
2025-05-05 20:38:37 - Méthode HTTP: GET
2025-05-05 20:38:37 - URL Orthanc: http://localhost:8042/patients/b6589fc6-ab0dc82c-f12099d1-c2d40ab9-94e8410c
2025-05-05 20:38:37 - Méthode HTTP: GET
2025-05-05 20:38:37 - Requête Orthanc: HTTP Code=200, Réponse={
   "ExpectedNumberOfInstances" : null,
   "ID" : "19b4c568-a95664f5-ad117914-3ccf7292-2a7ee3a0",
   "Instances" : 
   [
      "24e83fd1-ddd03175-beb6aa86-f4ce6432-4241b24f",
      "26952bd2-9569483f-e0549aca-a33b9065-69c33884",
      "2faf6dae-1e8dd60c-78fbca50-98cc48e7-66559504",
      "5974bce8-dfa0d418-48e52945-578a9547-fbb8179e",
      "63831658-2ed313e4-bdd47183-6c1be4da-c0022bb4",
      "75c6d27e-9c7d0b29-ef99341d-b7507933-63d3057d",
      "bc61cc15-593581eb-104dd853-f8e2ae2f-19704638",
, Erreur cURL=
2025-05-05 20:38:37 - Début de la requête proxy-orthanc
2025-05-05 20:38:37 - URL Orthanc: http://localhost:8042/series/19b4c568-a95664f5-ad117914-3ccf7292-2a7ee3a0
2025-05-05 20:38:37 - Méthode HTTP: GET
2025-05-05 20:38:37 - Requête Orthanc: HTTP Code=200, Réponse={
   "ID" : "200b3e41-4557e5ed-2b4a1771-a9e4ad06-cd1306c8",
   "IsStable" : true,
   "Labels" : [],
   "LastUpdate" : "20250311T081323",
   "MainDicomTags" : 
   {
      "AccessionNumber" : "",
      "InstitutionName" : "CHU St ROCH",
      "ReferringPhysicianName" : "",
      "StudyDate" : "19961014",
      "StudyID" : "2019",
      "StudyInstanceUID" : "1.3.46.670589.10.900123.19970114.35056000060.1",
      "StudyTime" : "145056.00000"
   },
   "ParentPatient" : "9b4d864d-a53a383a-44cdda8a-269, Erreur cURL=
2025-05-05 20:38:37 - Début de la requête proxy-orthanc
2025-05-05 20:38:37 - URL Orthanc: http://localhost:8042/studies/200b3e41-4557e5ed-2b4a1771-a9e4ad06-cd1306c8
2025-05-05 20:38:37 - Méthode HTTP: GET
2025-05-05 20:38:37 - Requête Orthanc: HTTP Code=200, Réponse={
   "ID" : "9b4d864d-a53a383a-44cdda8a-269b4eee-777c5729",
   "IsStable" : true,
   "Labels" : [],
   "LastUpdate" : "20250311T081323",
   "MainDicomTags" : 
   {
      "PatientBirthDate" : "19781010",
      "PatientID" : "0000002019",
      "PatientName" : "AVE+ ABDOMEN",
      "PatientSex" : "M"
   },
   "Studies" : 
   [
      "200b3e41-4557e5ed-2b4a1771-a9e4ad06-cd1306c8"
   ],
   "Type" : "Patient"
}, Erreur cURL=
2025-05-05 20:38:37 - Début de la requête proxy-orthanc
2025-05-05 20:38:37 - URL Orthanc: http://localhost:8042/patients/9b4d864d-a53a383a-44cdda8a-269b4eee-777c5729
2025-05-05 20:38:37 - Méthode HTTP: GET
2025-05-05 20:38:37 - Requête Orthanc: HTTP Code=200, Réponse={
   "ExpectedNumberOfInstances" : null,
   "ID" : "98d367a5-58eeba8b-f3c2da4b-de7d8f6f-ede53eb2",
   "Instances" : 
   [
      "06ea7b60-3497774d-50e19bee-a577ad30-18fd5343",
      "127cebed-72b718d7-d77db86d-8d17d9ab-edd89842",
      "4e4bce5d-9a98e121-3d1a87bc-47f0398f-5cbefd26",
      "6be8f9b5-0a47915b-56fd8a11-4d94300c-9bfb83c4",
      "892e8101-891e4b24-43c20a0c-cda4e1ee-34cdbb93",
      "96548d6b-b87fefbd-78a3f7c5-c5abe181-0643a103",
      "9ec8fbb6-b5b6bf94-16950f4b-184a8d6e-21c21abd",
, Erreur cURL=
2025-05-05 20:38:37 - Requête Orthanc: HTTP Code=200, Réponse={
   "ID" : "3abaec0a-ebfaaa87-f830d52b-d62df074-6a692c12",
   "IsStable" : true,
   "Labels" : [],
   "LastUpdate" : "20250503T112438",
   "MainDicomTags" : 
   {
      "StudyDate" : "20061012",
      "StudyDescription" : "CT1 abdomen",
      "StudyInstanceUID" : "1.2.826.0.1.3680043.8.1055.1.20111102150758591.92402465.76095170",
      "StudyTime" : "090258.000000"
   },
   "ParentPatient" : "b6589fc6-ab0dc82c-f12099d1-c2d40ab9-94e8410c",
   "PatientMainDicomTags" : 
   {
      "PatientID" : "0, Erreur cURL=
2025-05-05 20:38:37 - Début de la requête proxy-orthanc
2025-05-05 20:38:37 - URL Orthanc: http://localhost:8042/studies/3abaec0a-ebfaaa87-f830d52b-d62df074-6a692c12
2025-05-05 20:38:37 - Méthode HTTP: GET
2025-05-05 20:38:37 - Requête Orthanc: HTTP Code=200, Réponse={
   "ID" : "b6589fc6-ab0dc82c-f12099d1-c2d40ab9-94e8410c",
   "IsStable" : true,
   "Labels" : [],
   "LastUpdate" : "20250503T112438",
   "MainDicomTags" : 
   {
      "PatientID" : "0",
      "PatientName" : "Anonymized"
   },
   "Studies" : 
   [
      "3abaec0a-ebfaaa87-f830d52b-d62df074-6a692c12"
   ],
   "Type" : "Patient"
}, Erreur cURL=
2025-05-05 20:38:37 - Début de la requête proxy-orthanc
2025-05-05 20:38:37 - URL Orthanc: http://localhost:8042/patients/b6589fc6-ab0dc82c-f12099d1-c2d40ab9-94e8410c
2025-05-05 20:38:37 - Méthode HTTP: GET
2025-05-05 20:38:37 - Requête Orthanc: HTTP Code=200, Réponse={
   "ExpectedNumberOfInstances" : null,
   "ID" : "19b4c568-a95664f5-ad117914-3ccf7292-2a7ee3a0",
   "Instances" : 
   [
      "24e83fd1-ddd03175-beb6aa86-f4ce6432-4241b24f",
      "26952bd2-9569483f-e0549aca-a33b9065-69c33884",
      "2faf6dae-1e8dd60c-78fbca50-98cc48e7-66559504",
      "5974bce8-dfa0d418-48e52945-578a9547-fbb8179e",
      "63831658-2ed313e4-bdd47183-6c1be4da-c0022bb4",
      "75c6d27e-9c7d0b29-ef99341d-b7507933-63d3057d",
      "bc61cc15-593581eb-104dd853-f8e2ae2f-19704638",
, Erreur cURL=
2025-05-05 20:38:37 - Requête Orthanc: HTTP Code=200, Réponse={
   "ID" : "200b3e41-4557e5ed-2b4a1771-a9e4ad06-cd1306c8",
   "IsStable" : true,
   "Labels" : [],
   "LastUpdate" : "20250311T081323",
   "MainDicomTags" : 
   {
      "AccessionNumber" : "",
      "InstitutionName" : "CHU St ROCH",
      "ReferringPhysicianName" : "",
      "StudyDate" : "19961014",
      "StudyID" : "2019",
      "StudyInstanceUID" : "1.3.46.670589.10.900123.19970114.35056000060.1",
      "StudyTime" : "145056.00000"
   },
   "ParentPatient" : "9b4d864d-a53a383a-44cdda8a-269, Erreur cURL=
2025-05-05 20:38:37 - Début de la requête proxy-orthanc
2025-05-05 20:38:37 - URL Orthanc: http://localhost:8042/studies/200b3e41-4557e5ed-2b4a1771-a9e4ad06-cd1306c8
2025-05-05 20:38:37 - Méthode HTTP: GET
2025-05-05 20:38:37 - Requête Orthanc: HTTP Code=200, Réponse={
   "ID" : "9b4d864d-a53a383a-44cdda8a-269b4eee-777c5729",
   "IsStable" : true,
   "Labels" : [],
   "LastUpdate" : "20250311T081323",
   "MainDicomTags" : 
   {
      "PatientBirthDate" : "19781010",
      "PatientID" : "0000002019",
      "PatientName" : "AVE+ ABDOMEN",
      "PatientSex" : "M"
   },
   "Studies" : 
   [
      "200b3e41-4557e5ed-2b4a1771-a9e4ad06-cd1306c8"
   ],
   "Type" : "Patient"
}, Erreur cURL=
2025-05-05 20:38:37 - Début de la requête proxy-orthanc
2025-05-05 20:38:37 - URL Orthanc: http://localhost:8042/patients/9b4d864d-a53a383a-44cdda8a-269b4eee-777c5729
2025-05-05 20:38:37 - Méthode HTTP: GET
2025-05-05 20:38:38 - Requête Orthanc: HTTP Code=200, Réponse={
   "ID" : "3abaec0a-ebfaaa87-f830d52b-d62df074-6a692c12",
   "IsStable" : true,
   "Labels" : [],
   "LastUpdate" : "20250503T112438",
   "MainDicomTags" : 
   {
      "StudyDate" : "20061012",
      "StudyDescription" : "CT1 abdomen",
      "StudyInstanceUID" : "1.2.826.0.1.3680043.8.1055.1.20111102150758591.92402465.76095170",
      "StudyTime" : "090258.000000"
   },
   "ParentPatient" : "b6589fc6-ab0dc82c-f12099d1-c2d40ab9-94e8410c",
   "PatientMainDicomTags" : 
   {
      "PatientID" : "0, Erreur cURL=
2025-05-05 20:38:38 - Requête Orthanc: HTTP Code=200, Réponse={
   "ID" : "b6589fc6-ab0dc82c-f12099d1-c2d40ab9-94e8410c",
   "IsStable" : true,
   "Labels" : [],
   "LastUpdate" : "20250503T112438",
   "MainDicomTags" : 
   {
      "PatientID" : "0",
      "PatientName" : "Anonymized"
   },
   "Studies" : 
   [
      "3abaec0a-ebfaaa87-f830d52b-d62df074-6a692c12"
   ],
   "Type" : "Patient"
}, Erreur cURL=
2025-05-05 20:38:38 - Début de la requête proxy-orthanc
2025-05-05 20:38:38 - URL Orthanc: http://localhost:8042/patients/b6589fc6-ab0dc82c-f12099d1-c2d40ab9-94e8410c
2025-05-05 20:38:38 - Méthode HTTP: GET
2025-05-05 20:38:38 - Requête Orthanc: HTTP Code=200, Réponse={
   "ID" : "200b3e41-4557e5ed-2b4a1771-a9e4ad06-cd1306c8",
   "IsStable" : true,
   "Labels" : [],
   "LastUpdate" : "20250311T081323",
   "MainDicomTags" : 
   {
      "AccessionNumber" : "",
      "InstitutionName" : "CHU St ROCH",
      "ReferringPhysicianName" : "",
      "StudyDate" : "19961014",
      "StudyID" : "2019",
      "StudyInstanceUID" : "1.3.46.670589.10.900123.19970114.35056000060.1",
      "StudyTime" : "145056.00000"
   },
   "ParentPatient" : "9b4d864d-a53a383a-44cdda8a-269, Erreur cURL=
2025-05-05 20:38:38 - Requête Orthanc: HTTP Code=200, Réponse={
   "ID" : "9b4d864d-a53a383a-44cdda8a-269b4eee-777c5729",
   "IsStable" : true,
   "Labels" : [],
   "LastUpdate" : "20250311T081323",
   "MainDicomTags" : 
   {
      "PatientBirthDate" : "19781010",
      "PatientID" : "0000002019",
      "PatientName" : "AVE+ ABDOMEN",
      "PatientSex" : "M"
   },
   "Studies" : 
   [
      "200b3e41-4557e5ed-2b4a1771-a9e4ad06-cd1306c8"
   ],
   "Type" : "Patient"
}, Erreur cURL=
2025-05-05 20:38:38 - Début de la requête proxy-orthanc
2025-05-05 20:38:38 - URL Orthanc: http://localhost:8042/patients/9b4d864d-a53a383a-44cdda8a-269b4eee-777c5729
2025-05-05 20:38:38 - Méthode HTTP: GET
2025-05-05 20:38:38 - Requête Orthanc: HTTP Code=200, Réponse={
   "ID" : "b6589fc6-ab0dc82c-f12099d1-c2d40ab9-94e8410c",
   "IsStable" : true,
   "Labels" : [],
   "LastUpdate" : "20250503T112438",
   "MainDicomTags" : 
   {
      "PatientID" : "0",
      "PatientName" : "Anonymized"
   },
   "Studies" : 
   [
      "3abaec0a-ebfaaa87-f830d52b-d62df074-6a692c12"
   ],
   "Type" : "Patient"
}, Erreur cURL=
2025-05-05 20:38:38 - Requête Orthanc: HTTP Code=200, Réponse={
   "ID" : "9b4d864d-a53a383a-44cdda8a-269b4eee-777c5729",
   "IsStable" : true,
   "Labels" : [],
   "LastUpdate" : "20250311T081323",
   "MainDicomTags" : 
   {
      "PatientBirthDate" : "19781010",
      "PatientID" : "0000002019",
      "PatientName" : "AVE+ ABDOMEN",
      "PatientSex" : "M"
   },
   "Studies" : 
   [
      "200b3e41-4557e5ed-2b4a1771-a9e4ad06-cd1306c8"
   ],
   "Type" : "Patient"
}, Erreur cURL=
2025-05-05 20:54:24 - Début de la requête proxy-orthanc
2025-05-05 20:54:24 - URL Orthanc: http://localhost:8042/instances
2025-05-05 20:54:24 - Méthode HTTP: POST
2025-05-05 20:54:24 - Patient ID: 1, Instance ID personnalisé: PATIENT-1-20250505185424
2025-05-05 20:54:25 - Requête Orthanc: HTTP Code=200, Réponse={
   "ID" : "9ec8fbb6-b5b6bf94-16950f4b-184a8d6e-21c21abd",
   "ParentPatient" : "b6589fc6-ab0dc82c-f12099d1-c2d40ab9-94e8410c",
   "ParentSeries" : "98d367a5-58eeba8b-f3c2da4b-de7d8f6f-ede53eb2",
   "ParentStudy" : "3abaec0a-ebfaaa87-f830d52b-d62df074-6a692c12",
   "Path" : "/instances/9ec8fbb6-b5b6bf94-16950f4b-184a8d6e-21c21abd",
   "Status" : "AlreadyStored"
}, Erreur cURL=
2025-05-05 20:54:26 - StudyInstanceUID généré: 1.2.840.113619.2.1746471266.1780
2025-05-05 20:54:26 - Instance DICOM stockée avec patient_id=1, orthanc_instance_id=9ec8fbb6-b5b6bf94-16950f4b-184a8d6e-21c21abd
2025-05-05 20:54:26 - Instance ID personnalisé appliqué: PATIENT-1-20250505185424
2025-05-06 00:45:31 - Début de la requête proxy-orthanc
2025-05-06 00:45:31 - URL Orthanc: http://localhost:8042/instances
2025-05-06 00:45:31 - Méthode HTTP: POST
2025-05-06 00:45:31 - Patient ID: 1, Instance ID personnalisé: PATIENT-1-20250505224530
2025-05-06 00:45:31 - Requête Orthanc: HTTP Code=200, Réponse={
   "ID" : "9ec8fbb6-b5b6bf94-16950f4b-184a8d6e-21c21abd",
   "ParentPatient" : "b6589fc6-ab0dc82c-f12099d1-c2d40ab9-94e8410c",
   "ParentSeries" : "98d367a5-58eeba8b-f3c2da4b-de7d8f6f-ede53eb2",
   "ParentStudy" : "3abaec0a-ebfaaa87-f830d52b-d62df074-6a692c12",
   "Path" : "/instances/9ec8fbb6-b5b6bf94-16950f4b-184a8d6e-21c21abd",
   "Status" : "AlreadyStored"
}, Erreur cURL=
2025-05-06 00:45:31 - StudyInstanceUID généré: 1.2.840.113619.2.1746485131.5624
2025-05-06 00:45:31 - Instance DICOM stockée avec patient_id=1, orthanc_instance_id=9ec8fbb6-b5b6bf94-16950f4b-184a8d6e-21c21abd
2025-05-06 00:45:32 - Instance ID personnalisé appliqué: PATIENT-1-20250505224530
2025-05-06 00:46:03 - Début de la requête proxy-orthanc
2025-05-06 00:46:03 - URL Orthanc: http://localhost:8042/instances
2025-05-06 00:46:03 - Méthode HTTP: POST
2025-05-06 00:46:03 - Patient ID: 2, Instance ID personnalisé: PATIENT-2-20250505224603
2025-05-06 00:46:03 - Requête Orthanc: HTTP Code=200, Réponse={
   "ID" : "9ec8fbb6-b5b6bf94-16950f4b-184a8d6e-21c21abd",
   "ParentPatient" : "b6589fc6-ab0dc82c-f12099d1-c2d40ab9-94e8410c",
   "ParentSeries" : "98d367a5-58eeba8b-f3c2da4b-de7d8f6f-ede53eb2",
   "ParentStudy" : "3abaec0a-ebfaaa87-f830d52b-d62df074-6a692c12",
   "Path" : "/instances/9ec8fbb6-b5b6bf94-16950f4b-184a8d6e-21c21abd",
   "Status" : "AlreadyStored"
}, Erreur cURL=
2025-05-06 00:46:04 - StudyInstanceUID généré: 1.2.840.113619.2.1746485164.6290
2025-05-06 00:46:04 - Instance DICOM stockée avec patient_id=2, orthanc_instance_id=9ec8fbb6-b5b6bf94-16950f4b-184a8d6e-21c21abd
2025-05-06 00:46:04 - Instance ID personnalisé appliqué: PATIENT-2-20250505224603
2025-05-06 03:23:09 - Début de la requête proxy-orthanc
2025-05-06 03:23:09 - URL Orthanc: http://localhost:8042/instances
2025-05-06 03:23:09 - Méthode HTTP: POST
2025-05-06 03:23:09 - Patient ID: 1, Instance ID personnalisé: PATIENT-1-20250506012309
2025-05-06 03:23:10 - Requête Orthanc: HTTP Code=200, Réponse={
   "ID" : "9ec8fbb6-b5b6bf94-16950f4b-184a8d6e-21c21abd",
   "ParentPatient" : "b6589fc6-ab0dc82c-f12099d1-c2d40ab9-94e8410c",
   "ParentSeries" : "98d367a5-58eeba8b-f3c2da4b-de7d8f6f-ede53eb2",
   "ParentStudy" : "3abaec0a-ebfaaa87-f830d52b-d62df074-6a692c12",
   "Path" : "/instances/9ec8fbb6-b5b6bf94-16950f4b-184a8d6e-21c21abd",
   "Status" : "AlreadyStored"
}, Erreur cURL=
2025-05-06 03:23:10 - StudyInstanceUID généré: 1.2.840.113619.2.1746494590.2752
2025-05-06 03:23:10 - Instance DICOM stockée avec patient_id=1, orthanc_instance_id=9ec8fbb6-b5b6bf94-16950f4b-184a8d6e-21c21abd
2025-05-06 03:23:10 - Instance ID personnalisé appliqué: PATIENT-1-20250506012309
2025-05-06 03:49:23 - Début de la requête proxy-orthanc
2025-05-06 03:49:23 - URL Orthanc: http://localhost:8042/instances
2025-05-06 03:49:23 - Méthode HTTP: POST
2025-05-06 03:49:23 - Patient ID: 1, Instance ID personnalisé: PATIENT-1-20250506014922
2025-05-06 03:49:23 - Requête Orthanc: HTTP Code=200, Réponse={
   "ID" : "892e8101-891e4b24-43c20a0c-cda4e1ee-34cdbb93",
   "ParentPatient" : "b6589fc6-ab0dc82c-f12099d1-c2d40ab9-94e8410c",
   "ParentSeries" : "98d367a5-58eeba8b-f3c2da4b-de7d8f6f-ede53eb2",
   "ParentStudy" : "3abaec0a-ebfaaa87-f830d52b-d62df074-6a692c12",
   "Path" : "/instances/892e8101-891e4b24-43c20a0c-cda4e1ee-34cdbb93",
   "Status" : "AlreadyStored"
}, Erreur cURL=
2025-05-06 03:49:23 - StudyInstanceUID manquant, généré synthétiquement: 1.2.840.113619.2.1746496163.5178
2025-05-06 03:49:23 - Instance DICOM stockée avec patient_id=1, orthanc_instance_id=892e8101-891e4b24-43c20a0c-cda4e1ee-34cdbb93
2025-05-06 03:49:23 - Instance ID personnalisé appliqué: PATIENT-1-20250506014922
2025-05-06 03:49:23 - Début de la requête proxy-orthanc
2025-05-06 03:49:23 - URL Orthanc: http://localhost:8042/instances/892e8101-891e4b24-43c20a0c-cda4e1ee-34cdbb93
2025-05-06 03:49:23 - Méthode HTTP: GET
2025-05-06 03:49:24 - Requête Orthanc: HTTP Code=200, Réponse={
   "FileSize" : 95526,
   "FileUuid" : "1574399b-1e17-4bff-a465-fa16e2c352ba",
   "ID" : "892e8101-891e4b24-43c20a0c-cda4e1ee-34cdbb93",
   "IndexInSeries" : 6,
   "Labels" : [],
   "MainDicomTags" : 
   {
      "ImageComments" : "JPEG 2000 lossless - Version 4.0.2 (c) Image Devices GmbH",
      "ImageOrientationPatient" : "1\\0\\0\\0\\1\\0",
      "ImagePositionPatient" : "-151.493508\\-36.6564417\\1292.5",
      "InstanceCreationDate" : "20061012",
      "InstanceCreationTime" : "091607.0000, Erreur cURL=
2025-05-06 03:55:53 - Début de la requête proxy-orthanc
2025-05-06 03:55:53 - URL Orthanc: http://localhost:8042/instances
2025-05-06 03:55:53 - Méthode HTTP: POST
2025-05-06 03:55:53 - Patient ID: 1, Instance ID personnalisé: PATIENT-1-20250506015553
2025-05-06 03:55:53 - Requête Orthanc: HTTP Code=200, Réponse={
   "ID" : "f6243344-db8927bb-e473639b-d510b561-aea4fd06",
   "ParentPatient" : "b6589fc6-ab0dc82c-f12099d1-c2d40ab9-94e8410c",
   "ParentSeries" : "98d367a5-58eeba8b-f3c2da4b-de7d8f6f-ede53eb2",
   "ParentStudy" : "3abaec0a-ebfaaa87-f830d52b-d62df074-6a692c12",
   "Path" : "/instances/f6243344-db8927bb-e473639b-d510b561-aea4fd06",
   "Status" : "Success"
}, Erreur cURL=
2025-05-06 03:55:54 - Erreur: StudyInstanceUID manquant dans les métadonnées Orthanc
2025-05-06 04:03:05 - Début de la requête proxy-orthanc
2025-05-06 04:03:05 - URL Orthanc: http://localhost:8042/instances
2025-05-06 04:03:05 - Méthode HTTP: POST
2025-05-06 04:03:05 - Patient ID: 1, Instance ID personnalisé: PATIENT-1-20250506020305
2025-05-06 04:03:06 - Requête Orthanc: HTTP Code=200, Réponse={
   "ID" : "f6243344-db8927bb-e473639b-d510b561-aea4fd06",
   "ParentPatient" : "b6589fc6-ab0dc82c-f12099d1-c2d40ab9-94e8410c",
   "ParentSeries" : "98d367a5-58eeba8b-f3c2da4b-de7d8f6f-ede53eb2",
   "ParentStudy" : "3abaec0a-ebfaaa87-f830d52b-d62df074-6a692c12",
   "Path" : "/instances/f6243344-db8927bb-e473639b-d510b561-aea4fd06",
   "Status" : "AlreadyStored"
}, Erreur cURL=
2025-05-06 04:03:06 - Réponse complète de l'instance: {
    "FileSize": 91494,
    "FileUuid": "78180ea2-5568-4a5b-ac83-b0bd4ad027a0",
    "ID": "f6243344-db8927bb-e473639b-d510b561-aea4fd06",
    "IndexInSeries": 2,
    "Labels": [],
    "MainDicomTags": {
        "ImageComments": "JPEG 2000 lossless - Version 4.0.2 (c) Image Devices GmbH",
        "ImageOrientationPatient": "1\\0\\0\\0\\1\\0",
        "ImagePositionPatient": "-151.493508\\-36.6564417\\1294.5",
        "InstanceCreationDate": "20061012",
        "InstanceCreationTime": "091606.000000",
        "InstanceNumber": "2",
        "SOPInstanceUID": "1.2.826.0.1.3680043.8.1055.1.20111102150758825.42401392.26682309"
    },
    "ParentSeries": "98d367a5-58eeba8b-f3c2da4b-de7d8f6f-ede53eb2",
    "Type": "Instance"
}
2025-05-06 04:03:06 - Erreur: StudyInstanceUID manquant dans les métadonnées Orthanc: {
    "FileSize": 91494,
    "FileUuid": "78180ea2-5568-4a5b-ac83-b0bd4ad027a0",
    "ID": "f6243344-db8927bb-e473639b-d510b561-aea4fd06",
    "IndexInSeries": 2,
    "Labels": [],
    "MainDicomTags": {
        "ImageComments": "JPEG 2000 lossless - Version 4.0.2 (c) Image Devices GmbH",
        "ImageOrientationPatient": "1\\0\\0\\0\\1\\0",
        "ImagePositionPatient": "-151.493508\\-36.6564417\\1294.5",
        "InstanceCreationDate": "20061012",
        "InstanceCreationTime": "091606.000000",
        "InstanceNumber": "2",
        "SOPInstanceUID": "1.2.826.0.1.3680043.8.1055.1.20111102150758825.42401392.26682309"
    },
    "ParentSeries": "98d367a5-58eeba8b-f3c2da4b-de7d8f6f-ede53eb2",
    "Type": "Instance"
}
2025-05-06 04:07:44 - Début de la requête proxy-orthanc
2025-05-06 04:07:44 - URL Orthanc: http://localhost:8042/instances
2025-05-06 04:07:44 - Méthode HTTP: POST
2025-05-06 04:07:44 - Patient ID: 1, Instance ID personnalisé: PATIENT-1-20250506020744
2025-05-06 04:07:45 - Requête Orthanc: HTTP Code=200, Réponse={
   "ID" : "6be8f9b5-0a47915b-56fd8a11-4d94300c-9bfb83c4",
   "ParentPatient" : "b6589fc6-ab0dc82c-f12099d1-c2d40ab9-94e8410c",
   "ParentSeries" : "98d367a5-58eeba8b-f3c2da4b-de7d8f6f-ede53eb2",
   "ParentStudy" : "3abaec0a-ebfaaa87-f830d52b-d62df074-6a692c12",
   "Path" : "/instances/6be8f9b5-0a47915b-56fd8a11-4d94300c-9bfb83c4",
   "Status" : "AlreadyStored"
}, Erreur cURL=
2025-05-06 04:07:45 - Réponse complète de l'instance: {
    "FileSize": 91754,
    "FileUuid": "69983b39-cdaa-42dd-8768-cc51e4e61c80",
    "ID": "6be8f9b5-0a47915b-56fd8a11-4d94300c-9bfb83c4",
    "IndexInSeries": 9,
    "Labels": [],
    "MainDicomTags": {
        "ImageComments": "JPEG 2000 lossless - Version 4.0.2 (c) Image Devices GmbH",
        "ImageOrientationPatient": "1\\0\\0\\0\\1\\0",
        "ImagePositionPatient": "-151.493508\\-36.6564417\\1291",
        "InstanceCreationDate": "20061012",
        "InstanceCreationTime": "091607.000000",
        "InstanceNumber": "9",
        "SOPInstanceUID": "1.2.826.0.1.3680043.8.1055.1.20111102150759341.28598532.00746135"
    },
    "ParentSeries": "98d367a5-58eeba8b-f3c2da4b-de7d8f6f-ede53eb2",
    "Type": "Instance"
}
2025-05-06 04:07:45 - Erreur: StudyInstanceUID manquant dans les métadonnées Orthanc: {
    "FileSize": 91754,
    "FileUuid": "69983b39-cdaa-42dd-8768-cc51e4e61c80",
    "ID": "6be8f9b5-0a47915b-56fd8a11-4d94300c-9bfb83c4",
    "IndexInSeries": 9,
    "Labels": [],
    "MainDicomTags": {
        "ImageComments": "JPEG 2000 lossless - Version 4.0.2 (c) Image Devices GmbH",
        "ImageOrientationPatient": "1\\0\\0\\0\\1\\0",
        "ImagePositionPatient": "-151.493508\\-36.6564417\\1291",
        "InstanceCreationDate": "20061012",
        "InstanceCreationTime": "091607.000000",
        "InstanceNumber": "9",
        "SOPInstanceUID": "1.2.826.0.1.3680043.8.1055.1.20111102150759341.28598532.00746135"
    },
    "ParentSeries": "98d367a5-58eeba8b-f3c2da4b-de7d8f6f-ede53eb2",
    "Type": "Instance"
}
2025-05-06 04:09:34 - Début de la requête proxy-orthanc
2025-05-06 04:09:34 - URL Orthanc: http://localhost:8042/instances
2025-05-06 04:09:34 - Méthode HTTP: POST
2025-05-06 04:09:34 - Patient ID: 1, Instance ID personnalisé: PATIENT-1-20250506020934
2025-05-06 04:09:34 - Requête Orthanc: HTTP Code=200, Réponse={
   "ID" : "892e8101-891e4b24-43c20a0c-cda4e1ee-34cdbb93",
   "ParentPatient" : "b6589fc6-ab0dc82c-f12099d1-c2d40ab9-94e8410c",
   "ParentSeries" : "98d367a5-58eeba8b-f3c2da4b-de7d8f6f-ede53eb2",
   "ParentStudy" : "3abaec0a-ebfaaa87-f830d52b-d62df074-6a692c12",
   "Path" : "/instances/892e8101-891e4b24-43c20a0c-cda4e1ee-34cdbb93",
   "Status" : "AlreadyStored"
}, Erreur cURL=
2025-05-06 04:09:34 - Réponse complète de l'instance: {
    "FileSize": 95526,
    "FileUuid": "1574399b-1e17-4bff-a465-fa16e2c352ba",
    "ID": "892e8101-891e4b24-43c20a0c-cda4e1ee-34cdbb93",
    "IndexInSeries": 6,
    "Labels": [],
    "MainDicomTags": {
        "ImageComments": "JPEG 2000 lossless - Version 4.0.2 (c) Image Devices GmbH",
        "ImageOrientationPatient": "1\\0\\0\\0\\1\\0",
        "ImagePositionPatient": "-151.493508\\-36.6564417\\1292.5",
        "InstanceCreationDate": "20061012",
        "InstanceCreationTime": "091607.000000",
        "InstanceNumber": "6",
        "SOPInstanceUID": "1.2.826.0.1.3680043.8.1055.1.20111102150759122.72299459.20444569"
    },
    "ParentSeries": "98d367a5-58eeba8b-f3c2da4b-de7d8f6f-ede53eb2",
    "Type": "Instance"
}
2025-05-06 04:09:34 - Erreur: StudyInstanceUID manquant après recherche exhaustive: {
    "FileSize": 95526,
    "FileUuid": "1574399b-1e17-4bff-a465-fa16e2c352ba",
    "ID": "892e8101-891e4b24-43c20a0c-cda4e1ee-34cdbb93",
    "IndexInSeries": 6,
    "Labels": [],
    "MainDicomTags": {
        "ImageComments": "JPEG 2000 lossless - Version 4.0.2 (c) Image Devices GmbH",
        "ImageOrientationPatient": "1\\0\\0\\0\\1\\0",
        "ImagePositionPatient": "-151.493508\\-36.6564417\\1292.5",
        "InstanceCreationDate": "20061012",
        "InstanceCreationTime": "091607.000000",
        "InstanceNumber": "6",
        "SOPInstanceUID": "1.2.826.0.1.3680043.8.1055.1.20111102150759122.72299459.20444569"
    },
    "ParentSeries": "98d367a5-58eeba8b-f3c2da4b-de7d8f6f-ede53eb2",
    "Type": "Instance"
}
2025-05-06 04:09:58 - Début de la requête proxy-orthanc
2025-05-06 04:09:58 - URL Orthanc: http://localhost:8042/instances
2025-05-06 04:09:58 - Méthode HTTP: POST
2025-05-06 04:09:58 - Patient ID: 1, Instance ID personnalisé: PATIENT-1-20250506020958
2025-05-06 04:09:58 - Requête Orthanc: HTTP Code=200, Réponse={
   "ID" : "9ec8fbb6-b5b6bf94-16950f4b-184a8d6e-21c21abd",
   "ParentPatient" : "b6589fc6-ab0dc82c-f12099d1-c2d40ab9-94e8410c",
   "ParentSeries" : "98d367a5-58eeba8b-f3c2da4b-de7d8f6f-ede53eb2",
   "ParentStudy" : "3abaec0a-ebfaaa87-f830d52b-d62df074-6a692c12",
   "Path" : "/instances/9ec8fbb6-b5b6bf94-16950f4b-184a8d6e-21c21abd",
   "Status" : "AlreadyStored"
}, Erreur cURL=
2025-05-06 04:09:58 - Erreur: StudyInstanceUID manquant dans les métadonnées Orthanc
2025-05-06 04:10:26 - Début de la requête proxy-orthanc
2025-05-06 04:10:26 - URL Orthanc: http://localhost:8042/instances
2025-05-06 04:10:26 - Méthode HTTP: POST
2025-05-06 04:10:26 - Patient ID: 1, Instance ID personnalisé: PATIENT-1-20250506021026
2025-05-06 04:10:26 - Requête Orthanc: HTTP Code=200, Réponse={
   "ID" : "96548d6b-b87fefbd-78a3f7c5-c5abe181-0643a103",
   "ParentPatient" : "b6589fc6-ab0dc82c-f12099d1-c2d40ab9-94e8410c",
   "ParentSeries" : "98d367a5-58eeba8b-f3c2da4b-de7d8f6f-ede53eb2",
   "ParentStudy" : "3abaec0a-ebfaaa87-f830d52b-d62df074-6a692c12",
   "Path" : "/instances/96548d6b-b87fefbd-78a3f7c5-c5abe181-0643a103",
   "Status" : "AlreadyStored"
}, Erreur cURL=
2025-05-06 04:10:26 - Erreur: StudyInstanceUID manquant dans les métadonnées Orthanc
2025-05-06 04:13:25 - Début de la requête proxy-orthanc
2025-05-06 04:13:25 - URL Orthanc: http://localhost:8042/instances
2025-05-06 04:13:25 - Méthode HTTP: POST
2025-05-06 04:13:25 - Patient ID: 1, Instance ID personnalisé: PATIENT-1-20250506021325
2025-05-06 04:13:25 - Requête Orthanc: HTTP Code=200, Réponse={
   "ID" : "96548d6b-b87fefbd-78a3f7c5-c5abe181-0643a103",
   "ParentPatient" : "b6589fc6-ab0dc82c-f12099d1-c2d40ab9-94e8410c",
   "ParentSeries" : "98d367a5-58eeba8b-f3c2da4b-de7d8f6f-ede53eb2",
   "ParentStudy" : "3abaec0a-ebfaaa87-f830d52b-d62df074-6a692c12",
   "Path" : "/instances/96548d6b-b87fefbd-78a3f7c5-c5abe181-0643a103",
   "Status" : "AlreadyStored"
}, Erreur cURL=
2025-05-06 04:13:26 - StudyInstanceUID généré: 1.2.840.113619.2.1746497606.8441
2025-05-06 04:13:26 - Instance DICOM stockée avec patient_id=1, orthanc_instance_id=96548d6b-b87fefbd-78a3f7c5-c5abe181-0643a103
2025-05-06 04:13:26 - Instance ID personnalisé appliqué: PATIENT-1-20250506021325
2025-05-06 04:13:26 - Début de la requête proxy-orthanc
2025-05-06 04:13:26 - URL Orthanc: http://localhost:8042/instances/96548d6b-b87fefbd-78a3f7c5-c5abe181-0643a103
2025-05-06 04:13:26 - Méthode HTTP: GET
2025-05-06 04:13:26 - Requête Orthanc: HTTP Code=200, Réponse={
   "FileSize" : 91264,
   "FileUuid" : "7043ba01-a582-4bcb-a2a9-287d95983359",
   "ID" : "96548d6b-b87fefbd-78a3f7c5-c5abe181-0643a103",
   "IndexInSeries" : 5,
   "Labels" : [],
   "MainDicomTags" : 
   {
      "ImageComments" : "JPEG 2000 lossless - Version 4.0.2 (c) Image Devices GmbH",
      "ImageOrientationPatient" : "1\\0\\0\\0\\1\\0",
      "ImagePositionPatient" : "-151.493508\\-36.6564417\\1293",
      "InstanceCreationDate" : "20061012",
      "InstanceCreationTime" : "091607.000000, Erreur cURL=
2025-05-06 04:14:47 - Début de la requête proxy-orthanc
2025-05-06 04:14:47 - URL Orthanc: http://localhost:8042/instances
2025-05-06 04:14:47 - Méthode HTTP: POST
2025-05-06 04:14:47 - Patient ID: 1, Instance ID personnalisé: PATIENT-1-20250506021447
2025-05-06 04:14:48 - Requête Orthanc: HTTP Code=200, Réponse={
   "ID" : "4e4bce5d-9a98e121-3d1a87bc-47f0398f-5cbefd26",
   "ParentPatient" : "b6589fc6-ab0dc82c-f12099d1-c2d40ab9-94e8410c",
   "ParentSeries" : "98d367a5-58eeba8b-f3c2da4b-de7d8f6f-ede53eb2",
   "ParentStudy" : "3abaec0a-ebfaaa87-f830d52b-d62df074-6a692c12",
   "Path" : "/instances/4e4bce5d-9a98e121-3d1a87bc-47f0398f-5cbefd26",
   "Status" : "AlreadyStored"
}, Erreur cURL=
2025-05-06 04:14:48 - StudyInstanceUID généré: 1.2.840.113619.2.1746497688.7932
2025-05-06 04:14:48 - Instance DICOM stockée avec patient_id=1, orthanc_instance_id=4e4bce5d-9a98e121-3d1a87bc-47f0398f-5cbefd26
2025-05-06 04:14:48 - Instance ID personnalisé appliqué: PATIENT-1-20250506021447
2025-05-06 04:22:47 - Début de la requête proxy-orthanc
2025-05-06 04:22:47 - URL Orthanc: http://localhost:8042/instances
2025-05-06 04:22:47 - Méthode HTTP: POST
2025-05-06 04:22:47 - Patient ID: 1, Instance ID personnalisé: PATIENT-1-20250506022247
2025-05-06 04:22:47 - Requête Orthanc: HTTP Code=200, Réponse={
   "ID" : "9a29cba5-68bed7e0-c5c01897-1771d7c8-d3dad7c2",
   "ParentPatient" : "b6589fc6-ab0dc82c-f12099d1-c2d40ab9-94e8410c",
   "ParentSeries" : "98d367a5-58eeba8b-f3c2da4b-de7d8f6f-ede53eb2",
   "ParentStudy" : "3abaec0a-ebfaaa87-f830d52b-d62df074-6a692c12",
   "Path" : "/instances/9a29cba5-68bed7e0-c5c01897-1771d7c8-d3dad7c2",
   "Status" : "Success"
}, Erreur cURL=
2025-05-06 04:22:47 - Détails de l'instance: {
    "FileSize": 91182,
    "FileUuid": "eb905344-08b8-4d71-8f71-269c1d9f0d79",
    "ID": "9a29cba5-68bed7e0-c5c01897-1771d7c8-d3dad7c2",
    "IndexInSeries": 4,
    "Labels": [],
    "MainDicomTags": {
        "ImageComments": "JPEG 2000 lossless - Version 4.0.2 (c) Image Devices GmbH",
        "ImageOrientationPatient": "1\\0\\0\\0\\1\\0",
        "ImagePositionPatient": "-151.493508\\-36.6564417\\1293.5",
        "InstanceCreationDate": "20061012",
        "InstanceCreationTime": "091607.000000",
        "InstanceNumber": "4",
        "SOPInstanceUID": "1.2.826.0.1.3680043.8.1055.1.20111102150758997.22494556.03019111"
    },
    "ParentSeries": "98d367a5-58eeba8b-f3c2da4b-de7d8f6f-ede53eb2",
    "Type": "Instance"
}
2025-05-06 04:22:47 - Tags de l'instance: {
    "0008,0005": {
        "Name": "SpecificCharacterSet",
        "Type": "String",
        "Value": "ISO_IR 100"
    },
    "0008,0008": {
        "Name": "ImageType",
        "Type": "String",
        "Value": "ORIGINAL\\PRIMARY\\AXIAL\\HELIX"
    },
    "0008,0012": {
        "Name": "InstanceCreationDate",
        "Type": "String",
        "Value": "20061012"
    },
    "0008,0013": {
        "Name": "InstanceCreationTime",
        "Type": "String",
        "Value": "091607.000000"
    },
    "0008,0016": {
        "Name": "SOPClassUID",
        "Type": "String",
        "Value": "1.2.840.10008.5.1.4.1.1.2"
    },
    "0008,0018": {
        "Name": "SOPInstanceUID",
        "Type": "String",
        "Value": "1.2.826.0.1.3680043.8.1055.1.20111102150758997.22494556.03019111"
    },
    "0008,0020": {
        "Name": "StudyDate",
        "Type": "String",
        "Value": "20061012"
    },
    "0008,0022": {
        "Name": "AcquisitionDate",
        "Type": "String",
        "Value": "20061012"
    },
    "0008,0023": {
        "Name": "ContentDate",
        "Type": "String",
        "Value": "20061012"
    },
    "0008,0030": {
        "Name": "StudyTime",
        "Type": "String",
        "Value": "090258.000000"
    },
    "0008,0032": {
        "Name": "AcquisitionTime",
        "Type": "String",
        "Value": "085229.000000"
    },
    "0008,0033": {
        "Name": "ContentTime",
        "Type": "String",
        "Value": "085229.813000"
    },
    "0008,0060": {
        "Name": "Modality",
        "Type": "String",
        "Value": "CT"
    },
    "0008,1030": {
        "Name": "StudyDescription",
        "Type": "String",
        "Value": "CT1 abdomen"
    },
    "0008,1032": {
        "Name": "ProcedureCodeSequence",
        "Type": "Sequence",
        "Value": [
            {
                "0008,0100": {
                    "Name": "CodeValue",
                    "Type": "String",
                    "Value": "CTABDOM"
                },
                "0008,0102": {
                    "Name": "CodingSchemeDesignator",
                    "Type": "String",
                    "Value": "XPLORE"
                },
                "0008,0104": {
                    "Name": "CodeMeaning",
                    "Type": "String",
                    "Value": "CT1 abdomen"
                }
            }
        ]
    },
    "0008,103e": {
        "Name": "SeriesDescription",
        "Type": "String",
        "Value": "ARTERIELLE"
    },
    "0008,1111": {
        "Name": "ReferencedPerformedProcedureStepSequence",
        "Type": "Sequence",
        "Value": [
            {
                "0008,1150": {
                    "Name": "ReferencedSOPClassUID",
                    "Type": "String",
                    "Value": "1.2.840.10008.3.1.2.3.3"
                },
                "0008,1155": {
                    "Name": "ReferencedSOPInstanceUID",
                    "Type": "String",
                    "Value": "1.2.840.113704.1.111.5104.1160636572.51"
                }
            }
        ]
    },
    "0010,0010": {
        "Name": "PatientName",
        "Type": "String",
        "Value": "Anonymized"
    },
    "0010,0020": {
        "Name": "PatientID",
        "Type": "String",
        "Value": "0"
    },
    "0010,1010": {
        "Name": "PatientAge",
        "Type": "String",
        "Value": "000Y"
    },
    "0018,0010": {
        "Name": "ContrastBolusAgent",
        "Type": "String",
        "Value": "CONTRAST"
    },
    "0018,0022": {
        "Name": "ScanOptions",
        "Type": "String",
        "Value": "HELIX"
    },
    "0018,0050": {
        "Name": "SliceThickness",
        "Type": "String",
        "Value": "1.0"
    },
    "0018,0060": {
        "Name": "KVP",
        "Type": "String",
        "Value": "120"
    },
    "0018,0088": {
        "Name": "SpacingBetweenSlices",
        "Type": "String",
        "Value": "0.5"
    },
    "0018,0090": {
        "Name": "DataCollectionDiameter",
        "Type": "String",
        "Value": "302"
    },
    "0018,1030": {
        "Name": "ProtocolName",
        "Type": "String",
        "Value": "ART.RENALES 12\/Abdomen\/Hx"
    },
    "0018,1100": {
        "Name": "ReconstructionDiameter",
        "Type": "String",
        "Value": "302"
    },
    "0018,1120": {
        "Name": "GantryDetectorTilt",
        "Type": "String",
        "Value": "0"
    },
    "0018,1130": {
        "Name": "TableHeight",
        "Type": "String",
        "Value": "151"
    },
    "0018,1140": {
        "Name": "RotationDirection",
        "Type": "String",
        "Value": "CW"
    },
    "0018,1151": {
        "Name": "XRayTubeCurrent",
        "Type": "String",
        "Value": "400"
    },
    "0018,1152": {
        "Name": "Exposure",
        "Type": "String",
        "Value": "300"
    },
    "0018,1160": {
        "Name": "FilterType",
        "Type": "String",
        "Value": "B"
    },
    "0018,1210": {
        "Name": "ConvolutionKernel",
        "Type": "String",
        "Value": "B"
    },
    "0018,5100": {
        "Name": "PatientPosition",
        "Type": "String",
        "Value": "FFS"
    },
    "0020,000d": {
        "Name": "StudyInstanceUID",
        "Type": "String",
        "Value": "1.2.826.0.1.3680043.8.1055.1.20111102150758591.92402465.76095170"
    },
    "0020,000e": {
        "Name": "SeriesInstanceUID",
        "Type": "String",
        "Value": "1.2.826.0.1.3680043.8.1055.1.20111102150758591.96842950.07877442"
    },
    "0020,0011": {
        "Name": "SeriesNumber",
        "Type": "String",
        "Value": "6168"
    },
    "0020,0013": {
        "Name": "InstanceNumber",
        "Type": "String",
        "Value": "4"
    },
    "0020,0032": {
        "Name": "ImagePositionPatient",
        "Type": "String",
        "Value": "-151.493508\\-36.6564417\\1293.5"
    },
    "0020,0037": {
        "Name": "ImageOrientationPatient",
        "Type": "String",
        "Value": "1\\0\\0\\0\\1\\0"
    },
    "0020,0052": {
        "Name": "FrameOfReferenceUID",
        "Type": "String",
        "Value": "1.2.840.113704.1.111.3704.1160637109.3"
    },
    "0020,1041": {
        "Name": "SliceLocation",
        "Type": "String",
        "Value": "-323.50"
    },
    "0020,4000": {
        "Name": "ImageComments",
        "Type": "String",
        "Value": "JPEG 2000 lossless - Version 4.0.2 (c) Image Devices GmbH"
    },
    "0028,0002": {
        "Name": "SamplesPerPixel",
        "Type": "String",
        "Value": "1"
    },
    "0028,0004": {
        "Name": "PhotometricInterpretation",
        "Type": "String",
        "Value": "MONOCHROME2"
    },
    "0028,0010": {
        "Name": "Rows",
        "Type": "String",
        "Value": "512"
    },
    "0028,0011": {
        "Name": "Columns",
        "Type": "String",
        "Value": "512"
    },
    "0028,0030": {
        "Name": "PixelSpacing",
        "Type": "String",
        "Value": "0.58984375\\0.58984375"
    },
    "0028,0100": {
        "Name": "BitsAllocated",
        "Type": "String",
        "Value": "16"
    },
    "0028,0101": {
        "Name": "BitsStored",
        "Type": "String",
        "Value": "12"
    },
    "0028,0102": {
        "Name": "HighBit",
        "Type": "String",
        "Value": "11"
    },
    "0028,0103": {
        "Name": "PixelRepresentation",
        "Type": "String",
        "Value": "0"
    },
    "0028,1050": {
        "Name": "WindowCenter",
        "Type": "String",
        "Value": "00050\\00050"
    },
    "0028,1051": {
        "Name": "WindowWidth",
        "Type": "String",
        "Value": "00350\\00350"
    },
    "0028,1052": {
        "Name": "RescaleIntercept",
        "Type": "String",
        "Value": "-1000"
    },
    "0028,1053": {
        "Name": "RescaleSlope",
        "Type": "String",
        "Value": "1"
    },
    "0028,2110": {
        "Name": "LossyImageCompression",
        "Type": "String",
        "Value": "01"
    },
    "0028,2112": {
        "Name": "LossyImageCompressionRatio",
        "Type": "String",
        "Value": "5.887304"
    },
    "0040,0007": {
        "Name": "ScheduledProcedureStepDescription",
        "Type": "String",
        "Value": "CT1 abdomen"
    },
    "0040,0008": {
        "Name": "ScheduledProtocolCodeSequence",
        "Type": "Sequence",
        "Value": [
            {
                "0008,0100": {
                    "Name": "CodeValue",
                    "Type": "String",
                    "Value": "CTABDOM"
                },
                "0008,0102": {
                    "Name": "CodingSchemeDesignator",
                    "Type": "String",
                    "Value": "XPLORE"
                },
                "0008,0104": {
                    "Name": "CodeMeaning",
                    "Type": "String",
                    "Value": "CT1 abdomen"
                }
            }
        ]
    },
    "0040,0009": {
        "Name": "ScheduledProcedureStepID",
        "Type": "String",
        "Value": "A10026177758"
    },
    "0040,0254": {
        "Name": "PerformedProcedureStepDescription",
        "Type": "String",
        "Value": "CT1 abdomen"
    },
    "0040,0260": {
        "Name": "PerformedProtocolCodeSequence",
        "Type": "Sequence",
        "Value": [
            {
                "0008,0100": {
                    "Name": "CodeValue",
                    "Type": "String",
                    "Value": "CTABDOM"
                },
                "0008,0102": {
                    "Name": "CodingSchemeDesignator",
                    "Type": "String",
                    "Value": "XPLORE"
                },
                "0008,0104": {
                    "Name": "CodeMeaning",
                    "Type": "String",
                    "Value": "CT1 abdomen"
                }
            }
        ]
    },
    "0040,0275": {
        "Name": "RequestAttributesSequence",
        "Type": "Sequence",
        "Value": [
            {
                "0040,0007": {
                    "Name": "ScheduledProcedureStepDescription",
                    "Type": "String",
                    "Value": "CT1 abdomen"
                },
                "0040,0008": {
                    "Name": "ScheduledProtocolCodeSequence",
                    "Type": "Sequence",
                    "Value": [
                        {
                            "0008,0100": {
                                "Name": "CodeValue",
                                "Type": "String",
                                "Value": "CTABDOM"
                            },
                            "0008,0102": {
                                "Name": "CodingSchemeDesignator",
                                "Type": "String",
                                "Value": "XPLORE"
                            },
                            "0008,0104": {
                                "Name": "CodeMeaning",
                                "Type": "String",
                                "Value": "CT1 abdomen"
                            }
                        }
                    ]
                },
                "0040,0009": {
                    "Name": "ScheduledProcedureStepID",
                    "Type": "String",
                    "Value": "A10026177758"
                },
                "0040,1001": {
                    "Name": "RequestedProcedureID",
                    "Type": "String",
                    "Value": "A10026177757"
                }
            }
        ]
    },
    "0040,1001": {
        "Name": "RequestedProcedureID",
        "Type": "String",
        "Value": "A10026177757"
    },
    "7fe0,0010": {
        "Name": "PixelData",
        "Type": "Null",
        "Value": null
    }
}
2025-05-06 04:22:47 - Erreur: StudyInstanceUID introuvable dans l'instance ou l'étude parente
2025-05-06 04:23:29 - Début de la requête proxy-orthanc
2025-05-06 04:23:29 - URL Orthanc: http://localhost:8042/instances
2025-05-06 04:23:29 - Méthode HTTP: GET
2025-05-06 04:23:29 - Requête Orthanc: HTTP Code=200, Réponse=[
   "06ea7b60-3497774d-50e19bee-a577ad30-18fd5343",
   "094563e4-74b821f1-120c8584-6236b3ba-05716a47",
   "127cebed-72b718d7-d77db86d-8d17d9ab-edd89842",
   "24e83fd1-ddd03175-beb6aa86-f4ce6432-4241b24f",
   "26952bd2-9569483f-e0549aca-a33b9065-69c33884",
   "2faf6dae-1e8dd60c-78fbca50-98cc48e7-66559504",
   "4e4bce5d-9a98e121-3d1a87bc-47f0398f-5cbefd26",
   "582dde1a-6ee0dcb1-dc2c0a3c-06a79b2f-211eda06",
   "5974bce8-dfa0d418-48e52945-578a9547-fbb8179e",
   "63831658-2ed313e4-bdd47183-6c1be4da, Erreur cURL=
2025-05-06 04:27:12 - Début de la requête proxy-orthanc
2025-05-06 04:27:12 - URL Orthanc: http://localhost:8042/instances
2025-05-06 04:27:12 - Méthode HTTP: POST
2025-05-06 04:27:12 - Patient ID: 1, Instance ID personnalisé: PATIENT-1-20250506022712
2025-05-06 04:27:13 - Erreur: Impossible d'extraire le StudyInstanceUID du fichier DICOM: 'dcmdump' n'est pas reconnu en tant que commande interne ou externe, un programme ex�cutable ou un fichier de commandes.
2025-05-06 04:27:30 - Début de la requête proxy-orthanc
2025-05-06 04:27:30 - URL Orthanc: http://localhost:8042/instances
2025-05-06 04:27:30 - Méthode HTTP: POST
2025-05-06 04:27:30 - Patient ID: 1, Instance ID personnalisé: PATIENT-1-20250506022730
2025-05-06 04:27:30 - Erreur: Impossible d'extraire le StudyInstanceUID du fichier DICOM: 'dcmdump' n'est pas reconnu en tant que commande interne ou externe, un programme ex�cutable ou un fichier de commandes.
2025-05-06 04:28:16 - Début de la requête proxy-orthanc
2025-05-06 04:28:16 - URL Orthanc: http://localhost:8042/instances
2025-05-06 04:28:16 - Méthode HTTP: POST
2025-05-06 04:28:16 - Patient ID: 1, Instance ID personnalisé: PATIENT-1-20250506022816
2025-05-06 04:28:17 - Erreur: Impossible d'extraire le StudyInstanceUID du fichier DICOM: 'dcmdump' n'est pas reconnu en tant que commande interne ou externe, un programme ex�cutable ou un fichier de commandes.
2025-05-06 04:28:27 - Début de la requête proxy-orthanc
2025-05-06 04:28:27 - URL Orthanc: http://localhost:8042/instances
2025-05-06 04:28:27 - Méthode HTTP: POST
2025-05-06 04:28:27 - Patient ID: 1, Instance ID personnalisé: PATIENT-1-20250506022827
2025-05-06 04:28:27 - Erreur: Impossible d'extraire le StudyInstanceUID du fichier DICOM: 'dcmdump' n'est pas reconnu en tant que commande interne ou externe, un programme ex�cutable ou un fichier de commandes.
2025-05-06 04:33:16 - Début de la requête proxy-orthanc
2025-05-06 04:33:16 - URL Orthanc: http://localhost:8042/instances
2025-05-06 04:33:16 - Méthode HTTP: POST
2025-05-06 04:33:16 - Patient ID: 1, Instance ID personnalisé: PATIENT-1-20250506023316
2025-05-06 04:33:16 - Erreur: Impossible d'extraire le StudyInstanceUID du fichier DICOM: 'dcmdump' n'est pas reconnu en tant que commande interne ou externe, un programme ex�cutable ou un fichier de commandes.
2025-05-06 04:36:27 - Début de la requête proxy-orthanc
2025-05-06 04:36:28 - URL Orthanc: http://localhost:8042/instances
2025-05-06 04:36:28 - Méthode HTTP: POST
2025-05-06 04:36:28 - Patient ID: 1, Instance ID personnalisé: PATIENT-1-20250506023627
2025-05-06 04:36:28 - Sortie brute de dcmdump: 'dcmdump' n'est pas reconnu en tant que commande interne
ou externe, un programme ex�cutable ou un fichier de commandes.
2025-05-06 04:36:28 - Code de retour de dcmdump: 1
2025-05-06 04:36:28 - Erreur: Impossible d'extraire le StudyInstanceUID du fichier DICOM
2025-05-06 04:39:39 - Début de la requête proxy-orthanc
2025-05-06 04:39:39 - URL Orthanc: http://localhost:8042/instances
2025-05-06 04:39:39 - Méthode HTTP: POST
2025-05-06 04:39:39 - Patient ID: 1, Instance ID personnalisé: PATIENT-1-20250506023939, Fichier temporaire: C:\xampp\tmp\php91E7.tmp
2025-05-06 04:39:39 - Erreur: Le fichier n'a pas la signature DICOM (DICM)
2025-05-06 04:43:38 - Début de la requête proxy-orthanc
2025-05-06 04:43:38 - URL Orthanc: http://localhost:8042/instances
2025-05-06 04:43:38 - Méthode HTTP: POST
2025-05-06 04:43:38 - Patient ID: 1, Instance ID personnalisé: PATIENT-1-20250506024338, Fichier temporaire: C:\xampp\tmp\php36B5.tmp
2025-05-06 04:43:38 - Signature DICOM (offset 128-131): Présente (DICM)
2025-05-06 04:43:38 - 132 premiers octets (hex): 00000000000000000000000000000000 00000000000000000000000000000000 00000000000000000000000000000000 00000000000000000000000000000000 00000000000000000000000000000000 00000000000000000000000000000000 00000000000000000000000000000000 00000000000000000000000000000000 4449434d 
2025-05-06 04:43:38 - Commande dcmdump exécutée: dcmdump -q +P 0020,000D ""C:\xampp\tmp\php36B5.tmp"" 2>&1
2025-05-06 04:43:38 - Sortie brute de dcmdump: 'dcmdump' n'est pas reconnu en tant que commande interne
ou externe, un programme ex�cutable ou un fichier de commandes.
2025-05-06 04:43:38 - Code de retour de dcmdump: 1
2025-05-06 04:43:38 - Erreur d'exécution de dcmdump: Code de retour 1
2025-05-06 04:49:28 - Début de la requête proxy-orthanc
2025-05-06 04:49:28 - URL Orthanc: http://localhost:8042/instances
2025-05-06 04:49:28 - Méthode HTTP: POST
2025-05-06 04:49:28 - Patient ID: 1, Instance ID personnalisé: PATIENT-1-20250506024928, Fichier temporaire: C:\xampp\tmp\php8CFC.tmp
2025-05-06 04:49:28 - Signature DICOM (offset 128-131): Présente (DICM)
2025-05-06 04:49:28 - 132 premiers octets (hex): 00000000000000000000000000000000 00000000000000000000000000000000 00000000000000000000000000000000 00000000000000000000000000000000 00000000000000000000000000000000 00000000000000000000000000000000 00000000000000000000000000000000 00000000000000000000000000000000 4449434d 
2025-05-06 04:49:28 - Commande dcmdump exécutée: dcmdump -q +P 0020,000D ""C:\xampp\tmp\php8CFC.tmp"" 2>&1
2025-05-06 04:49:28 - Sortie brute de dcmdump: 'dcmdump' n'est pas reconnu en tant que commande interne
ou externe, un programme ex�cutable ou un fichier de commandes.
2025-05-06 04:49:28 - Code de retour de dcmdump: 1
2025-05-06 04:49:28 - Erreur d'exécution de dcmdump: Code de retour 1
2025-05-06 04:49:41 - Début de la requête proxy-orthanc
2025-05-06 04:49:41 - URL Orthanc: http://localhost:8042/instances
2025-05-06 04:49:41 - Méthode HTTP: POST
2025-05-06 04:49:41 - Patient ID: 1, Instance ID personnalisé: PATIENT-1-20250506024941, Fichier temporaire: C:\xampp\tmp\phpC0CE.tmp
2025-05-06 04:49:41 - Signature DICOM (offset 128-131): Présente (DICM)
2025-05-06 04:49:41 - 132 premiers octets (hex): 00000000000000000000000000000000 00000000000000000000000000000000 00000000000000000000000000000000 00000000000000000000000000000000 00000000000000000000000000000000 00000000000000000000000000000000 00000000000000000000000000000000 00000000000000000000000000000000 4449434d 
2025-05-06 04:49:41 - Commande dcmdump exécutée: dcmdump -q +P 0020,000D ""C:\xampp\tmp\phpC0CE.tmp"" 2>&1
2025-05-06 04:49:41 - Sortie brute de dcmdump: 'dcmdump' n'est pas reconnu en tant que commande interne
ou externe, un programme ex�cutable ou un fichier de commandes.
2025-05-06 04:49:41 - Code de retour de dcmdump: 1
2025-05-06 04:49:41 - Erreur d'exécution de dcmdump: Code de retour 1
2025-05-06 05:01:16 - Début de la requête proxy-orthanc
2025-05-06 05:01:16 - URL Orthanc: http://localhost:8042/instances
2025-05-06 05:01:16 - Méthode HTTP: POST
2025-05-06 05:01:16 - Patient ID: 1, Instance ID personnalisé: PATIENT-1-20250506030116, Fichier temporaire: C:\xampp\tmp\php5A50.tmp
2025-05-06 05:01:16 - Signature DICOM (offset 128-131): Présente (DICM)
2025-05-06 05:01:16 - 132 premiers octets (hex): 00000000000000000000000000000000 00000000000000000000000000000000 00000000000000000000000000000000 00000000000000000000000000000000 00000000000000000000000000000000 00000000000000000000000000000000 00000000000000000000000000000000 00000000000000000000000000000000 4449434d 
2025-05-06 05:01:16 - Commande dcmdump exécutée: dcmdump -q +P 0020,000D ""C:\xampp\tmp\php5A50.tmp"" 2>&1
2025-05-06 05:01:16 - Sortie brute de dcmdump: 'dcmdump' n'est pas reconnu en tant que commande interne
ou externe, un programme ex�cutable ou un fichier de commandes.
2025-05-06 05:01:16 - Code de retour de dcmdump: 1
2025-05-06 05:01:16 - Erreur d'exécution de dcmdump: Code de retour 1
2025-05-06 05:01:16 - Exception capturée: Erreur lors de l'analyse du fichier DICOM avec dcmdump, Détails: 
2025-05-06 05:03:57 - Début de la requête proxy-orthanc
2025-05-06 05:03:57 - URL Orthanc: http://localhost:8042/instances
2025-05-06 05:03:57 - Méthode HTTP: POST
2025-05-06 05:03:57 - Patient ID: 1, Instance ID personnalisé: PATIENT-1-20250506030357, Fichier temporaire: C:\xampp\tmp\phpD10D.tmp
2025-05-06 05:03:57 - Signature DICOM (offset 128-131): Présente (DICM)
2025-05-06 05:03:57 - 132 premiers octets (hex): 00000000000000000000000000000000 00000000000000000000000000000000 00000000000000000000000000000000 00000000000000000000000000000000 00000000000000000000000000000000 00000000000000000000000000000000 00000000000000000000000000000000 00000000000000000000000000000000 4449434d 
2025-05-06 05:03:57 - Commande dcmdump exécutée: dcmdump -q +P 0020,000D ""C:\xampp\tmp\phpD10D.tmp"" 2>&1
2025-05-06 05:03:57 - Sortie brute de dcmdump: 'dcmdump' n'est pas reconnu en tant que commande interne
ou externe, un programme ex�cutable ou un fichier de commandes.
2025-05-06 05:03:57 - Code de retour de dcmdump: 1
2025-05-06 05:03:57 - Erreur d'exécution de dcmdump: Code de retour 1
2025-05-06 05:03:57 - Exception capturée: Erreur lors de l'analyse du fichier DICOM avec dcmdump, Détails: 
2025-05-06 05:06:58 - Début de la requête proxy-orthanc
2025-05-06 05:06:58 - URL Orthanc: http://localhost:8042/instances
2025-05-06 05:06:58 - Méthode HTTP: POST
2025-05-06 05:06:58 - Patient ID: 1, Instance ID personnalisé: PATIENT-1-20250506030658
2025-05-06 05:06:58 - Requête Orthanc: HTTP Code=200, Réponse={
   "ID" : "03c9a57e-19836571-d4eefc16-2ad94243-9c8b63e2",
   "ParentPatient" : "b6589fc6-ab0dc82c-f12099d1-c2d40ab9-94e8410c",
   "ParentSeries" : "98d367a5-58eeba8b-f3c2da4b-de7d8f6f-ede53eb2",
   "ParentStudy" : "3abaec0a-ebfaaa87-f830d52b-d62df074-6a692c12",
   "Path" : "/instances/03c9a57e-19836571-d4eefc16-2ad94243-9c8b63e2",
   "Status" : "Success"
}, Erreur cURL=
2025-05-06 05:06:59 - StudyInstanceUID généré: 1.2.840.113619.2.1746500819.2545
2025-05-06 05:06:59 - Instance DICOM stockée avec patient_id=1, orthanc_instance_id=03c9a57e-19836571-d4eefc16-2ad94243-9c8b63e2
2025-05-06 05:06:59 - Instance ID personnalisé appliqué: PATIENT-1-20250506030658
2025-05-06 05:24:26 - Début de la requête proxy-orthanc
2025-05-06 05:24:26 - URL Orthanc: http://localhost:8042/instances
2025-05-06 05:24:26 - Méthode HTTP: GET
2025-05-06 05:24:26 - Requête Orthanc: HTTP Code=200, Réponse=[
   "03c9a57e-19836571-d4eefc16-2ad94243-9c8b63e2",
   "06ea7b60-3497774d-50e19bee-a577ad30-18fd5343",
   "094563e4-74b821f1-120c8584-6236b3ba-05716a47",
   "127cebed-72b718d7-d77db86d-8d17d9ab-edd89842",
   "24e83fd1-ddd03175-beb6aa86-f4ce6432-4241b24f",
   "26952bd2-9569483f-e0549aca-a33b9065-69c33884",
   "2faf6dae-1e8dd60c-78fbca50-98cc48e7-66559504",
   "4e4bce5d-9a98e121-3d1a87bc-47f0398f-5cbefd26",
   "582dde1a-6ee0dcb1-dc2c0a3c-06a79b2f-211eda06",
   "5974bce8-dfa0d418-48e52945-578a9547, Erreur cURL=
2025-05-06 05:24:26 - Début de la requête proxy-orthanc
2025-05-06 05:24:26 - URL Orthanc: http://localhost:8042/instances/03c9a57e-19836571-d4eefc16-2ad94243-9c8b63e2
2025-05-06 05:24:26 - Méthode HTTP: GET
2025-05-06 05:24:26 - Début de la requête proxy-orthanc
2025-05-06 05:24:26 - URL Orthanc: http://localhost:8042/instances/24e83fd1-ddd03175-beb6aa86-f4ce6432-4241b24f
2025-05-06 05:24:26 - Méthode HTTP: GET
2025-05-06 05:24:27 - Requête Orthanc: HTTP Code=200, Réponse={
   "FileSize" : 91250,
   "FileUuid" : "31fe318b-d5b9-48f9-9605-0061b7b301b2",
   "ID" : "03c9a57e-19836571-d4eefc16-2ad94243-9c8b63e2",
   "IndexInSeries" : 1,
   "Labels" : [],
   "MainDicomTags" : 
   {
      "ImageComments" : "JPEG 2000 lossless - Version 4.0.2 (c) Image Devices GmbH",
      "ImageOrientationPatient" : "1\\0\\0\\0\\1\\0",
      "ImagePositionPatient" : "-151.493508\\-36.6564417\\1295",
      "InstanceCreationDate" : "20061012",
      "InstanceCreationTime" : "091605.000000, Erreur cURL=
2025-05-06 05:24:27 - Début de la requête proxy-orthanc
2025-05-06 05:24:27 - URL Orthanc: http://localhost:8042/instances/26952bd2-9569483f-e0549aca-a33b9065-69c33884
2025-05-06 05:24:27 - Requête Orthanc: HTTP Code=200, Réponse={
   "FileSize" : 526336,
   "FileUuid" : "1b56fb91-ea25-44cc-8c18-5f24da876928",
   "ID" : "24e83fd1-ddd03175-beb6aa86-f4ce6432-4241b24f",
   "IndexInSeries" : 14001,
   "Labels" : [],
   "MainDicomTags" : 
   {
      "AcquisitionNumber" : "14",
      "ImageComments" : "",
      "ImageOrientationPatient" : "1.0000\\0.0000\\0.0000\\0.0000\\1.0000\\0.0000",
      "ImagePositionPatient" : "-175.1000\\-175.1000\\-120.0000",
      "InstanceCreationDate" : "19970114",
      "InstanceCreationTime" : ", Erreur cURL=
2025-05-06 05:24:27 - Méthode HTTP: GET
2025-05-06 05:24:27 - Début de la requête proxy-orthanc
2025-05-06 05:24:27 - URL Orthanc: http://localhost:8042/instances/2faf6dae-1e8dd60c-78fbca50-98cc48e7-66559504
2025-05-06 05:24:27 - Méthode HTTP: GET
2025-05-06 05:24:27 - Début de la requête proxy-orthanc
2025-05-06 05:24:27 - URL Orthanc: http://localhost:8042/instances/127cebed-72b718d7-d77db86d-8d17d9ab-edd89842
2025-05-06 05:24:27 - Début de la requête proxy-orthanc
2025-05-06 05:24:27 - Début de la requête proxy-orthanc
2025-05-06 05:24:27 - URL Orthanc: http://localhost:8042/instances/9a29cba5-68bed7e0-c5c01897-1771d7c8-d3dad7c2
2025-05-06 05:24:27 - Méthode HTTP: GET
2025-05-06 05:24:27 - URL Orthanc: http://localhost:8042/instances/094563e4-74b821f1-120c8584-6236b3ba-05716a47
2025-05-06 05:24:27 - Méthode HTTP: GET
2025-05-06 05:24:27 - Requête Orthanc: HTTP Code=200, Réponse={
   "FileSize" : 526336,
   "FileUuid" : "9702e94e-8902-4103-ae55-af77a92efc6a",
   "ID" : "26952bd2-9569483f-e0549aca-a33b9065-69c33884",
   "IndexInSeries" : 17001,
   "Labels" : [],
   "MainDicomTags" : 
   {
      "AcquisitionNumber" : "17",
      "ImageComments" : "",
      "ImageOrientationPatient" : "1.0000\\0.0000\\0.0000\\0.0000\\1.0000\\0.0000",
      "ImagePositionPatient" : "-175.1000\\-175.1000\\-150.0000",
      "InstanceCreationDate" : "19970114",
      "InstanceCreationTime" : ", Erreur cURL=
2025-05-06 05:24:27 - Requête Orthanc: HTTP Code=200, Réponse={
   "FileSize" : 526336,
   "FileUuid" : "43af4eee-ad27-4654-b4a1-e5a62a718f5a",
   "ID" : "2faf6dae-1e8dd60c-78fbca50-98cc48e7-66559504",
   "IndexInSeries" : 20001,
   "Labels" : [],
   "MainDicomTags" : 
   {
      "AcquisitionNumber" : "20",
      "ImageComments" : "",
      "ImageOrientationPatient" : "1.0000\\0.0000\\0.0000\\0.0000\\1.0000\\0.0000",
      "ImagePositionPatient" : "-175.1000\\-175.1000\\-180.0000",
      "InstanceCreationDate" : "19970114",
      "InstanceCreationTime" : ", Erreur cURL=
2025-05-06 05:24:27 - Début de la requête proxy-orthanc
2025-05-06 05:24:27 - URL Orthanc: http://localhost:8042/instances/4e4bce5d-9a98e121-3d1a87bc-47f0398f-5cbefd26
2025-05-06 05:24:27 - Méthode HTTP: GET
2025-05-06 05:24:27 - Début de la requête proxy-orthanc
2025-05-06 05:24:27 - URL Orthanc: http://localhost:8042/instances/582dde1a-6ee0dcb1-dc2c0a3c-06a79b2f-211eda06
2025-05-06 05:24:27 - Méthode HTTP: GET
2025-05-06 05:24:27 - Requête Orthanc: HTTP Code=200, Réponse={
   "FileSize" : 97246,
   "FileUuid" : "45e525e8-885a-4c23-80a7-9e1aa54ead5e",
   "ID" : "127cebed-72b718d7-d77db86d-8d17d9ab-edd89842",
   "IndexInSeries" : 87,
   "Labels" : [],
   "MainDicomTags" : 
   {
      "ImageComments" : "JPEG 2000 lossless - Version 4.0.2 (c) Image Devices GmbH",
      "ImageOrientationPatient" : "1\\0\\0\\0\\1\\0",
      "ImagePositionPatient" : "-151.493508\\-36.6564417\\1252",
      "InstanceCreationDate" : "20061012",
      "InstanceCreationTime" : "091628.00000, Erreur cURL=
2025-05-06 05:24:27 - Requête Orthanc: HTTP Code=200, Réponse={
   "FileSize" : 91182,
   "FileUuid" : "eb905344-08b8-4d71-8f71-269c1d9f0d79",
   "ID" : "9a29cba5-68bed7e0-c5c01897-1771d7c8-d3dad7c2",
   "IndexInSeries" : 4,
   "Labels" : [],
   "MainDicomTags" : 
   {
      "ImageComments" : "JPEG 2000 lossless - Version 4.0.2 (c) Image Devices GmbH",
      "ImageOrientationPatient" : "1\\0\\0\\0\\1\\0",
      "ImagePositionPatient" : "-151.493508\\-36.6564417\\1293.5",
      "InstanceCreationDate" : "20061012",
      "InstanceCreationTime" : "091607.0000, Erreur cURL=
2025-05-06 05:24:27 - Début de la requête proxy-orthanc
2025-05-06 05:24:27 - URL Orthanc: http://localhost:8042/instances/f6243344-db8927bb-e473639b-d510b561-aea4fd06
2025-05-06 05:24:27 - Méthode HTTP: GET
2025-05-06 05:24:27 - Début de la requête proxy-orthanc
2025-05-06 05:24:27 - URL Orthanc: http://localhost:8042/instances/5974bce8-dfa0d418-48e52945-578a9547-fbb8179e
2025-05-06 05:24:27 - Méthode HTTP: GET
2025-05-06 05:24:27 - Début de la requête proxy-orthanc
2025-05-06 05:24:27 - URL Orthanc: http://localhost:8042/instances/06ea7b60-3497774d-50e19bee-a577ad30-18fd5343
2025-05-06 05:24:27 - Méthode HTTP: GET
2025-05-06 05:24:27 - Requête Orthanc: HTTP Code=200, Réponse={
   "FileSize" : 526336,
   "FileUuid" : "847455dd-9936-4c5a-9d73-29f225acd32b",
   "ID" : "094563e4-74b821f1-120c8584-6236b3ba-05716a47",
   "IndexInSeries" : 5003,
   "Labels" : [],
   "MainDicomTags" : 
   {
      "AcquisitionNumber" : " 5",
      "ImageComments" : "MD",
      "ImageOrientationPatient" : "1.0000\\0.0000\\0.0000\\0.0000\\1.0000\\0.0000",
      "ImagePositionPatient" : "-80.7000\\-75.1000\\-61.0000",
      "InstanceCreationDate" : "19970114",
      "InstanceCreationTime" : "03, Erreur cURL=
2025-05-06 05:24:27 - Requête Orthanc: HTTP Code=200, Réponse={
   "FileSize" : 91614,
   "FileUuid" : "1466d84e-b856-44f4-8d7e-8f0165294fc2",
   "ID" : "4e4bce5d-9a98e121-3d1a87bc-47f0398f-5cbefd26",
   "IndexInSeries" : 7,
   "Labels" : [],
   "MainDicomTags" : 
   {
      "ImageComments" : "JPEG 2000 lossless - Version 4.0.2 (c) Image Devices GmbH",
      "ImageOrientationPatient" : "1\\0\\0\\0\\1\\0",
      "ImagePositionPatient" : "-151.493508\\-36.6564417\\1292",
      "InstanceCreationDate" : "20061012",
      "InstanceCreationTime" : "091607.000000, Erreur cURL=
2025-05-06 05:24:27 - Début de la requête proxy-orthanc
2025-05-06 05:24:27 - URL Orthanc: http://localhost:8042/instances/63831658-2ed313e4-bdd47183-6c1be4da-c0022bb4
2025-05-06 05:24:27 - Méthode HTTP: GET
2025-05-06 05:24:27 - Requête Orthanc: HTTP Code=200, Réponse={
   "FileSize" : 527206,
   "FileUuid" : "795689db-f22a-4dce-b798-da7adabb6f0e",
   "ID" : "582dde1a-6ee0dcb1-dc2c0a3c-06a79b2f-211eda06",
   "IndexInSeries" : null,
   "Labels" : [],
   "MainDicomTags" : 
   {
      "InstanceCreationDate" : "20250421",
      "InstanceCreationTime" : "202125.000000",
      "SOPInstanceUID" : "1.2.276.0.7230010.3.1.4.1159938914.5836.1745266885.814"
   },
   "ParentSeries" : "4541c007-3ddcd5b2-6bf192fc-d28df38d-afe5c271",
   "Type" : "Instance"
}, Erreur cURL=
2025-05-06 05:24:27 - Début de la requête proxy-orthanc
2025-05-06 05:24:27 - Début de la requête proxy-orthanc
2025-05-06 05:24:27 - URL Orthanc: http://localhost:8042/instances/6be8f9b5-0a47915b-56fd8a11-4d94300c-9bfb83c4
2025-05-06 05:24:27 - Méthode HTTP: GET
2025-05-06 05:24:27 - URL Orthanc: http://localhost:8042/instances/75c6d27e-9c7d0b29-ef99341d-b7507933-63d3057d
2025-05-06 05:24:27 - Méthode HTTP: GET
2025-05-06 05:24:27 - Requête Orthanc: HTTP Code=200, Réponse={
   "FileSize" : 91494,
   "FileUuid" : "78180ea2-5568-4a5b-ac83-b0bd4ad027a0",
   "ID" : "f6243344-db8927bb-e473639b-d510b561-aea4fd06",
   "IndexInSeries" : 2,
   "Labels" : [],
   "MainDicomTags" : 
   {
      "ImageComments" : "JPEG 2000 lossless - Version 4.0.2 (c) Image Devices GmbH",
      "ImageOrientationPatient" : "1\\0\\0\\0\\1\\0",
      "ImagePositionPatient" : "-151.493508\\-36.6564417\\1294.5",
      "InstanceCreationDate" : "20061012",
      "InstanceCreationTime" : "091606.0000, Erreur cURL=
2025-05-06 05:24:27 - Requête Orthanc: HTTP Code=200, Réponse={
   "FileSize" : 526336,
   "FileUuid" : "11a7f312-517f-42ad-a5f0-e749b0038b6c",
   "ID" : "5974bce8-dfa0d418-48e52945-578a9547-fbb8179e",
   "IndexInSeries" : 18001,
   "Labels" : [],
   "MainDicomTags" : 
   {
      "AcquisitionNumber" : "18",
      "ImageComments" : "",
      "ImageOrientationPatient" : "1.0000\\0.0000\\0.0000\\0.0000\\1.0000\\0.0000",
      "ImagePositionPatient" : "-175.1000\\-175.1000\\-160.0000",
      "InstanceCreationDate" : "19970114",
      "InstanceCreationTime" : ", Erreur cURL=
2025-05-06 05:24:27 - Début de la requête proxy-orthanc
2025-05-06 05:24:27 - Début de la requête proxy-orthanc
2025-05-06 05:24:27 - URL Orthanc: http://localhost:8042/instances/892e8101-891e4b24-43c20a0c-cda4e1ee-34cdbb93
2025-05-06 05:24:27 - Méthode HTTP: GET
2025-05-06 05:24:27 - URL Orthanc: http://localhost:8042/instances/9ec8fbb6-b5b6bf94-16950f4b-184a8d6e-21c21abd
2025-05-06 05:24:27 - Méthode HTTP: GET
2025-05-06 05:24:27 - Requête Orthanc: HTTP Code=200, Réponse={
   "FileSize" : 526336,
   "FileUuid" : "18595efd-f373-4173-a048-6de33ca05bca",
   "ID" : "63831658-2ed313e4-bdd47183-6c1be4da-c0022bb4",
   "IndexInSeries" : 15001,
   "Labels" : [],
   "MainDicomTags" : 
   {
      "AcquisitionNumber" : "15",
      "ImageComments" : "",
      "ImageOrientationPatient" : "1.0000\\0.0000\\0.0000\\0.0000\\1.0000\\0.0000",
      "ImagePositionPatient" : "-175.1000\\-175.1000\\-130.0000",
      "InstanceCreationDate" : "19970114",
      "InstanceCreationTime" : ", Erreur cURL=
2025-05-06 05:24:27 - Début de la requête proxy-orthanc
2025-05-06 05:24:27 - URL Orthanc: http://localhost:8042/instances/b7fb1fb4-142e5a15-333ae197-298b1626-11f8833b
2025-05-06 05:24:27 - Méthode HTTP: GET
2025-05-06 05:24:27 - Requête Orthanc: HTTP Code=200, Réponse={
   "FileSize" : 94292,
   "FileUuid" : "8df9dc92-06f7-489e-998e-5c34755e2119",
   "ID" : "06ea7b60-3497774d-50e19bee-a577ad30-18fd5343",
   "IndexInSeries" : 300,
   "Labels" : [],
   "MainDicomTags" : 
   {
      "ImageComments" : "JPEG 2000 lossless - Version 4.0.2 (c) Image Devices GmbH",
      "ImageOrientationPatient" : "1\\0\\0\\0\\1\\0",
      "ImagePositionPatient" : "-151.493508\\-36.6564417\\1145.5",
      "InstanceCreationDate" : "20061012",
      "InstanceCreationTime" : "091723.00, Erreur cURL=
2025-05-06 05:24:27 - Début de la requête proxy-orthanc
2025-05-06 05:24:27 - URL Orthanc: http://localhost:8042/instances/bc61cc15-593581eb-104dd853-f8e2ae2f-19704638
2025-05-06 05:24:27 - Méthode HTTP: GET
2025-05-06 05:24:27 - Requête Orthanc: HTTP Code=200, Réponse={
   "FileSize" : 91754,
   "FileUuid" : "69983b39-cdaa-42dd-8768-cc51e4e61c80",
   "ID" : "6be8f9b5-0a47915b-56fd8a11-4d94300c-9bfb83c4",
   "IndexInSeries" : 9,
   "Labels" : [],
   "MainDicomTags" : 
   {
      "ImageComments" : "JPEG 2000 lossless - Version 4.0.2 (c) Image Devices GmbH",
      "ImageOrientationPatient" : "1\\0\\0\\0\\1\\0",
      "ImagePositionPatient" : "-151.493508\\-36.6564417\\1291",
      "InstanceCreationDate" : "20061012",
      "InstanceCreationTime" : "091607.000000, Erreur cURL=
2025-05-06 05:24:27 - Requête Orthanc: HTTP Code=200, Réponse={
   "FileSize" : 526336,
   "FileUuid" : "7ef2cfb2-cd10-40ef-8012-0b6fd7578b13",
   "ID" : "75c6d27e-9c7d0b29-ef99341d-b7507933-63d3057d",
   "IndexInSeries" : 21001,
   "Labels" : [],
   "MainDicomTags" : 
   {
      "AcquisitionNumber" : "21",
      "ImageComments" : "",
      "ImageOrientationPatient" : "1.0000\\0.0000\\0.0000\\0.0000\\1.0000\\0.0000",
      "ImagePositionPatient" : "-175.1000\\-175.1000\\-190.0000",
      "InstanceCreationDate" : "19970114",
      "InstanceCreationTime" : ", Erreur cURL=
2025-05-06 05:24:27 - Début de la requête proxy-orthanc
2025-05-06 05:24:27 - URL Orthanc: http://localhost:8042/instances/ca185649-59f5c5ef-ebbff62a-dcd31eec-5232abf3
2025-05-06 05:24:27 - Méthode HTTP: GET
2025-05-06 05:24:28 - Début de la requête proxy-orthanc
2025-05-06 05:24:28 - URL Orthanc: http://localhost:8042/instances/cad86111-996653c7-c7ca1820-b783c4c3-9ff6e63b
2025-05-06 05:24:28 - Méthode HTTP: GET
2025-05-06 05:24:28 - Requête Orthanc: HTTP Code=200, Réponse={
   "FileSize" : 95526,
   "FileUuid" : "1574399b-1e17-4bff-a465-fa16e2c352ba",
   "ID" : "892e8101-891e4b24-43c20a0c-cda4e1ee-34cdbb93",
   "IndexInSeries" : 6,
   "Labels" : [],
   "MainDicomTags" : 
   {
      "ImageComments" : "JPEG 2000 lossless - Version 4.0.2 (c) Image Devices GmbH",
      "ImageOrientationPatient" : "1\\0\\0\\0\\1\\0",
      "ImagePositionPatient" : "-151.493508\\-36.6564417\\1292.5",
      "InstanceCreationDate" : "20061012",
      "InstanceCreationTime" : "091607.0000, Erreur cURL=
2025-05-06 05:24:28 - Requête Orthanc: HTTP Code=200, Réponse={
   "FileSize" : 91658,
   "FileUuid" : "7b042208-1ecd-45ad-88c9-b577cd90889a",
   "ID" : "9ec8fbb6-b5b6bf94-16950f4b-184a8d6e-21c21abd",
   "IndexInSeries" : 10,
   "Labels" : [],
   "MainDicomTags" : 
   {
      "ImageComments" : "JPEG 2000 lossless - Version 4.0.2 (c) Image Devices GmbH",
      "ImageOrientationPatient" : "1\\0\\0\\0\\1\\0",
      "ImagePositionPatient" : "-151.493508\\-36.6564417\\1290.5",
      "InstanceCreationDate" : "20061012",
      "InstanceCreationTime" : "091607.000, Erreur cURL=
2025-05-06 05:24:28 - Début de la requête proxy-orthanc
2025-05-06 05:24:28 - URL Orthanc: http://localhost:8042/instances/d68ec84d-b86ce4ac-49fcd090-361954ca-da219abf
2025-05-06 05:24:28 - Méthode HTTP: GET
2025-05-06 05:24:28 - Début de la requête proxy-orthanc
2025-05-06 05:24:28 - URL Orthanc: http://localhost:8042/instances/dacc5f2c-4eb67b6e-62fe20be-08583e4b-f7285061
2025-05-06 05:24:28 - Méthode HTTP: GET
2025-05-06 05:24:28 - Requête Orthanc: HTTP Code=200, Réponse={
   "FileSize" : 1702398,
   "FileUuid" : "9fa9d15a-988d-410e-9194-ddfde927c89a",
   "ID" : "b7fb1fb4-142e5a15-333ae197-298b1626-11f8833b",
   "IndexInSeries" : null,
   "Labels" : [],
   "MainDicomTags" : 
   {
      "InstanceNumber" : "",
      "NumberOfFrames" : "96",
      "SOPInstanceUID" : "1.3.12.2.1107.5.4.3.321890.19960124.162922.29"
   },
   "ParentSeries" : "62cc4f41-9b1679c0-6ad19a2e-71fccb6f-07a3d16d",
   "Type" : "Instance"
}, Erreur cURL=
2025-05-06 05:24:28 - Début de la requête proxy-orthanc
2025-05-06 05:24:28 - URL Orthanc: http://localhost:8042/instances/e07efef8-4eba99da-e58dbc40-0173c1da-e2535081
2025-05-06 05:24:28 - Méthode HTTP: GET
2025-05-06 05:24:28 - Requête Orthanc: HTTP Code=200, Réponse={
   "FileSize" : 526336,
   "FileUuid" : "9f80260d-18b9-46ce-ada1-00d0d866886d",
   "ID" : "bc61cc15-593581eb-104dd853-f8e2ae2f-19704638",
   "IndexInSeries" : 16001,
   "Labels" : [],
   "MainDicomTags" : 
   {
      "AcquisitionNumber" : "16",
      "ImageComments" : "",
      "ImageOrientationPatient" : "1.0000\\0.0000\\0.0000\\0.0000\\1.0000\\0.0000",
      "ImagePositionPatient" : "-175.1000\\-175.1000\\-140.0000",
      "InstanceCreationDate" : "19970114",
      "InstanceCreationTime" : ", Erreur cURL=
2025-05-06 05:24:28 - Début de la requête proxy-orthanc
2025-05-06 05:24:28 - URL Orthanc: http://localhost:8042/instances/eb17dc02-607db0a6-1074ad73-79fb3688-f9a596db
2025-05-06 05:24:28 - Méthode HTTP: GET
2025-05-06 05:24:28 - Requête Orthanc: HTTP Code=200, Réponse={
   "FileSize" : 91688,
   "FileUuid" : "fc313d4e-083c-42d6-aeaf-e176fde4e365",
   "ID" : "ca185649-59f5c5ef-ebbff62a-dcd31eec-5232abf3",
   "IndexInSeries" : 8,
   "Labels" : [],
   "MainDicomTags" : 
   {
      "ImageComments" : "JPEG 2000 lossless - Version 4.0.2 (c) Image Devices GmbH",
      "ImageOrientationPatient" : "1\\0\\0\\0\\1\\0",
      "ImagePositionPatient" : "-151.493508\\-36.6564417\\1291.5",
      "InstanceCreationDate" : "20061012",
      "InstanceCreationTime" : "091607.0000, Erreur cURL=
2025-05-06 05:24:28 - Début de la requête proxy-orthanc
2025-05-06 05:24:28 - URL Orthanc: http://localhost:8042/instances/f594c062-9b40743f-9a18e6b4-b50b74c6-c147bee8
2025-05-06 05:24:28 - Méthode HTTP: GET
2025-05-06 05:24:28 - Requête Orthanc: HTTP Code=200, Réponse={
   "FileSize" : 526336,
   "FileUuid" : "644bcf08-beb7-4bb7-8f87-2a07dae77a9f",
   "ID" : "cad86111-996653c7-c7ca1820-b783c4c3-9ff6e63b",
   "IndexInSeries" : 22001,
   "Labels" : [],
   "MainDicomTags" : 
   {
      "AcquisitionNumber" : "22",
      "ImageComments" : "",
      "ImageOrientationPatient" : "1.0000\\0.0000\\0.0000\\0.0000\\1.0000\\0.0000",
      "ImagePositionPatient" : "-175.1000\\-175.1000\\-200.0000",
      "InstanceCreationDate" : "19970114",
      "InstanceCreationTime" : ", Erreur cURL=
2025-05-06 05:24:28 - Début de la requête proxy-orthanc
2025-05-06 05:24:28 - URL Orthanc: http://localhost:8042/instances/fe9d11b9-08ca2a74-f27c7727-86fa6833-6b2583ab
2025-05-06 05:24:28 - Méthode HTTP: GET
2025-05-06 05:24:28 - Requête Orthanc: HTTP Code=200, Réponse={
   "FileSize" : 526336,
   "FileUuid" : "97a1c84b-5c67-4016-8405-2f71ae4af3de",
   "ID" : "dacc5f2c-4eb67b6e-62fe20be-08583e4b-f7285061",
   "IndexInSeries" : 19001,
   "Labels" : [],
   "MainDicomTags" : 
   {
      "AcquisitionNumber" : "19",
      "ImageComments" : "",
      "ImageOrientationPatient" : "1.0000\\0.0000\\0.0000\\0.0000\\1.0000\\0.0000",
      "ImagePositionPatient" : "-175.1000\\-175.1000\\-170.0000",
      "InstanceCreationDate" : "19970114",
      "InstanceCreationTime" : ", Erreur cURL=
2025-05-06 05:24:28 - Requête Orthanc: HTTP Code=200, Réponse={
   "FileSize" : 91554,
   "FileUuid" : "65380b97-da9c-45bf-8de9-391cbe061a41",
   "ID" : "d68ec84d-b86ce4ac-49fcd090-361954ca-da219abf",
   "IndexInSeries" : 11,
   "Labels" : [],
   "MainDicomTags" : 
   {
      "ImageComments" : "JPEG 2000 lossless - Version 4.0.2 (c) Image Devices GmbH",
      "ImageOrientationPatient" : "1\\0\\0\\0\\1\\0",
      "ImagePositionPatient" : "-151.493508\\-36.6564417\\1290",
      "InstanceCreationDate" : "20061012",
      "InstanceCreationTime" : "091608.00000, Erreur cURL=
2025-05-06 05:24:28 - Début de la requête proxy-orthanc
2025-05-06 05:24:28 - URL Orthanc: http://localhost:8042/instances/96548d6b-b87fefbd-78a3f7c5-c5abe181-0643a103
2025-05-06 05:24:28 - Méthode HTTP: GET
2025-05-06 05:24:28 - Début de la requête proxy-orthanc
2025-05-06 05:24:28 - URL Orthanc: http://localhost:8042/instances/feaf75ad-9548b055-4a7a21f5-3db18a07-9c6903d3
2025-05-06 05:24:28 - Méthode HTTP: GET
2025-05-06 05:24:28 - Requête Orthanc: HTTP Code=200, Réponse={
   "FileSize" : 531298,
   "FileUuid" : "937b172f-feb1-4efd-a3ab-432405774a56",
   "ID" : "e07efef8-4eba99da-e58dbc40-0173c1da-e2535081",
   "IndexInSeries" : 1,
   "Labels" : [],
   "MainDicomTags" : 
   {
      "AcquisitionNumber" : "1",
      "InstanceCreationDate" : "20210411",
      "InstanceCreationTime" : "213019.104784",
      "InstanceNumber" : "1",
      "NumberOfFrames" : "1",
      "SOPInstanceUID" : "1.3.12.2.1107.5.8.15.999999.30000021041121051996700000250"
   },
   "ParentSeries, Erreur cURL=
2025-05-06 05:24:28 - Début de la requête proxy-orthanc
2025-05-06 05:24:28 - URL Orthanc: http://localhost:8042/series/98d367a5-58eeba8b-f3c2da4b-de7d8f6f-ede53eb2
2025-05-06 05:24:28 - Méthode HTTP: GET
2025-05-06 05:24:28 - Requête Orthanc: HTTP Code=200, Réponse={
   "FileSize" : 526336,
   "FileUuid" : "c426268c-e58d-4f99-814f-daad18c5a0b1",
   "ID" : "eb17dc02-607db0a6-1074ad73-79fb3688-f9a596db",
   "IndexInSeries" : 6000,
   "Labels" : [],
   "MainDicomTags" : 
   {
      "AcquisitionNumber" : " 6",
      "ImageComments" : "",
      "ImageOrientationPatient" : "1.0000\\0.0000\\0.0000\\0.0000\\0.9397\\-0.3420",
      "ImagePositionPatient" : "-124.9000\\-117.4000\\67.7000",
      "InstanceCreationDate" : "19970114",
      "InstanceCreationTime" : "03, Erreur cURL=
2025-05-06 05:24:28 - Début de la requête proxy-orthanc
2025-05-06 05:24:28 - URL Orthanc: http://localhost:8042/series/19b4c568-a95664f5-ad117914-3ccf7292-2a7ee3a0
2025-05-06 05:24:28 - Méthode HTTP: GET
2025-05-06 05:24:28 - Requête Orthanc: HTTP Code=200, Réponse={
   "FileSize" : 91858,
   "FileUuid" : "2e113bd3-129c-495c-a1d2-964ef09bfa3c",
   "ID" : "f594c062-9b40743f-9a18e6b4-b50b74c6-c147bee8",
   "IndexInSeries" : 12,
   "Labels" : [],
   "MainDicomTags" : 
   {
      "ImageComments" : "JPEG 2000 lossless - Version 4.0.2 (c) Image Devices GmbH",
      "ImageOrientationPatient" : "1\\0\\0\\0\\1\\0",
      "ImagePositionPatient" : "-151.493508\\-36.6564417\\1289.5",
      "InstanceCreationDate" : "20061012",
      "InstanceCreationTime" : "091609.000, Erreur cURL=
2025-05-06 05:24:28 - Requête Orthanc: HTTP Code=200, Réponse={
   "FileSize" : 526336,
   "FileUuid" : "c147a823-c25b-4c74-a7fb-877198ac4ebe",
   "ID" : "fe9d11b9-08ca2a74-f27c7727-86fa6833-6b2583ab",
   "IndexInSeries" : 13001,
   "Labels" : [],
   "MainDicomTags" : 
   {
      "AcquisitionNumber" : "13",
      "ImageComments" : "",
      "ImageOrientationPatient" : "1.0000\\0.0000\\0.0000\\0.0000\\1.0000\\0.0000",
      "ImagePositionPatient" : "-175.1000\\-175.1000\\-110.0000",
      "InstanceCreationDate" : "19970114",
      "InstanceCreationTime" : ", Erreur cURL=
2025-05-06 05:24:28 - Début de la requête proxy-orthanc
2025-05-06 05:24:28 - URL Orthanc: http://localhost:8042/series/f623b033-c3bb9318-1ae62c1a-9fd5f247-24c86dea
2025-05-06 05:24:28 - Méthode HTTP: GET
2025-05-06 05:24:28 - Début de la requête proxy-orthanc
2025-05-06 05:24:28 - URL Orthanc: http://localhost:8042/series/4541c007-3ddcd5b2-6bf192fc-d28df38d-afe5c271
2025-05-06 05:24:28 - Méthode HTTP: GET
2025-05-06 05:24:28 - Requête Orthanc: HTTP Code=200, Réponse={
   "FileSize" : 91264,
   "FileUuid" : "7043ba01-a582-4bcb-a2a9-287d95983359",
   "ID" : "96548d6b-b87fefbd-78a3f7c5-c5abe181-0643a103",
   "IndexInSeries" : 5,
   "Labels" : [],
   "MainDicomTags" : 
   {
      "ImageComments" : "JPEG 2000 lossless - Version 4.0.2 (c) Image Devices GmbH",
      "ImageOrientationPatient" : "1\\0\\0\\0\\1\\0",
      "ImagePositionPatient" : "-151.493508\\-36.6564417\\1293",
      "InstanceCreationDate" : "20061012",
      "InstanceCreationTime" : "091607.000000, Erreur cURL=
2025-05-06 05:24:28 - Début de la requête proxy-orthanc
2025-05-06 05:24:28 - Requête Orthanc: HTTP Code=200, Réponse={
   "FileSize" : 526336,
   "FileUuid" : "c415c430-c5a8-4afa-854f-af8e254144b8",
   "ID" : "feaf75ad-9548b055-4a7a21f5-3db18a07-9c6903d3",
   "IndexInSeries" : 5000,
   "Labels" : [],
   "MainDicomTags" : 
   {
      "AcquisitionNumber" : " 5",
      "ImageComments" : "",
      "ImageOrientationPatient" : "1.0000\\0.0000\\0.0000\\0.0000\\1.0000\\0.0000",
      "ImagePositionPatient" : "-124.9000\\-124.9000\\15.0000",
      "InstanceCreationDate" : "19970114",
      "InstanceCreationTime" : "035, Erreur cURL=
2025-05-06 05:24:28 - URL Orthanc: http://localhost:8042/series/62cc4f41-9b1679c0-6ad19a2e-71fccb6f-07a3d16d
2025-05-06 05:24:28 - Méthode HTTP: GET
2025-05-06 05:24:28 - Début de la requête proxy-orthanc
2025-05-06 05:24:28 - URL Orthanc: http://localhost:8042/series/11b7c563-ae504ced-e95ed300-7176b3e8-74f7e2f5
2025-05-06 05:24:28 - Méthode HTTP: GET
2025-05-06 05:24:28 - Requête Orthanc: HTTP Code=200, Réponse={
   "ExpectedNumberOfInstances" : null,
   "ID" : "98d367a5-58eeba8b-f3c2da4b-de7d8f6f-ede53eb2",
   "Instances" : 
   [
      "03c9a57e-19836571-d4eefc16-2ad94243-9c8b63e2",
      "06ea7b60-3497774d-50e19bee-a577ad30-18fd5343",
      "127cebed-72b718d7-d77db86d-8d17d9ab-edd89842",
      "4e4bce5d-9a98e121-3d1a87bc-47f0398f-5cbefd26",
      "6be8f9b5-0a47915b-56fd8a11-4d94300c-9bfb83c4",
      "892e8101-891e4b24-43c20a0c-cda4e1ee-34cdbb93",
      "96548d6b-b87fefbd-78a3f7c5-c5abe181-0643a103",
, Erreur cURL=
2025-05-06 05:24:28 - Début de la requête proxy-orthanc
2025-05-06 05:24:28 - URL Orthanc: http://localhost:8042/series/f6ebf659-c336b2b9-102a72e3-2cd836e9-a5662c26
2025-05-06 05:24:28 - Méthode HTTP: GET
2025-05-06 05:24:28 - Requête Orthanc: HTTP Code=200, Réponse={
   "ExpectedNumberOfInstances" : null,
   "ID" : "19b4c568-a95664f5-ad117914-3ccf7292-2a7ee3a0",
   "Instances" : 
   [
      "24e83fd1-ddd03175-beb6aa86-f4ce6432-4241b24f",
      "26952bd2-9569483f-e0549aca-a33b9065-69c33884",
      "2faf6dae-1e8dd60c-78fbca50-98cc48e7-66559504",
      "5974bce8-dfa0d418-48e52945-578a9547-fbb8179e",
      "63831658-2ed313e4-bdd47183-6c1be4da-c0022bb4",
      "75c6d27e-9c7d0b29-ef99341d-b7507933-63d3057d",
      "bc61cc15-593581eb-104dd853-f8e2ae2f-19704638",
, Erreur cURL=
2025-05-06 05:24:28 - Requête Orthanc: HTTP Code=200, Réponse={
   "ExpectedNumberOfInstances" : null,
   "ID" : "f623b033-c3bb9318-1ae62c1a-9fd5f247-24c86dea",
   "Instances" : 
   [
      "094563e4-74b821f1-120c8584-6236b3ba-05716a47"
   ],
   "IsStable" : true,
   "Labels" : [],
   "LastUpdate" : "20250311T081322",
   "MainDicomTags" : 
   {
      "ContrastBolusAgent" : "NONE",
      "ImageOrientationPatient" : "1.0000\\0.0000\\0.0000\\0.0000\\1.0000\\0.0000",
      "Manufacturer" : "Philips Medical Systems",
      "Modality" : "CT",
      "ProtocolName, Erreur cURL=
2025-05-06 05:24:28 - Requête Orthanc: HTTP Code=200, Réponse={
   "ExpectedNumberOfInstances" : null,
   "ID" : "4541c007-3ddcd5b2-6bf192fc-d28df38d-afe5c271",
   "Instances" : 
   [
      "582dde1a-6ee0dcb1-dc2c0a3c-06a79b2f-211eda06"
   ],
   "IsStable" : true,
   "Labels" : [],
   "LastUpdate" : "20250421T202126",
   "MainDicomTags" : 
   {
      "Modality" : "M3D",
      "SeriesDate" : "20250421",
      "SeriesDescription" : "Model",
      "SeriesInstanceUID" : "1.2.276.0.7230010.3.1.3.1159938914.5836.1745266885.813",
      "SeriesTime" : "202125.0000, Erreur cURL=
2025-05-06 05:24:28 - Requête Orthanc: HTTP Code=200, Réponse={
   "ExpectedNumberOfInstances" : null,
   "ID" : "62cc4f41-9b1679c0-6ad19a2e-71fccb6f-07a3d16d",
   "Instances" : 
   [
      "b7fb1fb4-142e5a15-333ae197-298b1626-11f8833b"
   ],
   "IsStable" : true,
   "Labels" : [],
   "LastUpdate" : "20250421T205945",
   "MainDicomTags" : 
   {
      "Manufacturer" : "",
      "Modality" : "XA",
      "SeriesInstanceUID" : "1.3.12.2.1107.5.4.3.123456789012345.19950922.121803.8",
      "SeriesNumber" : "1"
   },
   "ParentStudy" : "aa938400-09e9f0df-8ba95f6, Erreur cURL=
2025-05-06 05:24:28 - Début de la requête proxy-orthanc
2025-05-06 05:24:28 - URL Orthanc: http://localhost:8042/series/670d99fa-c4a853ca-52f7989e-f6df82a8-5123711c
2025-05-06 05:24:28 - Méthode HTTP: GET
2025-05-06 05:24:28 - Début de la requête proxy-orthanc
2025-05-06 05:24:28 - URL Orthanc: http://localhost:8042/series/98d367a5-58eeba8b-f3c2da4b-de7d8f6f-ede53eb2
2025-05-06 05:24:28 - Méthode HTTP: GET
2025-05-06 05:24:28 - Requête Orthanc: HTTP Code=200, Réponse={
   "ExpectedNumberOfInstances" : null,
   "ID" : "11b7c563-ae504ced-e95ed300-7176b3e8-74f7e2f5",
   "Instances" : 
   [
      "e07efef8-4eba99da-e58dbc40-0173c1da-e2535081"
   ],
   "IsStable" : true,
   "Labels" : [],
   "LastUpdate" : "20250421T233940",
   "MainDicomTags" : 
   {
      "Manufacturer" : "Siemens Healthineers",
      "Modality" : "MR",
      "PerformedProcedureStepDescription" : "Osteo_2021 Cheville",
      "PerformedProcedureStepStartDate" : "20210113",
      "PerformedProced, Erreur cURL=
2025-05-06 05:24:28 - Requête Orthanc: HTTP Code=200, Réponse={
   "ExpectedNumberOfInstances" : null,
   "ID" : "f6ebf659-c336b2b9-102a72e3-2cd836e9-a5662c26",
   "Instances" : 
   [
      "eb17dc02-607db0a6-1074ad73-79fb3688-f9a596db"
   ],
   "IsStable" : true,
   "Labels" : [],
   "LastUpdate" : "20250311T081322",
   "MainDicomTags" : 
   {
      "ContrastBolusAgent" : "NONE",
      "ImageOrientationPatient" : "1.0000\\0.0000\\0.0000\\0.0000\\0.9397\\-0.3420",
      "Manufacturer" : "Philips Medical Systems",
      "Modality" : "CT",
      "ProtocolNam, Erreur cURL=
2025-05-06 05:24:28 - Requête Orthanc: HTTP Code=200, Réponse={
   "ExpectedNumberOfInstances" : null,
   "ID" : "670d99fa-c4a853ca-52f7989e-f6df82a8-5123711c",
   "Instances" : 
   [
      "feaf75ad-9548b055-4a7a21f5-3db18a07-9c6903d3"
   ],
   "IsStable" : true,
   "Labels" : [],
   "LastUpdate" : "20250311T081322",
   "MainDicomTags" : 
   {
      "ContrastBolusAgent" : "NONE",
      "ImageOrientationPatient" : "1.0000\\0.0000\\0.0000\\0.0000\\1.0000\\0.0000",
      "Manufacturer" : "Philips Medical Systems",
      "Modality" : "CT",
      "ProtocolName, Erreur cURL=
2025-05-06 05:24:28 - Requête Orthanc: HTTP Code=200, Réponse={
   "ExpectedNumberOfInstances" : null,
   "ID" : "98d367a5-58eeba8b-f3c2da4b-de7d8f6f-ede53eb2",
   "Instances" : 
   [
      "03c9a57e-19836571-d4eefc16-2ad94243-9c8b63e2",
      "06ea7b60-3497774d-50e19bee-a577ad30-18fd5343",
      "127cebed-72b718d7-d77db86d-8d17d9ab-edd89842",
      "4e4bce5d-9a98e121-3d1a87bc-47f0398f-5cbefd26",
      "6be8f9b5-0a47915b-56fd8a11-4d94300c-9bfb83c4",
      "892e8101-891e4b24-43c20a0c-cda4e1ee-34cdbb93",
      "96548d6b-b87fefbd-78a3f7c5-c5abe181-0643a103",
, Erreur cURL=
2025-05-06 10:26:12 - Début de la requête proxy-orthanc
2025-05-06 10:26:12 - URL Orthanc: http://localhost:8042/instances
2025-05-06 10:26:12 - Méthode HTTP: GET
2025-05-06 10:26:13 - Requête Orthanc: HTTP Code=200, Réponse=[
   "03c9a57e-19836571-d4eefc16-2ad94243-9c8b63e2",
   "06ea7b60-3497774d-50e19bee-a577ad30-18fd5343",
   "094563e4-74b821f1-120c8584-6236b3ba-05716a47",
   "127cebed-72b718d7-d77db86d-8d17d9ab-edd89842",
   "24e83fd1-ddd03175-beb6aa86-f4ce6432-4241b24f",
   "26952bd2-9569483f-e0549aca-a33b9065-69c33884",
   "2faf6dae-1e8dd60c-78fbca50-98cc48e7-66559504",
   "4e4bce5d-9a98e121-3d1a87bc-47f0398f-5cbefd26",
   "582dde1a-6ee0dcb1-dc2c0a3c-06a79b2f-211eda06",
   "5974bce8-dfa0d418-48e52945-578a9547, Erreur cURL=
2025-05-06 10:26:13 - Début de la requête proxy-orthanc
2025-05-06 10:26:13 - URL Orthanc: http://localhost:8042/instances/03c9a57e-19836571-d4eefc16-2ad94243-9c8b63e2
2025-05-06 10:26:13 - Méthode HTTP: GET
2025-05-06 10:26:13 - Début de la requête proxy-orthanc
2025-05-06 10:26:13 - URL Orthanc: http://localhost:8042/instances/06ea7b60-3497774d-50e19bee-a577ad30-18fd5343
2025-05-06 10:26:13 - Méthode HTTP: GET
2025-05-06 10:26:13 - Début de la requête proxy-orthanc
2025-05-06 10:26:13 - URL Orthanc: http://localhost:8042/instances/26952bd2-9569483f-e0549aca-a33b9065-69c33884
2025-05-06 10:26:13 - Méthode HTTP: GET
2025-05-06 10:26:13 - Début de la requête proxy-orthanc
2025-05-06 10:26:13 - URL Orthanc: http://localhost:8042/instances/127cebed-72b718d7-d77db86d-8d17d9ab-edd89842
2025-05-06 10:26:13 - Méthode HTTP: GET
2025-05-06 10:26:13 - Début de la requête proxy-orthanc
2025-05-06 10:26:13 - Début de la requête proxy-orthanc
2025-05-06 10:26:13 - URL Orthanc: http://localhost:8042/instances/094563e4-74b821f1-120c8584-6236b3ba-05716a47
2025-05-06 10:26:13 - URL Orthanc: http://localhost:8042/instances/24e83fd1-ddd03175-beb6aa86-f4ce6432-4241b24f
2025-05-06 10:26:13 - Méthode HTTP: GET
2025-05-06 10:26:13 - Méthode HTTP: GET
2025-05-06 10:26:13 - Requête Orthanc: HTTP Code=200, Réponse={
   "FileSize" : 91250,
   "FileUuid" : "31fe318b-d5b9-48f9-9605-0061b7b301b2",
   "ID" : "03c9a57e-19836571-d4eefc16-2ad94243-9c8b63e2",
   "IndexInSeries" : 1,
   "Labels" : [],
   "MainDicomTags" : 
   {
      "ImageComments" : "JPEG 2000 lossless - Version 4.0.2 (c) Image Devices GmbH",
      "ImageOrientationPatient" : "1\\0\\0\\0\\1\\0",
      "ImagePositionPatient" : "-151.493508\\-36.6564417\\1295",
      "InstanceCreationDate" : "20061012",
      "InstanceCreationTime" : "091605.000000, Erreur cURL=
2025-05-06 10:26:13 - Requête Orthanc: HTTP Code=200, Réponse={
   "FileSize" : 94292,
   "FileUuid" : "8df9dc92-06f7-489e-998e-5c34755e2119",
   "ID" : "06ea7b60-3497774d-50e19bee-a577ad30-18fd5343",
   "IndexInSeries" : 300,
   "Labels" : [],
   "MainDicomTags" : 
   {
      "ImageComments" : "JPEG 2000 lossless - Version 4.0.2 (c) Image Devices GmbH",
      "ImageOrientationPatient" : "1\\0\\0\\0\\1\\0",
      "ImagePositionPatient" : "-151.493508\\-36.6564417\\1145.5",
      "InstanceCreationDate" : "20061012",
      "InstanceCreationTime" : "091723.00, Erreur cURL=
2025-05-06 10:26:13 - Début de la requête proxy-orthanc
2025-05-06 10:26:13 - URL Orthanc: http://localhost:8042/instances/4e4bce5d-9a98e121-3d1a87bc-47f0398f-5cbefd26
2025-05-06 10:26:13 - Méthode HTTP: GET
2025-05-06 10:26:13 - Début de la requête proxy-orthanc
2025-05-06 10:26:13 - Requête Orthanc: HTTP Code=200, Réponse={
   "FileSize" : 526336,
   "FileUuid" : "9702e94e-8902-4103-ae55-af77a92efc6a",
   "ID" : "26952bd2-9569483f-e0549aca-a33b9065-69c33884",
   "IndexInSeries" : 17001,
   "Labels" : [],
   "MainDicomTags" : 
   {
      "AcquisitionNumber" : "17",
      "ImageComments" : "",
      "ImageOrientationPatient" : "1.0000\\0.0000\\0.0000\\0.0000\\1.0000\\0.0000",
      "ImagePositionPatient" : "-175.1000\\-175.1000\\-150.0000",
      "InstanceCreationDate" : "19970114",
      "InstanceCreationTime" : ", Erreur cURL=
2025-05-06 10:26:13 - Début de la requête proxy-orthanc
2025-05-06 10:26:13 - URL Orthanc: http://localhost:8042/instances/2faf6dae-1e8dd60c-78fbca50-98cc48e7-66559504
2025-05-06 10:26:13 - URL Orthanc: http://localhost:8042/instances/582dde1a-6ee0dcb1-dc2c0a3c-06a79b2f-211eda06
2025-05-06 10:26:13 - Méthode HTTP: GET
2025-05-06 10:26:13 - Méthode HTTP: GET
2025-05-06 10:26:13 - Requête Orthanc: HTTP Code=200, Réponse={
   "FileSize" : 526336,
   "FileUuid" : "847455dd-9936-4c5a-9d73-29f225acd32b",
   "ID" : "094563e4-74b821f1-120c8584-6236b3ba-05716a47",
   "IndexInSeries" : 5003,
   "Labels" : [],
   "MainDicomTags" : 
   {
      "AcquisitionNumber" : " 5",
      "ImageComments" : "MD",
      "ImageOrientationPatient" : "1.0000\\0.0000\\0.0000\\0.0000\\1.0000\\0.0000",
      "ImagePositionPatient" : "-80.7000\\-75.1000\\-61.0000",
      "InstanceCreationDate" : "19970114",
      "InstanceCreationTime" : "03, Erreur cURL=
2025-05-06 10:26:13 - Requête Orthanc: HTTP Code=200, Réponse={
   "FileSize" : 97246,
   "FileUuid" : "45e525e8-885a-4c23-80a7-9e1aa54ead5e",
   "ID" : "127cebed-72b718d7-d77db86d-8d17d9ab-edd89842",
   "IndexInSeries" : 87,
   "Labels" : [],
   "MainDicomTags" : 
   {
      "ImageComments" : "JPEG 2000 lossless - Version 4.0.2 (c) Image Devices GmbH",
      "ImageOrientationPatient" : "1\\0\\0\\0\\1\\0",
      "ImagePositionPatient" : "-151.493508\\-36.6564417\\1252",
      "InstanceCreationDate" : "20061012",
      "InstanceCreationTime" : "091628.00000, Erreur cURL=
2025-05-06 10:26:13 - Requête Orthanc: HTTP Code=200, Réponse={
   "FileSize" : 526336,
   "FileUuid" : "1b56fb91-ea25-44cc-8c18-5f24da876928",
   "ID" : "24e83fd1-ddd03175-beb6aa86-f4ce6432-4241b24f",
   "IndexInSeries" : 14001,
   "Labels" : [],
   "MainDicomTags" : 
   {
      "AcquisitionNumber" : "14",
      "ImageComments" : "",
      "ImageOrientationPatient" : "1.0000\\0.0000\\0.0000\\0.0000\\1.0000\\0.0000",
      "ImagePositionPatient" : "-175.1000\\-175.1000\\-120.0000",
      "InstanceCreationDate" : "19970114",
      "InstanceCreationTime" : ", Erreur cURL=
2025-05-06 10:26:13 - Début de la requête proxy-orthanc
2025-05-06 10:26:13 - Début de la requête proxy-orthanc
2025-05-06 10:26:13 - Début de la requête proxy-orthanc
2025-05-06 10:26:13 - Requête Orthanc: HTTP Code=200, Réponse={
   "FileSize" : 91614,
   "FileUuid" : "1466d84e-b856-44f4-8d7e-8f0165294fc2",
   "ID" : "4e4bce5d-9a98e121-3d1a87bc-47f0398f-5cbefd26",
   "IndexInSeries" : 7,
   "Labels" : [],
   "MainDicomTags" : 
   {
      "ImageComments" : "JPEG 2000 lossless - Version 4.0.2 (c) Image Devices GmbH",
      "ImageOrientationPatient" : "1\\0\\0\\0\\1\\0",
      "ImagePositionPatient" : "-151.493508\\-36.6564417\\1292",
      "InstanceCreationDate" : "20061012",
      "InstanceCreationTime" : "091607.000000, Erreur cURL=
2025-05-06 10:26:13 - Début de la requête proxy-orthanc
2025-05-06 10:26:13 - URL Orthanc: http://localhost:8042/instances/75c6d27e-9c7d0b29-ef99341d-b7507933-63d3057d
2025-05-06 10:26:13 - URL Orthanc: http://localhost:8042/instances/63831658-2ed313e4-bdd47183-6c1be4da-c0022bb4
2025-05-06 10:26:13 - Méthode HTTP: GET
2025-05-06 10:26:13 - Méthode HTTP: GET
2025-05-06 10:26:13 - Méthode HTTP: GET
2025-05-06 10:26:13 - Requête Orthanc: HTTP Code=200, Réponse={
   "FileSize" : 527206,
   "FileUuid" : "795689db-f22a-4dce-b798-da7adabb6f0e",
   "ID" : "582dde1a-6ee0dcb1-dc2c0a3c-06a79b2f-211eda06",
   "IndexInSeries" : null,
   "Labels" : [],
   "MainDicomTags" : 
   {
      "InstanceCreationDate" : "20250421",
      "InstanceCreationTime" : "202125.000000",
      "SOPInstanceUID" : "1.2.276.0.7230010.3.1.4.1159938914.5836.1745266885.814"
   },
   "ParentSeries" : "4541c007-3ddcd5b2-6bf192fc-d28df38d-afe5c271",
   "Type" : "Instance"
}, Erreur cURL=
2025-05-06 10:26:13 - Requête Orthanc: HTTP Code=200, Réponse={
   "FileSize" : 526336,
   "FileUuid" : "43af4eee-ad27-4654-b4a1-e5a62a718f5a",
   "ID" : "2faf6dae-1e8dd60c-78fbca50-98cc48e7-66559504",
   "IndexInSeries" : 20001,
   "Labels" : [],
   "MainDicomTags" : 
   {
      "AcquisitionNumber" : "20",
      "ImageComments" : "",
      "ImageOrientationPatient" : "1.0000\\0.0000\\0.0000\\0.0000\\1.0000\\0.0000",
      "ImagePositionPatient" : "-175.1000\\-175.1000\\-180.0000",
      "InstanceCreationDate" : "19970114",
      "InstanceCreationTime" : ", Erreur cURL=
2025-05-06 10:26:13 - Début de la requête proxy-orthanc
2025-05-06 10:26:13 - Début de la requête proxy-orthanc
2025-05-06 10:26:13 - URL Orthanc: http://localhost:8042/instances/9a29cba5-68bed7e0-c5c01897-1771d7c8-d3dad7c2
2025-05-06 10:26:13 - Méthode HTTP: GET
2025-05-06 10:26:14 - URL Orthanc: http://localhost:8042/instances/892e8101-891e4b24-43c20a0c-cda4e1ee-34cdbb93
2025-05-06 10:26:14 - Méthode HTTP: GET
2025-05-06 10:26:14 - Requête Orthanc: HTTP Code=200, Réponse={
   "FileSize" : 526336,
   "FileUuid" : "7ef2cfb2-cd10-40ef-8012-0b6fd7578b13",
   "ID" : "75c6d27e-9c7d0b29-ef99341d-b7507933-63d3057d",
   "IndexInSeries" : 21001,
   "Labels" : [],
   "MainDicomTags" : 
   {
      "AcquisitionNumber" : "21",
      "ImageComments" : "",
      "ImageOrientationPatient" : "1.0000\\0.0000\\0.0000\\0.0000\\1.0000\\0.0000",
      "ImagePositionPatient" : "-175.1000\\-175.1000\\-190.0000",
      "InstanceCreationDate" : "19970114",
      "InstanceCreationTime" : ", Erreur cURL=
2025-05-06 10:26:14 - Requête Orthanc: HTTP Code=200, Réponse={
   "FileSize" : 526336,
   "FileUuid" : "18595efd-f373-4173-a048-6de33ca05bca",
   "ID" : "63831658-2ed313e4-bdd47183-6c1be4da-c0022bb4",
   "IndexInSeries" : 15001,
   "Labels" : [],
   "MainDicomTags" : 
   {
      "AcquisitionNumber" : "15",
      "ImageComments" : "",
      "ImageOrientationPatient" : "1.0000\\0.0000\\0.0000\\0.0000\\1.0000\\0.0000",
      "ImagePositionPatient" : "-175.1000\\-175.1000\\-130.0000",
      "InstanceCreationDate" : "19970114",
      "InstanceCreationTime" : ", Erreur cURL=
2025-05-06 10:26:14 - Requête Orthanc: HTTP Code=200, Réponse={
   "FileSize" : 91754,
   "FileUuid" : "69983b39-cdaa-42dd-8768-cc51e4e61c80",
   "ID" : "6be8f9b5-0a47915b-56fd8a11-4d94300c-9bfb83c4",
   "IndexInSeries" : 9,
   "Labels" : [],
   "MainDicomTags" : 
   {
      "ImageComments" : "JPEG 2000 lossless - Version 4.0.2 (c) Image Devices GmbH",
      "ImageOrientationPatient" : "1\\0\\0\\0\\1\\0",
      "ImagePositionPatient" : "-151.493508\\-36.6564417\\1291",
      "InstanceCreationDate" : "20061012",
      "InstanceCreationTime" : "091607.000000, Erreur cURL=
2025-05-06 10:26:14 - Début de la requête proxy-orthanc
2025-05-06 10:26:14 - URL Orthanc: http://localhost:8042/instances/b7fb1fb4-142e5a15-333ae197-298b1626-11f8833b
2025-05-06 10:26:14 - Méthode HTTP: GET
2025-05-06 10:26:14 - URL Orthanc: http://localhost:8042/instances/9ec8fbb6-b5b6bf94-16950f4b-184a8d6e-21c21abd
2025-05-06 10:26:14 - Début de la requête proxy-orthanc
2025-05-06 10:26:14 - Méthode HTTP: GET
2025-05-06 10:26:14 - URL Orthanc: http://localhost:8042/instances/fe9d11b9-08ca2a74-f27c7727-86fa6833-6b2583ab
2025-05-06 10:26:14 - Méthode HTTP: GET
2025-05-06 10:26:14 - URL Orthanc: http://localhost:8042/instances/96548d6b-b87fefbd-78a3f7c5-c5abe181-0643a103
2025-05-06 10:26:14 - Méthode HTTP: GET
2025-05-06 10:26:14 - Requête Orthanc: HTTP Code=200, Réponse={
   "FileSize" : 91182,
   "FileUuid" : "eb905344-08b8-4d71-8f71-269c1d9f0d79",
   "ID" : "9a29cba5-68bed7e0-c5c01897-1771d7c8-d3dad7c2",
   "IndexInSeries" : 4,
   "Labels" : [],
   "MainDicomTags" : 
   {
      "ImageComments" : "JPEG 2000 lossless - Version 4.0.2 (c) Image Devices GmbH",
      "ImageOrientationPatient" : "1\\0\\0\\0\\1\\0",
      "ImagePositionPatient" : "-151.493508\\-36.6564417\\1293.5",
      "InstanceCreationDate" : "20061012",
      "InstanceCreationTime" : "091607.0000, Erreur cURL=
2025-05-06 10:26:14 - Début de la requête proxy-orthanc
2025-05-06 10:26:14 - URL Orthanc: http://localhost:8042/instances/feaf75ad-9548b055-4a7a21f5-3db18a07-9c6903d3
2025-05-06 10:26:14 - Méthode HTTP: GET
2025-05-06 10:26:14 - Requête Orthanc: HTTP Code=200, Réponse={
   "FileSize" : 95526,
   "FileUuid" : "1574399b-1e17-4bff-a465-fa16e2c352ba",
   "ID" : "892e8101-891e4b24-43c20a0c-cda4e1ee-34cdbb93",
   "IndexInSeries" : 6,
   "Labels" : [],
   "MainDicomTags" : 
   {
      "ImageComments" : "JPEG 2000 lossless - Version 4.0.2 (c) Image Devices GmbH",
      "ImageOrientationPatient" : "1\\0\\0\\0\\1\\0",
      "ImagePositionPatient" : "-151.493508\\-36.6564417\\1292.5",
      "InstanceCreationDate" : "20061012",
      "InstanceCreationTime" : "091607.0000, Erreur cURL=
2025-05-06 10:26:14 - Début de la requête proxy-orthanc
2025-05-06 10:26:14 - URL Orthanc: http://localhost:8042/instances/f6243344-db8927bb-e473639b-d510b561-aea4fd06
2025-05-06 10:26:14 - Méthode HTTP: GET
2025-05-06 10:26:14 - Requête Orthanc: HTTP Code=200, Réponse={
   "FileSize" : 1702398,
   "FileUuid" : "9fa9d15a-988d-410e-9194-ddfde927c89a",
   "ID" : "b7fb1fb4-142e5a15-333ae197-298b1626-11f8833b",
   "IndexInSeries" : null,
   "Labels" : [],
   "MainDicomTags" : 
   {
      "InstanceNumber" : "",
      "NumberOfFrames" : "96",
      "SOPInstanceUID" : "1.3.12.2.1107.5.4.3.321890.19960124.162922.29"
   },
   "ParentSeries" : "62cc4f41-9b1679c0-6ad19a2e-71fccb6f-07a3d16d",
   "Type" : "Instance"
}, Erreur cURL=
2025-05-06 10:26:14 - Requête Orthanc: HTTP Code=200, Réponse={
   "FileSize" : 91658,
   "FileUuid" : "7b042208-1ecd-45ad-88c9-b577cd90889a",
   "ID" : "9ec8fbb6-b5b6bf94-16950f4b-184a8d6e-21c21abd",
   "IndexInSeries" : 10,
   "Labels" : [],
   "MainDicomTags" : 
   {
      "ImageComments" : "JPEG 2000 lossless - Version 4.0.2 (c) Image Devices GmbH",
      "ImageOrientationPatient" : "1\\0\\0\\0\\1\\0",
      "ImagePositionPatient" : "-151.493508\\-36.6564417\\1290.5",
      "InstanceCreationDate" : "20061012",
      "InstanceCreationTime" : "091607.000, Erreur cURL=
2025-05-06 10:26:14 - Requête Orthanc: HTTP Code=200, Réponse={
   "FileSize" : 526336,
   "FileUuid" : "c147a823-c25b-4c74-a7fb-877198ac4ebe",
   "ID" : "fe9d11b9-08ca2a74-f27c7727-86fa6833-6b2583ab",
   "IndexInSeries" : 13001,
   "Labels" : [],
   "MainDicomTags" : 
   {
      "AcquisitionNumber" : "13",
      "ImageComments" : "",
      "ImageOrientationPatient" : "1.0000\\0.0000\\0.0000\\0.0000\\1.0000\\0.0000",
      "ImagePositionPatient" : "-175.1000\\-175.1000\\-110.0000",
      "InstanceCreationDate" : "19970114",
      "InstanceCreationTime" : ", Erreur cURL=
2025-05-06 10:26:14 - Début de la requête proxy-orthanc
2025-05-06 10:26:14 - URL Orthanc: http://localhost:8042/instances/5974bce8-dfa0d418-48e52945-578a9547-fbb8179e
2025-05-06 10:26:14 - Méthode HTTP: GET
2025-05-06 10:26:14 - Début de la requête proxy-orthanc
2025-05-06 10:26:14 - Requête Orthanc: HTTP Code=200, Réponse={
   "FileSize" : 91264,
   "FileUuid" : "7043ba01-a582-4bcb-a2a9-287d95983359",
   "ID" : "96548d6b-b87fefbd-78a3f7c5-c5abe181-0643a103",
   "IndexInSeries" : 5,
   "Labels" : [],
   "MainDicomTags" : 
   {
      "ImageComments" : "JPEG 2000 lossless - Version 4.0.2 (c) Image Devices GmbH",
      "ImageOrientationPatient" : "1\\0\\0\\0\\1\\0",
      "ImagePositionPatient" : "-151.493508\\-36.6564417\\1293",
      "InstanceCreationDate" : "20061012",
      "InstanceCreationTime" : "091607.000000, Erreur cURL=
2025-05-06 10:26:14 - URL Orthanc: http://localhost:8042/instances/dacc5f2c-4eb67b6e-62fe20be-08583e4b-f7285061
2025-05-06 10:26:14 - Méthode HTTP: GET
2025-05-06 10:26:14 - Début de la requête proxy-orthanc
2025-05-06 10:26:14 - Début de la requête proxy-orthanc
2025-05-06 10:26:14 - Requête Orthanc: HTTP Code=200, Réponse={
   "FileSize" : 526336,
   "FileUuid" : "c415c430-c5a8-4afa-854f-af8e254144b8",
   "ID" : "feaf75ad-9548b055-4a7a21f5-3db18a07-9c6903d3",
   "IndexInSeries" : 5000,
   "Labels" : [],
   "MainDicomTags" : 
   {
      "AcquisitionNumber" : " 5",
      "ImageComments" : "",
      "ImageOrientationPatient" : "1.0000\\0.0000\\0.0000\\0.0000\\1.0000\\0.0000",
      "ImagePositionPatient" : "-124.9000\\-124.9000\\15.0000",
      "InstanceCreationDate" : "19970114",
      "InstanceCreationTime" : "035, Erreur cURL=
2025-05-06 10:26:14 - URL Orthanc: http://localhost:8042/instances/cad86111-996653c7-c7ca1820-b783c4c3-9ff6e63b
2025-05-06 10:26:14 - URL Orthanc: http://localhost:8042/instances/ca185649-59f5c5ef-ebbff62a-dcd31eec-5232abf3
2025-05-06 10:26:14 - Méthode HTTP: GET
2025-05-06 10:26:14 - Méthode HTTP: GET
2025-05-06 10:26:14 - Début de la requête proxy-orthanc
2025-05-06 10:26:14 - URL Orthanc: http://localhost:8042/instances/bc61cc15-593581eb-104dd853-f8e2ae2f-19704638
2025-05-06 10:26:14 - Méthode HTTP: GET
2025-05-06 10:26:14 - Requête Orthanc: HTTP Code=200, Réponse={
   "FileSize" : 91494,
   "FileUuid" : "78180ea2-5568-4a5b-ac83-b0bd4ad027a0",
   "ID" : "f6243344-db8927bb-e473639b-d510b561-aea4fd06",
   "IndexInSeries" : 2,
   "Labels" : [],
   "MainDicomTags" : 
   {
      "ImageComments" : "JPEG 2000 lossless - Version 4.0.2 (c) Image Devices GmbH",
      "ImageOrientationPatient" : "1\\0\\0\\0\\1\\0",
      "ImagePositionPatient" : "-151.493508\\-36.6564417\\1294.5",
      "InstanceCreationDate" : "20061012",
      "InstanceCreationTime" : "091606.0000, Erreur cURL=
2025-05-06 10:26:14 - Début de la requête proxy-orthanc
2025-05-06 10:26:14 - URL Orthanc: http://localhost:8042/instances/e07efef8-4eba99da-e58dbc40-0173c1da-e2535081
2025-05-06 10:26:14 - Méthode HTTP: GET
2025-05-06 10:26:14 - Requête Orthanc: HTTP Code=200, Réponse={
   "FileSize" : 526336,
   "FileUuid" : "97a1c84b-5c67-4016-8405-2f71ae4af3de",
   "ID" : "dacc5f2c-4eb67b6e-62fe20be-08583e4b-f7285061",
   "IndexInSeries" : 19001,
   "Labels" : [],
   "MainDicomTags" : 
   {
      "AcquisitionNumber" : "19",
      "ImageComments" : "",
      "ImageOrientationPatient" : "1.0000\\0.0000\\0.0000\\0.0000\\1.0000\\0.0000",
      "ImagePositionPatient" : "-175.1000\\-175.1000\\-170.0000",
      "InstanceCreationDate" : "19970114",
      "InstanceCreationTime" : ", Erreur cURL=
2025-05-06 10:26:14 - Requête Orthanc: HTTP Code=200, Réponse={
   "FileSize" : 526336,
   "FileUuid" : "11a7f312-517f-42ad-a5f0-e749b0038b6c",
   "ID" : "5974bce8-dfa0d418-48e52945-578a9547-fbb8179e",
   "IndexInSeries" : 18001,
   "Labels" : [],
   "MainDicomTags" : 
   {
      "AcquisitionNumber" : "18",
      "ImageComments" : "",
      "ImageOrientationPatient" : "1.0000\\0.0000\\0.0000\\0.0000\\1.0000\\0.0000",
      "ImagePositionPatient" : "-175.1000\\-175.1000\\-160.0000",
      "InstanceCreationDate" : "19970114",
      "InstanceCreationTime" : ", Erreur cURL=
2025-05-06 10:26:14 - Requête Orthanc: HTTP Code=200, Réponse={
   "FileSize" : 91688,
   "FileUuid" : "fc313d4e-083c-42d6-aeaf-e176fde4e365",
   "ID" : "ca185649-59f5c5ef-ebbff62a-dcd31eec-5232abf3",
   "IndexInSeries" : 8,
   "Labels" : [],
   "MainDicomTags" : 
   {
      "ImageComments" : "JPEG 2000 lossless - Version 4.0.2 (c) Image Devices GmbH",
      "ImageOrientationPatient" : "1\\0\\0\\0\\1\\0",
      "ImagePositionPatient" : "-151.493508\\-36.6564417\\1291.5",
      "InstanceCreationDate" : "20061012",
      "InstanceCreationTime" : "091607.0000, Erreur cURL=
2025-05-06 10:26:14 - Requête Orthanc: HTTP Code=200, Réponse={
   "FileSize" : 526336,
   "FileUuid" : "644bcf08-beb7-4bb7-8f87-2a07dae77a9f",
   "ID" : "cad86111-996653c7-c7ca1820-b783c4c3-9ff6e63b",
   "IndexInSeries" : 22001,
   "Labels" : [],
   "MainDicomTags" : 
   {
      "AcquisitionNumber" : "22",
      "ImageComments" : "",
      "ImageOrientationPatient" : "1.0000\\0.0000\\0.0000\\0.0000\\1.0000\\0.0000",
      "ImagePositionPatient" : "-175.1000\\-175.1000\\-200.0000",
      "InstanceCreationDate" : "19970114",
      "InstanceCreationTime" : ", Erreur cURL=
2025-05-06 10:26:14 - Requête Orthanc: HTTP Code=200, Réponse={
   "FileSize" : 526336,
   "FileUuid" : "9f80260d-18b9-46ce-ada1-00d0d866886d",
   "ID" : "bc61cc15-593581eb-104dd853-f8e2ae2f-19704638",
   "IndexInSeries" : 16001,
   "Labels" : [],
   "MainDicomTags" : 
   {
      "AcquisitionNumber" : "16",
      "ImageComments" : "",
      "ImageOrientationPatient" : "1.0000\\0.0000\\0.0000\\0.0000\\1.0000\\0.0000",
      "ImagePositionPatient" : "-175.1000\\-175.1000\\-140.0000",
      "InstanceCreationDate" : "19970114",
      "InstanceCreationTime" : ", Erreur cURL=
2025-05-06 10:26:14 - Début de la requête proxy-orthanc
2025-05-06 10:26:14 - Début de la requête proxy-orthanc
2025-05-06 10:26:14 - Début de la requête proxy-orthanc
2025-05-06 10:26:14 - Début de la requête proxy-orthanc
2025-05-06 10:26:14 - URL Orthanc: http://localhost:8042/series/98d367a5-58eeba8b-f3c2da4b-de7d8f6f-ede53eb2
2025-05-06 10:26:14 - Méthode HTTP: GET
2025-05-06 10:26:14 - URL Orthanc: http://localhost:8042/instances/d68ec84d-b86ce4ac-49fcd090-361954ca-da219abf
2025-05-06 10:26:14 - Début de la requête proxy-orthanc
2025-05-06 10:26:14 - Méthode HTTP: GET
2025-05-06 10:26:14 - URL Orthanc: http://localhost:8042/series/19b4c568-a95664f5-ad117914-3ccf7292-2a7ee3a0
2025-05-06 10:26:14 - URL Orthanc: http://localhost:8042/instances/eb17dc02-607db0a6-1074ad73-79fb3688-f9a596db
2025-05-06 10:26:14 - URL Orthanc: http://localhost:8042/instances/f594c062-9b40743f-9a18e6b4-b50b74c6-c147bee8
2025-05-06 10:26:14 - Méthode HTTP: GET
2025-05-06 10:26:14 - Méthode HTTP: GET
2025-05-06 10:26:14 - Requête Orthanc: HTTP Code=200, Réponse={
   "FileSize" : 531298,
   "FileUuid" : "937b172f-feb1-4efd-a3ab-432405774a56",
   "ID" : "e07efef8-4eba99da-e58dbc40-0173c1da-e2535081",
   "IndexInSeries" : 1,
   "Labels" : [],
   "MainDicomTags" : 
   {
      "AcquisitionNumber" : "1",
      "InstanceCreationDate" : "20210411",
      "InstanceCreationTime" : "213019.104784",
      "InstanceNumber" : "1",
      "NumberOfFrames" : "1",
      "SOPInstanceUID" : "1.3.12.2.1107.5.8.15.999999.30000021041121051996700000250"
   },
   "ParentSeries, Erreur cURL=
2025-05-06 10:26:14 - Début de la requête proxy-orthanc
2025-05-06 10:26:14 - URL Orthanc: http://localhost:8042/series/f623b033-c3bb9318-1ae62c1a-9fd5f247-24c86dea
2025-05-06 10:26:14 - Méthode HTTP: GET
2025-05-06 10:26:14 - Requête Orthanc: HTTP Code=200, Réponse={
   "ExpectedNumberOfInstances" : null,
   "ID" : "98d367a5-58eeba8b-f3c2da4b-de7d8f6f-ede53eb2",
   "Instances" : 
   [
      "03c9a57e-19836571-d4eefc16-2ad94243-9c8b63e2",
      "06ea7b60-3497774d-50e19bee-a577ad30-18fd5343",
      "127cebed-72b718d7-d77db86d-8d17d9ab-edd89842",
      "4e4bce5d-9a98e121-3d1a87bc-47f0398f-5cbefd26",
      "6be8f9b5-0a47915b-56fd8a11-4d94300c-9bfb83c4",
      "892e8101-891e4b24-43c20a0c-cda4e1ee-34cdbb93",
      "96548d6b-b87fefbd-78a3f7c5-c5abe181-0643a103",
, Erreur cURL=
2025-05-06 10:26:14 - Requête Orthanc: HTTP Code=200, Réponse={
   "FileSize" : 91554,
   "FileUuid" : "65380b97-da9c-45bf-8de9-391cbe061a41",
   "ID" : "d68ec84d-b86ce4ac-49fcd090-361954ca-da219abf",
   "IndexInSeries" : 11,
   "Labels" : [],
   "MainDicomTags" : 
   {
      "ImageComments" : "JPEG 2000 lossless - Version 4.0.2 (c) Image Devices GmbH",
      "ImageOrientationPatient" : "1\\0\\0\\0\\1\\0",
      "ImagePositionPatient" : "-151.493508\\-36.6564417\\1290",
      "InstanceCreationDate" : "20061012",
      "InstanceCreationTime" : "091608.00000, Erreur cURL=
2025-05-06 10:26:14 - Début de la requête proxy-orthanc
2025-05-06 10:26:14 - URL Orthanc: http://localhost:8042/series/4541c007-3ddcd5b2-6bf192fc-d28df38d-afe5c271
2025-05-06 10:26:14 - Méthode HTTP: GET
2025-05-06 10:26:14 - Requête Orthanc: HTTP Code=200, Réponse={
   "FileSize" : 91858,
   "FileUuid" : "2e113bd3-129c-495c-a1d2-964ef09bfa3c",
   "ID" : "f594c062-9b40743f-9a18e6b4-b50b74c6-c147bee8",
   "IndexInSeries" : 12,
   "Labels" : [],
   "MainDicomTags" : 
   {
      "ImageComments" : "JPEG 2000 lossless - Version 4.0.2 (c) Image Devices GmbH",
      "ImageOrientationPatient" : "1\\0\\0\\0\\1\\0",
      "ImagePositionPatient" : "-151.493508\\-36.6564417\\1289.5",
      "InstanceCreationDate" : "20061012",
      "InstanceCreationTime" : "091609.000, Erreur cURL=
2025-05-06 10:26:14 - Début de la requête proxy-orthanc
2025-05-06 10:26:14 - Requête Orthanc: HTTP Code=200, Réponse={
   "FileSize" : 526336,
   "FileUuid" : "c426268c-e58d-4f99-814f-daad18c5a0b1",
   "ID" : "eb17dc02-607db0a6-1074ad73-79fb3688-f9a596db",
   "IndexInSeries" : 6000,
   "Labels" : [],
   "MainDicomTags" : 
   {
      "AcquisitionNumber" : " 6",
      "ImageComments" : "",
      "ImageOrientationPatient" : "1.0000\\0.0000\\0.0000\\0.0000\\0.9397\\-0.3420",
      "ImagePositionPatient" : "-124.9000\\-117.4000\\67.7000",
      "InstanceCreationDate" : "19970114",
      "InstanceCreationTime" : "03, Erreur cURL=
2025-05-06 10:26:14 - Requête Orthanc: HTTP Code=200, Réponse={
   "ExpectedNumberOfInstances" : null,
   "ID" : "19b4c568-a95664f5-ad117914-3ccf7292-2a7ee3a0",
   "Instances" : 
   [
      "24e83fd1-ddd03175-beb6aa86-f4ce6432-4241b24f",
      "26952bd2-9569483f-e0549aca-a33b9065-69c33884",
      "2faf6dae-1e8dd60c-78fbca50-98cc48e7-66559504",
      "5974bce8-dfa0d418-48e52945-578a9547-fbb8179e",
      "63831658-2ed313e4-bdd47183-6c1be4da-c0022bb4",
      "75c6d27e-9c7d0b29-ef99341d-b7507933-63d3057d",
      "bc61cc15-593581eb-104dd853-f8e2ae2f-19704638",
, Erreur cURL=
2025-05-06 10:26:14 - Début de la requête proxy-orthanc
2025-05-06 10:26:14 - Début de la requête proxy-orthanc
2025-05-06 10:26:14 - Début de la requête proxy-orthanc
2025-05-06 10:26:14 - URL Orthanc: http://localhost:8042/series/670d99fa-c4a853ca-52f7989e-f6df82a8-5123711c
2025-05-06 10:26:14 - Méthode HTTP: GET
2025-05-06 10:26:14 - Méthode HTTP: GET
2025-05-06 10:26:14 - URL Orthanc: http://localhost:8042/series/98d367a5-58eeba8b-f3c2da4b-de7d8f6f-ede53eb2
2025-05-06 10:26:14 - Méthode HTTP: GET
2025-05-06 10:26:14 - URL Orthanc: http://localhost:8042/series/62cc4f41-9b1679c0-6ad19a2e-71fccb6f-07a3d16d
2025-05-06 10:26:14 - Méthode HTTP: GET
2025-05-06 10:26:15 - Requête Orthanc: HTTP Code=200, Réponse={
   "ExpectedNumberOfInstances" : null,
   "ID" : "f623b033-c3bb9318-1ae62c1a-9fd5f247-24c86dea",
   "Instances" : 
   [
      "094563e4-74b821f1-120c8584-6236b3ba-05716a47"
   ],
   "IsStable" : true,
   "Labels" : [],
   "LastUpdate" : "20250311T081322",
   "MainDicomTags" : 
   {
      "ContrastBolusAgent" : "NONE",
      "ImageOrientationPatient" : "1.0000\\0.0000\\0.0000\\0.0000\\1.0000\\0.0000",
      "Manufacturer" : "Philips Medical Systems",
      "Modality" : "CT",
      "ProtocolName, Erreur cURL=
2025-05-06 10:26:15 - Requête Orthanc: HTTP Code=200, Réponse={
   "ExpectedNumberOfInstances" : null,
   "ID" : "670d99fa-c4a853ca-52f7989e-f6df82a8-5123711c",
   "Instances" : 
   [
      "feaf75ad-9548b055-4a7a21f5-3db18a07-9c6903d3"
   ],
   "IsStable" : true,
   "Labels" : [],
   "LastUpdate" : "20250311T081322",
   "MainDicomTags" : 
   {
      "ContrastBolusAgent" : "NONE",
      "ImageOrientationPatient" : "1.0000\\0.0000\\0.0000\\0.0000\\1.0000\\0.0000",
      "Manufacturer" : "Philips Medical Systems",
      "Modality" : "CT",
      "ProtocolName, Erreur cURL=
2025-05-06 10:26:15 - Requête Orthanc: HTTP Code=200, Réponse={
   "ExpectedNumberOfInstances" : null,
   "ID" : "98d367a5-58eeba8b-f3c2da4b-de7d8f6f-ede53eb2",
   "Instances" : 
   [
      "03c9a57e-19836571-d4eefc16-2ad94243-9c8b63e2",
      "06ea7b60-3497774d-50e19bee-a577ad30-18fd5343",
      "127cebed-72b718d7-d77db86d-8d17d9ab-edd89842",
      "4e4bce5d-9a98e121-3d1a87bc-47f0398f-5cbefd26",
      "6be8f9b5-0a47915b-56fd8a11-4d94300c-9bfb83c4",
      "892e8101-891e4b24-43c20a0c-cda4e1ee-34cdbb93",
      "96548d6b-b87fefbd-78a3f7c5-c5abe181-0643a103",
, Erreur cURL=
2025-05-06 10:26:15 - Requête Orthanc: HTTP Code=200, Réponse={
   "ExpectedNumberOfInstances" : null,
   "ID" : "11b7c563-ae504ced-e95ed300-7176b3e8-74f7e2f5",
   "Instances" : 
   [
      "e07efef8-4eba99da-e58dbc40-0173c1da-e2535081"
   ],
   "IsStable" : true,
   "Labels" : [],
   "LastUpdate" : "20250421T233940",
   "MainDicomTags" : 
   {
      "Manufacturer" : "Siemens Healthineers",
      "Modality" : "MR",
      "PerformedProcedureStepDescription" : "Osteo_2021 Cheville",
      "PerformedProcedureStepStartDate" : "20210113",
      "PerformedProced, Erreur cURL=
2025-05-06 10:26:15 - Requête Orthanc: HTTP Code=200, Réponse={
   "ExpectedNumberOfInstances" : null,
   "ID" : "4541c007-3ddcd5b2-6bf192fc-d28df38d-afe5c271",
   "Instances" : 
   [
      "582dde1a-6ee0dcb1-dc2c0a3c-06a79b2f-211eda06"
   ],
   "IsStable" : true,
   "Labels" : [],
   "LastUpdate" : "20250421T202126",
   "MainDicomTags" : 
   {
      "Modality" : "M3D",
      "SeriesDate" : "20250421",
      "SeriesDescription" : "Model",
      "SeriesInstanceUID" : "1.2.276.0.7230010.3.1.3.1159938914.5836.1745266885.813",
      "SeriesTime" : "202125.0000, Erreur cURL=
2025-05-06 10:26:15 - Requête Orthanc: HTTP Code=200, Réponse={
   "ExpectedNumberOfInstances" : null,
   "ID" : "62cc4f41-9b1679c0-6ad19a2e-71fccb6f-07a3d16d",
   "Instances" : 
   [
      "b7fb1fb4-142e5a15-333ae197-298b1626-11f8833b"
   ],
   "IsStable" : true,
   "Labels" : [],
   "LastUpdate" : "20250421T205945",
   "MainDicomTags" : 
   {
      "Manufacturer" : "",
      "Modality" : "XA",
      "SeriesInstanceUID" : "1.3.12.2.1107.5.4.3.123456789012345.19950922.121803.8",
      "SeriesNumber" : "1"
   },
   "ParentStudy" : "aa938400-09e9f0df-8ba95f6, Erreur cURL=
2025-05-06 10:26:15 - Début de la requête proxy-orthanc
2025-05-06 10:26:15 - Début de la requête proxy-orthanc
2025-05-06 10:26:15 - Début de la requête proxy-orthanc
2025-05-06 10:26:15 - Début de la requête proxy-orthanc
2025-05-06 10:26:15 - URL Orthanc: http://localhost:8042/series/19b4c568-a95664f5-ad117914-3ccf7292-2a7ee3a0
2025-05-06 10:26:15 - Méthode HTTP: GET
2025-05-06 10:26:15 - URL Orthanc: http://localhost:8042/series/98d367a5-58eeba8b-f3c2da4b-de7d8f6f-ede53eb2
2025-05-06 10:26:15 - Méthode HTTP: GET
2025-05-06 10:26:15 - Début de la requête proxy-orthanc
2025-05-06 10:26:15 - URL Orthanc: http://localhost:8042/studies/200b3e41-4557e5ed-2b4a1771-a9e4ad06-cd1306c8
2025-05-06 10:26:15 - Méthode HTTP: GET
2025-05-06 10:26:15 - Méthode HTTP: GET
2025-05-06 10:26:15 - URL Orthanc: http://localhost:8042/studies/3abaec0a-ebfaaa87-f830d52b-d62df074-6a692c12
2025-05-06 10:26:15 - Méthode HTTP: GET
2025-05-06 10:26:15 - Début de la requête proxy-orthanc
2025-05-06 10:26:15 - URL Orthanc: http://localhost:8042/studies/286789b1-82845a45-92d7dfc0-c6a8e286-27bc0129
2025-05-06 10:26:15 - Méthode HTTP: GET
2025-05-06 10:26:15 - Requête Orthanc: HTTP Code=200, Réponse={
   "ExpectedNumberOfInstances" : null,
   "ID" : "98d367a5-58eeba8b-f3c2da4b-de7d8f6f-ede53eb2",
   "Instances" : 
   [
      "03c9a57e-19836571-d4eefc16-2ad94243-9c8b63e2",
      "06ea7b60-3497774d-50e19bee-a577ad30-18fd5343",
      "127cebed-72b718d7-d77db86d-8d17d9ab-edd89842",
      "4e4bce5d-9a98e121-3d1a87bc-47f0398f-5cbefd26",
      "6be8f9b5-0a47915b-56fd8a11-4d94300c-9bfb83c4",
      "892e8101-891e4b24-43c20a0c-cda4e1ee-34cdbb93",
      "96548d6b-b87fefbd-78a3f7c5-c5abe181-0643a103",
, Erreur cURL=
2025-05-06 10:26:15 - Requête Orthanc: HTTP Code=200, Réponse={
   "ExpectedNumberOfInstances" : null,
   "ID" : "19b4c568-a95664f5-ad117914-3ccf7292-2a7ee3a0",
   "Instances" : 
   [
      "24e83fd1-ddd03175-beb6aa86-f4ce6432-4241b24f",
      "26952bd2-9569483f-e0549aca-a33b9065-69c33884",
      "2faf6dae-1e8dd60c-78fbca50-98cc48e7-66559504",
      "5974bce8-dfa0d418-48e52945-578a9547-fbb8179e",
      "63831658-2ed313e4-bdd47183-6c1be4da-c0022bb4",
      "75c6d27e-9c7d0b29-ef99341d-b7507933-63d3057d",
      "bc61cc15-593581eb-104dd853-f8e2ae2f-19704638",
, Erreur cURL=
2025-05-06 10:26:15 - Début de la requête proxy-orthanc
2025-05-06 10:26:15 - Début de la requête proxy-orthanc
2025-05-06 10:26:15 - URL Orthanc: http://localhost:8042/studies/0ba2c4af-c4286377-ed83307a-c4307d90-422eea83
2025-05-06 10:26:15 - Méthode HTTP: GET
2025-05-06 10:26:15 - URL Orthanc: http://localhost:8042/studies/ae9bf996-b6ab6a8b-eba1f35e-14600862-f9393ddd
2025-05-06 10:26:15 - Méthode HTTP: GET
2025-05-06 10:26:15 - Requête Orthanc: HTTP Code=200, Réponse={
   "ID" : "3abaec0a-ebfaaa87-f830d52b-d62df074-6a692c12",
   "IsStable" : true,
   "Labels" : [],
   "LastUpdate" : "20250506T030658",
   "MainDicomTags" : 
   {
      "StudyDate" : "20061012",
      "StudyDescription" : "CT1 abdomen",
      "StudyInstanceUID" : "1.2.826.0.1.3680043.8.1055.1.20111102150758591.92402465.76095170",
      "StudyTime" : "090258.000000"
   },
   "ParentPatient" : "b6589fc6-ab0dc82c-f12099d1-c2d40ab9-94e8410c",
   "PatientMainDicomTags" : 
   {
      "PatientID" : "0, Erreur cURL=
2025-05-06 10:26:15 - Requête Orthanc: HTTP Code=200, Réponse={
   "ID" : "200b3e41-4557e5ed-2b4a1771-a9e4ad06-cd1306c8",
   "IsStable" : true,
   "Labels" : [],
   "LastUpdate" : "20250311T081323",
   "MainDicomTags" : 
   {
      "AccessionNumber" : "",
      "InstitutionName" : "CHU St ROCH",
      "ReferringPhysicianName" : "",
      "StudyDate" : "19961014",
      "StudyID" : "2019",
      "StudyInstanceUID" : "1.3.46.670589.10.900123.19970114.35056000060.1",
      "StudyTime" : "145056.00000"
   },
   "ParentPatient" : "9b4d864d-a53a383a-44cdda8a-269, Erreur cURL=
2025-05-06 10:26:15 - Requête Orthanc: HTTP Code=200, Réponse={
   "ExpectedNumberOfInstances" : null,
   "ID" : "f6ebf659-c336b2b9-102a72e3-2cd836e9-a5662c26",
   "Instances" : 
   [
      "eb17dc02-607db0a6-1074ad73-79fb3688-f9a596db"
   ],
   "IsStable" : true,
   "Labels" : [],
   "LastUpdate" : "20250311T081322",
   "MainDicomTags" : 
   {
      "ContrastBolusAgent" : "NONE",
      "ImageOrientationPatient" : "1.0000\\0.0000\\0.0000\\0.0000\\0.9397\\-0.3420",
      "Manufacturer" : "Philips Medical Systems",
      "Modality" : "CT",
      "ProtocolNam, Erreur cURL=
2025-05-06 10:26:15 - Début de la requête proxy-orthanc
2025-05-06 10:26:15 - URL Orthanc: http://localhost:8042/studies/8e51d8c2-c73f0a1e-57f97ca6-0fe69e66-c5e753eb
2025-05-06 10:26:15 - Méthode HTTP: GET
2025-05-06 10:26:15 - Début de la requête proxy-orthanc
2025-05-06 10:26:15 - Début de la requête proxy-orthanc
2025-05-06 10:26:15 - URL Orthanc: http://localhost:8042/studies/aa938400-09e9f0df-8ba95f68-e21f98dd-0c6e0cf0
2025-05-06 10:26:15 - Méthode HTTP: GET
2025-05-06 10:26:15 - URL Orthanc: http://localhost:8042/series/98d367a5-58eeba8b-f3c2da4b-de7d8f6f-ede53eb2
2025-05-06 10:26:15 - Méthode HTTP: GET
2025-05-06 10:26:15 - Requête Orthanc: HTTP Code=200, Réponse={
   "ID" : "286789b1-82845a45-92d7dfc0-c6a8e286-27bc0129",
   "IsStable" : true,
   "Labels" : [],
   "LastUpdate" : "20250311T081322",
   "MainDicomTags" : 
   {
      "AccessionNumber" : "",
      "InstitutionName" : "CHU St ROCH",
      "ReferringPhysicianName" : "",
      "StudyDate" : "19961014",
      "StudyID" : "2011",
      "StudyInstanceUID" : "1.3.46.670589.10.900123.19970114.35049000050.1",
      "StudyTime" : "115421.00000"
   },
   "ParentPatient" : "10092b57-91bddc20-e68b74c7-895, Erreur cURL=
2025-05-06 10:26:15 - Début de la requête proxy-orthanc
2025-05-06 10:26:15 - URL Orthanc: http://localhost:8042/series/19b4c568-a95664f5-ad117914-3ccf7292-2a7ee3a0
2025-05-06 10:26:15 - Méthode HTTP: GET
2025-05-06 10:26:15 - Requête Orthanc: HTTP Code=200, Réponse={
   "ID" : "ae9bf996-b6ab6a8b-eba1f35e-14600862-f9393ddd",
   "IsStable" : true,
   "Labels" : [],
   "LastUpdate" : "20250421T233940",
   "MainDicomTags" : 
   {
      "AccessionNumber" : "",
      "InstitutionName" : "",
      "ReferringPhysicianName" : "",
      "StudyDate" : "20210113",
      "StudyDescription" : "Osteo_2021 Cheville",
      "StudyID" : "b0513b81-3517-43",
      "StudyInstanceUID" : "1.3.12.2.1107.5.2.53.189501.30000021011309045077000000005",
      "StudyTime" : "130454.100, Erreur cURL=
2025-05-06 10:26:15 - Requête Orthanc: HTTP Code=200, Réponse={
   "ID" : "0ba2c4af-c4286377-ed83307a-c4307d90-422eea83",
   "IsStable" : true,
   "Labels" : [],
   "LastUpdate" : "20250311T081322",
   "MainDicomTags" : 
   {
      "AccessionNumber" : "",
      "InstitutionName" : "CHU St ROCH",
      "ReferringPhysicianName" : "",
      "StudyDate" : "19961014",
      "StudyID" : "2014",
      "StudyInstanceUID" : "1.3.46.670589.10.900123.19970114.35029000020.1",
      "StudyTime" : "121625.00000"
   },
   "ParentPatient" : "8fff5df9-52cafc00-77071493-d6c, Erreur cURL=
2025-05-06 10:26:15 - Début de la requête proxy-orthanc
2025-05-06 10:26:15 - Début de la requête proxy-orthanc
2025-05-06 10:26:15 - URL Orthanc: http://localhost:8042/studies/3abaec0a-ebfaaa87-f830d52b-d62df074-6a692c12
2025-05-06 10:26:15 - Méthode HTTP: GET
2025-05-06 10:26:15 - URL Orthanc: http://localhost:8042/patients/b6589fc6-ab0dc82c-f12099d1-c2d40ab9-94e8410c
2025-05-06 10:26:15 - Méthode HTTP: GET
2025-05-06 10:26:15 - Requête Orthanc: HTTP Code=200, Réponse={
   "ID" : "8e51d8c2-c73f0a1e-57f97ca6-0fe69e66-c5e753eb",
   "IsStable" : true,
   "Labels" : [],
   "LastUpdate" : "20250421T202126",
   "MainDicomTags" : 
   {
      "AccessionNumber" : "",
      "InstitutionName" : "CHU St ROCH",
      "ReferringPhysicianName" : "",
      "StudyDate" : "19961014",
      "StudyID" : "2018",
      "StudyInstanceUID" : "1.3.46.670589.10.900123.19970114.35036000030.1",
      "StudyTime" : "140735.00000"
   },
   "ParentPatient" : "62bc7cdd-8f5ae588-dea41879-6a8, Erreur cURL=
2025-05-06 10:26:15 - Début de la requête proxy-orthanc
2025-05-06 10:26:15 - URL Orthanc: http://localhost:8042/studies/200b3e41-4557e5ed-2b4a1771-a9e4ad06-cd1306c8
2025-05-06 10:26:15 - Méthode HTTP: GET
2025-05-06 10:26:15 - Requête Orthanc: HTTP Code=200, Réponse={
   "ExpectedNumberOfInstances" : null,
   "ID" : "98d367a5-58eeba8b-f3c2da4b-de7d8f6f-ede53eb2",
   "Instances" : 
   [
      "03c9a57e-19836571-d4eefc16-2ad94243-9c8b63e2",
      "06ea7b60-3497774d-50e19bee-a577ad30-18fd5343",
      "127cebed-72b718d7-d77db86d-8d17d9ab-edd89842",
      "4e4bce5d-9a98e121-3d1a87bc-47f0398f-5cbefd26",
      "6be8f9b5-0a47915b-56fd8a11-4d94300c-9bfb83c4",
      "892e8101-891e4b24-43c20a0c-cda4e1ee-34cdbb93",
      "96548d6b-b87fefbd-78a3f7c5-c5abe181-0643a103",
, Erreur cURL=
2025-05-06 10:26:15 - Début de la requête proxy-orthanc
2025-05-06 10:26:15 - URL Orthanc: http://localhost:8042/patients/9b4d864d-a53a383a-44cdda8a-269b4eee-777c5729
2025-05-06 10:26:15 - Méthode HTTP: GET
2025-05-06 10:26:15 - Requête Orthanc: HTTP Code=200, Réponse={
   "ID" : "aa938400-09e9f0df-8ba95f68-e21f98dd-0c6e0cf0",
   "IsStable" : true,
   "Labels" : [],
   "LastUpdate" : "20250421T205945",
   "MainDicomTags" : 
   {
      "AccessionNumber" : "",
      "InstitutionName" : "",
      "ReferringPhysicianName" : "",
      "StudyDate" : "19941013",
      "StudyDescription" : "",
      "StudyID" : "",
      "StudyInstanceUID" : "1.3.12.2.1107.5.4.3.123456789012345.19950922.121803.6",
      "StudyTime" : "141917"
   },
   "ParentPatient" : "1e6ca9a6-71d9, Erreur cURL=
2025-05-06 10:26:15 - Début de la requête proxy-orthanc
2025-05-06 10:26:15 - URL Orthanc: http://localhost:8042/patients/10092b57-91bddc20-e68b74c7-8956c6df-49e00750
2025-05-06 10:26:15 - Méthode HTTP: GET
2025-05-06 10:26:15 - Requête Orthanc: HTTP Code=200, Réponse={
   "ExpectedNumberOfInstances" : null,
   "ID" : "19b4c568-a95664f5-ad117914-3ccf7292-2a7ee3a0",
   "Instances" : 
   [
      "24e83fd1-ddd03175-beb6aa86-f4ce6432-4241b24f",
      "26952bd2-9569483f-e0549aca-a33b9065-69c33884",
      "2faf6dae-1e8dd60c-78fbca50-98cc48e7-66559504",
      "5974bce8-dfa0d418-48e52945-578a9547-fbb8179e",
      "63831658-2ed313e4-bdd47183-6c1be4da-c0022bb4",
      "75c6d27e-9c7d0b29-ef99341d-b7507933-63d3057d",
      "bc61cc15-593581eb-104dd853-f8e2ae2f-19704638",
, Erreur cURL=
2025-05-06 10:26:15 - Début de la requête proxy-orthanc
2025-05-06 10:26:15 - URL Orthanc: http://localhost:8042/patients/c5cc2652-d994a3cd-4c0b46e9-8aeb6e72-a0135eba
2025-05-06 10:26:15 - Méthode HTTP: GET
2025-05-06 10:26:15 - Requête Orthanc: HTTP Code=200, Réponse={
   "ID" : "3abaec0a-ebfaaa87-f830d52b-d62df074-6a692c12",
   "IsStable" : true,
   "Labels" : [],
   "LastUpdate" : "20250506T030658",
   "MainDicomTags" : 
   {
      "StudyDate" : "20061012",
      "StudyDescription" : "CT1 abdomen",
      "StudyInstanceUID" : "1.2.826.0.1.3680043.8.1055.1.20111102150758591.92402465.76095170",
      "StudyTime" : "090258.000000"
   },
   "ParentPatient" : "b6589fc6-ab0dc82c-f12099d1-c2d40ab9-94e8410c",
   "PatientMainDicomTags" : 
   {
      "PatientID" : "0, Erreur cURL=
2025-05-06 10:26:15 - Début de la requête proxy-orthanc
2025-05-06 10:26:15 - URL Orthanc: http://localhost:8042/patients/8fff5df9-52cafc00-77071493-d6c9febb-c05b7e14
2025-05-06 10:26:15 - Méthode HTTP: GET
2025-05-06 10:26:15 - Requête Orthanc: HTTP Code=200, Réponse={
   "ID" : "b6589fc6-ab0dc82c-f12099d1-c2d40ab9-94e8410c",
   "IsStable" : true,
   "Labels" : [],
   "LastUpdate" : "20250506T030658",
   "MainDicomTags" : 
   {
      "PatientID" : "0",
      "PatientName" : "Anonymized"
   },
   "Studies" : 
   [
      "3abaec0a-ebfaaa87-f830d52b-d62df074-6a692c12"
   ],
   "Type" : "Patient"
}, Erreur cURL=
2025-05-06 10:26:15 - Requête Orthanc: HTTP Code=200, Réponse={
   "ID" : "200b3e41-4557e5ed-2b4a1771-a9e4ad06-cd1306c8",
   "IsStable" : true,
   "Labels" : [],
   "LastUpdate" : "20250311T081323",
   "MainDicomTags" : 
   {
      "AccessionNumber" : "",
      "InstitutionName" : "CHU St ROCH",
      "ReferringPhysicianName" : "",
      "StudyDate" : "19961014",
      "StudyID" : "2019",
      "StudyInstanceUID" : "1.3.46.670589.10.900123.19970114.35056000060.1",
      "StudyTime" : "145056.00000"
   },
   "ParentPatient" : "9b4d864d-a53a383a-44cdda8a-269, Erreur cURL=
2025-05-06 10:26:15 - Requête Orthanc: HTTP Code=200, Réponse={
   "ID" : "9b4d864d-a53a383a-44cdda8a-269b4eee-777c5729",
   "IsStable" : true,
   "Labels" : [],
   "LastUpdate" : "20250311T081323",
   "MainDicomTags" : 
   {
      "PatientBirthDate" : "19781010",
      "PatientID" : "0000002019",
      "PatientName" : "AVE+ ABDOMEN",
      "PatientSex" : "M"
   },
   "Studies" : 
   [
      "200b3e41-4557e5ed-2b4a1771-a9e4ad06-cd1306c8"
   ],
   "Type" : "Patient"
}, Erreur cURL=
2025-05-06 10:26:15 - Début de la requête proxy-orthanc
2025-05-06 10:26:15 - URL Orthanc: http://localhost:8042/studies/8e51d8c2-c73f0a1e-57f97ca6-0fe69e66-c5e753eb
2025-05-06 10:26:15 - Méthode HTTP: GET
2025-05-06 10:26:15 - Début de la requête proxy-orthanc
2025-05-06 10:26:15 - URL Orthanc: http://localhost:8042/patients/62bc7cdd-8f5ae588-dea41879-6a8e18d1-d44362ee
2025-05-06 10:26:15 - Méthode HTTP: GET
2025-05-06 10:26:15 - URL Orthanc: http://localhost:8042/series/98d367a5-58eeba8b-f3c2da4b-de7d8f6f-ede53eb2
2025-05-06 10:26:15 - Méthode HTTP: GET
2025-05-06 10:26:15 - Requête Orthanc: HTTP Code=200, Réponse={
   "ID" : "10092b57-91bddc20-e68b74c7-8956c6df-49e00750",
   "IsStable" : true,
   "Labels" : [],
   "LastUpdate" : "20250311T081322",
   "MainDicomTags" : 
   {
      "PatientBirthDate" : "19320918",
      "PatientID" : "0000002011",
      "PatientName" : "AVE+ KNEE",
      "PatientSex" : "F"
   },
   "Studies" : 
   [
      "286789b1-82845a45-92d7dfc0-c6a8e286-27bc0129"
   ],
   "Type" : "Patient"
}, Erreur cURL=
2025-05-06 10:26:15 - Début de la requête proxy-orthanc
2025-05-06 10:26:16 - URL Orthanc: http://localhost:8042/patients/1e6ca9a6-71d9b622-24e72d15-16251ee8-3735baf5
2025-05-06 10:26:16 - Méthode HTTP: GET
2025-05-06 10:26:16 - Requête Orthanc: HTTP Code=200, Réponse={
   "ID" : "c5cc2652-d994a3cd-4c0b46e9-8aeb6e72-a0135eba",
   "IsStable" : true,
   "Labels" : [],
   "LastUpdate" : "20250421T233940",
   "MainDicomTags" : 
   {
      "PatientBirthDate" : "19960205",
      "PatientID" : "2021.01.13-13:04:52-STD-1.3.12.2.1107.5.99.3",
      "PatientName" : "DeepResolve_Altea2",
      "PatientSex" : "M"
   },
   "Studies" : 
   [
      "ae9bf996-b6ab6a8b-eba1f35e-14600862-f9393ddd"
   ],
   "Type" : "Patient"
}, Erreur cURL=
2025-05-06 10:26:16 - Requête Orthanc: HTTP Code=200, Réponse={
   "ID" : "8fff5df9-52cafc00-77071493-d6c9febb-c05b7e14",
   "IsStable" : true,
   "Labels" : [],
   "LastUpdate" : "20250311T081322",
   "MainDicomTags" : 
   {
      "PatientBirthDate" : "19131220",
      "PatientID" : "0000002014",
      "PatientName" : "AVE+ BRAIN + POST FOS.",
      "PatientSex" : "F"
   },
   "Studies" : 
   [
      "0ba2c4af-c4286377-ed83307a-c4307d90-422eea83"
   ],
   "Type" : "Patient"
}, Erreur cURL=
2025-05-06 10:26:16 - Requête Orthanc: HTTP Code=200, Réponse={
   "ID" : "62bc7cdd-8f5ae588-dea41879-6a8e18d1-d44362ee",
   "IsStable" : true,
   "Labels" : [],
   "LastUpdate" : "20250421T202126",
   "MainDicomTags" : 
   {
      "PatientBirthDate" : "19240101",
      "PatientID" : "0000002018",
      "PatientName" : "AVE+ BRAIN + POST + SINUS",
      "PatientSex" : "M"
   },
   "Studies" : 
   [
      "8e51d8c2-c73f0a1e-57f97ca6-0fe69e66-c5e753eb"
   ],
   "Type" : "Patient"
}, Erreur cURL=
2025-05-06 10:26:16 - Requête Orthanc: HTTP Code=200, Réponse={
   "ID" : "8e51d8c2-c73f0a1e-57f97ca6-0fe69e66-c5e753eb",
   "IsStable" : true,
   "Labels" : [],
   "LastUpdate" : "20250421T202126",
   "MainDicomTags" : 
   {
      "AccessionNumber" : "",
      "InstitutionName" : "CHU St ROCH",
      "ReferringPhysicianName" : "",
      "StudyDate" : "19961014",
      "StudyID" : "2018",
      "StudyInstanceUID" : "1.3.46.670589.10.900123.19970114.35036000030.1",
      "StudyTime" : "140735.00000"
   },
   "ParentPatient" : "62bc7cdd-8f5ae588-dea41879-6a8, Erreur cURL=
2025-05-06 10:26:16 - Requête Orthanc: HTTP Code=200, Réponse={
   "ExpectedNumberOfInstances" : null,
   "ID" : "98d367a5-58eeba8b-f3c2da4b-de7d8f6f-ede53eb2",
   "Instances" : 
   [
      "03c9a57e-19836571-d4eefc16-2ad94243-9c8b63e2",
      "06ea7b60-3497774d-50e19bee-a577ad30-18fd5343",
      "127cebed-72b718d7-d77db86d-8d17d9ab-edd89842",
      "4e4bce5d-9a98e121-3d1a87bc-47f0398f-5cbefd26",
      "6be8f9b5-0a47915b-56fd8a11-4d94300c-9bfb83c4",
      "892e8101-891e4b24-43c20a0c-cda4e1ee-34cdbb93",
      "96548d6b-b87fefbd-78a3f7c5-c5abe181-0643a103",
, Erreur cURL=
2025-05-06 10:26:16 - Requête Orthanc: HTTP Code=200, Réponse={
   "ID" : "1e6ca9a6-71d9b622-24e72d15-16251ee8-3735baf5",
   "IsStable" : true,
   "Labels" : [],
   "LastUpdate" : "20250421T205945",
   "MainDicomTags" : 
   {
      "PatientBirthDate" : "19951025",
      "PatientID" : "556342B",
      "PatientName" : "Rubo DEMO",
      "PatientSex" : "M"
   },
   "Studies" : 
   [
      "aa938400-09e9f0df-8ba95f68-e21f98dd-0c6e0cf0"
   ],
   "Type" : "Patient"
}, Erreur cURL=
2025-05-06 10:26:16 - Début de la requête proxy-orthanc
2025-05-06 10:26:16 - Début de la requête proxy-orthanc
2025-05-06 10:26:16 - Début de la requête proxy-orthanc
2025-05-06 10:26:16 - Début de la requête proxy-orthanc
2025-05-06 10:26:16 - URL Orthanc: http://localhost:8042/patients/b6589fc6-ab0dc82c-f12099d1-c2d40ab9-94e8410c
2025-05-06 10:26:16 - Méthode HTTP: GET
2025-05-06 10:26:16 - Début de la requête proxy-orthanc
2025-05-06 10:26:16 - Début de la requête proxy-orthanc
2025-05-06 10:26:16 - URL Orthanc: http://localhost:8042/series/98d367a5-58eeba8b-f3c2da4b-de7d8f6f-ede53eb2
2025-05-06 10:26:16 - URL Orthanc: http://localhost:8042/series/19b4c568-a95664f5-ad117914-3ccf7292-2a7ee3a0
2025-05-06 10:26:16 - Méthode HTTP: GET
localhost:8042/studies/3abaec0a-ebfaaa87-f830d52b-d62df074-6a692c12
2025-05-06 10:26:16 - Méthode HTTP: GET
2025-05-06 10:26:16 - URL Orthanc: http://localhost:8042/studies/200b3e41-4557e5ed-2b4a1771-a9e4ad06-cd1306c8
2025-05-06 10:26:16 - Méthode HTTP: GET
2025-05-06 10:26:16 - URL Orthanc: http://localhost:8042/patients/9b4d864d-a53a383a-44cdda8a-269b4eee-777c5729
2025-05-06 10:26:16 - Méthode HTTP: GET
2025-05-06 10:26:16 - Début de la requête proxy-orthanc
2025-05-06 10:26:16 - URL Orthanc: http://localhost:8042/series/19b4c568-a95664f5-ad117914-3ccf7292-2a7ee3a0
2025-05-06 10:26:16 - Méthode HTTP: GET
2025-05-06 10:26:16 - Requête Orthanc: HTTP Code=200, Réponse={
   "ID" : "b6589fc6-ab0dc82c-f12099d1-c2d40ab9-94e8410c",
   "IsStable" : true,
   "Labels" : [],
   "LastUpdate" : "20250506T030658",
   "MainDicomTags" : 
   {
      "PatientID" : "0",
      "PatientName" : "Anonymized"
   },
   "Studies" : 
   [
      "3abaec0a-ebfaaa87-f830d52b-d62df074-6a692c12"
   ],
   "Type" : "Patient"
}, Erreur cURL=
2025-05-06 10:26:16 - Requête Orthanc: HTTP Code=200, Réponse={
   "ExpectedNumberOfInstances" : null,
   "ID" : "98d367a5-58eeba8b-f3c2da4b-de7d8f6f-ede53eb2",
   "Instances" : 
   [
      "03c9a57e-19836571-d4eefc16-2ad94243-9c8b63e2",
      "06ea7b60-3497774d-50e19bee-a577ad30-18fd5343",
      "127cebed-72b718d7-d77db86d-8d17d9ab-edd89842",
      "4e4bce5d-9a98e121-3d1a87bc-47f0398f-5cbefd26",
      "6be8f9b5-0a47915b-56fd8a11-4d94300c-9bfb83c4",
      "892e8101-891e4b24-43c20a0c-cda4e1ee-34cdbb93",
      "96548d6b-b87fefbd-78a3f7c5-c5abe181-0643a103",
, Erreur cURL=
2025-05-06 10:26:16 - Requête Orthanc: HTTP Code=200, Réponse={
   "ID" : "200b3e41-4557e5ed-2b4a1771-a9e4ad06-cd1306c8",
   "IsStable" : true,
   "Labels" : [],
   "LastUpdate" : "20250311T081323",
   "MainDicomTags" : 
   {
      "AccessionNumber" : "",
      "InstitutionName" : "CHU St ROCH",
      "ReferringPhysicianName" : "",
      "StudyDate" : "19961014",
      "StudyID" : "2019",
      "StudyInstanceUID" : "1.3.46.670589.10.900123.19970114.35056000060.1",
      "StudyTime" : "145056.00000"
   },
   "ParentPatient" : "9b4d864d-a53a383a-44cdda8a-269, Erreur cURL=
2025-05-06 10:26:16 - Requête Orthanc: HTTP Code=200, Réponse={
   "ExpectedNumberOfInstances" : null,
   "ID" : "19b4c568-a95664f5-ad117914-3ccf7292-2a7ee3a0",
   "Instances" : 
   [
      "24e83fd1-ddd03175-beb6aa86-f4ce6432-4241b24f",
      "26952bd2-9569483f-e0549aca-a33b9065-69c33884",
      "2faf6dae-1e8dd60c-78fbca50-98cc48e7-66559504",
      "5974bce8-dfa0d418-48e52945-578a9547-fbb8179e",
      "63831658-2ed313e4-bdd47183-6c1be4da-c0022bb4",
      "75c6d27e-9c7d0b29-ef99341d-b7507933-63d3057d",
      "bc61cc15-593581eb-104dd853-f8e2ae2f-19704638",
, Erreur cURL=
2025-05-06 10:26:16 - Requête Orthanc: HTTP Code=200, Réponse={
   "ID" : "3abaec0a-ebfaaa87-f830d52b-d62df074-6a692c12",
   "IsStable" : true,
   "Labels" : [],
   "LastUpdate" : "20250506T030658",
   "MainDicomTags" : 
   {
      "StudyDate" : "20061012",
      "StudyDescription" : "CT1 abdomen",
      "StudyInstanceUID" : "1.2.826.0.1.3680043.8.1055.1.20111102150758591.92402465.76095170",
      "StudyTime" : "090258.000000"
   },
   "ParentPatient" : "b6589fc6-ab0dc82c-f12099d1-c2d40ab9-94e8410c",
   "PatientMainDicomTags" : 
   {
      "PatientID" : "0, Erreur cURL=
2025-05-06 10:26:16 - Requête Orthanc: HTTP Code=200, Réponse={
   "ID" : "9b4d864d-a53a383a-44cdda8a-269b4eee-777c5729",
   "IsStable" : true,
   "Labels" : [],
   "LastUpdate" : "20250311T081323",
   "MainDicomTags" : 
   {
      "PatientBirthDate" : "19781010",
      "PatientID" : "0000002019",
      "PatientName" : "AVE+ ABDOMEN",
      "PatientSex" : "M"
   },
   "Studies" : 
   [
      "200b3e41-4557e5ed-2b4a1771-a9e4ad06-cd1306c8"
   ],
   "Type" : "Patient"
}, Erreur cURL=
2025-05-06 10:26:16 - Requête Orthanc: HTTP Code=200, Réponse={
   "ExpectedNumberOfInstances" : null,
   "ID" : "19b4c568-a95664f5-ad117914-3ccf7292-2a7ee3a0",
   "Instances" : 
   [
      "24e83fd1-ddd03175-beb6aa86-f4ce6432-4241b24f",
      "26952bd2-9569483f-e0549aca-a33b9065-69c33884",
      "2faf6dae-1e8dd60c-78fbca50-98cc48e7-66559504",
      "5974bce8-dfa0d418-48e52945-578a9547-fbb8179e",
      "63831658-2ed313e4-bdd47183-6c1be4da-c0022bb4",
      "75c6d27e-9c7d0b29-ef99341d-b7507933-63d3057d",
      "bc61cc15-593581eb-104dd853-f8e2ae2f-19704638",
, Erreur cURL=
2025-05-06 10:56:15 - Début de la requête proxy-orthanc
2025-05-06 10:56:15 - URL Orthanc: http://localhost:8042/instances
2025-05-06 10:56:15 - Méthode HTTP: GET
2025-05-06 10:56:15 - Requête Orthanc: HTTP Code=200, Réponse=[
   "03c9a57e-19836571-d4eefc16-2ad94243-9c8b63e2",
   "06ea7b60-3497774d-50e19bee-a577ad30-18fd5343",
   "094563e4-74b821f1-120c8584-6236b3ba-05716a47",
   "127cebed-72b718d7-d77db86d-8d17d9ab-edd89842",
   "24e83fd1-ddd03175-beb6aa86-f4ce6432-4241b24f",
   "26952bd2-9569483f-e0549aca-a33b9065-69c33884",
   "2faf6dae-1e8dd60c-78fbca50-98cc48e7-66559504",
   "4e4bce5d-9a98e121-3d1a87bc-47f0398f-5cbefd26",
   "582dde1a-6ee0dcb1-dc2c0a3c-06a79b2f-211eda06",
   "5974bce8-dfa0d418-48e52945-578a9547, Erreur cURL=
2025-05-06 10:56:15 - Début de la requête proxy-orthanc
2025-05-06 10:56:15 - URL Orthanc: http://localhost:8042/instances/03c9a57e-19836571-d4eefc16-2ad94243-9c8b63e2
2025-05-06 10:56:15 - Méthode HTTP: GET
2025-05-06 10:56:15 - Début de la requête proxy-orthanc
2025-05-06 10:56:15 - Début de la requête proxy-orthanc
2025-05-06 10:56:15 - URL Orthanc: http://localhost:8042/instances/06ea7b60-3497774d-50e19bee-a577ad30-18fd5343
2025-05-06 10:56:15 - Début de la requête proxy-orthanc
2025-05-06 10:56:15 - Méthode HTTP: GET
2025-05-06 10:56:15 - Début de la requête proxy-orthanc
2025-05-06 10:56:15 - Début de la requête proxy-orthanc
2025-05-06 10:56:15 - URL Orthanc: http://localhost:8042/instances/127cebed-72b718d7-d77db86d-8d17d9ab-edd89842
2025-05-06 10:56:15 - URL Orthanc: http://localhost:8042/instances/24e83fd1-ddd03175-beb6aa86-f4ce6432-4241b24f
2025-05-06 10:56:15 - Méthode HTTP: GET
2025-05-06 10:56:15 - Méthode HTTP: GET
2025-05-06 10:56:15 - URL Orthanc: http://localhost:8042/instances/26952bd2-9569483f-e0549aca-a33b9065-69c33884
2025-05-06 10:56:15 - Méthode HTTP: GET
2025-05-06 10:56:15 - URL Orthanc: http://localhost:8042/instances/094563e4-74b821f1-120c8584-6236b3ba-05716a47
2025-05-06 10:56:15 - Méthode HTTP: GET
2025-05-06 10:56:15 - Requête Orthanc: HTTP Code=200, Réponse={
   "FileSize" : 91250,
   "FileUuid" : "31fe318b-d5b9-48f9-9605-0061b7b301b2",
   "ID" : "03c9a57e-19836571-d4eefc16-2ad94243-9c8b63e2",
   "IndexInSeries" : 1,
   "Labels" : [],
   "MainDicomTags" : 
   {
      "ImageComments" : "JPEG 2000 lossless - Version 4.0.2 (c) Image Devices GmbH",
      "ImageOrientationPatient" : "1\\0\\0\\0\\1\\0",
      "ImagePositionPatient" : "-151.493508\\-36.6564417\\1295",
      "InstanceCreationDate" : "20061012",
      "InstanceCreationTime" : "091605.000000, Erreur cURL=
2025-05-06 10:56:15 - Début de la requête proxy-orthanc
2025-05-06 10:56:15 - URL Orthanc: http://localhost:8042/instances/2faf6dae-1e8dd60c-78fbca50-98cc48e7-66559504
2025-05-06 10:56:15 - Méthode HTTP: GET
2025-05-06 10:56:15 - Requête Orthanc: HTTP Code=200, Réponse={
   "FileSize" : 94292,
   "FileUuid" : "8df9dc92-06f7-489e-998e-5c34755e2119",
   "ID" : "06ea7b60-3497774d-50e19bee-a577ad30-18fd5343",
   "IndexInSeries" : 300,
   "Labels" : [],
   "MainDicomTags" : 
   {
      "ImageComments" : "JPEG 2000 lossless - Version 4.0.2 (c) Image Devices GmbH",
      "ImageOrientationPatient" : "1\\0\\0\\0\\1\\0",
      "ImagePositionPatient" : "-151.493508\\-36.6564417\\1145.5",
      "InstanceCreationDate" : "20061012",
      "InstanceCreationTime" : "091723.00, Erreur cURL=
2025-05-06 10:56:15 - Début de la requête proxy-orthanc
2025-05-06 10:56:15 - URL Orthanc: http://localhost:8042/instances/4e4bce5d-9a98e121-3d1a87bc-47f0398f-5cbefd26
2025-05-06 10:56:15 - Méthode HTTP: GET
2025-05-06 10:56:15 - Requête Orthanc: HTTP Code=200, Réponse={
   "FileSize" : 526336,
   "FileUuid" : "1b56fb91-ea25-44cc-8c18-5f24da876928",
   "ID" : "24e83fd1-ddd03175-beb6aa86-f4ce6432-4241b24f",
   "IndexInSeries" : 14001,
   "Labels" : [],
   "MainDicomTags" : 
   {
      "AcquisitionNumber" : "14",
      "ImageComments" : "",
      "ImageOrientationPatient" : "1.0000\\0.0000\\0.0000\\0.0000\\1.0000\\0.0000",
      "ImagePositionPatient" : "-175.1000\\-175.1000\\-120.0000",
      "InstanceCreationDate" : "19970114",
      "InstanceCreationTime" : ", Erreur cURL=
2025-05-06 10:56:15 - Requête Orthanc: HTTP Code=200, Réponse={
   "FileSize" : 526336,
   "FileUuid" : "9702e94e-8902-4103-ae55-af77a92efc6a",
   "ID" : "26952bd2-9569483f-e0549aca-a33b9065-69c33884",
   "IndexInSeries" : 17001,
   "Labels" : [],
   "MainDicomTags" : 
   {
      "AcquisitionNumber" : "17",
      "ImageComments" : "",
      "ImageOrientationPatient" : "1.0000\\0.0000\\0.0000\\0.0000\\1.0000\\0.0000",
      "ImagePositionPatient" : "-175.1000\\-175.1000\\-150.0000",
      "InstanceCreationDate" : "19970114",
      "InstanceCreationTime" : ", Erreur cURL=
2025-05-06 10:56:15 - Requête Orthanc: HTTP Code=200, Réponse={
   "FileSize" : 97246,
   "FileUuid" : "45e525e8-885a-4c23-80a7-9e1aa54ead5e",
   "ID" : "127cebed-72b718d7-d77db86d-8d17d9ab-edd89842",
   "IndexInSeries" : 87,
   "Labels" : [],
   "MainDicomTags" : 
   {
      "ImageComments" : "JPEG 2000 lossless - Version 4.0.2 (c) Image Devices GmbH",
      "ImageOrientationPatient" : "1\\0\\0\\0\\1\\0",
      "ImagePositionPatient" : "-151.493508\\-36.6564417\\1252",
      "InstanceCreationDate" : "20061012",
      "InstanceCreationTime" : "091628.00000, Erreur cURL=
2025-05-06 10:56:15 - Requête Orthanc: HTTP Code=200, Réponse={
   "FileSize" : 526336,
   "FileUuid" : "847455dd-9936-4c5a-9d73-29f225acd32b",
   "ID" : "094563e4-74b821f1-120c8584-6236b3ba-05716a47",
   "IndexInSeries" : 5003,
   "Labels" : [],
   "MainDicomTags" : 
   {
      "AcquisitionNumber" : " 5",
      "ImageComments" : "MD",
      "ImageOrientationPatient" : "1.0000\\0.0000\\0.0000\\0.0000\\1.0000\\0.0000",
      "ImagePositionPatient" : "-80.7000\\-75.1000\\-61.0000",
      "InstanceCreationDate" : "19970114",
      "InstanceCreationTime" : "03, Erreur cURL=
2025-05-06 10:56:15 - Début de la requête proxy-orthanc
2025-05-06 10:56:15 - Début de la requête proxy-orthanc
2025-05-06 10:56:15 - Début de la requête proxy-orthanc
2025-05-06 10:56:15 - Début de la requête proxy-orthanc
2025-05-06 10:56:15 - URL Orthanc: http://localhost:8042/instances/582dde1a-6ee0dcb1-dc2c0a3c-06a79b2f-211eda06
2025-05-06 10:56:15 - Méthode HTTP: GET
localhost:8042/instances/63831658-2ed313e4-bdd47183-6c1be4da-c0022bb4
2025-05-06 10:56:15 - Méthode HTTP: GET
2025-05-06 10:56:15 - URL Orthanc: http://localhost:8042/instances/6be8f9b5-0a47915b-56fd8a11-4d94300c-9bfb83c4
2025-05-06 10:56:15 - Méthode HTTP: GET
2025-05-06 10:56:15 - URL Orthanc: http://localhost:8042/instances/5974bce8-dfa0d418-48e52945-578a9547-fbb8179e
2025-05-06 10:56:15 - Méthode HTTP: GET
2025-05-06 10:56:15 - Requête Orthanc: HTTP Code=200, Réponse={
   "FileSize" : 526336,
   "FileUuid" : "43af4eee-ad27-4654-b4a1-e5a62a718f5a",
   "ID" : "2faf6dae-1e8dd60c-78fbca50-98cc48e7-66559504",
   "IndexInSeries" : 20001,
   "Labels" : [],
   "MainDicomTags" : 
   {
      "AcquisitionNumber" : "20",
      "ImageComments" : "",
      "ImageOrientationPatient" : "1.0000\\0.0000\\0.0000\\0.0000\\1.0000\\0.0000",
      "ImagePositionPatient" : "-175.1000\\-175.1000\\-180.0000",
      "InstanceCreationDate" : "19970114",
      "InstanceCreationTime" : ", Erreur cURL=
2025-05-06 10:56:15 - Début de la requête proxy-orthanc
2025-05-06 10:56:15 - URL Orthanc: http://localhost:8042/instances/75c6d27e-9c7d0b29-ef99341d-b7507933-63d3057d
2025-05-06 10:56:15 - Méthode HTTP: GET
2025-05-06 10:56:15 - Requête Orthanc: HTTP Code=200, Réponse={
   "FileSize" : 91614,
   "FileUuid" : "1466d84e-b856-44f4-8d7e-8f0165294fc2",
   "ID" : "4e4bce5d-9a98e121-3d1a87bc-47f0398f-5cbefd26",
   "IndexInSeries" : 7,
   "Labels" : [],
   "MainDicomTags" : 
   {
      "ImageComments" : "JPEG 2000 lossless - Version 4.0.2 (c) Image Devices GmbH",
      "ImageOrientationPatient" : "1\\0\\0\\0\\1\\0",
      "ImagePositionPatient" : "-151.493508\\-36.6564417\\1292",
      "InstanceCreationDate" : "20061012",
      "InstanceCreationTime" : "091607.000000, Erreur cURL=
2025-05-06 10:56:15 - Début de la requête proxy-orthanc
2025-05-06 10:56:15 - URL Orthanc: http://localhost:8042/instances/892e8101-891e4b24-43c20a0c-cda4e1ee-34cdbb93
2025-05-06 10:56:15 - Méthode HTTP: GET
2025-05-06 10:56:15 - Requête Orthanc: HTTP Code=200, Réponse={
   "FileSize" : 527206,
   "FileUuid" : "795689db-f22a-4dce-b798-da7adabb6f0e",
   "ID" : "582dde1a-6ee0dcb1-dc2c0a3c-06a79b2f-211eda06",
   "IndexInSeries" : null,
   "Labels" : [],
   "MainDicomTags" : 
   {
      "InstanceCreationDate" : "20250421",
      "InstanceCreationTime" : "202125.000000",
      "SOPInstanceUID" : "1.2.276.0.7230010.3.1.4.1159938914.5836.1745266885.814"
   },
   "ParentSeries" : "4541c007-3ddcd5b2-6bf192fc-d28df38d-afe5c271",
   "Type" : "Instance"
}, Erreur cURL=
2025-05-06 10:56:15 - Requête Orthanc: HTTP Code=200, Réponse={
   "FileSize" : 526336,
   "FileUuid" : "18595efd-f373-4173-a048-6de33ca05bca",
   "ID" : "63831658-2ed313e4-bdd47183-6c1be4da-c0022bb4",
   "IndexInSeries" : 15001,
   "Labels" : [],
   "MainDicomTags" : 
   {
      "AcquisitionNumber" : "15",
      "ImageComments" : "",
      "ImageOrientationPatient" : "1.0000\\0.0000\\0.0000\\0.0000\\1.0000\\0.0000",
      "ImagePositionPatient" : "-175.1000\\-175.1000\\-130.0000",
      "InstanceCreationDate" : "19970114",
      "InstanceCreationTime" : ", Erreur cURL=
2025-05-06 10:56:15 - Requête Orthanc: HTTP Code=200, Réponse={
   "FileSize" : 91754,
   "FileUuid" : "69983b39-cdaa-42dd-8768-cc51e4e61c80",
   "ID" : "6be8f9b5-0a47915b-56fd8a11-4d94300c-9bfb83c4",
   "IndexInSeries" : 9,
   "Labels" : [],
   "MainDicomTags" : 
   {
      "ImageComments" : "JPEG 2000 lossless - Version 4.0.2 (c) Image Devices GmbH",
      "ImageOrientationPatient" : "1\\0\\0\\0\\1\\0",
      "ImagePositionPatient" : "-151.493508\\-36.6564417\\1291",
      "InstanceCreationDate" : "20061012",
      "InstanceCreationTime" : "091607.000000, Erreur cURL=
2025-05-06 10:56:15 - Requête Orthanc: HTTP Code=200, Réponse={
   "FileSize" : 526336,
   "FileUuid" : "11a7f312-517f-42ad-a5f0-e749b0038b6c",
   "ID" : "5974bce8-dfa0d418-48e52945-578a9547-fbb8179e",
   "IndexInSeries" : 18001,
   "Labels" : [],
   "MainDicomTags" : 
   {
      "AcquisitionNumber" : "18",
      "ImageComments" : "",
      "ImageOrientationPatient" : "1.0000\\0.0000\\0.0000\\0.0000\\1.0000\\0.0000",
      "ImagePositionPatient" : "-175.1000\\-175.1000\\-160.0000",
      "InstanceCreationDate" : "19970114",
      "InstanceCreationTime" : ", Erreur cURL=
2025-05-06 10:56:15 - Début de la requête proxy-orthanc
2025-05-06 10:56:15 - URL Orthanc: http://localhost:8042/instances/96548d6b-b87fefbd-78a3f7c5-c5abe181-0643a103
2025-05-06 10:56:15 - Méthode HTTP: GET
2025-05-06 10:56:16 - Début de la requête proxy-orthanc
2025-05-06 10:56:16 - URL Orthanc: http://localhost:8042/instances/9ec8fbb6-b5b6bf94-16950f4b-184a8d6e-21c21abd
2025-05-06 10:56:16 - Méthode HTTP: GET
2025-05-06 10:56:15 - Début de la requête proxy-orthanc
2025-05-06 10:56:16 - Début de la requête proxy-orthanc
2025-05-06 10:56:16 - URL Orthanc: http://localhost:8042/instances/b7fb1fb4-142e5a15-333ae197-298b1626-11f8833b
2025-05-06 10:56:16 - Méthode HTTP: GET
2025-05-06 10:56:16 - URL Orthanc: http://localhost:8042/instances/9a29cba5-68bed7e0-c5c01897-1771d7c8-d3dad7c2
2025-05-06 10:56:16 - Méthode HTTP: GET
2025-05-06 10:56:16 - Requête Orthanc: HTTP Code=200, Réponse={
   "FileSize" : 526336,
   "FileUuid" : "7ef2cfb2-cd10-40ef-8012-0b6fd7578b13",
   "ID" : "75c6d27e-9c7d0b29-ef99341d-b7507933-63d3057d",
   "IndexInSeries" : 21001,
   "Labels" : [],
   "MainDicomTags" : 
   {
      "AcquisitionNumber" : "21",
      "ImageComments" : "",
      "ImageOrientationPatient" : "1.0000\\0.0000\\0.0000\\0.0000\\1.0000\\0.0000",
      "ImagePositionPatient" : "-175.1000\\-175.1000\\-190.0000",
      "InstanceCreationDate" : "19970114",
      "InstanceCreationTime" : ", Erreur cURL=
2025-05-06 10:56:16 - Début de la requête proxy-orthanc
2025-05-06 10:56:16 - URL Orthanc: http://localhost:8042/instances/bc61cc15-593581eb-104dd853-f8e2ae2f-19704638
2025-05-06 10:56:16 - Méthode HTTP: GET
2025-05-06 10:56:16 - Requête Orthanc: HTTP Code=200, Réponse={
   "FileSize" : 95526,
   "FileUuid" : "1574399b-1e17-4bff-a465-fa16e2c352ba",
   "ID" : "892e8101-891e4b24-43c20a0c-cda4e1ee-34cdbb93",
   "IndexInSeries" : 6,
   "Labels" : [],
   "MainDicomTags" : 
   {
      "ImageComments" : "JPEG 2000 lossless - Version 4.0.2 (c) Image Devices GmbH",
      "ImageOrientationPatient" : "1\\0\\0\\0\\1\\0",
      "ImagePositionPatient" : "-151.493508\\-36.6564417\\1292.5",
      "InstanceCreationDate" : "20061012",
      "InstanceCreationTime" : "091607.0000, Erreur cURL=
2025-05-06 10:56:16 - Début de la requête proxy-orthanc
2025-05-06 10:56:16 - URL Orthanc: http://localhost:8042/instances/ca185649-59f5c5ef-ebbff62a-dcd31eec-5232abf3
2025-05-06 10:56:16 - Méthode HTTP: GET
2025-05-06 10:56:16 - Requête Orthanc: HTTP Code=200, Réponse={
   "FileSize" : 91264,
   "FileUuid" : "7043ba01-a582-4bcb-a2a9-287d95983359",
   "ID" : "96548d6b-b87fefbd-78a3f7c5-c5abe181-0643a103",
   "IndexInSeries" : 5,
   "Labels" : [],
   "MainDicomTags" : 
   {
      "ImageComments" : "JPEG 2000 lossless - Version 4.0.2 (c) Image Devices GmbH",
      "ImageOrientationPatient" : "1\\0\\0\\0\\1\\0",
      "ImagePositionPatient" : "-151.493508\\-36.6564417\\1293",
      "InstanceCreationDate" : "20061012",
      "InstanceCreationTime" : "091607.000000, Erreur cURL=
2025-05-06 10:56:16 - Début de la requête proxy-orthanc
2025-05-06 10:56:16 - URL Orthanc: http://localhost:8042/instances/cad86111-996653c7-c7ca1820-b783c4c3-9ff6e63b
2025-05-06 10:56:16 - Méthode HTTP: GET
2025-05-06 10:56:16 - Requête Orthanc: HTTP Code=200, Réponse={
   "FileSize" : 91658,
   "FileUuid" : "7b042208-1ecd-45ad-88c9-b577cd90889a",
   "ID" : "9ec8fbb6-b5b6bf94-16950f4b-184a8d6e-21c21abd",
   "IndexInSeries" : 10,
   "Labels" : [],
   "MainDicomTags" : 
   {
      "ImageComments" : "JPEG 2000 lossless - Version 4.0.2 (c) Image Devices GmbH",
      "ImageOrientationPatient" : "1\\0\\0\\0\\1\\0",
      "ImagePositionPatient" : "-151.493508\\-36.6564417\\1290.5",
      "InstanceCreationDate" : "20061012",
      "InstanceCreationTime" : "091607.000, Erreur cURL=
2025-05-06 10:56:16 - Début de la requête proxy-orthanc
2025-05-06 10:56:16 - URL Orthanc: http://localhost:8042/instances/d68ec84d-b86ce4ac-49fcd090-361954ca-da219abf
2025-05-06 10:56:16 - Méthode HTTP: GET
2025-05-06 10:56:16 - Requête Orthanc: HTTP Code=200, Réponse={
   "FileSize" : 1702398,
   "FileUuid" : "9fa9d15a-988d-410e-9194-ddfde927c89a",
   "ID" : "b7fb1fb4-142e5a15-333ae197-298b1626-11f8833b",
   "IndexInSeries" : null,
   "Labels" : [],
   "MainDicomTags" : 
   {
      "InstanceNumber" : "",
      "NumberOfFrames" : "96",
      "SOPInstanceUID" : "1.3.12.2.1107.5.4.3.321890.19960124.162922.29"
   },
   "ParentSeries" : "62cc4f41-9b1679c0-6ad19a2e-71fccb6f-07a3d16d",
   "Type" : "Instance"
}, Erreur cURL=
2025-05-06 10:56:16 - Requête Orthanc: HTTP Code=200, Réponse={
   "FileSize" : 91182,
   "FileUuid" : "eb905344-08b8-4d71-8f71-269c1d9f0d79",
   "ID" : "9a29cba5-68bed7e0-c5c01897-1771d7c8-d3dad7c2",
   "IndexInSeries" : 4,
   "Labels" : [],
   "MainDicomTags" : 
   {
      "ImageComments" : "JPEG 2000 lossless - Version 4.0.2 (c) Image Devices GmbH",
      "ImageOrientationPatient" : "1\\0\\0\\0\\1\\0",
      "ImagePositionPatient" : "-151.493508\\-36.6564417\\1293.5",
      "InstanceCreationDate" : "20061012",
      "InstanceCreationTime" : "091607.0000, Erreur cURL=
2025-05-06 10:56:16 - Début de la requête proxy-orthanc
2025-05-06 10:56:16 - URL Orthanc: http://localhost:8042/instances/dacc5f2c-4eb67b6e-62fe20be-08583e4b-f7285061
2025-05-06 10:56:16 - Méthode HTTP: GET
2025-05-06 10:56:16 - Début de la requête proxy-orthanc
2025-05-06 10:56:16 - URL Orthanc: http://localhost:8042/instances/e07efef8-4eba99da-e58dbc40-0173c1da-e2535081
2025-05-06 10:56:16 - Méthode HTTP: GET
2025-05-06 10:56:16 - Requête Orthanc: HTTP Code=200, Réponse={
   "FileSize" : 526336,
   "FileUuid" : "9f80260d-18b9-46ce-ada1-00d0d866886d",
   "ID" : "bc61cc15-593581eb-104dd853-f8e2ae2f-19704638",
   "IndexInSeries" : 16001,
   "Labels" : [],
   "MainDicomTags" : 
   {
      "AcquisitionNumber" : "16",
      "ImageComments" : "",
      "ImageOrientationPatient" : "1.0000\\0.0000\\0.0000\\0.0000\\1.0000\\0.0000",
      "ImagePositionPatient" : "-175.1000\\-175.1000\\-140.0000",
      "InstanceCreationDate" : "19970114",
      "InstanceCreationTime" : ", Erreur cURL=
2025-05-06 10:56:16 - Début de la requête proxy-orthanc
2025-05-06 10:56:16 - URL Orthanc: http://localhost:8042/instances/eb17dc02-607db0a6-1074ad73-79fb3688-f9a596db
2025-05-06 10:56:16 - Méthode HTTP: GET
2025-05-06 10:56:16 - Requête Orthanc: HTTP Code=200, Réponse={
   "FileSize" : 91688,
   "FileUuid" : "fc313d4e-083c-42d6-aeaf-e176fde4e365",
   "ID" : "ca185649-59f5c5ef-ebbff62a-dcd31eec-5232abf3",
   "IndexInSeries" : 8,
   "Labels" : [],
   "MainDicomTags" : 
   {
      "ImageComments" : "JPEG 2000 lossless - Version 4.0.2 (c) Image Devices GmbH",
      "ImageOrientationPatient" : "1\\0\\0\\0\\1\\0",
      "ImagePositionPatient" : "-151.493508\\-36.6564417\\1291.5",
      "InstanceCreationDate" : "20061012",
      "InstanceCreationTime" : "091607.0000, Erreur cURL=
2025-05-06 10:56:16 - Début de la requête proxy-orthanc
2025-05-06 10:56:16 - URL Orthanc: http://localhost:8042/instances/f594c062-9b40743f-9a18e6b4-b50b74c6-c147bee8
2025-05-06 10:56:16 - Méthode HTTP: GET
2025-05-06 10:56:16 - Requête Orthanc: HTTP Code=200, Réponse={
   "FileSize" : 526336,
   "FileUuid" : "644bcf08-beb7-4bb7-8f87-2a07dae77a9f",
   "ID" : "cad86111-996653c7-c7ca1820-b783c4c3-9ff6e63b",
   "IndexInSeries" : 22001,
   "Labels" : [],
   "MainDicomTags" : 
   {
      "AcquisitionNumber" : "22",
      "ImageComments" : "",
      "ImageOrientationPatient" : "1.0000\\0.0000\\0.0000\\0.0000\\1.0000\\0.0000",
      "ImagePositionPatient" : "-175.1000\\-175.1000\\-200.0000",
      "InstanceCreationDate" : "19970114",
      "InstanceCreationTime" : ", Erreur cURL=
2025-05-06 10:56:16 - Début de la requête proxy-orthanc
2025-05-06 10:56:16 - URL Orthanc: http://localhost:8042/instances/f6243344-db8927bb-e473639b-d510b561-aea4fd06
2025-05-06 10:56:16 - Méthode HTTP: GET
2025-05-06 10:56:16 - Requête Orthanc: HTTP Code=200, Réponse={
   "FileSize" : 91554,
   "FileUuid" : "65380b97-da9c-45bf-8de9-391cbe061a41",
   "ID" : "d68ec84d-b86ce4ac-49fcd090-361954ca-da219abf",
   "IndexInSeries" : 11,
   "Labels" : [],
   "MainDicomTags" : 
   {
      "ImageComments" : "JPEG 2000 lossless - Version 4.0.2 (c) Image Devices GmbH",
      "ImageOrientationPatient" : "1\\0\\0\\0\\1\\0",
      "ImagePositionPatient" : "-151.493508\\-36.6564417\\1290",
      "InstanceCreationDate" : "20061012",
      "InstanceCreationTime" : "091608.00000, Erreur cURL=
2025-05-06 10:56:16 - Début de la requête proxy-orthanc
2025-05-06 10:56:16 - URL Orthanc: http://localhost:8042/instances/fe9d11b9-08ca2a74-f27c7727-86fa6833-6b2583ab
2025-05-06 10:56:16 - Méthode HTTP: GET
2025-05-06 10:56:16 - Requête Orthanc: HTTP Code=200, Réponse={
   "FileSize" : 526336,
   "FileUuid" : "97a1c84b-5c67-4016-8405-2f71ae4af3de",
   "ID" : "dacc5f2c-4eb67b6e-62fe20be-08583e4b-f7285061",
   "IndexInSeries" : 19001,
   "Labels" : [],
   "MainDicomTags" : 
   {
      "AcquisitionNumber" : "19",
      "ImageComments" : "",
      "ImageOrientationPatient" : "1.0000\\0.0000\\0.0000\\0.0000\\1.0000\\0.0000",
      "ImagePositionPatient" : "-175.1000\\-175.1000\\-170.0000",
      "InstanceCreationDate" : "19970114",
      "InstanceCreationTime" : ", Erreur cURL=
2025-05-06 10:56:16 - Début de la requête proxy-orthanc
2025-05-06 10:56:16 - URL Orthanc: http://localhost:8042/instances/feaf75ad-9548b055-4a7a21f5-3db18a07-9c6903d3
2025-05-06 10:56:16 - Méthode HTTP: GET
TP Code=200, Réponse={
   "FileSize" : 531298,
   "FileUuid" : "937b172f-feb1-4efd-a3ab-432405774a56",
   "ID" : "e07efef8-4eba99da-e58dbc40-0173c1da-e2535081",
   "IndexInSeries" : 1,
   "Labels" : [],
   "MainDicomTags" : 
   {
      "AcquisitionNumber" : "1",
      "InstanceCreationDate" : "20210411",
      "InstanceCreationTime" : "213019.104784",
      "InstanceNumber" : "1",
      "NumberOfFrames" : "1",
      "SOPInstanceUID" : "1.3.12.2.1107.5.8.15.999999.30000021041121051996700000250"
   },
   "ParentSeries, Erreur cURL=
2025-05-06 10:56:16 - Début de la requête proxy-orthanc
2025-05-06 10:56:16 - URL Orthanc: http://localhost:8042/series/98d367a5-58eeba8b-f3c2da4b-de7d8f6f-ede53eb2
2025-05-06 10:56:16 - Méthode HTTP: GET
2025-05-06 10:56:16 - Requête Orthanc: HTTP Code=200, Réponse={
   "FileSize" : 526336,
   "FileUuid" : "c426268c-e58d-4f99-814f-daad18c5a0b1",
   "ID" : "eb17dc02-607db0a6-1074ad73-79fb3688-f9a596db",
   "IndexInSeries" : 6000,
   "Labels" : [],
   "MainDicomTags" : 
   {
      "AcquisitionNumber" : " 6",
      "ImageComments" : "",
      "ImageOrientationPatient" : "1.0000\\0.0000\\0.0000\\0.0000\\0.9397\\-0.3420",
      "ImagePositionPatient" : "-124.9000\\-117.4000\\67.7000",
      "InstanceCreationDate" : "19970114",
      "InstanceCreationTime" : "03, Erreur cURL=
2025-05-06 10:56:16 - Début de la requête proxy-orthanc
2025-05-06 10:56:16 - URL Orthanc: http://localhost:8042/series/19b4c568-a95664f5-ad117914-3ccf7292-2a7ee3a0
2025-05-06 10:56:16 - Méthode HTTP: GET
2025-05-06 10:56:16 - Requête Orthanc: HTTP Code=200, Réponse={
   "FileSize" : 91858,
   "FileUuid" : "2e113bd3-129c-495c-a1d2-964ef09bfa3c",
   "ID" : "f594c062-9b40743f-9a18e6b4-b50b74c6-c147bee8",
   "IndexInSeries" : 12,
   "Labels" : [],
   "MainDicomTags" : 
   {
      "ImageComments" : "JPEG 2000 lossless - Version 4.0.2 (c) Image Devices GmbH",
      "ImageOrientationPatient" : "1\\0\\0\\0\\1\\0",
      "ImagePositionPatient" : "-151.493508\\-36.6564417\\1289.5",
      "InstanceCreationDate" : "20061012",
      "InstanceCreationTime" : "091609.000, Erreur cURL=
2025-05-06 10:56:16 - Début de la requête proxy-orthanc
2025-05-06 10:56:16 - URL Orthanc: http://localhost:8042/series/f623b033-c3bb9318-1ae62c1a-9fd5f247-24c86dea
2025-05-06 10:56:16 - Méthode HTTP: GET
2025-05-06 10:56:16 - Requête Orthanc: HTTP Code=200, Réponse={
   "FileSize" : 91494,
   "FileUuid" : "78180ea2-5568-4a5b-ac83-b0bd4ad027a0",
   "ID" : "f6243344-db8927bb-e473639b-d510b561-aea4fd06",
   "IndexInSeries" : 2,
   "Labels" : [],
   "MainDicomTags" : 
   {
      "ImageComments" : "JPEG 2000 lossless - Version 4.0.2 (c) Image Devices GmbH",
      "ImageOrientationPatient" : "1\\0\\0\\0\\1\\0",
      "ImagePositionPatient" : "-151.493508\\-36.6564417\\1294.5",
      "InstanceCreationDate" : "20061012",
      "InstanceCreationTime" : "091606.0000, Erreur cURL=
2025-05-06 10:56:16 - Début de la requête proxy-orthanc
2025-05-06 10:56:16 - URL Orthanc: http://localhost:8042/series/4541c007-3ddcd5b2-6bf192fc-d28df38d-afe5c271
2025-05-06 10:56:16 - Méthode HTTP: GET
2025-05-06 10:56:16 - Requête Orthanc: HTTP Code=200, Réponse={
   "FileSize" : 526336,
   "FileUuid" : "c147a823-c25b-4c74-a7fb-877198ac4ebe",
   "ID" : "fe9d11b9-08ca2a74-f27c7727-86fa6833-6b2583ab",
   "IndexInSeries" : 13001,
   "Labels" : [],
   "MainDicomTags" : 
   {
      "AcquisitionNumber" : "13",
      "ImageComments" : "",
      "ImageOrientationPatient" : "1.0000\\0.0000\\0.0000\\0.0000\\1.0000\\0.0000",
      "ImagePositionPatient" : "-175.1000\\-175.1000\\-110.0000",
      "InstanceCreationDate" : "19970114",
      "InstanceCreationTime" : ", Erreur cURL=
2025-05-06 10:56:16 - Début de la requête proxy-orthanc
2025-05-06 10:56:16 - URL Orthanc: http://localhost:8042/series/62cc4f41-9b1679c0-6ad19a2e-71fccb6f-07a3d16d
2025-05-06 10:56:16 - Méthode HTTP: GET
2025-05-06 10:56:16 - Requête Orthanc: HTTP Code=200, Réponse={
   "FileSize" : 526336,
   "FileUuid" : "c415c430-c5a8-4afa-854f-af8e254144b8",
   "ID" : "feaf75ad-9548b055-4a7a21f5-3db18a07-9c6903d3",
   "IndexInSeries" : 5000,
   "Labels" : [],
   "MainDicomTags" : 
   {
      "AcquisitionNumber" : " 5",
      "ImageComments" : "",
      "ImageOrientationPatient" : "1.0000\\0.0000\\0.0000\\0.0000\\1.0000\\0.0000",
      "ImagePositionPatient" : "-124.9000\\-124.9000\\15.0000",
      "InstanceCreationDate" : "19970114",
      "InstanceCreationTime" : "035, Erreur cURL=
2025-05-06 10:56:16 - Début de la requête proxy-orthanc
2025-05-06 10:56:16 - URL Orthanc: http://localhost:8042/series/11b7c563-ae504ced-e95ed300-7176b3e8-74f7e2f5
2025-05-06 10:56:16 - Méthode HTTP: GET
2025-05-06 10:56:16 - Requête Orthanc: HTTP Code=200, Réponse={
   "ExpectedNumberOfInstances" : null,
   "ID" : "98d367a5-58eeba8b-f3c2da4b-de7d8f6f-ede53eb2",
   "Instances" : 
   [
      "03c9a57e-19836571-d4eefc16-2ad94243-9c8b63e2",
      "06ea7b60-3497774d-50e19bee-a577ad30-18fd5343",
      "127cebed-72b718d7-d77db86d-8d17d9ab-edd89842",
      "4e4bce5d-9a98e121-3d1a87bc-47f0398f-5cbefd26",
      "6be8f9b5-0a47915b-56fd8a11-4d94300c-9bfb83c4",
      "892e8101-891e4b24-43c20a0c-cda4e1ee-34cdbb93",
      "96548d6b-b87fefbd-78a3f7c5-c5abe181-0643a103",
, Erreur cURL=
2025-05-06 10:56:16 - Début de la requête proxy-orthanc
2025-05-06 10:56:16 - URL Orthanc: http://localhost:8042/series/f6ebf659-c336b2b9-102a72e3-2cd836e9-a5662c26
2025-05-06 10:56:16 - Méthode HTTP: GET
2025-05-06 10:56:16 - Requête Orthanc: HTTP Code=200, Réponse={
   "ExpectedNumberOfInstances" : null,
   "ID" : "19b4c568-a95664f5-ad117914-3ccf7292-2a7ee3a0",
   "Instances" : 
   [
      "24e83fd1-ddd03175-beb6aa86-f4ce6432-4241b24f",
      "26952bd2-9569483f-e0549aca-a33b9065-69c33884",
      "2faf6dae-1e8dd60c-78fbca50-98cc48e7-66559504",
      "5974bce8-dfa0d418-48e52945-578a9547-fbb8179e",
      "63831658-2ed313e4-bdd47183-6c1be4da-c0022bb4",
      "75c6d27e-9c7d0b29-ef99341d-b7507933-63d3057d",
      "bc61cc15-593581eb-104dd853-f8e2ae2f-19704638",
, Erreur cURL=
2025-05-06 10:56:16 - Début de la requête proxy-orthanc
2025-05-06 10:56:16 - URL Orthanc: http://localhost:8042/series/670d99fa-c4a853ca-52f7989e-f6df82a8-5123711c
2025-05-06 10:56:16 - Méthode HTTP: GET
2025-05-06 10:56:16 - Requête Orthanc: HTTP Code=200, Réponse={
   "ExpectedNumberOfInstances" : null,
   "ID" : "f623b033-c3bb9318-1ae62c1a-9fd5f247-24c86dea",
   "Instances" : 
   [
      "094563e4-74b821f1-120c8584-6236b3ba-05716a47"
   ],
   "IsStable" : true,
   "Labels" : [],
   "LastUpdate" : "20250311T081322",
   "MainDicomTags" : 
   {
      "ContrastBolusAgent" : "NONE",
      "ImageOrientationPatient" : "1.0000\\0.0000\\0.0000\\0.0000\\1.0000\\0.0000",
      "Manufacturer" : "Philips Medical Systems",
      "Modality" : "CT",
      "ProtocolName, Erreur cURL=
2025-05-06 10:56:16 - Début de la requête proxy-orthanc
2025-05-06 10:56:16 - URL Orthanc: http://localhost:8042/series/98d367a5-58eeba8b-f3c2da4b-de7d8f6f-ede53eb2
2025-05-06 10:56:16 - Méthode HTTP: GET
2025-05-06 10:56:16 - Requête Orthanc: HTTP Code=200, Réponse={
   "ExpectedNumberOfInstances" : null,
   "ID" : "4541c007-3ddcd5b2-6bf192fc-d28df38d-afe5c271",
   "Instances" : 
   [
      "582dde1a-6ee0dcb1-dc2c0a3c-06a79b2f-211eda06"
   ],
   "IsStable" : true,
   "Labels" : [],
   "LastUpdate" : "20250421T202126",
   "MainDicomTags" : 
   {
      "Modality" : "M3D",
      "SeriesDate" : "20250421",
      "SeriesDescription" : "Model",
      "SeriesInstanceUID" : "1.2.276.0.7230010.3.1.3.1159938914.5836.1745266885.813",
      "SeriesTime" : "202125.0000, Erreur cURL=
2025-05-06 10:56:16 - Début de la requête proxy-orthanc
2025-05-06 10:56:16 - URL Orthanc: http://localhost:8042/studies/3abaec0a-ebfaaa87-f830d52b-d62df074-6a692c12
2025-05-06 10:56:16 - Méthode HTTP: GET
2025-05-06 10:56:16 - Requête Orthanc: HTTP Code=200, Réponse={
   "ExpectedNumberOfInstances" : null,
   "ID" : "62cc4f41-9b1679c0-6ad19a2e-71fccb6f-07a3d16d",
   "Instances" : 
   [
      "b7fb1fb4-142e5a15-333ae197-298b1626-11f8833b"
   ],
   "IsStable" : true,
   "Labels" : [],
   "LastUpdate" : "20250421T205945",
   "MainDicomTags" : 
   {
      "Manufacturer" : "",
      "Modality" : "XA",
      "SeriesInstanceUID" : "1.3.12.2.1107.5.4.3.123456789012345.19950922.121803.8",
      "SeriesNumber" : "1"
   },
   "ParentStudy" : "aa938400-09e9f0df-8ba95f6, Erreur cURL=
2025-05-06 10:56:16 - Début de la requête proxy-orthanc
2025-05-06 10:56:16 - URL Orthanc: http://localhost:8042/series/19b4c568-a95664f5-ad117914-3ccf7292-2a7ee3a0
2025-05-06 10:56:16 - Méthode HTTP: GET
2025-05-06 10:56:16 - Requête Orthanc: HTTP Code=200, Réponse={
   "ExpectedNumberOfInstances" : null,
   "ID" : "11b7c563-ae504ced-e95ed300-7176b3e8-74f7e2f5",
   "Instances" : 
   [
      "e07efef8-4eba99da-e58dbc40-0173c1da-e2535081"
   ],
   "IsStable" : true,
   "Labels" : [],
   "LastUpdate" : "20250421T233940",
   "MainDicomTags" : 
   {
      "Manufacturer" : "Siemens Healthineers",
      "Modality" : "MR",
      "PerformedProcedureStepDescription" : "Osteo_2021 Cheville",
      "PerformedProcedureStepStartDate" : "20210113",
      "PerformedProced, Erreur cURL=
2025-05-06 10:56:16 - Début de la requête proxy-orthanc
2025-05-06 10:56:16 - URL Orthanc: http://localhost:8042/studies/200b3e41-4557e5ed-2b4a1771-a9e4ad06-cd1306c8
2025-05-06 10:56:16 - Méthode HTTP: GET
2025-05-06 10:56:16 - Requête Orthanc: HTTP Code=200, Réponse={
   "ExpectedNumberOfInstances" : null,
   "ID" : "f6ebf659-c336b2b9-102a72e3-2cd836e9-a5662c26",
   "Instances" : 
   [
      "eb17dc02-607db0a6-1074ad73-79fb3688-f9a596db"
   ],
   "IsStable" : true,
   "Labels" : [],
   "LastUpdate" : "20250311T081322",
   "MainDicomTags" : 
   {
      "ContrastBolusAgent" : "NONE",
      "ImageOrientationPatient" : "1.0000\\0.0000\\0.0000\\0.0000\\0.9397\\-0.3420",
      "Manufacturer" : "Philips Medical Systems",
      "Modality" : "CT",
      "ProtocolNam, Erreur cURL=
2025-05-06 10:56:16 - Début de la requête proxy-orthanc
2025-05-06 10:56:16 - URL Orthanc: http://localhost:8042/studies/286789b1-82845a45-92d7dfc0-c6a8e286-27bc0129
2025-05-06 10:56:16 - Méthode HTTP: GET
2025-05-06 10:56:16 - Requête Orthanc: HTTP Code=200, Réponse={
   "ExpectedNumberOfInstances" : null,
   "ID" : "670d99fa-c4a853ca-52f7989e-f6df82a8-5123711c",
   "Instances" : 
   [
      "feaf75ad-9548b055-4a7a21f5-3db18a07-9c6903d3"
   ],
   "IsStable" : true,
   "Labels" : [],
   "LastUpdate" : "20250311T081322",
   "MainDicomTags" : 
   {
      "ContrastBolusAgent" : "NONE",
      "ImageOrientationPatient" : "1.0000\\0.0000\\0.0000\\0.0000\\1.0000\\0.0000",
      "Manufacturer" : "Philips Medical Systems",
      "Modality" : "CT",
      "ProtocolName, Erreur cURL=
2025-05-06 10:56:17 - Début de la requête proxy-orthanc
2025-05-06 10:56:17 - URL Orthanc: http://localhost:8042/studies/8e51d8c2-c73f0a1e-57f97ca6-0fe69e66-c5e753eb
2025-05-06 10:56:17 - Méthode HTTP: GET
2025-05-06 10:56:17 - Requête Orthanc: HTTP Code=200, Réponse={
   "ExpectedNumberOfInstances" : null,
   "ID" : "98d367a5-58eeba8b-f3c2da4b-de7d8f6f-ede53eb2",
   "Instances" : 
   [
      "03c9a57e-19836571-d4eefc16-2ad94243-9c8b63e2",
      "06ea7b60-3497774d-50e19bee-a577ad30-18fd5343",
      "127cebed-72b718d7-d77db86d-8d17d9ab-edd89842",
      "4e4bce5d-9a98e121-3d1a87bc-47f0398f-5cbefd26",
      "6be8f9b5-0a47915b-56fd8a11-4d94300c-9bfb83c4",
      "892e8101-891e4b24-43c20a0c-cda4e1ee-34cdbb93",
      "96548d6b-b87fefbd-78a3f7c5-c5abe181-0643a103",
, Erreur cURL=
2025-05-06 10:56:17 - Début de la requête proxy-orthanc
2025-05-06 10:56:17 - URL Orthanc: http://localhost:8042/studies/aa938400-09e9f0df-8ba95f68-e21f98dd-0c6e0cf0
2025-05-06 10:56:17 - Méthode HTTP: GET
2025-05-06 10:56:17 - Requête Orthanc: HTTP Code=200, Réponse={
   "ID" : "3abaec0a-ebfaaa87-f830d52b-d62df074-6a692c12",
   "IsStable" : true,
   "Labels" : [],
   "LastUpdate" : "20250506T030658",
   "MainDicomTags" : 
   {
      "StudyDate" : "20061012",
      "StudyDescription" : "CT1 abdomen",
      "StudyInstanceUID" : "1.2.826.0.1.3680043.8.1055.1.20111102150758591.92402465.76095170",
      "StudyTime" : "090258.000000"
   },
   "ParentPatient" : "b6589fc6-ab0dc82c-f12099d1-c2d40ab9-94e8410c",
   "PatientMainDicomTags" : 
   {
      "PatientID" : "0, Erreur cURL=
2025-05-06 10:56:17 - Début de la requête proxy-orthanc
2025-05-06 10:56:17 - URL Orthanc: http://localhost:8042/studies/ae9bf996-b6ab6a8b-eba1f35e-14600862-f9393ddd
2025-05-06 10:56:17 - Méthode HTTP: GET
2025-05-06 10:56:17 - Requête Orthanc: HTTP Code=200, Réponse={
   "ExpectedNumberOfInstances" : null,
   "ID" : "19b4c568-a95664f5-ad117914-3ccf7292-2a7ee3a0",
   "Instances" : 
   [
      "24e83fd1-ddd03175-beb6aa86-f4ce6432-4241b24f",
      "26952bd2-9569483f-e0549aca-a33b9065-69c33884",
      "2faf6dae-1e8dd60c-78fbca50-98cc48e7-66559504",
      "5974bce8-dfa0d418-48e52945-578a9547-fbb8179e",
      "63831658-2ed313e4-bdd47183-6c1be4da-c0022bb4",
      "75c6d27e-9c7d0b29-ef99341d-b7507933-63d3057d",
      "bc61cc15-593581eb-104dd853-f8e2ae2f-19704638",
, Erreur cURL=
2025-05-06 10:56:17 - Requête Orthanc: HTTP Code=200, Réponse={
   "ID" : "200b3e41-4557e5ed-2b4a1771-a9e4ad06-cd1306c8",
   "IsStable" : true,
   "Labels" : [],
   "LastUpdate" : "20250311T081323",
   "MainDicomTags" : 
   {
      "AccessionNumber" : "",
      "InstitutionName" : "CHU St ROCH",
      "ReferringPhysicianName" : "",
      "StudyDate" : "19961014",
      "StudyID" : "2019",
      "StudyInstanceUID" : "1.3.46.670589.10.900123.19970114.35056000060.1",
      "StudyTime" : "145056.00000"
   },
   "ParentPatient" : "9b4d864d-a53a383a-44cdda8a-269, Erreur cURL=
2025-05-06 10:56:17 - Début de la requête proxy-orthanc
2025-05-06 10:56:17 - URL Orthanc: http://localhost:8042/studies/0ba2c4af-c4286377-ed83307a-c4307d90-422eea83
2025-05-06 10:56:17 - Méthode HTTP: GET
2025-05-06 10:56:17 - Début de la requête proxy-orthanc
2025-05-06 10:56:17 - URL Orthanc: http://localhost:8042/series/98d367a5-58eeba8b-f3c2da4b-de7d8f6f-ede53eb2
2025-05-06 10:56:17 - Méthode HTTP: GET
2025-05-06 10:56:17 - Requête Orthanc: HTTP Code=200, Réponse={
   "ID" : "286789b1-82845a45-92d7dfc0-c6a8e286-27bc0129",
   "IsStable" : true,
   "Labels" : [],
   "LastUpdate" : "20250311T081322",
   "MainDicomTags" : 
   {
      "AccessionNumber" : "",
      "InstitutionName" : "CHU St ROCH",
      "ReferringPhysicianName" : "",
      "StudyDate" : "19961014",
      "StudyID" : "2011",
      "StudyInstanceUID" : "1.3.46.670589.10.900123.19970114.35049000050.1",
      "StudyTime" : "115421.00000"
   },
   "ParentPatient" : "10092b57-91bddc20-e68b74c7-895, Erreur cURL=
2025-05-06 10:56:17 - Début de la requête proxy-orthanc
2025-05-06 10:56:17 - URL Orthanc: http://localhost:8042/studies/3abaec0a-ebfaaa87-f830d52b-d62df074-6a692c12
2025-05-06 10:56:17 - Méthode HTTP: GET
2025-05-06 10:56:17 - Requête Orthanc: HTTP Code=200, Réponse={
   "ID" : "8e51d8c2-c73f0a1e-57f97ca6-0fe69e66-c5e753eb",
   "IsStable" : true,
   "Labels" : [],
   "LastUpdate" : "20250421T202126",
   "MainDicomTags" : 
   {
      "AccessionNumber" : "",
      "InstitutionName" : "CHU St ROCH",
      "ReferringPhysicianName" : "",
      "StudyDate" : "19961014",
      "StudyID" : "2018",
      "StudyInstanceUID" : "1.3.46.670589.10.900123.19970114.35036000030.1",
      "StudyTime" : "140735.00000"
   },
   "ParentPatient" : "62bc7cdd-8f5ae588-dea41879-6a8, Erreur cURL=
2025-05-06 10:56:17 - Début de la requête proxy-orthanc
2025-05-06 10:56:17 - URL Orthanc: http://localhost:8042/patients/b6589fc6-ab0dc82c-f12099d1-c2d40ab9-94e8410c
2025-05-06 10:56:17 - Méthode HTTP: GET
2025-05-06 10:56:17 - Requête Orthanc: HTTP Code=200, Réponse={
   "ID" : "aa938400-09e9f0df-8ba95f68-e21f98dd-0c6e0cf0",
   "IsStable" : true,
   "Labels" : [],
   "LastUpdate" : "20250421T205945",
   "MainDicomTags" : 
   {
      "AccessionNumber" : "",
      "InstitutionName" : "",
      "ReferringPhysicianName" : "",
      "StudyDate" : "19941013",
      "StudyDescription" : "",
      "StudyID" : "",
      "StudyInstanceUID" : "1.3.12.2.1107.5.4.3.123456789012345.19950922.121803.6",
      "StudyTime" : "141917"
   },
   "ParentPatient" : "1e6ca9a6-71d9, Erreur cURL=
2025-05-06 10:56:17 - Début de la requête proxy-orthanc
2025-05-06 10:56:17 - URL Orthanc: http://localhost:8042/series/19b4c568-a95664f5-ad117914-3ccf7292-2a7ee3a0
2025-05-06 10:56:17 - Méthode HTTP: GET
2025-05-06 10:56:17 - Requête Orthanc: HTTP Code=200, Réponse={
   "ID" : "ae9bf996-b6ab6a8b-eba1f35e-14600862-f9393ddd",
   "IsStable" : true,
   "Labels" : [],
   "LastUpdate" : "20250421T233940",
   "MainDicomTags" : 
   {
      "AccessionNumber" : "",
      "InstitutionName" : "",
      "ReferringPhysicianName" : "",
      "StudyDate" : "20210113",
      "StudyDescription" : "Osteo_2021 Cheville",
      "StudyID" : "b0513b81-3517-43",
      "StudyInstanceUID" : "1.3.12.2.1107.5.2.53.189501.30000021011309045077000000005",
      "StudyTime" : "130454.100, Erreur cURL=
2025-05-06 10:56:17 - Début de la requête proxy-orthanc
2025-05-06 10:56:17 - URL Orthanc: http://localhost:8042/studies/200b3e41-4557e5ed-2b4a1771-a9e4ad06-cd1306c8
2025-05-06 10:56:17 - Méthode HTTP: GET
2025-05-06 10:56:17 - Requête Orthanc: HTTP Code=200, Réponse={
   "ID" : "0ba2c4af-c4286377-ed83307a-c4307d90-422eea83",
   "IsStable" : true,
   "Labels" : [],
   "LastUpdate" : "20250311T081322",
   "MainDicomTags" : 
   {
      "AccessionNumber" : "",
      "InstitutionName" : "CHU St ROCH",
      "ReferringPhysicianName" : "",
      "StudyDate" : "19961014",
      "StudyID" : "2014",
      "StudyInstanceUID" : "1.3.46.670589.10.900123.19970114.35029000020.1",
      "StudyTime" : "121625.00000"
   },
   "ParentPatient" : "8fff5df9-52cafc00-77071493-d6c, Erreur cURL=
2025-05-06 10:56:17 - Début de la requête proxy-orthanc
2025-05-06 10:56:17 - URL Orthanc: http://localhost:8042/patients/9b4d864d-a53a383a-44cdda8a-269b4eee-777c5729
2025-05-06 10:56:17 - Méthode HTTP: GET
2025-05-06 10:56:17 - Requête Orthanc: HTTP Code=200, Réponse={
   "ExpectedNumberOfInstances" : null,
   "ID" : "98d367a5-58eeba8b-f3c2da4b-de7d8f6f-ede53eb2",
   "Instances" : 
   [
      "03c9a57e-19836571-d4eefc16-2ad94243-9c8b63e2",
      "06ea7b60-3497774d-50e19bee-a577ad30-18fd5343",
      "127cebed-72b718d7-d77db86d-8d17d9ab-edd89842",
      "4e4bce5d-9a98e121-3d1a87bc-47f0398f-5cbefd26",
      "6be8f9b5-0a47915b-56fd8a11-4d94300c-9bfb83c4",
      "892e8101-891e4b24-43c20a0c-cda4e1ee-34cdbb93",
      "96548d6b-b87fefbd-78a3f7c5-c5abe181-0643a103",
, Erreur cURL=
2025-05-06 10:56:17 - Début de la requête proxy-orthanc
2025-05-06 10:56:17 - URL Orthanc: http://localhost:8042/patients/10092b57-91bddc20-e68b74c7-8956c6df-49e00750
2025-05-06 10:56:17 - Méthode HTTP: GET
2025-05-06 10:56:17 - Requête Orthanc: HTTP Code=200, Réponse={
   "ID" : "b6589fc6-ab0dc82c-f12099d1-c2d40ab9-94e8410c",
   "IsStable" : true,
   "Labels" : [],
   "LastUpdate" : "20250506T030658",
   "MainDicomTags" : 
   {
      "PatientID" : "0",
      "PatientName" : "Anonymized"
   },
   "Studies" : 
   [
      "3abaec0a-ebfaaa87-f830d52b-d62df074-6a692c12"
   ],
   "Type" : "Patient"
}, Erreur cURL=
2025-05-06 10:56:17 - Requête Orthanc: HTTP Code=200, Réponse={
   "ID" : "3abaec0a-ebfaaa87-f830d52b-d62df074-6a692c12",
   "IsStable" : true,
   "Labels" : [],
   "LastUpdate" : "20250506T030658",
   "MainDicomTags" : 
   {
      "StudyDate" : "20061012",
      "StudyDescription" : "CT1 abdomen",
      "StudyInstanceUID" : "1.2.826.0.1.3680043.8.1055.1.20111102150758591.92402465.76095170",
      "StudyTime" : "090258.000000"
   },
   "ParentPatient" : "b6589fc6-ab0dc82c-f12099d1-c2d40ab9-94e8410c",
   "PatientMainDicomTags" : 
   {
      "PatientID" : "0, Erreur cURL=
2025-05-06 10:56:17 - Début de la requête proxy-orthanc
2025-05-06 10:56:17 - URL Orthanc: http://localhost:8042/studies/8e51d8c2-c73f0a1e-57f97ca6-0fe69e66-c5e753eb
2025-05-06 10:56:17 - Méthode HTTP: GET
2025-05-06 10:56:17 - URL Orthanc: http://localhost:8042/patients/62bc7cdd-8f5ae588-dea41879-6a8e18d1-d44362ee
2025-05-06 10:56:17 - Méthode HTTP: GET
2025-05-06 10:56:17 - Requête Orthanc: HTTP Code=200, Réponse={
   "ExpectedNumberOfInstances" : null,
   "ID" : "19b4c568-a95664f5-ad117914-3ccf7292-2a7ee3a0",
   "Instances" : 
   [
      "24e83fd1-ddd03175-beb6aa86-f4ce6432-4241b24f",
      "26952bd2-9569483f-e0549aca-a33b9065-69c33884",
      "2faf6dae-1e8dd60c-78fbca50-98cc48e7-66559504",
      "5974bce8-dfa0d418-48e52945-578a9547-fbb8179e",
      "63831658-2ed313e4-bdd47183-6c1be4da-c0022bb4",
      "75c6d27e-9c7d0b29-ef99341d-b7507933-63d3057d",
      "bc61cc15-593581eb-104dd853-f8e2ae2f-19704638",
, Erreur cURL=
2025-05-06 10:56:17 - Début de la requête proxy-orthanc
2025-05-06 10:56:17 - URL Orthanc: http://localhost:8042/patients/1e6ca9a6-71d9b622-24e72d15-16251ee8-3735baf5
2025-05-06 10:56:17 - Méthode HTTP: GET
2025-05-06 10:56:17 - Requête Orthanc: HTTP Code=200, Réponse={
   "ID" : "200b3e41-4557e5ed-2b4a1771-a9e4ad06-cd1306c8",
   "IsStable" : true,
   "Labels" : [],
   "LastUpdate" : "20250311T081323",
   "MainDicomTags" : 
   {
      "AccessionNumber" : "",
      "InstitutionName" : "CHU St ROCH",
      "ReferringPhysicianName" : "",
      "StudyDate" : "19961014",
      "StudyID" : "2019",
      "StudyInstanceUID" : "1.3.46.670589.10.900123.19970114.35056000060.1",
      "StudyTime" : "145056.00000"
   },
   "ParentPatient" : "9b4d864d-a53a383a-44cdda8a-269, Erreur cURL=
2025-05-06 10:56:17 - Début de la requête proxy-orthanc
2025-05-06 10:56:17 - URL Orthanc: http://localhost:8042/patients/c5cc2652-d994a3cd-4c0b46e9-8aeb6e72-a0135eba
2025-05-06 10:56:17 - Méthode HTTP: GET
2025-05-06 10:56:17 - Requête Orthanc: HTTP Code=200, Réponse={
   "ID" : "9b4d864d-a53a383a-44cdda8a-269b4eee-777c5729",
   "IsStable" : true,
   "Labels" : [],
   "LastUpdate" : "20250311T081323",
   "MainDicomTags" : 
   {
      "PatientBirthDate" : "19781010",
      "PatientID" : "0000002019",
      "PatientName" : "AVE+ ABDOMEN",
      "PatientSex" : "M"
   },
   "Studies" : 
   [
      "200b3e41-4557e5ed-2b4a1771-a9e4ad06-cd1306c8"
   ],
   "Type" : "Patient"
}, Erreur cURL=
2025-05-06 10:56:17 - Début de la requête proxy-orthanc
2025-05-06 10:56:17 - URL Orthanc: http://localhost:8042/patients/8fff5df9-52cafc00-77071493-d6c9febb-c05b7e14
2025-05-06 10:56:17 - Méthode HTTP: GET
2025-05-06 10:56:17 - Requête Orthanc: HTTP Code=200, Réponse={
   "ID" : "10092b57-91bddc20-e68b74c7-8956c6df-49e00750",
   "IsStable" : true,
   "Labels" : [],
   "LastUpdate" : "20250311T081322",
   "MainDicomTags" : 
   {
      "PatientBirthDate" : "19320918",
      "PatientID" : "0000002011",
      "PatientName" : "AVE+ KNEE",
      "PatientSex" : "F"
   },
   "Studies" : 
   [
      "286789b1-82845a45-92d7dfc0-c6a8e286-27bc0129"
   ],
   "Type" : "Patient"
}, Erreur cURL=
2025-05-06 10:56:17 - Début de la requête proxy-orthanc
2025-05-06 10:56:17 - URL Orthanc: http://localhost:8042/series/98d367a5-58eeba8b-f3c2da4b-de7d8f6f-ede53eb2
2025-05-06 10:56:17 - Méthode HTTP: GET
2025-05-06 10:56:17 - Requête Orthanc: HTTP Code=200, Réponse={
   "ID" : "62bc7cdd-8f5ae588-dea41879-6a8e18d1-d44362ee",
   "IsStable" : true,
   "Labels" : [],
   "LastUpdate" : "20250421T202126",
   "MainDicomTags" : 
   {
      "PatientBirthDate" : "19240101",
      "PatientID" : "0000002018",
      "PatientName" : "AVE+ BRAIN + POST + SINUS",
      "PatientSex" : "M"
   },
   "Studies" : 
   [
      "8e51d8c2-c73f0a1e-57f97ca6-0fe69e66-c5e753eb"
   ],
   "Type" : "Patient"
}, Erreur cURL=
2025-05-06 10:56:17 - Requête Orthanc: HTTP Code=200, Réponse={
   "ID" : "8e51d8c2-c73f0a1e-57f97ca6-0fe69e66-c5e753eb",
   "IsStable" : true,
   "Labels" : [],
   "LastUpdate" : "20250421T202126",
   "MainDicomTags" : 
   {
      "AccessionNumber" : "",
      "InstitutionName" : "CHU St ROCH",
      "ReferringPhysicianName" : "",
      "StudyDate" : "19961014",
      "StudyID" : "2018",
      "StudyInstanceUID" : "1.3.46.670589.10.900123.19970114.35036000030.1",
      "StudyTime" : "140735.00000"
   },
   "ParentPatient" : "62bc7cdd-8f5ae588-dea41879-6a8, Erreur cURL=
2025-05-06 10:56:17 - Début de la requête proxy-orthanc
2025-05-06 10:56:17 - Début de la requête proxy-orthanc
2025-05-06 10:56:17 - URL Orthanc: http://localhost:8042/studies/3abaec0a-ebfaaa87-f830d52b-d62df074-6a692c12
2025-05-06 10:56:17 - Méthode HTTP: GET
2025-05-06 10:56:17 - URL Orthanc: http://localhost:8042/patients/b6589fc6-ab0dc82c-f12099d1-c2d40ab9-94e8410c
2025-05-06 10:56:17 - Méthode HTTP: GET
2025-05-06 10:56:17 - Requête Orthanc: HTTP Code=200, Réponse={
   "ID" : "1e6ca9a6-71d9b622-24e72d15-16251ee8-3735baf5",
   "IsStable" : true,
   "Labels" : [],
   "LastUpdate" : "20250421T205945",
   "MainDicomTags" : 
   {
      "PatientBirthDate" : "19951025",
      "PatientID" : "556342B",
      "PatientName" : "Rubo DEMO",
      "PatientSex" : "M"
   },
   "Studies" : 
   [
      "aa938400-09e9f0df-8ba95f68-e21f98dd-0c6e0cf0"
   ],
   "Type" : "Patient"
}, Erreur cURL=
2025-05-06 10:56:17 - Début de la requête proxy-orthanc
2025-05-06 10:56:17 - URL Orthanc: http://localhost:8042/series/19b4c568-a95664f5-ad117914-3ccf7292-2a7ee3a0
2025-05-06 10:56:17 - Méthode HTTP: GET
2025-05-06 10:56:17 - Requête Orthanc: HTTP Code=200, Réponse={
   "ID" : "c5cc2652-d994a3cd-4c0b46e9-8aeb6e72-a0135eba",
   "IsStable" : true,
   "Labels" : [],
   "LastUpdate" : "20250421T233940",
   "MainDicomTags" : 
   {
      "PatientBirthDate" : "19960205",
      "PatientID" : "2021.01.13-13:04:52-STD-1.3.12.2.1107.5.99.3",
      "PatientName" : "DeepResolve_Altea2",
      "PatientSex" : "M"
   },
   "Studies" : 
   [
      "ae9bf996-b6ab6a8b-eba1f35e-14600862-f9393ddd"
   ],
   "Type" : "Patient"
}, Erreur cURL=
2025-05-06 10:56:17 - Début de la requête proxy-orthanc
2025-05-06 10:56:17 - URL Orthanc: http://localhost:8042/studies/200b3e41-4557e5ed-2b4a1771-a9e4ad06-cd1306c8
2025-05-06 10:56:17 - Méthode HTTP: GET
2025-05-06 10:56:17 - Requête Orthanc: HTTP Code=200, Réponse={
   "ID" : "8fff5df9-52cafc00-77071493-d6c9febb-c05b7e14",
   "IsStable" : true,
   "Labels" : [],
   "LastUpdate" : "20250311T081322",
   "MainDicomTags" : 
   {
      "PatientBirthDate" : "19131220",
      "PatientID" : "0000002014",
      "PatientName" : "AVE+ BRAIN + POST FOS.",
      "PatientSex" : "F"
   },
   "Studies" : 
   [
      "0ba2c4af-c4286377-ed83307a-c4307d90-422eea83"
   ],
   "Type" : "Patient"
}, Erreur cURL=
2025-05-06 10:56:17 - Début de la requête proxy-orthanc
2025-05-06 10:56:17 - URL Orthanc: http://localhost:8042/patients/9b4d864d-a53a383a-44cdda8a-269b4eee-777c5729
2025-05-06 10:56:17 - Méthode HTTP: GET
2025-05-06 10:56:17 - Requête Orthanc: HTTP Code=200, Réponse={
   "ExpectedNumberOfInstances" : null,
   "ID" : "98d367a5-58eeba8b-f3c2da4b-de7d8f6f-ede53eb2",
   "Instances" : 
   [
      "03c9a57e-19836571-d4eefc16-2ad94243-9c8b63e2",
      "06ea7b60-3497774d-50e19bee-a577ad30-18fd5343",
      "127cebed-72b718d7-d77db86d-8d17d9ab-edd89842",
      "4e4bce5d-9a98e121-3d1a87bc-47f0398f-5cbefd26",
      "6be8f9b5-0a47915b-56fd8a11-4d94300c-9bfb83c4",
      "892e8101-891e4b24-43c20a0c-cda4e1ee-34cdbb93",
      "96548d6b-b87fefbd-78a3f7c5-c5abe181-0643a103",
, Erreur cURL=
2025-05-06 10:56:17 - Début de la requête proxy-orthanc
2025-05-06 10:56:17 - URL Orthanc: http://localhost:8042/patients/62bc7cdd-8f5ae588-dea41879-6a8e18d1-d44362ee
2025-05-06 10:56:17 - Méthode HTTP: GET
2025-05-06 10:56:17 - Requête Orthanc: HTTP Code=200, Réponse={
   "ID" : "3abaec0a-ebfaaa87-f830d52b-d62df074-6a692c12",
   "IsStable" : true,
   "Labels" : [],
   "LastUpdate" : "20250506T030658",
   "MainDicomTags" : 
   {
      "StudyDate" : "20061012",
      "StudyDescription" : "CT1 abdomen",
      "StudyInstanceUID" : "1.2.826.0.1.3680043.8.1055.1.20111102150758591.92402465.76095170",
      "StudyTime" : "090258.000000"
   },
   "ParentPatient" : "b6589fc6-ab0dc82c-f12099d1-c2d40ab9-94e8410c",
   "PatientMainDicomTags" : 
   {
      "PatientID" : "0, Erreur cURL=
2025-05-06 10:56:17 - Début de la requête proxy-orthanc
2025-05-06 10:56:17 - URL Orthanc: http://localhost:8042/series/98d367a5-58eeba8b-f3c2da4b-de7d8f6f-ede53eb2
2025-05-06 10:56:17 - Méthode HTTP: GET
2025-05-06 10:56:17 - Requête Orthanc: HTTP Code=200, Réponse={
   "ID" : "b6589fc6-ab0dc82c-f12099d1-c2d40ab9-94e8410c",
   "IsStable" : true,
   "Labels" : [],
   "LastUpdate" : "20250506T030658",
   "MainDicomTags" : 
   {
      "PatientID" : "0",
      "PatientName" : "Anonymized"
   },
   "Studies" : 
   [
      "3abaec0a-ebfaaa87-f830d52b-d62df074-6a692c12"
   ],
   "Type" : "Patient"
}, Erreur cURL=
2025-05-06 10:56:17 - Début de la requête proxy-orthanc
2025-05-06 10:56:17 - URL Orthanc: http://localhost:8042/studies/3abaec0a-ebfaaa87-f830d52b-d62df074-6a692c12
2025-05-06 10:56:17 - Méthode HTTP: GET
2025-05-06 10:56:17 - Requête Orthanc: HTTP Code=200, Réponse={
   "ExpectedNumberOfInstances" : null,
   "ID" : "19b4c568-a95664f5-ad117914-3ccf7292-2a7ee3a0",
   "Instances" : 
   [
      "24e83fd1-ddd03175-beb6aa86-f4ce6432-4241b24f",
      "26952bd2-9569483f-e0549aca-a33b9065-69c33884",
      "2faf6dae-1e8dd60c-78fbca50-98cc48e7-66559504",
      "5974bce8-dfa0d418-48e52945-578a9547-fbb8179e",
      "63831658-2ed313e4-bdd47183-6c1be4da-c0022bb4",
      "75c6d27e-9c7d0b29-ef99341d-b7507933-63d3057d",
      "bc61cc15-593581eb-104dd853-f8e2ae2f-19704638",
, Erreur cURL=
2025-05-06 10:56:17 - Début de la requête proxy-orthanc
2025-05-06 10:56:17 - URL Orthanc: http://localhost:8042/patients/b6589fc6-ab0dc82c-f12099d1-c2d40ab9-94e8410c
2025-05-06 10:56:17 - Méthode HTTP: GET
2025-05-06 10:56:17 - Requête Orthanc: HTTP Code=200, Réponse={
   "ID" : "200b3e41-4557e5ed-2b4a1771-a9e4ad06-cd1306c8",
   "IsStable" : true,
   "Labels" : [],
   "LastUpdate" : "20250311T081323",
   "MainDicomTags" : 
   {
      "AccessionNumber" : "",
      "InstitutionName" : "CHU St ROCH",
      "ReferringPhysicianName" : "",
      "StudyDate" : "19961014",
      "StudyID" : "2019",
      "StudyInstanceUID" : "1.3.46.670589.10.900123.19970114.35056000060.1",
      "StudyTime" : "145056.00000"
   },
   "ParentPatient" : "9b4d864d-a53a383a-44cdda8a-269, Erreur cURL=
2025-05-06 10:56:17 - Début de la requête proxy-orthanc
2025-05-06 10:56:17 - URL Orthanc: http://localhost:8042/series/19b4c568-a95664f5-ad117914-3ccf7292-2a7ee3a0
2025-05-06 10:56:17 - Méthode HTTP: GET
2025-05-06 10:56:18 - Requête Orthanc: HTTP Code=200, Réponse={
   "ID" : "9b4d864d-a53a383a-44cdda8a-269b4eee-777c5729",
   "IsStable" : true,
   "Labels" : [],
   "LastUpdate" : "20250311T081323",
   "MainDicomTags" : 
   {
      "PatientBirthDate" : "19781010",
      "PatientID" : "0000002019",
      "PatientName" : "AVE+ ABDOMEN",
      "PatientSex" : "M"
   },
   "Studies" : 
   [
      "200b3e41-4557e5ed-2b4a1771-a9e4ad06-cd1306c8"
   ],
   "Type" : "Patient"
}, Erreur cURL=
2025-05-06 10:56:18 - Début de la requête proxy-orthanc
2025-05-06 10:56:18 - URL Orthanc: http://localhost:8042/studies/200b3e41-4557e5ed-2b4a1771-a9e4ad06-cd1306c8
2025-05-06 10:56:18 - Méthode HTTP: GET
2025-05-06 10:56:18 - Requête Orthanc: HTTP Code=200, Réponse={
   "ID" : "62bc7cdd-8f5ae588-dea41879-6a8e18d1-d44362ee",
   "IsStable" : true,
   "Labels" : [],
   "LastUpdate" : "20250421T202126",
   "MainDicomTags" : 
   {
      "PatientBirthDate" : "19240101",
      "PatientID" : "0000002018",
      "PatientName" : "AVE+ BRAIN + POST + SINUS",
      "PatientSex" : "M"
   },
   "Studies" : 
   [
      "8e51d8c2-c73f0a1e-57f97ca6-0fe69e66-c5e753eb"
   ],
   "Type" : "Patient"
}, Erreur cURL=
2025-05-06 10:56:18 - Début de la requête proxy-orthanc
2025-05-06 10:56:18 - URL Orthanc: http://localhost:8042/patients/9b4d864d-a53a383a-44cdda8a-269b4eee-777c5729
2025-05-06 10:56:18 - Méthode HTTP: GET
2025-05-06 10:56:18 - Requête Orthanc: HTTP Code=200, Réponse={
   "ExpectedNumberOfInstances" : null,
   "ID" : "98d367a5-58eeba8b-f3c2da4b-de7d8f6f-ede53eb2",
   "Instances" : 
   [
      "03c9a57e-19836571-d4eefc16-2ad94243-9c8b63e2",
      "06ea7b60-3497774d-50e19bee-a577ad30-18fd5343",
      "127cebed-72b718d7-d77db86d-8d17d9ab-edd89842",
      "4e4bce5d-9a98e121-3d1a87bc-47f0398f-5cbefd26",
      "6be8f9b5-0a47915b-56fd8a11-4d94300c-9bfb83c4",
      "892e8101-891e4b24-43c20a0c-cda4e1ee-34cdbb93",
      "96548d6b-b87fefbd-78a3f7c5-c5abe181-0643a103",
, Erreur cURL=
2025-05-06 10:56:18 - Requête Orthanc: HTTP Code=200, Réponse={
   "ID" : "3abaec0a-ebfaaa87-f830d52b-d62df074-6a692c12",
   "IsStable" : true,
   "Labels" : [],
   "LastUpdate" : "20250506T030658",
   "MainDicomTags" : 
   {
      "StudyDate" : "20061012",
      "StudyDescription" : "CT1 abdomen",
      "StudyInstanceUID" : "1.2.826.0.1.3680043.8.1055.1.20111102150758591.92402465.76095170",
      "StudyTime" : "090258.000000"
   },
   "ParentPatient" : "b6589fc6-ab0dc82c-f12099d1-c2d40ab9-94e8410c",
   "PatientMainDicomTags" : 
   {
      "PatientID" : "0, Erreur cURL=
2025-05-06 10:56:18 - Début de la requête proxy-orthanc
2025-05-06 10:56:18 - URL Orthanc: http://localhost:8042/series/98d367a5-58eeba8b-f3c2da4b-de7d8f6f-ede53eb2
2025-05-06 10:56:18 - Méthode HTTP: GET
2025-05-06 10:56:18 - Début de la requête proxy-orthanc
2025-05-06 10:56:18 - URL Orthanc: http://localhost:8042/studies/3abaec0a-ebfaaa87-f830d52b-d62df074-6a692c12
2025-05-06 10:56:18 - Méthode HTTP: GET
2025-05-06 10:56:18 - Requête Orthanc: HTTP Code=200, Réponse={
   "ID" : "b6589fc6-ab0dc82c-f12099d1-c2d40ab9-94e8410c",
   "IsStable" : true,
   "Labels" : [],
   "LastUpdate" : "20250506T030658",
   "MainDicomTags" : 
   {
      "PatientID" : "0",
      "PatientName" : "Anonymized"
   },
   "Studies" : 
   [
      "3abaec0a-ebfaaa87-f830d52b-d62df074-6a692c12"
   ],
   "Type" : "Patient"
}, Erreur cURL=
2025-05-06 10:56:18 - Début de la requête proxy-orthanc
2025-05-06 10:56:18 - URL Orthanc: http://localhost:8042/patients/b6589fc6-ab0dc82c-f12099d1-c2d40ab9-94e8410c
2025-05-06 10:56:18 - Méthode HTTP: GET
2025-05-06 10:56:18 - Requête Orthanc: HTTP Code=200, Réponse={
   "ExpectedNumberOfInstances" : null,
   "ID" : "19b4c568-a95664f5-ad117914-3ccf7292-2a7ee3a0",
   "Instances" : 
   [
      "24e83fd1-ddd03175-beb6aa86-f4ce6432-4241b24f",
      "26952bd2-9569483f-e0549aca-a33b9065-69c33884",
      "2faf6dae-1e8dd60c-78fbca50-98cc48e7-66559504",
      "5974bce8-dfa0d418-48e52945-578a9547-fbb8179e",
      "63831658-2ed313e4-bdd47183-6c1be4da-c0022bb4",
      "75c6d27e-9c7d0b29-ef99341d-b7507933-63d3057d",
      "bc61cc15-593581eb-104dd853-f8e2ae2f-19704638",
, Erreur cURL=
2025-05-06 10:56:18 - Début de la requête proxy-orthanc
2025-05-06 10:56:18 - URL Orthanc: http://localhost:8042/series/19b4c568-a95664f5-ad117914-3ccf7292-2a7ee3a0
2025-05-06 10:56:18 - Méthode HTTP: GET
2025-05-06 10:56:18 - Requête Orthanc: HTTP Code=200, Réponse={
   "ID" : "200b3e41-4557e5ed-2b4a1771-a9e4ad06-cd1306c8",
   "IsStable" : true,
   "Labels" : [],
   "LastUpdate" : "20250311T081323",
   "MainDicomTags" : 
   {
      "AccessionNumber" : "",
      "InstitutionName" : "CHU St ROCH",
      "ReferringPhysicianName" : "",
      "StudyDate" : "19961014",
      "StudyID" : "2019",
      "StudyInstanceUID" : "1.3.46.670589.10.900123.19970114.35056000060.1",
      "StudyTime" : "145056.00000"
   },
   "ParentPatient" : "9b4d864d-a53a383a-44cdda8a-269, Erreur cURL=
2025-05-06 10:56:18 - Début de la requête proxy-orthanc
2025-05-06 10:56:18 - URL Orthanc: http://localhost:8042/studies/200b3e41-4557e5ed-2b4a1771-a9e4ad06-cd1306c8
2025-05-06 10:56:18 - Méthode HTTP: GET
2025-05-06 10:56:18 - Requête Orthanc: HTTP Code=200, Réponse={
   "ID" : "9b4d864d-a53a383a-44cdda8a-269b4eee-777c5729",
   "IsStable" : true,
   "Labels" : [],
   "LastUpdate" : "20250311T081323",
   "MainDicomTags" : 
   {
      "PatientBirthDate" : "19781010",
      "PatientID" : "0000002019",
      "PatientName" : "AVE+ ABDOMEN",
      "PatientSex" : "M"
   },
   "Studies" : 
   [
      "200b3e41-4557e5ed-2b4a1771-a9e4ad06-cd1306c8"
   ],
   "Type" : "Patient"
}, Erreur cURL=
2025-05-06 10:56:18 - Début de la requête proxy-orthanc
2025-05-06 10:56:18 - URL Orthanc: http://localhost:8042/patients/9b4d864d-a53a383a-44cdda8a-269b4eee-777c5729
2025-05-06 10:56:18 - Méthode HTTP: GET
2025-05-06 10:56:18 - Requête Orthanc: HTTP Code=200, Réponse={
   "ExpectedNumberOfInstances" : null,
   "ID" : "98d367a5-58eeba8b-f3c2da4b-de7d8f6f-ede53eb2",
   "Instances" : 
   [
      "03c9a57e-19836571-d4eefc16-2ad94243-9c8b63e2",
      "06ea7b60-3497774d-50e19bee-a577ad30-18fd5343",
      "127cebed-72b718d7-d77db86d-8d17d9ab-edd89842",
      "4e4bce5d-9a98e121-3d1a87bc-47f0398f-5cbefd26",
      "6be8f9b5-0a47915b-56fd8a11-4d94300c-9bfb83c4",
      "892e8101-891e4b24-43c20a0c-cda4e1ee-34cdbb93",
      "96548d6b-b87fefbd-78a3f7c5-c5abe181-0643a103",
, Erreur cURL=
2025-05-06 10:56:18 - Début de la requête proxy-orthanc
2025-05-06 10:56:18 - URL Orthanc: http://localhost:8042/series/98d367a5-58eeba8b-f3c2da4b-de7d8f6f-ede53eb2
74-6a692c12",
   "IsStable" : true,
   "Labels" : [],
   "LastUpdate" : "20250506T030658",
   "MainDicomTags" : 
   {
      "StudyDate" : "20061012",
      "StudyDescription" : "CT1 abdomen",
      "StudyInstanceUID" : "1.2.826.0.1.3680043.8.1055.1.20111102150758591.92402465.76095170",
      "StudyTime" : "090258.000000"
   },
   "ParentPatient" : "b6589fc6-ab0dc82c-f12099d1-c2d40ab9-94e8410c",
   "PatientMainDicomTags" : 
   {
      "PatientID" : "0, Erreur cURL=
2025-05-06 10:56:18 - Méthode HTTP: GET
2025-05-06 10:56:18 - Début de la requête proxy-orthanc
2025-05-06 10:56:18 - Requête Orthanc: HTTP Code=200, Réponse={
   "ID" : "b6589fc6-ab0dc82c-f12099d1-c2d40ab9-94e8410c",
   "IsStable" : true,
   "Labels" : [],
   "LastUpdate" : "20250506T030658",
   "MainDicomTags" : 
   {
      "PatientID" : "0",
      "PatientName" : "Anonymized"
   },
   "Studies" : 
   [
      "3abaec0a-ebfaaa87-f830d52b-d62df074-6a692c12"
   ],
   "Type" : "Patient"
}, Erreur cURL=
2025-05-06 10:56:18 - URL Orthanc: http://localhost:8042/studies/3abaec0a-ebfaaa87-f830d52b-d62df074-6a692c12
2025-05-06 10:56:18 - Méthode HTTP: GET
2025-05-06 10:56:18 - Début de la requête proxy-orthanc
2025-05-06 10:56:18 - URL Orthanc: http://localhost:8042/patients/b6589fc6-ab0dc82c-f12099d1-c2d40ab9-94e8410c
2025-05-06 10:56:18 - Méthode HTTP: GET
2025-05-06 10:56:18 - Requête Orthanc: HTTP Code=200, Réponse={
   "ExpectedNumberOfInstances" : null,
   "ID" : "19b4c568-a95664f5-ad117914-3ccf7292-2a7ee3a0",
   "Instances" : 
   [
      "24e83fd1-ddd03175-beb6aa86-f4ce6432-4241b24f",
      "26952bd2-9569483f-e0549aca-a33b9065-69c33884",
      "2faf6dae-1e8dd60c-78fbca50-98cc48e7-66559504",
      "5974bce8-dfa0d418-48e52945-578a9547-fbb8179e",
      "63831658-2ed313e4-bdd47183-6c1be4da-c0022bb4",
      "75c6d27e-9c7d0b29-ef99341d-b7507933-63d3057d",
      "bc61cc15-593581eb-104dd853-f8e2ae2f-19704638",
, Erreur cURL=
2025-05-06 10:56:18 - Début de la requête proxy-orthanc
2025-05-06 10:56:18 - URL Orthanc: http://localhost:8042/series/19b4c568-a95664f5-ad117914-3ccf7292-2a7ee3a0
2025-05-06 10:56:18 - Méthode HTTP: GET
2025-05-06 10:56:18 - Requête Orthanc: HTTP Code=200, Réponse={
   "ID" : "200b3e41-4557e5ed-2b4a1771-a9e4ad06-cd1306c8",
   "IsStable" : true,
   "Labels" : [],
   "LastUpdate" : "20250311T081323",
   "MainDicomTags" : 
   {
      "AccessionNumber" : "",
      "InstitutionName" : "CHU St ROCH",
      "ReferringPhysicianName" : "",
      "StudyDate" : "19961014",
      "StudyID" : "2019",
      "StudyInstanceUID" : "1.3.46.670589.10.900123.19970114.35056000060.1",
      "StudyTime" : "145056.00000"
   },
   "ParentPatient" : "9b4d864d-a53a383a-44cdda8a-269, Erreur cURL=
2025-05-06 10:56:18 - Début de la requête proxy-orthanc
2025-05-06 10:56:18 - URL Orthanc: http://localhost:8042/studies/200b3e41-4557e5ed-2b4a1771-a9e4ad06-cd1306c8
2025-05-06 10:56:18 - Méthode HTTP: GET
2025-05-06 10:56:18 - Requête Orthanc: HTTP Code=200, Réponse={
   "ID" : "9b4d864d-a53a383a-44cdda8a-269b4eee-777c5729",
   "IsStable" : true,
   "Labels" : [],
   "LastUpdate" : "20250311T081323",
   "MainDicomTags" : 
   {
      "PatientBirthDate" : "19781010",
      "PatientID" : "0000002019",
      "PatientName" : "AVE+ ABDOMEN",
      "PatientSex" : "M"
   },
   "Studies" : 
   [
      "200b3e41-4557e5ed-2b4a1771-a9e4ad06-cd1306c8"
   ],
   "Type" : "Patient"
}, Erreur cURL=
2025-05-06 10:56:18 - Début de la requête proxy-orthanc
2025-05-06 10:56:18 - URL Orthanc: http://localhost:8042/patients/9b4d864d-a53a383a-44cdda8a-269b4eee-777c5729
2025-05-06 10:56:18 - Méthode HTTP: GET
2025-05-06 10:56:18 - Requête Orthanc: HTTP Code=200, Réponse={
   "ExpectedNumberOfInstances" : null,
   "ID" : "98d367a5-58eeba8b-f3c2da4b-de7d8f6f-ede53eb2",
   "Instances" : 
   [
      "03c9a57e-19836571-d4eefc16-2ad94243-9c8b63e2",
      "06ea7b60-3497774d-50e19bee-a577ad30-18fd5343",
      "127cebed-72b718d7-d77db86d-8d17d9ab-edd89842",
      "4e4bce5d-9a98e121-3d1a87bc-47f0398f-5cbefd26",
      "6be8f9b5-0a47915b-56fd8a11-4d94300c-9bfb83c4",
      "892e8101-891e4b24-43c20a0c-cda4e1ee-34cdbb93",
      "96548d6b-b87fefbd-78a3f7c5-c5abe181-0643a103",
, Erreur cURL=
2025-05-06 10:56:18 - Début de la requête proxy-orthanc
2025-05-06 10:56:18 - URL Orthanc: http://localhost:8042/series/98d367a5-58eeba8b-f3c2da4b-de7d8f6f-ede53eb2
2025-05-06 10:56:18 - Méthode HTTP: GET
2025-05-06 10:56:18 - Requête Orthanc: HTTP Code=200, Réponse={
   "ID" : "3abaec0a-ebfaaa87-f830d52b-d62df074-6a692c12",
   "IsStable" : true,
   "Labels" : [],
   "LastUpdate" : "20250506T030658",
   "MainDicomTags" : 
   {
      "StudyDate" : "20061012",
      "StudyDescription" : "CT1 abdomen",
      "StudyInstanceUID" : "1.2.826.0.1.3680043.8.1055.1.20111102150758591.92402465.76095170",
      "StudyTime" : "090258.000000"
   },
   "ParentPatient" : "b6589fc6-ab0dc82c-f12099d1-c2d40ab9-94e8410c",
   "PatientMainDicomTags" : 
   {
      "PatientID" : "0, Erreur cURL=
2025-05-06 10:56:18 - Début de la requête proxy-orthanc
2025-05-06 10:56:18 - URL Orthanc: http://localhost:8042/studies/3abaec0a-ebfaaa87-f830d52b-d62df074-6a692c12
2025-05-06 10:56:18 - Méthode HTTP: GET
2025-05-06 10:56:18 - Requête Orthanc: HTTP Code=200, Réponse={
   "ID" : "b6589fc6-ab0dc82c-f12099d1-c2d40ab9-94e8410c",
   "IsStable" : true,
   "Labels" : [],
   "LastUpdate" : "20250506T030658",
   "MainDicomTags" : 
   {
      "PatientID" : "0",
      "PatientName" : "Anonymized"
   },
   "Studies" : 
   [
      "3abaec0a-ebfaaa87-f830d52b-d62df074-6a692c12"
   ],
   "Type" : "Patient"
}, Erreur cURL=
2025-05-06 10:56:18 - Requête Orthanc: HTTP Code=200, Réponse={
   "ExpectedNumberOfInstances" : null,
   "ID" : "19b4c568-a95664f5-ad117914-3ccf7292-2a7ee3a0",
   "Instances" : 
   [
      "24e83fd1-ddd03175-beb6aa86-f4ce6432-4241b24f",
      "26952bd2-9569483f-e0549aca-a33b9065-69c33884",
      "2faf6dae-1e8dd60c-78fbca50-98cc48e7-66559504",
      "5974bce8-dfa0d418-48e52945-578a9547-fbb8179e",
      "63831658-2ed313e4-bdd47183-6c1be4da-c0022bb4",
      "75c6d27e-9c7d0b29-ef99341d-b7507933-63d3057d",
      "bc61cc15-593581eb-104dd853-f8e2ae2f-19704638",
, Erreur cURL=
2025-05-06 10:56:18 - Début de la requête proxy-orthanc
2025-05-06 10:56:18 - Début de la requête proxy-orthanc
2025-05-06 10:56:18 - URL Orthanc: http://localhost:8042/series/19b4c568-a95664f5-ad117914-3ccf7292-2a7ee3a0
2025-05-06 10:56:18 - Méthode HTTP: GET
2025-05-06 10:56:18 - URL Orthanc: http://localhost:8042/patients/b6589fc6-ab0dc82c-f12099d1-c2d40ab9-94e8410c
2025-05-06 10:56:18 - Méthode HTTP: GET
2025-05-06 10:56:18 - Requête Orthanc: HTTP Code=200, Réponse={
   "ID" : "9b4d864d-a53a383a-44cdda8a-269b4eee-777c5729",
   "IsStable" : true,
   "Labels" : [],
   "LastUpdate" : "20250311T081323",
   "MainDicomTags" : 
   {
      "PatientBirthDate" : "19781010",
      "PatientID" : "0000002019",
      "PatientName" : "AVE+ ABDOMEN",
      "PatientSex" : "M"
   },
   "Studies" : 
   [
      "200b3e41-4557e5ed-2b4a1771-a9e4ad06-cd1306c8"
   ],
   "Type" : "Patient"
}, Erreur cURL=
2025-05-06 10:56:18 - Requête Orthanc: HTTP Code=200, Réponse={
   "ID" : "200b3e41-4557e5ed-2b4a1771-a9e4ad06-cd1306c8",
   "IsStable" : true,
   "Labels" : [],
   "LastUpdate" : "20250311T081323",
   "MainDicomTags" : 
   {
      "AccessionNumber" : "",
      "InstitutionName" : "CHU St ROCH",
      "ReferringPhysicianName" : "",
      "StudyDate" : "19961014",
      "StudyID" : "2019",
      "StudyInstanceUID" : "1.3.46.670589.10.900123.19970114.35056000060.1",
      "StudyTime" : "145056.00000"
   },
   "ParentPatient" : "9b4d864d-a53a383a-44cdda8a-269, Erreur cURL=
2025-05-06 10:56:18 - Début de la requête proxy-orthanc
2025-05-06 10:56:18 - URL Orthanc: http://localhost:8042/studies/200b3e41-4557e5ed-2b4a1771-a9e4ad06-cd1306c8
2025-05-06 10:56:18 - Méthode HTTP: GET
2025-05-06 10:56:18 - Début de la requête proxy-orthanc
2025-05-06 10:56:18 - URL Orthanc: http://localhost:8042/patients/9b4d864d-a53a383a-44cdda8a-269b4eee-777c5729
2025-05-06 10:56:18 - Méthode HTTP: GET
2025-05-06 10:56:18 - Requête Orthanc: HTTP Code=200, Réponse={
   "ExpectedNumberOfInstances" : null,
   "ID" : "98d367a5-58eeba8b-f3c2da4b-de7d8f6f-ede53eb2",
   "Instances" : 
   [
      "03c9a57e-19836571-d4eefc16-2ad94243-9c8b63e2",
      "06ea7b60-3497774d-50e19bee-a577ad30-18fd5343",
      "127cebed-72b718d7-d77db86d-8d17d9ab-edd89842",
      "4e4bce5d-9a98e121-3d1a87bc-47f0398f-5cbefd26",
      "6be8f9b5-0a47915b-56fd8a11-4d94300c-9bfb83c4",
      "892e8101-891e4b24-43c20a0c-cda4e1ee-34cdbb93",
      "96548d6b-b87fefbd-78a3f7c5-c5abe181-0643a103",
, Erreur cURL=
2025-05-06 10:56:18 - Début de la requête proxy-orthanc
2025-05-06 10:56:18 - URL Orthanc: http://localhost:8042/series/98d367a5-58eeba8b-f3c2da4b-de7d8f6f-ede53eb2
2025-05-06 10:56:18 - Méthode HTTP: GET
TP Code=200, Réponse={
   "ID" : "3abaec0a-ebfaaa87-f830d52b-d62df074-6a692c12",
   "IsStable" : true,
   "Labels" : [],
   "LastUpdate" : "20250506T030658",
   "MainDicomTags" : 
   {
      "StudyDate" : "20061012",
      "StudyDescription" : "CT1 abdomen",
      "StudyInstanceUID" : "1.2.826.0.1.3680043.8.1055.1.20111102150758591.92402465.76095170",
      "StudyTime" : "090258.000000"
   },
   "ParentPatient" : "b6589fc6-ab0dc82c-f12099d1-c2d40ab9-94e8410c",
   "PatientMainDicomTags" : 
   {
      "PatientID" : "0, Erreur cURL=
2025-05-06 10:56:18 - Début de la requête proxy-orthanc
2025-05-06 10:56:18 - URL Orthanc: http://localhost:8042/studies/3abaec0a-ebfaaa87-f830d52b-d62df074-6a692c12
2025-05-06 10:56:18 - Méthode HTTP: GET
2025-05-06 10:56:18 - Requête Orthanc: HTTP Code=200, Réponse={
   "ID" : "b6589fc6-ab0dc82c-f12099d1-c2d40ab9-94e8410c",
   "IsStable" : true,
   "Labels" : [],
   "LastUpdate" : "20250506T030658",
   "MainDicomTags" : 
   {
      "PatientID" : "0",
      "PatientName" : "Anonymized"
   },
   "Studies" : 
   [
      "3abaec0a-ebfaaa87-f830d52b-d62df074-6a692c12"
   ],
   "Type" : "Patient"
}, Erreur cURL=
2025-05-06 10:56:18 - Requête Orthanc: HTTP Code=200, Réponse={
   "ExpectedNumberOfInstances" : null,
   "ID" : "19b4c568-a95664f5-ad117914-3ccf7292-2a7ee3a0",
   "Instances" : 
   [
      "24e83fd1-ddd03175-beb6aa86-f4ce6432-4241b24f",
      "26952bd2-9569483f-e0549aca-a33b9065-69c33884",
      "2faf6dae-1e8dd60c-78fbca50-98cc48e7-66559504",
      "5974bce8-dfa0d418-48e52945-578a9547-fbb8179e",
      "63831658-2ed313e4-bdd47183-6c1be4da-c0022bb4",
      "75c6d27e-9c7d0b29-ef99341d-b7507933-63d3057d",
      "bc61cc15-593581eb-104dd853-f8e2ae2f-19704638",
, Erreur cURL=
2025-05-06 10:56:18 - Début de la requête proxy-orthanc
2025-05-06 10:56:18 - URL Orthanc: http://localhost:8042/patients/b6589fc6-ab0dc82c-f12099d1-c2d40ab9-94e8410c
2025-05-06 10:56:18 - Méthode HTTP: GET
2025-05-06 10:56:18 - Début de la requête proxy-orthanc
2025-05-06 10:56:18 - URL Orthanc: http://localhost:8042/series/19b4c568-a95664f5-ad117914-3ccf7292-2a7ee3a0
2025-05-06 10:56:18 - Méthode HTTP: GET
2025-05-06 10:56:18 - Requête Orthanc: HTTP Code=200, Réponse={
   "ID" : "200b3e41-4557e5ed-2b4a1771-a9e4ad06-cd1306c8",
   "IsStable" : true,
   "Labels" : [],
   "LastUpdate" : "20250311T081323",
   "MainDicomTags" : 
   {
      "AccessionNumber" : "",
      "InstitutionName" : "CHU St ROCH",
      "ReferringPhysicianName" : "",
      "StudyDate" : "19961014",
      "StudyID" : "2019",
      "StudyInstanceUID" : "1.3.46.670589.10.900123.19970114.35056000060.1",
      "StudyTime" : "145056.00000"
   },
   "ParentPatient" : "9b4d864d-a53a383a-44cdda8a-269, Erreur cURL=
2025-05-06 10:56:18 - Requête Orthanc: HTTP Code=200, Réponse={
   "ID" : "9b4d864d-a53a383a-44cdda8a-269b4eee-777c5729",
   "IsStable" : true,
   "Labels" : [],
   "LastUpdate" : "20250311T081323",
   "MainDicomTags" : 
   {
      "PatientBirthDate" : "19781010",
      "PatientID" : "0000002019",
      "PatientName" : "AVE+ ABDOMEN",
      "PatientSex" : "M"
   },
   "Studies" : 
   [
      "200b3e41-4557e5ed-2b4a1771-a9e4ad06-cd1306c8"
   ],
   "Type" : "Patient"
}, Erreur cURL=
2025-05-06 10:56:18 - Début de la requête proxy-orthanc
2025-05-06 10:56:18 - URL Orthanc: http://localhost:8042/studies/200b3e41-4557e5ed-2b4a1771-a9e4ad06-cd1306c8
2025-05-06 10:56:18 - Méthode HTTP: GET
2025-05-06 10:56:19 - Début de la requête proxy-orthanc
2025-05-06 10:56:19 - URL Orthanc: http://localhost:8042/patients/9b4d864d-a53a383a-44cdda8a-269b4eee-777c5729
2025-05-06 10:56:19 - Méthode HTTP: GET
2025-05-06 10:56:19 - Requête Orthanc: HTTP Code=200, Réponse={
   "ExpectedNumberOfInstances" : null,
   "ID" : "98d367a5-58eeba8b-f3c2da4b-de7d8f6f-ede53eb2",
   "Instances" : 
   [
      "03c9a57e-19836571-d4eefc16-2ad94243-9c8b63e2",
      "06ea7b60-3497774d-50e19bee-a577ad30-18fd5343",
      "127cebed-72b718d7-d77db86d-8d17d9ab-edd89842",
      "4e4bce5d-9a98e121-3d1a87bc-47f0398f-5cbefd26",
      "6be8f9b5-0a47915b-56fd8a11-4d94300c-9bfb83c4",
      "892e8101-891e4b24-43c20a0c-cda4e1ee-34cdbb93",
      "96548d6b-b87fefbd-78a3f7c5-c5abe181-0643a103",
, Erreur cURL=
2025-05-06 10:56:19 - Début de la requête proxy-orthanc
2025-05-06 10:56:19 - URL Orthanc: http://localhost:8042/series/98d367a5-58eeba8b-f3c2da4b-de7d8f6f-ede53eb2
2025-05-06 10:56:19 - Méthode HTTP: GET
2025-05-06 10:56:19 - Requête Orthanc: HTTP Code=200, Réponse={
   "ID" : "3abaec0a-ebfaaa87-f830d52b-d62df074-6a692c12",
   "IsStable" : true,
   "Labels" : [],
   "LastUpdate" : "20250506T030658",
   "MainDicomTags" : 
   {
      "StudyDate" : "20061012",
      "StudyDescription" : "CT1 abdomen",
      "StudyInstanceUID" : "1.2.826.0.1.3680043.8.1055.1.20111102150758591.92402465.76095170",
      "StudyTime" : "090258.000000"
   },
   "ParentPatient" : "b6589fc6-ab0dc82c-f12099d1-c2d40ab9-94e8410c",
   "PatientMainDicomTags" : 
   {
      "PatientID" : "0, Erreur cURL=
2025-05-06 10:56:19 - Début de la requête proxy-orthanc
2025-05-06 10:56:19 - URL Orthanc: http://localhost:8042/studies/3abaec0a-ebfaaa87-f830d52b-d62df074-6a692c12
2025-05-06 10:56:19 - Méthode HTTP: GET
2025-05-06 10:56:19 - Requête Orthanc: HTTP Code=200, Réponse={
   "ID" : "b6589fc6-ab0dc82c-f12099d1-c2d40ab9-94e8410c",
   "IsStable" : true,
   "Labels" : [],
   "LastUpdate" : "20250506T030658",
   "MainDicomTags" : 
   {
      "PatientID" : "0",
      "PatientName" : "Anonymized"
   },
   "Studies" : 
   [
      "3abaec0a-ebfaaa87-f830d52b-d62df074-6a692c12"
   ],
   "Type" : "Patient"
}, Erreur cURL=
2025-05-06 10:56:19 - Début de la requête proxy-orthanc
2025-05-06 10:56:19 - URL Orthanc: http://localhost:8042/patients/b6589fc6-ab0dc82c-f12099d1-c2d40ab9-94e8410c
2025-05-06 10:56:19 - Méthode HTTP: GET
2025-05-06 10:56:19 - Requête Orthanc: HTTP Code=200, Réponse={
   "ExpectedNumberOfInstances" : null,
   "ID" : "19b4c568-a95664f5-ad117914-3ccf7292-2a7ee3a0",
   "Instances" : 
   [
      "24e83fd1-ddd03175-beb6aa86-f4ce6432-4241b24f",
      "26952bd2-9569483f-e0549aca-a33b9065-69c33884",
      "2faf6dae-1e8dd60c-78fbca50-98cc48e7-66559504",
      "5974bce8-dfa0d418-48e52945-578a9547-fbb8179e",
      "63831658-2ed313e4-bdd47183-6c1be4da-c0022bb4",
      "75c6d27e-9c7d0b29-ef99341d-b7507933-63d3057d",
      "bc61cc15-593581eb-104dd853-f8e2ae2f-19704638",
, Erreur cURL=
2025-05-06 10:56:19 - Début de la requête proxy-orthanc
2025-05-06 10:56:19 - URL Orthanc: http://localhost:8042/series/19b4c568-a95664f5-ad117914-3ccf7292-2a7ee3a0
2025-05-06 10:56:19 - Méthode HTTP: GET
2025-05-06 10:56:19 - Requête Orthanc: HTTP Code=200, Réponse={
   "ID" : "200b3e41-4557e5ed-2b4a1771-a9e4ad06-cd1306c8",
   "IsStable" : true,
   "Labels" : [],
   "LastUpdate" : "20250311T081323",
   "MainDicomTags" : 
   {
      "AccessionNumber" : "",
      "InstitutionName" : "CHU St ROCH",
      "ReferringPhysicianName" : "",
      "StudyDate" : "19961014",
      "StudyID" : "2019",
      "StudyInstanceUID" : "1.3.46.670589.10.900123.19970114.35056000060.1",
      "StudyTime" : "145056.00000"
   },
   "ParentPatient" : "9b4d864d-a53a383a-44cdda8a-269, Erreur cURL=
2025-05-06 10:56:19 - Début de la requête proxy-orthanc
2025-05-06 10:56:19 - URL Orthanc: http://localhost:8042/studies/200b3e41-4557e5ed-2b4a1771-a9e4ad06-cd1306c8
2025-05-06 10:56:19 - Méthode HTTP: GET
2025-05-06 10:56:19 - Requête Orthanc: HTTP Code=200, Réponse={
   "ID" : "9b4d864d-a53a383a-44cdda8a-269b4eee-777c5729",
   "IsStable" : true,
   "Labels" : [],
   "LastUpdate" : "20250311T081323",
   "MainDicomTags" : 
   {
      "PatientBirthDate" : "19781010",
      "PatientID" : "0000002019",
      "PatientName" : "AVE+ ABDOMEN",
      "PatientSex" : "M"
   },
   "Studies" : 
   [
      "200b3e41-4557e5ed-2b4a1771-a9e4ad06-cd1306c8"
   ],
   "Type" : "Patient"
}, Erreur cURL=
2025-05-06 10:56:19 - Début de la requête proxy-orthanc
2025-05-06 10:56:19 - URL Orthanc: http://localhost:8042/patients/9b4d864d-a53a383a-44cdda8a-269b4eee-777c5729
2025-05-06 10:56:19 - Méthode HTTP: GET
2025-05-06 10:56:19 - Requête Orthanc: HTTP Code=200, Réponse={
   "ExpectedNumberOfInstances" : null,
   "ID" : "98d367a5-58eeba8b-f3c2da4b-de7d8f6f-ede53eb2",
   "Instances" : 
   [
      "03c9a57e-19836571-d4eefc16-2ad94243-9c8b63e2",
      "06ea7b60-3497774d-50e19bee-a577ad30-18fd5343",
      "127cebed-72b718d7-d77db86d-8d17d9ab-edd89842",
      "4e4bce5d-9a98e121-3d1a87bc-47f0398f-5cbefd26",
      "6be8f9b5-0a47915b-56fd8a11-4d94300c-9bfb83c4",
      "892e8101-891e4b24-43c20a0c-cda4e1ee-34cdbb93",
      "96548d6b-b87fefbd-78a3f7c5-c5abe181-0643a103",
, Erreur cURL=
2025-05-06 10:56:19 - Requête Orthanc: HTTP Code=200, Réponse={
   "ID" : "3abaec0a-ebfaaa87-f830d52b-d62df074-6a692c12",
   "IsStable" : true,
   "Labels" : [],
   "LastUpdate" : "20250506T030658",
   "MainDicomTags" : 
   {
      "StudyDate" : "20061012",
      "StudyDescription" : "CT1 abdomen",
      "StudyInstanceUID" : "1.2.826.0.1.3680043.8.1055.1.20111102150758591.92402465.76095170",
      "StudyTime" : "090258.000000"
   },
   "ParentPatient" : "b6589fc6-ab0dc82c-f12099d1-c2d40ab9-94e8410c",
   "PatientMainDicomTags" : 
   {
      "PatientID" : "0, Erreur cURL=
2025-05-06 10:56:19 - Début de la requête proxy-orthanc
2025-05-06 10:56:19 - URL Orthanc: http://localhost:8042/series/98d367a5-58eeba8b-f3c2da4b-de7d8f6f-ede53eb2
2025-05-06 10:56:19 - Méthode HTTP: GET
2025-05-06 10:56:19 - Début de la requête proxy-orthanc
2025-05-06 10:56:19 - URL Orthanc: http://localhost:8042/studies/3abaec0a-ebfaaa87-f830d52b-d62df074-6a692c12
2025-05-06 10:56:19 - Méthode HTTP: GET
2025-05-06 10:56:19 - Requête Orthanc: HTTP Code=200, Réponse={
   "ID" : "b6589fc6-ab0dc82c-f12099d1-c2d40ab9-94e8410c",
   "IsStable" : true,
   "Labels" : [],
   "LastUpdate" : "20250506T030658",
   "MainDicomTags" : 
   {
      "PatientID" : "0",
      "PatientName" : "Anonymized"
   },
   "Studies" : 
   [
      "3abaec0a-ebfaaa87-f830d52b-d62df074-6a692c12"
   ],
   "Type" : "Patient"
}, Erreur cURL=
2025-05-06 10:56:19 - Début de la requête proxy-orthanc
2025-05-06 10:56:19 - URL Orthanc: http://localhost:8042/patients/b6589fc6-ab0dc82c-f12099d1-c2d40ab9-94e8410c
2025-05-06 10:56:19 - Méthode HTTP: GET
2025-05-06 10:56:19 - Requête Orthanc: HTTP Code=200, Réponse={
   "ExpectedNumberOfInstances" : null,
   "ID" : "19b4c568-a95664f5-ad117914-3ccf7292-2a7ee3a0",
   "Instances" : 
   [
      "24e83fd1-ddd03175-beb6aa86-f4ce6432-4241b24f",
      "26952bd2-9569483f-e0549aca-a33b9065-69c33884",
      "2faf6dae-1e8dd60c-78fbca50-98cc48e7-66559504",
      "5974bce8-dfa0d418-48e52945-578a9547-fbb8179e",
      "63831658-2ed313e4-bdd47183-6c1be4da-c0022bb4",
      "75c6d27e-9c7d0b29-ef99341d-b7507933-63d3057d",
      "bc61cc15-593581eb-104dd853-f8e2ae2f-19704638",
, Erreur cURL=
2025-05-06 10:56:19 - Requête Orthanc: HTTP Code=200, Réponse={
   "ID" : "200b3e41-4557e5ed-2b4a1771-a9e4ad06-cd1306c8",
   "IsStable" : true,
   "Labels" : [],
   "LastUpdate" : "20250311T081323",
   "MainDicomTags" : 
   {
      "AccessionNumber" : "",
      "InstitutionName" : "CHU St ROCH",
      "ReferringPhysicianName" : "",
      "StudyDate" : "19961014",
      "StudyID" : "2019",
      "StudyInstanceUID" : "1.3.46.670589.10.900123.19970114.35056000060.1",
      "StudyTime" : "145056.00000"
   },
   "ParentPatient" : "9b4d864d-a53a383a-44cdda8a-269, Erreur cURL=
2025-05-06 10:56:19 - Début de la requête proxy-orthanc
2025-05-06 10:56:19 - URL Orthanc: http://localhost:8042/studies/200b3e41-4557e5ed-2b4a1771-a9e4ad06-cd1306c8
2025-05-06 10:56:19 - Méthode HTTP: GET
2025-05-06 10:56:19 - Requête Orthanc: HTTP Code=200, Réponse={
   "ID" : "9b4d864d-a53a383a-44cdda8a-269b4eee-777c5729",
   "IsStable" : true,
   "Labels" : [],
   "LastUpdate" : "20250311T081323",
   "MainDicomTags" : 
   {
      "PatientBirthDate" : "19781010",
      "PatientID" : "0000002019",
      "PatientName" : "AVE+ ABDOMEN",
      "PatientSex" : "M"
   },
   "Studies" : 
   [
      "200b3e41-4557e5ed-2b4a1771-a9e4ad06-cd1306c8"
   ],
   "Type" : "Patient"
}, Erreur cURL=
2025-05-06 10:56:19 - Début de la requête proxy-orthanc
2025-05-06 10:56:19 - URL Orthanc: http://localhost:8042/patients/9b4d864d-a53a383a-44cdda8a-269b4eee-777c5729
2025-05-06 10:56:19 - Méthode HTTP: GET
2025-05-06 10:56:19 - Requête Orthanc: HTTP Code=200, Réponse={
   "ID" : "3abaec0a-ebfaaa87-f830d52b-d62df074-6a692c12",
   "IsStable" : true,
   "Labels" : [],
   "LastUpdate" : "20250506T030658",
   "MainDicomTags" : 
   {
      "StudyDate" : "20061012",
      "StudyDescription" : "CT1 abdomen",
      "StudyInstanceUID" : "1.2.826.0.1.3680043.8.1055.1.20111102150758591.92402465.76095170",
      "StudyTime" : "090258.000000"
   },
   "ParentPatient" : "b6589fc6-ab0dc82c-f12099d1-c2d40ab9-94e8410c",
   "PatientMainDicomTags" : 
   {
      "PatientID" : "0, Erreur cURL=
2025-05-06 10:56:19 - Requête Orthanc: HTTP Code=200, Réponse={
   "ID" : "b6589fc6-ab0dc82c-f12099d1-c2d40ab9-94e8410c",
   "IsStable" : true,
   "Labels" : [],
   "LastUpdate" : "20250506T030658",
   "MainDicomTags" : 
   {
      "PatientID" : "0",
      "PatientName" : "Anonymized"
   },
   "Studies" : 
   [
      "3abaec0a-ebfaaa87-f830d52b-d62df074-6a692c12"
   ],
   "Type" : "Patient"
}, Erreur cURL=
2025-05-06 10:56:19 - Requête Orthanc: HTTP Code=200, Réponse={
   "ExpectedNumberOfInstances" : null,
   "ID" : "98d367a5-58eeba8b-f3c2da4b-de7d8f6f-ede53eb2",
   "Instances" : 
   [
      "03c9a57e-19836571-d4eefc16-2ad94243-9c8b63e2",
      "06ea7b60-3497774d-50e19bee-a577ad30-18fd5343",
      "127cebed-72b718d7-d77db86d-8d17d9ab-edd89842",
      "4e4bce5d-9a98e121-3d1a87bc-47f0398f-5cbefd26",
      "6be8f9b5-0a47915b-56fd8a11-4d94300c-9bfb83c4",
      "892e8101-891e4b24-43c20a0c-cda4e1ee-34cdbb93",
      "96548d6b-b87fefbd-78a3f7c5-c5abe181-0643a103",
, Erreur cURL=
2025-05-06 10:56:19 - Début de la requête proxy-orthanc
2025-05-06 10:56:19 - Début de la requête proxy-orthanc
2025-05-06 10:56:19 - URL Orthanc: http://localhost:8042/patients/b6589fc6-ab0dc82c-f12099d1-c2d40ab9-94e8410c
2025-05-06 10:56:19 - URL Orthanc: http://localhost:8042/series/98d367a5-58eeba8b-f3c2da4b-de7d8f6f-ede53eb2
2025-05-06 10:56:19 - Méthode HTTP: GET
2025-05-06 10:56:19 - Méthode HTTP: GET
2025-05-06 10:56:19 - Début de la requête proxy-orthanc
2025-05-06 10:56:19 - URL Orthanc: http://localhost:8042/studies/3abaec0a-ebfaaa87-f830d52b-d62df074-6a692c12
2025-05-06 10:56:19 - Méthode HTTP: GET
2025-05-06 10:56:19 - Requête Orthanc: HTTP Code=200, Réponse={
   "ID" : "200b3e41-4557e5ed-2b4a1771-a9e4ad06-cd1306c8",
   "IsStable" : true,
   "Labels" : [],
   "LastUpdate" : "20250311T081323",
   "MainDicomTags" : 
   {
      "AccessionNumber" : "",
      "InstitutionName" : "CHU St ROCH",
      "ReferringPhysicianName" : "",
      "StudyDate" : "19961014",
      "StudyID" : "2019",
      "StudyInstanceUID" : "1.3.46.670589.10.900123.19970114.35056000060.1",
      "StudyTime" : "145056.00000"
   },
   "ParentPatient" : "9b4d864d-a53a383a-44cdda8a-269, Erreur cURL=
2025-05-06 10:56:19 - Requête Orthanc: HTTP Code=200, Réponse={
   "ID" : "9b4d864d-a53a383a-44cdda8a-269b4eee-777c5729",
   "IsStable" : true,
   "Labels" : [],
   "LastUpdate" : "20250311T081323",
   "MainDicomTags" : 
   {
      "PatientBirthDate" : "19781010",
      "PatientID" : "0000002019",
      "PatientName" : "AVE+ ABDOMEN",
      "PatientSex" : "M"
   },
   "Studies" : 
   [
      "200b3e41-4557e5ed-2b4a1771-a9e4ad06-cd1306c8"
   ],
   "Type" : "Patient"
}, Erreur cURL=
2025-05-06 10:56:19 - Début de la requête proxy-orthanc
2025-05-06 10:56:19 - URL Orthanc: http://localhost:8042/patients/9b4d864d-a53a383a-44cdda8a-269b4eee-777c5729
2025-05-06 10:56:19 - Méthode HTTP: GET
2025-05-06 10:56:19 - Requête Orthanc: HTTP Code=200, Réponse={
   "ID" : "b6589fc6-ab0dc82c-f12099d1-c2d40ab9-94e8410c",
   "IsStable" : true,
   "Labels" : [],
   "LastUpdate" : "20250506T030658",
   "MainDicomTags" : 
   {
      "PatientID" : "0",
      "PatientName" : "Anonymized"
   },
   "Studies" : 
   [
      "3abaec0a-ebfaaa87-f830d52b-d62df074-6a692c12"
   ],
   "Type" : "Patient"
}, Erreur cURL=
2025-05-06 10:56:19 - Requête Orthanc: HTTP Code=200, Réponse={
   "ID" : "3abaec0a-ebfaaa87-f830d52b-d62df074-6a692c12",
   "IsStable" : true,
   "Labels" : [],
   "LastUpdate" : "20250506T030658",
   "MainDicomTags" : 
   {
      "StudyDate" : "20061012",
      "StudyDescription" : "CT1 abdomen",
      "StudyInstanceUID" : "1.2.826.0.1.3680043.8.1055.1.20111102150758591.92402465.76095170",
      "StudyTime" : "090258.000000"
   },
   "ParentPatient" : "b6589fc6-ab0dc82c-f12099d1-c2d40ab9-94e8410c",
   "PatientMainDicomTags" : 
   {
      "PatientID" : "0, Erreur cURL=
2025-05-06 10:56:19 - Requête Orthanc: HTTP Code=200, Réponse={
   "ExpectedNumberOfInstances" : null,
   "ID" : "98d367a5-58eeba8b-f3c2da4b-de7d8f6f-ede53eb2",
   "Instances" : 
   [
      "03c9a57e-19836571-d4eefc16-2ad94243-9c8b63e2",
      "06ea7b60-3497774d-50e19bee-a577ad30-18fd5343",
      "127cebed-72b718d7-d77db86d-8d17d9ab-edd89842",
      "4e4bce5d-9a98e121-3d1a87bc-47f0398f-5cbefd26",
      "6be8f9b5-0a47915b-56fd8a11-4d94300c-9bfb83c4",
      "892e8101-891e4b24-43c20a0c-cda4e1ee-34cdbb93",
      "96548d6b-b87fefbd-78a3f7c5-c5abe181-0643a103",
, Erreur cURL=
2025-05-06 10:56:19 - Début de la requête proxy-orthanc
2025-05-06 10:56:19 - URL Orthanc: http://localhost:8042/patients/b6589fc6-ab0dc82c-f12099d1-c2d40ab9-94e8410c
2025-05-06 10:56:19 - Méthode HTTP: GET
2025-05-06 10:56:19 - Début de la requête proxy-orthanc
2025-05-06 10:56:19 - URL Orthanc: http://localhost:8042/series/98d367a5-58eeba8b-f3c2da4b-de7d8f6f-ede53eb2
2025-05-06 10:56:19 - Méthode HTTP: GET
2025-05-06 10:56:19 - Début de la requête proxy-orthanc
2025-05-06 10:56:19 - URL Orthanc: http://localhost:8042/studies/3abaec0a-ebfaaa87-f830d52b-d62df074-6a692c12
2025-05-06 10:56:19 - Méthode HTTP: GET
2025-05-06 10:56:19 - Requête Orthanc: HTTP Code=200, Réponse={
   "ID" : "9b4d864d-a53a383a-44cdda8a-269b4eee-777c5729",
   "IsStable" : true,
   "Labels" : [],
   "LastUpdate" : "20250311T081323",
   "MainDicomTags" : 
   {
      "PatientBirthDate" : "19781010",
      "PatientID" : "0000002019",
      "PatientName" : "AVE+ ABDOMEN",
      "PatientSex" : "M"
   },
   "Studies" : 
   [
      "200b3e41-4557e5ed-2b4a1771-a9e4ad06-cd1306c8"
   ],
   "Type" : "Patient"
}, Erreur cURL=
2025-05-06 10:56:20 - Requête Orthanc: HTTP Code=200, Réponse={
   "ID" : "b6589fc6-ab0dc82c-f12099d1-c2d40ab9-94e8410c",
   "IsStable" : true,
   "Labels" : [],
   "LastUpdate" : "20250506T030658",
   "MainDicomTags" : 
   {
      "PatientID" : "0",
      "PatientName" : "Anonymized"
   },
   "Studies" : 
   [
      "3abaec0a-ebfaaa87-f830d52b-d62df074-6a692c12"
   ],
   "Type" : "Patient"
}, Erreur cURL=
2025-05-06 10:56:20 - Requête Orthanc: HTTP Code=200, Réponse={
   "ID" : "3abaec0a-ebfaaa87-f830d52b-d62df074-6a692c12",
   "IsStable" : true,
   "Labels" : [],
   "LastUpdate" : "20250506T030658",
   "MainDicomTags" : 
   {
      "StudyDate" : "20061012",
      "StudyDescription" : "CT1 abdomen",
      "StudyInstanceUID" : "1.2.826.0.1.3680043.8.1055.1.20111102150758591.92402465.76095170",
      "StudyTime" : "090258.000000"
   },
   "ParentPatient" : "b6589fc6-ab0dc82c-f12099d1-c2d40ab9-94e8410c",
   "PatientMainDicomTags" : 
   {
      "PatientID" : "0, Erreur cURL=
2025-05-06 10:56:20 - Requête Orthanc: HTTP Code=200, Réponse={
   "ExpectedNumberOfInstances" : null,
   "ID" : "98d367a5-58eeba8b-f3c2da4b-de7d8f6f-ede53eb2",
   "Instances" : 
   [
      "03c9a57e-19836571-d4eefc16-2ad94243-9c8b63e2",
      "06ea7b60-3497774d-50e19bee-a577ad30-18fd5343",
      "127cebed-72b718d7-d77db86d-8d17d9ab-edd89842",
      "4e4bce5d-9a98e121-3d1a87bc-47f0398f-5cbefd26",
      "6be8f9b5-0a47915b-56fd8a11-4d94300c-9bfb83c4",
      "892e8101-891e4b24-43c20a0c-cda4e1ee-34cdbb93",
      "96548d6b-b87fefbd-78a3f7c5-c5abe181-0643a103",
, Erreur cURL=
2025-05-06 10:56:20 - Début de la requête proxy-orthanc
2025-05-06 10:56:20 - Début de la requête proxy-orthanc
2025-05-06 10:56:20 - URL Orthanc: http://localhost:8042/studies/3abaec0a-ebfaaa87-f830d52b-d62df074-6a692c12
2025-05-06 10:56:20 - Méthode HTTP: GET
2025-05-06 10:56:20 - URL Orthanc: http://localhost:8042/patients/b6589fc6-ab0dc82c-f12099d1-c2d40ab9-94e8410c
2025-05-06 10:56:20 - Méthode HTTP: GET
2025-05-06 10:56:20 - Requête Orthanc: HTTP Code=200, Réponse={
   "ID" : "3abaec0a-ebfaaa87-f830d52b-d62df074-6a692c12",
   "IsStable" : true,
   "Labels" : [],
   "LastUpdate" : "20250506T030658",
   "MainDicomTags" : 
   {
      "StudyDate" : "20061012",
      "StudyDescription" : "CT1 abdomen",
      "StudyInstanceUID" : "1.2.826.0.1.3680043.8.1055.1.20111102150758591.92402465.76095170",
      "StudyTime" : "090258.000000"
   },
   "ParentPatient" : "b6589fc6-ab0dc82c-f12099d1-c2d40ab9-94e8410c",
   "PatientMainDicomTags" : 
   {
      "PatientID" : "0, Erreur cURL=
2025-05-06 10:56:20 - Requête Orthanc: HTTP Code=200, Réponse={
   "ID" : "b6589fc6-ab0dc82c-f12099d1-c2d40ab9-94e8410c",
   "IsStable" : true,
   "Labels" : [],
   "LastUpdate" : "20250506T030658",
   "MainDicomTags" : 
   {
      "PatientID" : "0",
      "PatientName" : "Anonymized"
   },
   "Studies" : 
   [
      "3abaec0a-ebfaaa87-f830d52b-d62df074-6a692c12"
   ],
   "Type" : "Patient"
}, Erreur cURL=
2025-05-06 10:56:20 - Début de la requête proxy-orthanc
2025-05-06 10:56:20 - URL Orthanc: http://localhost:8042/patients/b6589fc6-ab0dc82c-f12099d1-c2d40ab9-94e8410c
2025-05-06 10:56:20 - Méthode HTTP: GET
2025-05-06 10:56:20 - Requête Orthanc: HTTP Code=200, Réponse={
   "ID" : "b6589fc6-ab0dc82c-f12099d1-c2d40ab9-94e8410c",
   "IsStable" : true,
   "Labels" : [],
   "LastUpdate" : "20250506T030658",
   "MainDicomTags" : 
   {
      "PatientID" : "0",
      "PatientName" : "Anonymized"
   },
   "Studies" : 
   [
      "3abaec0a-ebfaaa87-f830d52b-d62df074-6a692c12"
   ],
   "Type" : "Patient"
}, Erreur cURL=
2025-05-06 10:56:35 - Début de la requête proxy-orthanc
2025-05-06 10:56:35 - URL Orthanc: http://localhost:8042/instances/24e83fd1-ddd03175-beb6aa86-f4ce6432-4241b24f/file
2025-05-06 10:56:35 - Méthode HTTP: GET
2025-05-06 10:56:35 - Requête Orthanc: HTTP Code=200, Réponse=                                                                                                                                DICM   UL �     OB        UI 1.2.840.10008.5.1.4.1.1.2   UI, 1.3.46.670589.10.900123.19970114.35100000070  UI 1.2.840.10008.1.2.1   UI 1.3.46.670589.17  SH ARC_CONVERT    UL \    CS ORIGINAL\PRIMARY\AXIAL\VOLUME   DA 19970114  TM 035100.0007   UI 1.3.46.670589.10.900123   UI 1.2.840.10008.5.1.4.1.1.2   UI, 1.3.46.670589.10.900123., Erreur cURL=
2025-05-06 11:45:28 - Début de la requête proxy-orthanc
2025-05-06 11:45:28 - URL Orthanc: http://localhost:8042/instances
2025-05-06 11:45:28 - Méthode HTTP: POST
2025-05-06 11:45:28 - Patient ID: 1, Instance ID personnalisé: PATIENT-1-20250506094528
2025-05-06 11:45:29 - Requête Orthanc: HTTP Code=200, Réponse={
   "ID" : "4e4bce5d-9a98e121-3d1a87bc-47f0398f-5cbefd26",
   "ParentPatient" : "b6589fc6-ab0dc82c-f12099d1-c2d40ab9-94e8410c",
   "ParentSeries" : "98d367a5-58eeba8b-f3c2da4b-de7d8f6f-ede53eb2",
   "ParentStudy" : "3abaec0a-ebfaaa87-f830d52b-d62df074-6a692c12",
   "Path" : "/instances/4e4bce5d-9a98e121-3d1a87bc-47f0398f-5cbefd26",
   "Status" : "AlreadyStored"
}, Erreur cURL=
2025-05-06 11:45:29 - StudyInstanceUID généré: 1.2.840.113619.2.1746524729.8858
2025-05-06 11:45:29 - Instance DICOM stockée avec patient_id=1, orthanc_instance_id=4e4bce5d-9a98e121-3d1a87bc-47f0398f-5cbefd26
2025-05-06 11:45:30 - Instance ID personnalisé appliqué: PATIENT-1-20250506094528
2025-05-06 12:15:27 - Début de la requête proxy-orthanc
2025-05-06 12:15:27 - URL Orthanc: http://localhost:8042/instances
2025-05-06 12:15:27 - Méthode HTTP: POST
2025-05-06 12:15:27 - Patient ID: 1, Instance ID personnalisé: PATIENT-1-20250506101527
2025-05-06 12:15:28 - Requête Orthanc: HTTP Code=200, Réponse={
   "ID" : "6be8f9b5-0a47915b-56fd8a11-4d94300c-9bfb83c4",
   "ParentPatient" : "b6589fc6-ab0dc82c-f12099d1-c2d40ab9-94e8410c",
   "ParentSeries" : "98d367a5-58eeba8b-f3c2da4b-de7d8f6f-ede53eb2",
   "ParentStudy" : "3abaec0a-ebfaaa87-f830d52b-d62df074-6a692c12",
   "Path" : "/instances/6be8f9b5-0a47915b-56fd8a11-4d94300c-9bfb83c4",
   "Status" : "AlreadyStored"
}, Erreur cURL=
2025-05-06 12:15:28 - StudyInstanceUID généré: 1.2.840.113619.2.1746526528.6666
2025-05-06 12:15:28 - Instance DICOM stockée avec patient_id=1, orthanc_instance_id=6be8f9b5-0a47915b-56fd8a11-4d94300c-9bfb83c4
2025-05-06 12:15:28 - Instance ID personnalisé appliqué: PATIENT-1-20250506101527
2025-05-06 22:14:17 - Début de la requête proxy-orthanc
2025-05-06 22:14:17 - URL Orthanc: http://localhost:8042/instances
2025-05-06 22:14:17 - Méthode HTTP: POST
2025-05-06 22:14:17 - Patient ID: 1, Instance ID personnalisé: PATIENT-1-20250506201417, Fichier temporaire: C:\xampp\tmp\php1B7D.tmp
2025-05-06 22:14:17 - Signature DICOM (offset 128-131): Présente (DICM)
2025-05-06 22:14:17 - 132 premiers octets (hex): 00000000000000000000000000000000 00000000000000000000000000000000 00000000000000000000000000000000 00000000000000000000000000000000 00000000000000000000000000000000 00000000000000000000000000000000 00000000000000000000000000000000 00000000000000000000000000000000 4449434d 
2025-05-06 22:14:20 - Commande dcmdump exécutée: dcmdump -q +P 0020,000D ""C:\xampp\tmp\php1B7D.tmp"" 2>&1
2025-05-06 22:14:20 - Sortie brute de dcmdump: 'dcmdump' n'est pas reconnu en tant que commande interne
ou externe, un programme ex�cutable ou un fichier de commandes.
2025-05-06 22:14:20 - Code de retour de dcmdump: 1
2025-05-06 22:14:20 - Erreur d'exécution de dcmdump: Code de retour 1
2025-05-06 22:14:20 - Exception capturée: Erreur lors de l'analyse du fichier DICOM avec dcmdump, Détails: 
2025-05-06 22:14:37 - Début de la requête proxy-orthanc
2025-05-06 22:14:37 - URL Orthanc: http://localhost:8042/instances
2025-05-06 22:14:37 - Méthode HTTP: POST
2025-05-06 22:14:37 - Patient ID: 1, Instance ID personnalisé: PATIENT-1-20250506201437, Fichier temporaire: C:\xampp\tmp\php6B25.tmp
2025-05-06 22:14:37 - Signature DICOM (offset 128-131): Présente (DICM)
2025-05-06 22:14:37 - 132 premiers octets (hex): 00000000000000000000000000000000 00000000000000000000000000000000 00000000000000000000000000000000 00000000000000000000000000000000 00000000000000000000000000000000 00000000000000000000000000000000 00000000000000000000000000000000 00000000000000000000000000000000 4449434d 
2025-05-06 22:14:38 - Commande dcmdump exécutée: dcmdump -q +P 0020,000D ""C:\xampp\tmp\php6B25.tmp"" 2>&1
2025-05-06 22:14:38 - Sortie brute de dcmdump: 'dcmdump' n'est pas reconnu en tant que commande interne
ou externe, un programme ex�cutable ou un fichier de commandes.
2025-05-06 22:14:38 - Code de retour de dcmdump: 1
2025-05-06 22:14:38 - Erreur d'exécution de dcmdump: Code de retour 1
2025-05-06 22:14:38 - Exception capturée: Erreur lors de l'analyse du fichier DICOM avec dcmdump, Détails: 
2025-05-06 22:15:03 - Début de la requête proxy-orthanc
2025-05-06 22:15:03 - URL Orthanc: http://localhost:8042/instances
2025-05-06 22:15:03 - Méthode HTTP: POST
2025-05-06 22:15:03 - Patient ID: 1, Instance ID personnalisé: PATIENT-1-20250506201503, Fichier temporaire: C:\xampp\tmp\phpD0E5.tmp
2025-05-06 22:15:03 - Signature DICOM (offset 128-131): Présente (DICM)
2025-05-06 22:15:03 - 132 premiers octets (hex): 00000000000000000000000000000000 00000000000000000000000000000000 00000000000000000000000000000000 00000000000000000000000000000000 00000000000000000000000000000000 00000000000000000000000000000000 00000000000000000000000000000000 00000000000000000000000000000000 4449434d 
2025-05-06 22:15:03 - Commande dcmdump exécutée: dcmdump -q +P 0020,000D ""C:\xampp\tmp\phpD0E5.tmp"" 2>&1
2025-05-06 22:15:04 - Sortie brute de dcmdump: 'dcmdump' n'est pas reconnu en tant que commande interne
ou externe, un programme ex�cutable ou un fichier de commandes.
2025-05-06 22:15:04 - Code de retour de dcmdump: 1
2025-05-06 22:15:04 - Erreur d'exécution de dcmdump: Code de retour 1
2025-05-06 22:15:04 - Exception capturée: Erreur lors de l'analyse du fichier DICOM avec dcmdump, Détails: 
2025-05-06 22:16:15 - Début de la requête proxy-orthanc
2025-05-06 22:16:15 - URL Orthanc: http://localhost:8042/instances
2025-05-06 22:16:15 - Méthode HTTP: POST
2025-05-06 22:16:15 - Patient ID: 1, Instance ID personnalisé: PATIENT-1-20250506201615
2025-05-06 22:16:17 - Requête Orthanc: HTTP Code=200, Réponse={
   "ID" : "e07efef8-4eba99da-e58dbc40-0173c1da-e2535081",
   "ParentPatient" : "c5cc2652-d994a3cd-4c0b46e9-8aeb6e72-a0135eba",
   "ParentSeries" : "11b7c563-ae504ced-e95ed300-7176b3e8-74f7e2f5",
   "ParentStudy" : "ae9bf996-b6ab6a8b-eba1f35e-14600862-f9393ddd",
   "Path" : "/instances/e07efef8-4eba99da-e58dbc40-0173c1da-e2535081",
   "Status" : "AlreadyStored"
}, Erreur cURL=
2025-05-06 22:16:18 - StudyInstanceUID généré: 1.2.840.113619.2.1746562578.1058
2025-05-06 22:16:18 - Instance DICOM stockée avec patient_id=1, orthanc_instance_id=e07efef8-4eba99da-e58dbc40-0173c1da-e2535081
2025-05-06 22:16:18 - Instance ID personnalisé appliqué: PATIENT-1-20250506201615
2025-05-06 22:16:55 - Début de la requête proxy-orthanc
2025-05-06 22:16:55 - URL Orthanc: http://localhost:8042/instances
2025-05-06 22:16:55 - Méthode HTTP: POST
2025-05-06 22:16:55 - Patient ID: 1, Instance ID personnalisé: PATIENT-1-20250506201655
2025-05-06 22:16:56 - Requête Orthanc: HTTP Code=200, Réponse={
   "ID" : "e07efef8-4eba99da-e58dbc40-0173c1da-e2535081",
   "ParentPatient" : "c5cc2652-d994a3cd-4c0b46e9-8aeb6e72-a0135eba",
   "ParentSeries" : "11b7c563-ae504ced-e95ed300-7176b3e8-74f7e2f5",
   "ParentStudy" : "ae9bf996-b6ab6a8b-eba1f35e-14600862-f9393ddd",
   "Path" : "/instances/e07efef8-4eba99da-e58dbc40-0173c1da-e2535081",
   "Status" : "AlreadyStored"
}, Erreur cURL=
2025-05-06 22:16:56 - StudyInstanceUID généré: 1.2.840.113619.2.1746562616.3045
2025-05-06 22:16:56 - Instance DICOM stockée avec patient_id=1, orthanc_instance_id=e07efef8-4eba99da-e58dbc40-0173c1da-e2535081
2025-05-06 22:16:57 - Instance ID personnalisé appliqué: PATIENT-1-20250506201655
2025-05-07 01:31:20 - Début de la requête proxy-orthanc
2025-05-07 01:31:20 - URL Orthanc: http://localhost:8042/instances
2025-05-07 01:31:20 - Méthode HTTP: POST
2025-05-07 01:31:20 - Patient ID: 1, Instance ID personnalisé: PATIENT-1-20250506233120, Fichier temporaire: C:\xampp\tmp\php8368.tmp
2025-05-07 01:31:20 - Signature DICOM (offset 128-131): Présente (DICM)
2025-05-07 01:31:20 - 132 premiers octets (hex): 00000000000000000000000000000000 00000000000000000000000000000000 00000000000000000000000000000000 00000000000000000000000000000000 00000000000000000000000000000000 00000000000000000000000000000000 00000000000000000000000000000000 00000000000000000000000000000000 4449434d 
2025-05-07 01:31:21 - Commande dcmdump exécutée: dcmdump -q +P 0020,000D ""C:\xampp\tmp\php8368.tmp"" 2>&1
2025-05-07 01:31:21 - Sortie brute de dcmdump: 'dcmdump' n'est pas reconnu en tant que commande interne
ou externe, un programme ex�cutable ou un fichier de commandes.
2025-05-07 01:31:21 - Code de retour de dcmdump: 1
2025-05-07 01:31:21 - Erreur d'exécution de dcmdump: Code de retour 1
2025-05-07 01:31:21 - Exception capturée: Erreur lors de l'analyse du fichier DICOM avec dcmdump, Détails: 
2025-05-07 01:36:08 - Début de la requête proxy-orthanc
2025-05-07 01:36:09 - URL Orthanc: http://localhost:8042/instances
2025-05-07 01:36:09 - Méthode HTTP: GET
2025-05-07 01:36:09 - Requête Orthanc: HTTP Code=200, Réponse=[
   "03c9a57e-19836571-d4eefc16-2ad94243-9c8b63e2",
   "06ea7b60-3497774d-50e19bee-a577ad30-18fd5343",
   "094563e4-74b821f1-120c8584-6236b3ba-05716a47",
   "127cebed-72b718d7-d77db86d-8d17d9ab-edd89842",
   "24e83fd1-ddd03175-beb6aa86-f4ce6432-4241b24f",
   "26952bd2-9569483f-e0549aca-a33b9065-69c33884",
   "2faf6dae-1e8dd60c-78fbca50-98cc48e7-66559504",
   "4e4bce5d-9a98e121-3d1a87bc-47f0398f-5cbefd26",
   "582dde1a-6ee0dcb1-dc2c0a3c-06a79b2f-211eda06",
   "5974bce8-dfa0d418-48e52945-578a9547, Erreur cURL=
2025-05-07 01:51:18 - Début de la requête proxy-orthanc
2025-05-07 01:51:18 - URL Orthanc: http://localhost:8042/instances
2025-05-07 01:51:18 - Méthode HTTP: POST
2025-05-07 01:51:18 - $_FILES: {"file":{"name":"image-00005.dcm","full_path":"image-00005.dcm","type":"application\/octet-stream","tmp_name":"C:\\xampp\\tmp\\phpC983.tmp","error":0,"size":95526}}
2025-05-07 01:51:18 - $_POST: {"patient_id":"1","instance_id":"PATIENT-1-20250506235117"}
2025-05-07 01:51:18 - Patient ID: 1, Instance ID personnalisé: PATIENT-1-20250506235117, Fichier temporaire: C:\xampp\tmp\phpC983.tmp
2025-05-07 01:51:18 - ID Orthanc attribué: 892e8101-891e4b24-43c20a0c-cda4e1ee-34cdbb93
2025-05-07 01:51:19 - Erreur lors de la requête WADO: Code=404, Erreur=
2025-05-07 01:51:19 - Exception capturée: Erreur lors de la récupération du StudyInstanceUID via WADO, Détails: {"error":"Erreur lors de la r\u00e9cup\u00e9ration du StudyInstanceUID via WADO"}
2025-05-07 01:59:03 - Début de la requête proxy-orthanc
2025-05-07 01:59:03 - URL Orthanc: http://localhost:8042/instances
2025-05-07 01:59:03 - Méthode HTTP: POST
2025-05-07 01:59:03 - $_FILES: {"file":{"name":"image-00009.dcm","full_path":"image-00009.dcm","type":"application\/octet-stream","tmp_name":"C:\\xampp\\tmp\\phpE2F6.tmp","error":0,"size":91658}}
2025-05-07 01:59:03 - $_POST: {"patient_id":"1","instance_id":"PATIENT-1-20250506235902"}
2025-05-07 01:59:03 - Patient ID: 1, Instance ID personnalisé: PATIENT-1-20250506235902, Fichier temporaire: C:\xampp\tmp\phpE2F6.tmp
2025-05-07 01:59:04 - ID Orthanc attribué: 9ec8fbb6-b5b6bf94-16950f4b-184a8d6e-21c21abd
2025-05-07 01:59:04 - Requête des tags DICOM via URL: http://localhost:8042/instances/9ec8fbb6-b5b6bf94-16950f4b-184a8d6e-21c21abd/tags?simplify
2025-05-07 01:59:05 - Erreur: Réponse des tags invalide ou StudyInstanceUID manquant: {
   "AcquisitionDate" : "20061012",
   "AcquisitionTime" : "085229.000000",
   "BitsAllocated" : "16",
   "BitsStored" : "12",
   "Columns" : "512",
   "ContentDate" : "20061012",
   "ContentTime" : "085230.000000",
   "ContrastBolusAgent" : "CONTRAST",
   "ConvolutionKernel" : "B",
   "DataCollectionDiameter" : "302",
   "Exposure" : "300",
   "FilterType" : "B",
   "FrameOfReferenceUID" : "1.2.840.113704.1.111.3704.1160637109.3",
   "GantryDetectorTilt" : "0",
   "HighBit" : "11",
   "ImageComments" : "JPEG 2000 lossless - Version 4.0.2 (c) Image Devices GmbH",
   "ImageOrientationPatient" : "1\\0\\0\\0\\1\\0",
   "ImagePositionPatient" : "-151.493508\\-36.6564417\\1290.5",
   "ImageType" : "ORIGINAL\\PRIMARY\\AXIAL\\HELIX",
   "InstanceCreationDate" : "20061012",
   "InstanceCreationTime" : "091607.000000",
   "InstanceNumber" : "10",
   "KVP" : "120",
   "LossyImageCompression" : "01",
   "LossyImageCompressionRatio" : "5.856004",
   "Modality" : "CT",
   "PatientAge" : "000Y",
   "PatientID" : "0",
   "PatientName" : "Anonymized",
   "PatientPosition" : "FFS",
   "PerformedProcedureStepDescription" : "CT1 abdomen",
   "PerformedProtocolCodeSequence" : 
   [
      {
         "CodeMeaning" : "CT1 abdomen",
         "CodeValue" : "CTABDOM",
         "CodingSchemeDesignator" : "XPLORE"
      }
   ],
   "PhotometricInterpretation" : "MONOCHROME2",
   "PixelData" : null,
   "PixelRepresentation" : "0",
   "PixelSpacing" : "0.58984375\\0.58984375",
   "ProcedureCodeSequence" : 
   [
      {
         "CodeMeaning" : "CT1 abdomen",
         "CodeValue" : "CTABDOM",
         "CodingSchemeDesignator" : "XPLORE"
      }
   ],
   "ProtocolName" : "ART.RENALES 12/Abdomen/Hx",
   "ReconstructionDiameter" : "302",
   "ReferencedPerformedProcedureStepSequence" : 
   [
      {
         "ReferencedSOPClassUID" : "1.2.840.10008.3.1.2.3.3",
         "ReferencedSOPInstanceUID" : "1.2.840.113704.1.111.5104.1160636572.51"
      }
   ],
   "RequestAttributesSequence" : 
   [
      {
         "RequestedProcedureID" : "A10026177757",
         "ScheduledProcedureStepDescription" : "CT1 abdomen",
         "ScheduledProcedureStepID" : "A10026177758",
         "ScheduledProtocolCodeSequence" : 
         [
            {
               "CodeMeaning" : "CT1 abdomen",
               "CodeValue" : "CTABDOM",
               "CodingSchemeDesignator" : "XPLORE"
            }
         ]
      }
   ],
   "RequestedProcedureID" : "A10026177757",
   "RescaleIntercept" : "-1000",
   "RescaleSlope" : "1",
   "RotationDirection" : "CW",
   "Rows" : "512",
   "SOPClassUID" : "1.2.840.10008.5.1.4.1.1.2",
   "SOPInstanceUID" : "1.2.826.0.1.3680043.8.1055.1.20111102150759419.98760783.75639221",
   "SamplesPerPixel" : "1",
   "ScanOptions" : "HELIX",
   "ScheduledProcedureStepDescription" : "CT1 abdomen",
   "ScheduledProcedureStepID" : "A10026177758",
   "ScheduledProtocolCodeSequence" : 
   [
      {
         "CodeMeaning" : "CT1 abdomen",
         "CodeValue" : "CTABDOM",
         "CodingSchemeDesignator" : "XPLORE"
      }
   ],
   "SeriesDescription" : "ARTERIELLE",
   "SeriesInstanceUID" : "1.2.826.0.1.3680043.8.1055.1.20111102150758591.96842950.07877442",
   "SeriesNumber" : "6168",
   "SliceLocation" : "-320.50",
   "SliceThickness" : "1.0",
   "SpacingBetweenSlices" : "0.5",
   "SpecificCharacterSet" : "ISO_IR 100",
   "StudyDate" : "20061012",
   "StudyDescription" : "CT1 abdomen",
   "StudyInstanceUID" : "1.2.826.0.1.3680043.8.1055.1.20111102150758591.92402465.76095170",
   "StudyTime" : "090258.000000",
   "TableHeight" : "151",
   "WindowCenter" : "00050\\00050",
   "WindowWidth" : "00350\\00350",
   "XRayTubeCurrent" : "400"
}
2025-05-07 01:59:05 - Exception capturée: Réponse des tags invalide ou StudyInstanceUID manquant, Détails: {"error":"R\u00e9ponse des tags invalide ou StudyInstanceUID manquant"}
2025-05-07 02:03:39 - Début de la requête proxy-orthanc
2025-05-07 02:03:39 - URL Orthanc: http://localhost:8042/instances
2025-05-07 02:03:39 - Méthode HTTP: POST
2025-05-07 02:03:39 - $_FILES: {"file":{"name":"image-00005.dcm","full_path":"image-00005.dcm","type":"application\/octet-stream","tmp_name":"C:\\xampp\\tmp\\php1A4F.tmp","error":0,"size":95526}}
2025-05-07 02:03:39 - $_POST: {"patient_id":"1","instance_id":"PATIENT-1-20250507000339"}
2025-05-07 02:03:39 - Patient ID: 1, Instance ID personnalisé: PATIENT-1-20250507000339, Fichier temporaire: C:\xampp\tmp\php1A4F.tmp
2025-05-07 02:03:40 - ID Orthanc attribué: 892e8101-891e4b24-43c20a0c-cda4e1ee-34cdbb93
2025-05-07 02:03:40 - Requête des tags DICOM via URL: http://localhost:8042/instances/892e8101-891e4b24-43c20a0c-cda4e1ee-34cdbb93/tags
2025-05-07 02:03:40 - Erreur: Réponse des tags invalide ou StudyInstanceUID manquant: {
   "0008,0005" : 
   {
      "Name" : "SpecificCharacterSet",
      "Type" : "String",
      "Value" : "ISO_IR 100"
   },
   "0008,0008" : 
   {
      "Name" : "ImageType",
      "Type" : "String",
      "Value" : "ORIGINAL\\PRIMARY\\AXIAL\\HELIX"
   },
   "0008,0012" : 
   {
      "Name" : "InstanceCreationDate",
      "Type" : "String",
      "Value" : "20061012"
   },
   "0008,0013" : 
   {
      "Name" : "InstanceCreationTime",
      "Type" : "String",
      "Value" : "091607.000000"
   },
   "0008,0016" : 
   {
      "Name" : "SOPClassUID",
      "Type" : "String",
      "Value" : "1.2.840.10008.5.1.4.1.1.2"
   },
   "0008,0018" : 
   {
      "Name" : "SOPInstanceUID",
      "Type" : "String",
      "Value" : "1.2.826.0.1.3680043.8.1055.1.20111102150759122.72299459.20444569"
   },
   "0008,0020" : 
   {
      "Name" : "StudyDate",
      "Type" : "String",
      "Value" : "20061012"
   },
   "0008,0022" : 
   {
      "Name" : "AcquisitionDate",
      "Type" : "String",
      "Value" : "20061012"
   },
   "0008,0023" : 
   {
      "Name" : "ContentDate",
      "Type" : "String",
      "Value" : "20061012"
   },
   "0008,0030" : 
   {
      "Name" : "StudyTime",
      "Type" : "String",
      "Value" : "090258.000000"
   },
   "0008,0032" : 
   {
      "Name" : "AcquisitionTime",
      "Type" : "String",
      "Value" : "085229.000000"
   },
   "0008,0033" : 
   {
      "Name" : "ContentTime",
      "Type" : "String",
      "Value" : "085229.875000"
   },
   "0008,0060" : 
   {
      "Name" : "Modality",
      "Type" : "String",
      "Value" : "CT"
   },
   "0008,1030" : 
   {
      "Name" : "StudyDescription",
      "Type" : "String",
      "Value" : "CT1 abdomen"
   },
   "0008,1032" : 
   {
      "Name" : "ProcedureCodeSequence",
      "Type" : "Sequence",
      "Value" : 
      [
         {
            "0008,0100" : 
            {
               "Name" : "CodeValue",
               "Type" : "String",
               "Value" : "CTABDOM"
            },
            "0008,0102" : 
            {
               "Name" : "CodingSchemeDesignator",
               "Type" : "String",
               "Value" : "XPLORE"
            },
            "0008,0104" : 
            {
               "Name" : "CodeMeaning",
               "Type" : "String",
               "Value" : "CT1 abdomen"
            }
         }
      ]
   },
   "0008,103e" : 
   {
      "Name" : "SeriesDescription",
      "Type" : "String",
      "Value" : "ARTERIELLE"
   },
   "0008,1111" : 
   {
      "Name" : "ReferencedPerformedProcedureStepSequence",
      "Type" : "Sequence",
      "Value" : 
      [
         {
            "0008,1150" : 
            {
               "Name" : "ReferencedSOPClassUID",
               "Type" : "String",
               "Value" : "1.2.840.10008.3.1.2.3.3"
            },
            "0008,1155" : 
            {
               "Name" : "ReferencedSOPInstanceUID",
               "Type" : "String",
               "Value" : "1.2.840.113704.1.111.5104.1160636572.51"
            }
         }
      ]
   },
   "0010,0010" : 
   {
      "Name" : "PatientName",
      "Type" : "String",
      "Value" : "Anonymized"
   },
   "0010,0020" : 
   {
      "Name" : "PatientID",
      "Type" : "String",
      "Value" : "0"
   },
   "0010,1010" : 
   {
      "Name" : "PatientAge",
      "Type" : "String",
      "Value" : "000Y"
   },
   "0018,0010" : 
   {
      "Name" : "ContrastBolusAgent",
      "Type" : "String",
      "Value" : "CONTRAST"
   },
   "0018,0022" : 
   {
      "Name" : "ScanOptions",
      "Type" : "String",
      "Value" : "HELIX"
   },
   "0018,0050" : 
   {
      "Name" : "SliceThickness",
      "Type" : "String",
      "Value" : "1.0"
   },
   "0018,0060" : 
   {
      "Name" : "KVP",
      "Type" : "String",
      "Value" : "120"
   },
   "0018,0088" : 
   {
      "Name" : "SpacingBetweenSlices",
      "Type" : "String",
      "Value" : "0.5"
   },
   "0018,0090" : 
   {
      "Name" : "DataCollectionDiameter",
      "Type" : "String",
      "Value" : "302"
   },
   "0018,1030" : 
   {
      "Name" : "ProtocolName",
      "Type" : "String",
      "Value" : "ART.RENALES 12/Abdomen/Hx"
   },
   "0018,1100" : 
   {
      "Name" : "ReconstructionDiameter",
      "Type" : "String",
      "Value" : "302"
   },
   "0018,1120" : 
   {
      "Name" : "GantryDetectorTilt",
      "Type" : "String",
      "Value" : "0"
   },
   "0018,1130" : 
   {
      "Name" : "TableHeight",
      "Type" : "String",
      "Value" : "151"
   },
   "0018,1140" : 
   {
      "Name" : "RotationDirection",
      "Type" : "String",
      "Value" : "CW"
   },
   "0018,1151" : 
   {
      "Name" : "XRayTubeCurrent",
      "Type" : "String",
      "Value" : "400"
   },
   "0018,1152" : 
   {
      "Name" : "Exposure",
      "Type" : "String",
      "Value" : "300"
   },
   "0018,1160" : 
   {
      "Name" : "FilterType",
      "Type" : "String",
      "Value" : "B"
   },
   "0018,1210" : 
   {
      "Name" : "ConvolutionKernel",
      "Type" : "String",
      "Value" : "B"
   },
   "0018,5100" : 
   {
      "Name" : "PatientPosition",
      "Type" : "String",
      "Value" : "FFS"
   },
   "0020,000d" : 
   {
      "Name" : "StudyInstanceUID",
      "Type" : "String",
      "Value" : "1.2.826.0.1.3680043.8.1055.1.20111102150758591.92402465.76095170"
   },
   "0020,000e" : 
   {
      "Name" : "SeriesInstanceUID",
      "Type" : "String",
      "Value" : "1.2.826.0.1.3680043.8.1055.1.20111102150758591.96842950.07877442"
   },
   "0020,0011" : 
   {
      "Name" : "SeriesNumber",
      "Type" : "String",
      "Value" : "6168"
   },
   "0020,0013" : 
   {
      "Name" : "InstanceNumber",
      "Type" : "String",
      "Value" : "6"
   },
   "0020,0032" : 
   {
      "Name" : "ImagePositionPatient",
      "Type" : "String",
      "Value" : "-151.493508\\-36.6564417\\1292.5"
   },
   "0020,0037" : 
   {
      "Name" : "ImageOrientationPatient",
      "Type" : "String",
      "Value" : "1\\0\\0\\0\\1\\0"
   },
   "0020,0052" : 
   {
      "Name" : "FrameOfReferenceUID",
      "Type" : "String",
      "Value" : "1.2.840.113704.1.111.3704.1160637109.3"
   },
   "0020,1041" : 
   {
      "Name" : "SliceLocation",
      "Type" : "String",
      "Value" : "-322.50"
   },
   "0020,4000" : 
   {
      "Name" : "ImageComments",
      "Type" : "String",
      "Value" : "JPEG 2000 lossless - Version 4.0.2 (c) Image Devices GmbH"
   },
   "0028,0002" : 
   {
      "Name" : "SamplesPerPixel",
      "Type" : "String",
      "Value" : "1"
   },
   "0028,0004" : 
   {
      "Name" : "PhotometricInterpretation",
      "Type" : "String",
      "Value" : "MONOCHROME2"
   },
   "0028,0010" : 
   {
      "Name" : "Rows",
      "Type" : "String",
      "Value" : "512"
   },
   "0028,0011" : 
   {
      "Name" : "Columns",
      "Type" : "String",
      "Value" : "512"
   },
   "0028,0030" : 
   {
      "Name" : "PixelSpacing",
      "Type" : "String",
      "Value" : "0.58984375\\0.58984375"
   },
   "0028,0100" : 
   {
      "Name" : "BitsAllocated",
      "Type" : "String",
      "Value" : "16"
   },
   "0028,0101" : 
   {
      "Name" : "BitsStored",
      "Type" : "String",
      "Value" : "12"
   },
   "0028,0102" : 
   {
      "Name" : "HighBit",
      "Type" : "String",
      "Value" : "11"
   },
   "0028,0103" : 
   {
      "Name" : "PixelRepresentation",
      "Type" : "String",
      "Value" : "0"
   },
   "0028,1050" : 
   {
      "Name" : "WindowCenter",
      "Type" : "String",
      "Value" : "00050\\00050"
   },
   "0028,1051" : 
   {
      "Name" : "WindowWidth",
      "Type" : "String",
      "Value" : "00350\\00350"
   },
   "0028,1052" : 
   {
      "Name" : "RescaleIntercept",
      "Type" : "String",
      "Value" : "-1000"
   },
   "0028,1053" : 
   {
      "Name" : "RescaleSlope",
      "Type" : "String",
      "Value" : "1"
   },
   "0028,2110" : 
   {
      "Name" : "LossyImageCompression",
      "Type" : "String",
      "Value" : "01"
   },
   "0028,2112" : 
   {
      "Name" : "LossyImageCompressionRatio",
      "Type" : "String",
      "Value" : "5.613482"
   },
   "0040,0007" : 
   {
      "Name" : "ScheduledProcedureStepDescription",
      "Type" : "String",
      "Value" : "CT1 abdomen"
   },
   "0040,0008" : 
   {
      "Name" : "ScheduledProtocolCodeSequence",
      "Type" : "Sequence",
      "Value" : 
      [
         {
            "0008,0100" : 
            {
               "Name" : "CodeValue",
               "Type" : "String",
               "Value" : "CTABDOM"
            },
            "0008,0102" : 
            {
               "Name" : "CodingSchemeDesignator",
               "Type" : "String",
               "Value" : "XPLORE"
            },
            "0008,0104" : 
            {
               "Name" : "CodeMeaning",
               "Type" : "String",
               "Value" : "CT1 abdomen"
            }
         }
      ]
   },
   "0040,0009" : 
   {
      "Name" : "ScheduledProcedureStepID",
      "Type" : "String",
      "Value" : "A10026177758"
   },
   "0040,0254" : 
   {
      "Name" : "PerformedProcedureStepDescription",
      "Type" : "String",
      "Value" : "CT1 abdomen"
   },
   "0040,0260" : 
   {
      "Name" : "PerformedProtocolCodeSequence",
      "Type" : "Sequence",
      "Value" : 
      [
         {
            "0008,0100" : 
            {
               "Name" : "CodeValue",
               "Type" : "String",
               "Value" : "CTABDOM"
            },
            "0008,0102" : 
            {
               "Name" : "CodingSchemeDesignator",
               "Type" : "String",
               "Value" : "XPLORE"
            },
            "0008,0104" : 
            {
               "Name" : "CodeMeaning",
               "Type" : "String",
               "Value" : "CT1 abdomen"
            }
         }
      ]
   },
   "0040,0275" : 
   {
      "Name" : "RequestAttributesSequence",
      "Type" : "Sequence",
      "Value" : 
      [
         {
            "0040,0007" : 
            {
               "Name" : "ScheduledProcedureStepDescription",
               "Type" : "String",
               "Value" : "CT1 abdomen"
            },
            "0040,0008" : 
            {
               "Name" : "ScheduledProtocolCodeSequence",
               "Type" : "Sequence",
               "Value" : 
               [
                  {
                     "0008,0100" : 
                     {
                        "Name" : "CodeValue",
                        "Type" : "String",
                        "Value" : "CTABDOM"
                     },
                     "0008,0102" : 
                     {
                        "Name" : "CodingSchemeDesignator",
                        "Type" : "String",
                        "Value" : "XPLORE"
                     },
                     "0008,0104" : 
                     {
                        "Name" : "CodeMeaning",
                        "Type" : "String",
                        "Value" : "CT1 abdomen"
                     }
                  }
               ]
            },
            "0040,0009" : 
            {
               "Name" : "ScheduledProcedureStepID",
               "Type" : "String",
               "Value" : "A10026177758"
            },
            "0040,1001" : 
            {
               "Name" : "RequestedProcedureID",
               "Type" : "String",
               "Value" : "A10026177757"
            }
         }
      ]
   },
   "0040,1001" : 
   {
      "Name" : "RequestedProcedureID",
      "Type" : "String",
      "Value" : "A10026177757"
   },
   "7fe0,0010" : 
   {
      "Name" : "PixelData",
      "Type" : "Null",
      "Value" : null
   }
}
2025-05-07 02:03:40 - Commande dcmdump exécutée: dcmdump -q +P 0020,000D ""C:\xampp\tmp\php1A4F.tmp"" 2>&1
2025-05-07 02:03:41 - Exception capturée: Réponse des tags invalide ou StudyInstanceUID manquant, Détails: {"error":"R\u00e9ponse des tags invalide ou StudyInstanceUID manquant"}
2025-05-07 02:09:06 - Début de la requête proxy-orthanc
2025-05-07 02:09:06 - URL Orthanc: http://localhost:8042/instances
2025-05-07 02:09:06 - Méthode HTTP: POST
2025-05-07 02:09:06 - $_FILES: {"file":{"name":"image-00010.dcm","full_path":"image-00010.dcm","type":"application\/octet-stream","tmp_name":"C:\\xampp\\tmp\\php1845.tmp","error":0,"size":91554}}
2025-05-07 02:09:06 - $_POST: {"patient_id":"1","instance_id":"PATIENT-1-20250507000906"}
2025-05-07 02:09:06 - Patient ID: 1, Instance ID personnalisé: PATIENT-1-20250507000906, Fichier temporaire: C:\xampp\tmp\php1845.tmp
2025-05-07 02:09:07 - ID Orthanc attribué: d68ec84d-b86ce4ac-49fcd090-361954ca-da219abf
2025-05-07 02:09:07 - Requête des tags DICOM via URL: http://localhost:8042/instances/d68ec84d-b86ce4ac-49fcd090-361954ca-da219abf/tags
2025-05-07 02:09:07 - Erreur: Réponse des tags invalide ou StudyInstanceUID manquant: {
   "0008,0005" : 
   {
      "Name" : "SpecificCharacterSet",
      "Type" : "String",
      "Value" : "ISO_IR 100"
   },
   "0008,0008" : 
   {
      "Name" : "ImageType",
      "Type" : "String",
      "Value" : "ORIGINAL\\PRIMARY\\AXIAL\\HELIX"
   },
   "0008,0012" : 
   {
      "Name" : "InstanceCreationDate",
      "Type" : "String",
      "Value" : "20061012"
   },
   "0008,0013" : 
   {
      "Name" : "InstanceCreationTime",
      "Type" : "String",
      "Value" : "091608.000000"
   },
   "0008,0016" : 
   {
      "Name" : "SOPClassUID",
      "Type" : "String",
      "Value" : "1.2.840.10008.5.1.4.1.1.2"
   },
   "0008,0018" : 
   {
      "Name" : "SOPInstanceUID",
      "Type" : "String",
      "Value" : "1.2.826.0.1.3680043.8.1055.1.20111102150759544.43941061.73779335"
   },
   "0008,0020" : 
   {
      "Name" : "StudyDate",
      "Type" : "String",
      "Value" : "20061012"
   },
   "0008,0022" : 
   {
      "Name" : "AcquisitionDate",
      "Type" : "String",
      "Value" : "20061012"
   },
   "0008,0023" : 
   {
      "Name" : "ContentDate",
      "Type" : "String",
      "Value" : "20061012"
   },
   "0008,0030" : 
   {
      "Name" : "StudyTime",
      "Type" : "String",
      "Value" : "090258.000000"
   },
   "0008,0032" : 
   {
      "Name" : "AcquisitionTime",
      "Type" : "String",
      "Value" : "085229.000000"
   },
   "0008,0033" : 
   {
      "Name" : "ContentTime",
      "Type" : "String",
      "Value" : "085230.031000"
   },
   "0008,0060" : 
   {
      "Name" : "Modality",
      "Type" : "String",
      "Value" : "CT"
   },
   "0008,1030" : 
   {
      "Name" : "StudyDescription",
      "Type" : "String",
      "Value" : "CT1 abdomen"
   },
   "0008,1032" : 
   {
      "Name" : "ProcedureCodeSequence",
      "Type" : "Sequence",
      "Value" : 
      [
         {
            "0008,0100" : 
            {
               "Name" : "CodeValue",
               "Type" : "String",
               "Value" : "CTABDOM"
            },
            "0008,0102" : 
            {
               "Name" : "CodingSchemeDesignator",
               "Type" : "String",
               "Value" : "XPLORE"
            },
            "0008,0104" : 
            {
               "Name" : "CodeMeaning",
               "Type" : "String",
               "Value" : "CT1 abdomen"
            }
         }
      ]
   },
   "0008,103e" : 
   {
      "Name" : "SeriesDescription",
      "Type" : "String",
      "Value" : "ARTERIELLE"
   },
   "0008,1111" : 
   {
      "Name" : "ReferencedPerformedProcedureStepSequence",
      "Type" : "Sequence",
      "Value" : 
      [
         {
            "0008,1150" : 
            {
               "Name" : "ReferencedSOPClassUID",
               "Type" : "String",
               "Value" : "1.2.840.10008.3.1.2.3.3"
            },
            "0008,1155" : 
            {
               "Name" : "ReferencedSOPInstanceUID",
               "Type" : "String",
               "Value" : "1.2.840.113704.1.111.5104.1160636572.51"
            }
         }
      ]
   },
   "0010,0010" : 
   {
      "Name" : "PatientName",
      "Type" : "String",
      "Value" : "Anonymized"
   },
   "0010,0020" : 
   {
      "Name" : "PatientID",
      "Type" : "String",
      "Value" : "0"
   },
   "0010,1010" : 
   {
      "Name" : "PatientAge",
      "Type" : "String",
      "Value" : "000Y"
   },
   "0018,0010" : 
   {
      "Name" : "ContrastBolusAgent",
      "Type" : "String",
      "Value" : "CONTRAST"
   },
   "0018,0022" : 
   {
      "Name" : "ScanOptions",
      "Type" : "String",
      "Value" : "HELIX"
   },
   "0018,0050" : 
   {
      "Name" : "SliceThickness",
      "Type" : "String",
      "Value" : "1.0"
   },
   "0018,0060" : 
   {
      "Name" : "KVP",
      "Type" : "String",
      "Value" : "120"
   },
   "0018,0088" : 
   {
      "Name" : "SpacingBetweenSlices",
      "Type" : "String",
      "Value" : "0.5"
   },
   "0018,0090" : 
   {
      "Name" : "DataCollectionDiameter",
      "Type" : "String",
      "Value" : "302"
   },
   "0018,1030" : 
   {
      "Name" : "ProtocolName",
      "Type" : "String",
      "Value" : "ART.RENALES 12/Abdomen/Hx"
   },
   "0018,1100" : 
   {
      "Name" : "ReconstructionDiameter",
      "Type" : "String",
      "Value" : "302"
   },
   "0018,1120" : 
   {
      "Name" : "GantryDetectorTilt",
      "Type" : "String",
      "Value" : "0"
   },
   "0018,1130" : 
   {
      "Name" : "TableHeight",
      "Type" : "String",
      "Value" : "151"
   },
   "0018,1140" : 
   {
      "Name" : "RotationDirection",
      "Type" : "String",
      "Value" : "CW"
   },
   "0018,1151" : 
   {
      "Name" : "XRayTubeCurrent",
      "Type" : "String",
      "Value" : "400"
   },
   "0018,1152" : 
   {
      "Name" : "Exposure",
      "Type" : "String",
      "Value" : "300"
   },
   "0018,1160" : 
   {
      "Name" : "FilterType",
      "Type" : "String",
      "Value" : "B"
   },
   "0018,1210" : 
   {
      "Name" : "ConvolutionKernel",
      "Type" : "String",
      "Value" : "B"
   },
   "0018,5100" : 
   {
      "Name" : "PatientPosition",
      "Type" : "String",
      "Value" : "FFS"
   },
   "0020,000d" : 
   {
      "Name" : "StudyInstanceUID",
      "Type" : "String",
      "Value" : "1.2.826.0.1.3680043.8.1055.1.20111102150758591.92402465.76095170"
   },
   "0020,000e" : 
   {
      "Name" : "SeriesInstanceUID",
      "Type" : "String",
      "Value" : "1.2.826.0.1.3680043.8.1055.1.20111102150758591.96842950.07877442"
   },
   "0020,0011" : 
   {
      "Name" : "SeriesNumber",
      "Type" : "String",
      "Value" : "6168"
   },
   "0020,0013" : 
   {
      "Name" : "InstanceNumber",
      "Type" : "String",
      "Value" : "11"
   },
   "0020,0032" : 
   {
      "Name" : "ImagePositionPatient",
      "Type" : "String",
      "Value" : "-151.493508\\-36.6564417\\1290"
   },
   "0020,0037" : 
   {
      "Name" : "ImageOrientationPatient",
      "Type" : "String",
      "Value" : "1\\0\\0\\0\\1\\0"
   },
   "0020,0052" : 
   {
      "Name" : "FrameOfReferenceUID",
      "Type" : "String",
      "Value" : "1.2.840.113704.1.111.3704.1160637109.3"
   },
   "0020,1041" : 
   {
      "Name" : "SliceLocation",
      "Type" : "String",
      "Value" : "-320.00"
   },
   "0020,4000" : 
   {
      "Name" : "ImageComments",
      "Type" : "String",
      "Value" : "JPEG 2000 lossless - Version 4.0.2 (c) Image Devices GmbH"
   },
   "0028,0002" : 
   {
      "Name" : "SamplesPerPixel",
      "Type" : "String",
      "Value" : "1"
   },
   "0028,0004" : 
   {
      "Name" : "PhotometricInterpretation",
      "Type" : "String",
      "Value" : "MONOCHROME2"
   },
   "0028,0010" : 
   {
      "Name" : "Rows",
      "Type" : "String",
      "Value" : "512"
   },
   "0028,0011" : 
   {
      "Name" : "Columns",
      "Type" : "String",
      "Value" : "512"
   },
   "0028,0030" : 
   {
      "Name" : "PixelSpacing",
      "Type" : "String",
      "Value" : "0.58984375\\0.58984375"
   },
   "0028,0100" : 
   {
      "Name" : "BitsAllocated",
      "Type" : "String",
      "Value" : "16"
   },
   "0028,0101" : 
   {
      "Name" : "BitsStored",
      "Type" : "String",
      "Value" : "12"
   },
   "0028,0102" : 
   {
      "Name" : "HighBit",
      "Type" : "String",
      "Value" : "11"
   },
   "0028,0103" : 
   {
      "Name" : "PixelRepresentation",
      "Type" : "String",
      "Value" : "0"
   },
   "0028,1050" : 
   {
      "Name" : "WindowCenter",
      "Type" : "String",
      "Value" : "00050\\00050"
   },
   "0028,1051" : 
   {
      "Name" : "WindowWidth",
      "Type" : "String",
      "Value" : "00350\\00350"
   },
   "0028,1052" : 
   {
      "Name" : "RescaleIntercept",
      "Type" : "String",
      "Value" : "-1000"
   },
   "0028,1053" : 
   {
      "Name" : "RescaleSlope",
      "Type" : "String",
      "Value" : "1"
   },
   "0028,2110" : 
   {
      "Name" : "LossyImageCompression",
      "Type" : "String",
      "Value" : "01"
   },
   "0028,2112" : 
   {
      "Name" : "LossyImageCompressionRatio",
      "Type" : "String",
      "Value" : "5.862683"
   },
   "0040,0007" : 
   {
      "Name" : "ScheduledProcedureStepDescription",
      "Type" : "String",
      "Value" : "CT1 abdomen"
   },
   "0040,0008" : 
   {
      "Name" : "ScheduledProtocolCodeSequence",
      "Type" : "Sequence",
      "Value" : 
      [
         {
            "0008,0100" : 
            {
               "Name" : "CodeValue",
               "Type" : "String",
               "Value" : "CTABDOM"
            },
            "0008,0102" : 
            {
               "Name" : "CodingSchemeDesignator",
               "Type" : "String",
               "Value" : "XPLORE"
            },
            "0008,0104" : 
            {
               "Name" : "CodeMeaning",
               "Type" : "String",
               "Value" : "CT1 abdomen"
            }
         }
      ]
   },
   "0040,0009" : 
   {
      "Name" : "ScheduledProcedureStepID",
      "Type" : "String",
      "Value" : "A10026177758"
   },
   "0040,0254" : 
   {
      "Name" : "PerformedProcedureStepDescription",
      "Type" : "String",
      "Value" : "CT1 abdomen"
   },
   "0040,0260" : 
   {
      "Name" : "PerformedProtocolCodeSequence",
      "Type" : "Sequence",
      "Value" : 
      [
         {
            "0008,0100" : 
            {
               "Name" : "CodeValue",
               "Type" : "String",
               "Value" : "CTABDOM"
            },
            "0008,0102" : 
            {
               "Name" : "CodingSchemeDesignator",
               "Type" : "String",
               "Value" : "XPLORE"
            },
            "0008,0104" : 
            {
               "Name" : "CodeMeaning",
               "Type" : "String",
               "Value" : "CT1 abdomen"
            }
         }
      ]
   },
   "0040,0275" : 
   {
      "Name" : "RequestAttributesSequence",
      "Type" : "Sequence",
      "Value" : 
      [
         {
            "0040,0007" : 
            {
               "Name" : "ScheduledProcedureStepDescription",
               "Type" : "String",
               "Value" : "CT1 abdomen"
            },
            "0040,0008" : 
            {
               "Name" : "ScheduledProtocolCodeSequence",
               "Type" : "Sequence",
               "Value" : 
               [
                  {
                     "0008,0100" : 
                     {
                        "Name" : "CodeValue",
                        "Type" : "String",
                        "Value" : "CTABDOM"
                     },
                     "0008,0102" : 
                     {
                        "Name" : "CodingSchemeDesignator",
                        "Type" : "String",
                        "Value" : "XPLORE"
                     },
                     "0008,0104" : 
                     {
                        "Name" : "CodeMeaning",
                        "Type" : "String",
                        "Value" : "CT1 abdomen"
                     }
                  }
               ]
            },
            "0040,0009" : 
            {
               "Name" : "ScheduledProcedureStepID",
               "Type" : "String",
               "Value" : "A10026177758"
            },
            "0040,1001" : 
            {
               "Name" : "RequestedProcedureID",
               "Type" : "String",
               "Value" : "A10026177757"
            }
         }
      ]
   },
   "0040,1001" : 
   {
      "Name" : "RequestedProcedureID",
      "Type" : "String",
      "Value" : "A10026177757"
   },
   "7fe0,0010" : 
   {
      "Name" : "PixelData",
      "Type" : "Null",
      "Value" : null
   }
}
2025-05-07 02:09:07 - Commande dcmdump exécutée: dcmdump -q +P 0020,000D ""C:\xampp\tmp\php1845.tmp"" 2>&1
2025-05-07 02:09:07 - Sortie de dcmdump: 
2025-05-07 02:09:07 - Code de retour de dcmdump: 1
2025-05-07 02:09:07 - Échec de récupération du StudyInstanceUID via tags et dcmdump, UID synthétique généré: 1.2.3.4.5.1746576547.3614
2025-05-07 02:09:08 - Détails de l'instance: {
    "FileSize": 91554,
    "FileUuid": "65380b97-da9c-45bf-8de9-391cbe061a41",
    "ID": "d68ec84d-b86ce4ac-49fcd090-361954ca-da219abf",
    "IndexInSeries": 11,
    "Labels": [],
    "MainDicomTags": {
        "ImageComments": "JPEG 2000 lossless - Version 4.0.2 (c) Image Devices GmbH",
        "ImageOrientationPatient": "1\\0\\0\\0\\1\\0",
        "ImagePositionPatient": "-151.493508\\-36.6564417\\1290",
        "InstanceCreationDate": "20061012",
        "InstanceCreationTime": "091608.000000",
        "InstanceNumber": "11",
        "SOPInstanceUID": "1.2.826.0.1.3680043.8.1055.1.20111102150759544.43941061.73779335"
    },
    "ParentSeries": "98d367a5-58eeba8b-f3c2da4b-de7d8f6f-ede53eb2",
    "Type": "Instance"
}
2025-05-07 02:09:08 - Instance DICOM stockée avec patient_id=1, orthanc_instance_id=d68ec84d-b86ce4ac-49fcd090-361954ca-da219abf
2025-05-07 02:09:09 - Instance ID personnalisé appliqué: PATIENT-1-20250507000906
2025-05-07 02:12:00 - Début de la requête proxy-orthanc
2025-05-07 02:12:00 - URL Orthanc: http://localhost:8042/instances
2025-05-07 02:12:00 - Méthode HTTP: POST
2025-05-07 02:12:00 - $_FILES: {"file":{"name":"Altea_t1_sag_tse_DR_77233508.dcm","full_path":"Altea_t1_sag_tse_DR_77233508.dcm","type":"application\/octet-stream","tmp_name":"C:\\xampp\\tmp\\phpBE11.tmp","error":0,"size":531298}}
2025-05-07 02:12:00 - $_POST: {"patient_id":"2","instance_id":"PATIENT-2-20250507001200"}
2025-05-07 02:12:00 - Patient ID: 2, Instance ID personnalisé: PATIENT-2-20250507001200, Fichier temporaire: C:\xampp\tmp\phpBE11.tmp
2025-05-07 02:12:01 - ID Orthanc attribué: e07efef8-4eba99da-e58dbc40-0173c1da-e2535081
2025-05-07 02:12:01 - Requête des tags DICOM via URL: http://localhost:8042/instances/e07efef8-4eba99da-e58dbc40-0173c1da-e2535081/tags
2025-05-07 02:12:01 - Erreur: Réponse des tags invalide ou StudyInstanceUID manquant: {
   "0008,0005" : 
   {
      "Name" : "SpecificCharacterSet",
      "Type" : "String",
      "Value" : "ISO_IR 100"
   },
   "0008,0008" : 
   {
      "Name" : "ImageType",
      "Type" : "String",
      "Value" : "DERIVED\\PRIMARY\\M\\NONE"
   },
   "0008,0012" : 
   {
      "Name" : "InstanceCreationDate",
      "Type" : "String",
      "Value" : "20210411"
   },
   "0008,0013" : 
   {
      "Name" : "InstanceCreationTime",
      "Type" : "String",
      "Value" : "213019.104784"
   },
   "0008,0016" : 
   {
      "Name" : "SOPClassUID",
      "Type" : "String",
      "Value" : "1.2.840.10008.5.1.4.1.1.4.1"
   },
   "0008,0018" : 
   {
      "Name" : "SOPInstanceUID",
      "Type" : "String",
      "Value" : "1.3.12.2.1107.5.8.15.999999.30000021041121051996700000250"
   },
   "0008,001b" : 
   {
      "Name" : "OriginalSpecializedSOPClassUID",
      "Type" : "String",
      "Value" : "1.2.840.10008.5.1.4.1.1.4.1"
   },
   "0008,0020" : 
   {
      "Name" : "StudyDate",
      "Type" : "String",
      "Value" : "20210113"
   },
   "0008,0021" : 
   {
      "Name" : "SeriesDate",
      "Type" : "String",
      "Value" : "20210411"
   },
   "0008,0022" : 
   {
      "Name" : "AcquisitionDate",
      "Type" : "String",
      "Value" : ""
   },
   "0008,0023" : 
   {
      "Name" : "ContentDate",
      "Type" : "String",
      "Value" : "20210113"
   },
   "0008,002a" : 
   {
      "Name" : "AcquisitionDateTime",
      "Type" : "String",
      "Value" : "20210113131448.415000"
   },
   "0008,0030" : 
   {
      "Name" : "StudyTime",
      "Type" : "String",
      "Value" : "130454.100000"
   },
   "0008,0031" : 
   {
      "Name" : "SeriesTime",
      "Type" : "String",
      "Value" : "213018.573513"
   },
   "0008,0032" : 
   {
      "Name" : "AcquisitionTime",
      "Type" : "String",
      "Value" : ""
   },
   "0008,0033" : 
   {
      "Name" : "ContentTime",
      "Type" : "String",
      "Value" : "131733.081000"
   },
   "0008,0050" : 
   {
      "Name" : "AccessionNumber",
      "Type" : "String",
      "Value" : ""
   },
   "0008,0060" : 
   {
      "Name" : "Modality",
      "Type" : "String",
      "Value" : "MR"
   },
   "0008,0070" : 
   {
      "Name" : "Manufacturer",
      "Type" : "String",
      "Value" : "Siemens Healthineers"
   },
   "0008,0080" : 
   {
      "Name" : "InstitutionName",
      "Type" : "String",
      "Value" : ""
   },
   "0008,0081" : 
   {
      "Name" : "InstitutionAddress",
      "Type" : "String",
      "Value" : " ,,,DE,"
   },
   "0008,0090" : 
   {
      "Name" : "ReferringPhysicianName",
      "Type" : "String",
      "Value" : ""
   },
   "0008,1010" : 
   {
      "Name" : "StationName",
      "Type" : "String",
      "Value" : "MR-T10-MRC19-04"
   },
   "0008,1030" : 
   {
      "Name" : "StudyDescription",
      "Type" : "String",
      "Value" : "Osteo_2021 Cheville"
   },
   "0008,103e" : 
   {
      "Name" : "SeriesDescription",
      "Type" : "String",
      "Value" : "Exported MR Basic Reading"
   },
   "0008,1090" : 
   {
      "Name" : "ManufacturerModelName",
      "Type" : "String",
      "Value" : "MAGNETOM Altea"
   },
   "0008,1111" : 
   {
      "Name" : "ReferencedPerformedProcedureStepSequence",
      "Type" : "Sequence",
      "Value" : 
      [
         {
            "0008,1150" : 
            {
               "Name" : "ReferencedSOPClassUID",
               "Type" : "String",
               "Value" : "1.2.840.10008.3.1.2.3.3"
            },
            "0008,1155" : 
            {
               "Name" : "ReferencedSOPInstanceUID",
               "Type" : "String",
               "Value" : "1.3.12.2.1107.5.2.53.189501.30000021011309045077000000006"
            }
         }
      ]
   },
   "0008,2111" : 
   {
      "Name" : "DerivationDescription",
      "Type" : "String",
      "Value" : "Secondary Capture"
   },
   "0008,9154" : 
   {
      "Name" : "SourceImageEvidenceSequence",
      "Type" : "Sequence",
      "Value" : 
      [
         {
            "0008,1115" : 
            {
               "Name" : "ReferencedSeriesSequence",
               "Type" : "Sequence",
               "Value" : 
               [
                  {
                     "0008,1199" : 
                     {
                        "Name" : "ReferencedSOPSequence",
                        "Type" : "Sequence",
                        "Value" : 
                        [
                           {
                              "0008,1150" : 
                              {
                                 "Name" : "ReferencedSOPClassUID",
                                 "Type" : "String",
                                 "Value" : "1.2.840.10008.5.1.4.1.1.4.1"
                              },
                              "0008,1155" : 
                              {
                                 "Name" : "ReferencedSOPInstanceUID",
                                 "Type" : "String",
                                 "Value" : "1.3.12.2.1107.5.2.53.189501.2021011313173267021208599"
                              }
                           }
                        ]
                     },
                     "0020,000e" : 
                     {
                        "Name" : "SeriesInstanceUID",
                        "Type" : "String",
                        "Value" : "1.3.12.2.1107.5.2.53.189501.2021011313173239609808598.0.0.0"
                     }
                  }
               ]
            },
            "0020,000d" : 
            {
               "Name" : "StudyInstanceUID",
               "Type" : "String",
               "Value" : "1.3.12.2.1107.5.2.53.189501.30000021011309045077000000005"
            }
         }
      ]
   },
   "0008,9205" : 
   {
      "Name" : "PixelPresentation",
      "Type" : "String",
      "Value" : "MONOCHROME"
   },
   "0008,9206" : 
   {
      "Name" : "VolumetricProperties",
      "Type" : "String",
      "Value" : "VOLUME"
   },
   "0008,9207" : 
   {
      "Name" : "VolumeBasedCalculationTechnique",
      "Type" : "String",
      "Value" : "NONE"
   },
   "0008,9208" : 
   {
      "Name" : "ComplexImageComponent",
      "Type" : "String",
      "Value" : "MAGNITUDE"
   },
   "0008,9209" : 
   {
      "Name" : "AcquisitionContrast",
      "Type" : "String",
      "Value" : "UNKNOWN"
   },
   "0008,9215" : 
   {
      "Name" : "DerivationCodeSequence",
      "Type" : "Sequence",
      "Value" : 
      [
         {
            "0008,0100" : 
            {
               "Name" : "CodeValue",
               "Type" : "String",
               "Value" : "113074"
            },
            "0008,0102" : 
            {
               "Name" : "CodingSchemeDesignator",
               "Type" : "String",
               "Value" : "DCM"
            },
            "0008,0103" : 
            {
               "Name" : "CodingSchemeVersion",
               "Type" : "String",
               "Value" : "1.0"
            },
            "0008,0104" : 
            {
               "Name" : "CodeMeaning",
               "Type" : "String",
               "Value" : "Volume rendering"
            }
         }
      ]
   },
   "0010,0010" : 
   {
      "Name" : "PatientName",
      "Type" : "String",
      "Value" : "DeepResolve_Altea2"
   },
   "0010,0020" : 
   {
      "Name" : "PatientID",
      "Type" : "String",
      "Value" : "2021.01.13-13:04:52-STD-1.3.12.2.1107.5.99.3"
   },
   "0010,0021" : 
   {
      "Name" : "IssuerOfPatientID",
      "Type" : "String",
      "Value" : ""
   },
   "0010,0030" : 
   {
      "Name" : "PatientBirthDate",
      "Type" : "String",
      "Value" : "19960205"
   },
   "0010,0040" : 
   {
      "Name" : "PatientSex",
      "Type" : "String",
      "Value" : "M"
   },
   "0010,1010" : 
   {
      "Name" : "PatientAge",
      "Type" : "String",
      "Value" : "024Y"
   },
   "0010,1020" : 
   {
      "Name" : "PatientSize",
      "Type" : "String",
      "Value" : "1.72"
   },
   "0010,1030" : 
   {
      "Name" : "PatientWeight",
      "Type" : "String",
      "Value" : "70"
   },
   "0010,2000" : 
   {
      "Name" : "MedicalAlerts",
      "Type" : "String",
      "Value" : ""
   },
   "0010,2110" : 
   {
      "Name" : "Allergies",
      "Type" : "String",
      "Value" : ""
   },
   "0012,0062" : 
   {
      "Name" : "PatientIdentityRemoved",
      "Type" : "String",
      "Value" : "NO"
   },
   "0018,0020" : 
   {
      "Name" : "ScanningSequence",
      "Type" : "String",
      "Value" : "SE"
   },
   "0018,0021" : 
   {
      "Name" : "SequenceVariant",
      "Type" : "String",
      "Value" : "SS\\SK"
   },
   "0018,0022" : 
   {
      "Name" : "ScanOptions",
      "Type" : "String",
      "Value" : "SP"
   },
   "0018,0023" : 
   {
      "Name" : "MRAcquisitionType",
      "Type" : "String",
      "Value" : "2D"
   },
   "0018,0081" : 
   {
      "Name" : "EchoTime",
      "Type" : "String",
      "Value" : "10"
   },
   "0018,0087" : 
   {
      "Name" : "MagneticFieldStrength",
      "Type" : "String",
      "Value" : "1.5"
   },
   "0018,0091" : 
   {
      "Name" : "EchoTrainLength",
      "Type" : "String",
      "Value" : ""
   },
   "0018,1000" : 
   {
      "Name" : "DeviceSerialNumber",
      "Type" : "String",
      "Value" : "999999"
   },
   "0018,1020" : 
   {
      "Name" : "SoftwareVersions",
      "Type" : "String",
      "Value" : "syngo MR XA31\\syngo.via VB50B"
   },
   "0018,1030" : 
   {
      "Name" : "ProtocolName",
      "Type" : "String",
      "Value" : "t1_sag_tse REF"
   },
   "0018,5100" : 
   {
      "Name" : "PatientPosition",
      "Type" : "String",
      "Value" : "FFS"
   },
   "0018,9004" : 
   {
      "Name" : "ContentQualification",
      "Type" : "String",
      "Value" : "PRODUCT"
   },
   "0018,9005" : 
   {
      "Name" : "PulseSequenceName",
      "Type" : "String",
      "Value" : "*tse2d1_3"
   },
   "0018,9008" : 
   {
      "Name" : "EchoPulseSequence",
      "Type" : "String",
      "Value" : "SPIN"
   },
   "0018,9011" : 
   {
      "Name" : "MultipleSpinEcho",
      "Type" : "String",
      "Value" : "YES"
   },
   "0018,9012" : 
   {
      "Name" : "MultiPlanarExcitation",
      "Type" : "String",
      "Value" : "NO"
   },
   "0018,9014" : 
   {
      "Name" : "PhaseContrast",
      "Type" : "String",
      "Value" : "NO"
   },
   "0018,9015" : 
   {
      "Name" : "TimeOfFlightContrast",
      "Type" : "String",
      "Value" : "NO"
   },
   "0018,9017" : 
   {
      "Name" : "SteadyStatePulseSequence",
      "Type" : "String",
      "Value" : "NONE"
   },
   "0018,9018" : 
   {
      "Name" : "EchoPlanarPulseSequence",
      "Type" : "String",
      "Value" : "NO"
   },
   "0018,9024" : 
   {
      "Name" : "SaturationRecovery",
      "Type" : "String",
      "Value" : "NO"
   },
   "0018,9025" : 
   {
      "Name" : "SpectrallySelectedSuppression",
      "Type" : "String",
      "Value" : "NONE"
   },
   "0018,9029" : 
   {
      "Name" : "OversamplingPhase",
      "Type" : "String",
      "Value" : "NONE"
   },
   "0018,9032" : 
   {
      "Name" : "GeometryOfKSpaceTraversal",
      "Type" : "String",
      "Value" : "RECTILINEAR"
   },
   "0018,9033" : 
   {
      "Name" : "SegmentedKSpaceTraversal",
      "Type" : "String",
      "Value" : "PARTIAL"
   },
   "0018,9034" : 
   {
      "Name" : "RectilinearPhaseEncodeReordering",
      "Type" : "String",
      "Value" : "LINEAR"
   },
   "0018,9064" : 
   {
      "Name" : "KSpaceFiltering",
      "Type" : "String",
      "Value" : "NONE"
   },
   "0018,9073" : 
   {
      "Name" : "AcquisitionDuration",
      "Type" : "String",
      "Value" : "162.959"
   },
   "0018,9093" : 
   {
      "Name" : "NumberOfKSpaceTrajectories",
      "Type" : "String",
      "Value" : "36"
   },
   "0018,9100" : 
   {
      "Name" : "ResonantNucleus",
      "Type" : "String",
      "Value" : "1H"
   },
   "0018,9174" : 
   {
      "Name" : "ApplicableSafetyStandardAgency",
      "Type" : "String",
      "Value" : "IEC"
   },
   "0018,a001" : 
   {
      "Name" : "ContributingEquipmentSequence",
      "Type" : "Sequence",
      "Value" : 
      [
         {
            "0008,0070" : 
            {
               "Name" : "Manufacturer",
               "Type" : "String",
               "Value" : "Siemens Healthineers"
            },
            "0008,0080" : 
            {
               "Name" : "InstitutionName",
               "Type" : "String",
               "Value" : ""
            },
            "0008,0081" : 
            {
               "Name" : "InstitutionAddress",
               "Type" : "String",
               "Value" : " ,,,DE,"
            },
            "0008,1010" : 
            {
               "Name" : "StationName",
               "Type" : "String",
               "Value" : "MR-T10-MRC19-04"
            },
            "0008,1090" : 
            {
               "Name" : "ManufacturerModelName",
               "Type" : "String",
               "Value" : "MAGNETOM Altea"
            },
            "0018,1000" : 
            {
               "Name" : "DeviceSerialNumber",
               "Type" : "String",
               "Value" : "189501"
            },
            "0018,1020" : 
            {
               "Name" : "SoftwareVersions",
               "Type" : "String",
               "Value" : "syngo MR XA31"
            },
            "0040,a170" : 
            {
               "Name" : "PurposeOfReferenceCodeSequence",
               "Type" : "Sequence",
               "Value" : 
               [
                  {
                     "0008,0100" : 
                     {
                        "Name" : "CodeValue",
                        "Type" : "String",
                        "Value" : "109101"
                     },
                     "0008,0102" : 
                     {
                        "Name" : "CodingSchemeDesignator",
                        "Type" : "String",
                        "Value" : "DCM"
                     },
                     "0008,0104" : 
                     {
                        "Name" : "CodeMeaning",
                        "Type" : "String",
                        "Value" : "Acquisition Equipment"
                     }
                  }
               ]
            }
         }
      ]
   },
   "0020,000d" : 
   {
      "Name" : "StudyInstanceUID",
      "Type" : "String",
      "Value" : "1.3.12.2.1107.5.2.53.189501.30000021011309045077000000005"
   },
   "0020,000e" : 
   {
      "Name" : "SeriesInstanceUID",
      "Type" : "String",
      "Value" : "1.3.12.2.1107.5.8.15.999999.30000021041121051996700000249"
   },
   "0020,0010" : 
   {
      "Name" : "StudyID",
      "Type" : "String",
      "Value" : "b0513b81-3517-43"
   },
   "0020,0011" : 
   {
      "Name" : "SeriesNumber",
      "Type" : "String",
      "Value" : "1005"
   },
   "0020,0012" : 
   {
      "Name" : "AcquisitionNumber",
      "Type" : "String",
      "Value" : "1"
   },
   "0020,0013" : 
   {
      "Name" : "InstanceNumber",
      "Type" : "String",
      "Value" : "1"
   },
   "0020,0020" : 
   {
      "Name" : "PatientOrientation",
      "Type" : "String",
      "Value" : ""
   },
   "0020,0052" : 
   {
      "Name" : "FrameOfReferenceUID",
      "Type" : "String",
      "Value" : "1.3.12.2.1107.5.2.53.189501.2.20210113130454295.0.0.0"
   },
   "0020,0060" : 
   {
      "Name" : "Laterality",
      "Type" : "String",
      "Value" : "R"
   },
   "0020,1040" : 
   {
      "Name" : "PositionReferenceIndicator",
      "Type" : "String",
      "Value" : ""
   },
   "0020,9221" : 
   {
      "Name" : "DimensionOrganizationSequence",
      "Type" : "Sequence",
      "Value" : 
      [
         {
            "0020,9164" : 
            {
               "Name" : "DimensionOrganizationUID",
               "Type" : "String",
               "Value" : "1.3.12.2.1107.5.2.53.189501.2021011313173267698608600"
            }
         }
      ]
   },
   "0020,9222" : 
   {
      "Name" : "DimensionIndexSequence",
      "Type" : "Sequence",
      "Value" : 
      [
         {
            "0020,9164" : 
            {
               "Name" : "DimensionOrganizationUID",
               "Type" : "String",
               "Value" : "1.3.12.2.1107.5.2.53.189501.2021011313173267698608600"
            },
            "0020,9165" : 
            {
               "Name" : "DimensionIndexPointer",
               "Type" : "String",
               "Value" : "0020,9128"
            },
            "0020,9167" : 
            {
               "Name" : "FunctionalGroupPointer",
               "Type" : "String",
               "Value" : "0020,9111"
            }
         },
         {
            "0020,9164" : 
            {
               "Name" : "DimensionOrganizationUID",
               "Type" : "String",
               "Value" : "1.3.12.2.1107.5.2.53.189501.2021011313173267698608600"
            },
            "0020,9165" : 
            {
               "Name" : "DimensionIndexPointer",
               "Type" : "String",
               "Value" : "0020,9056"
            },
            "0020,9167" : 
            {
               "Name" : "FunctionalGroupPointer",
               "Type" : "String",
               "Value" : "0020,9111"
            }
         },
         {
            "0020,9164" : 
            {
               "Name" : "DimensionOrganizationUID",
               "Type" : "String",
               "Value" : "1.3.12.2.1107.5.2.53.189501.2021011313173267698608600"
            },
            "0020,9165" : 
            {
               "Name" : "DimensionIndexPointer",
               "Type" : "String",
               "Value" : "0020,9057"
            },
            "0020,9167" : 
            {
               "Name" : "FunctionalGroupPointer",
               "Type" : "String",
               "Value" : "0020,9111"
            }
         }
      ]
   },
   "0020,9311" : 
   {
      "Name" : "DimensionOrganizationType",
      "Type" : "String",
      "Value" : "3D"
   },
   "0021,0010" : 
   {
      "Name" : "PrivateCreator",
      "Type" : "String",
      "Value" : "SIEMENS MR SDI 02"
   },
   "0021,0011" : 
   {
      "Name" : "PrivateCreator",
      "Type" : "String",
      "Value" : "SIEMENS MR SDR 01"
   },
   "0021,1077" : 
   {
      "Name" : "Unknown Tag & Data",
      "PrivateCreator" : "SIEMENS MR SDI 02",
      "Type" : "String",
      "Value" : ""
   },
   "0021,1101" : 
   {
      "Name" : "Unknown Tag & Data",
      "PrivateCreator" : "SIEMENS MR SDR 01",
      "Type" : "String",
      "Value" : "Application"
   },
   "0021,1102" : 
   {
      "Name" : "Unknown Tag & Data",
      "PrivateCreator" : "SIEMENS MR SDR 01",
      "Type" : "String",
      "Value" : "MRBasic\\MRBasic_ReaderTask"
   },
   "0021,1103" : 
   {
      "Name" : "Unknown Tag & Data",
      "PrivateCreator" : "SIEMENS MR SDR 01",
      "Type" : "String",
      "Value" : "DIAGNOSIS:a7d6e465-78ab-47e5-8dcc-258674b5333d"
   },
   "0028,0002" : 
   {
      "Name" : "SamplesPerPixel",
      "Type" : "String",
      "Value" : "1"
   },
   "0028,0004" : 
   {
      "Name" : "PhotometricInterpretation",
      "Type" : "String",
      "Value" : "MONOCHROME2"
   },
   "0028,0008" : 
   {
      "Name" : "NumberOfFrames",
      "Type" : "String",
      "Value" : "1"
   },
   "0028,0010" : 
   {
      "Name" : "Rows",
      "Type" : "String",
      "Value" : "512"
   },
   "0028,0011" : 
   {
      "Name" : "Columns",
      "Type" : "String",
      "Value" : "512"
   },
   "0028,0100" : 
   {
      "Name" : "BitsAllocated",
      "Type" : "String",
      "Value" : "16"
   },
   "0028,0101" : 
   {
      "Name" : "BitsStored",
      "Type" : "String",
      "Value" : "12"
   },
   "0028,0102" : 
   {
      "Name" : "HighBit",
      "Type" : "String",
      "Value" : "11"
   },
   "0028,0103" : 
   {
      "Name" : "PixelRepresentation",
      "Type" : "String",
      "Value" : "0"
   },
   "0028,0301" : 
   {
      "Name" : "BurnedInAnnotation",
      "Type" : "String",
      "Value" : "NO"
   },
   "0028,2110" : 
   {
      "Name" : "LossyImageCompression",
      "Type" : "String",
      "Value" : "00"
   },
   "0029,0010" : 
   {
      "Name" : "PrivateCreator",
      "Type" : "String",
      "Value" : "SIEMENS MEDCOM HEADER"
   },
   "0029,1040" : 
   {
      "Name" : "ApplicationHeaderSequence",
      "Type" : "Sequence",
      "Value" : 
      [
         {
            "0029,0010" : 
            {
               "Name" : "PrivateCreator",
               "Type" : "String",
               "Value" : "SIEMENS MEDCOM HEADER"
            },
            "0029,1041" : 
            {
               "Name" : "ApplicationHeaderType",
               "PrivateCreator" : "SIEMENS MEDCOM HEADER",
               "Type" : "String",
               "Value" : "VIA_NO_VOLUME"
            },
            "0029,1042" : 
            {
               "Name" : "ApplicationHeaderID",
               "PrivateCreator" : "SIEMENS MEDCOM HEADER",
               "Type" : "String",
               "Value" : "NOT FOR VOLUME WORKFLOW"
            },
            "0029,1043" : 
            {
               "Name" : "ApplicationHeaderVersion",
               "PrivateCreator" : "SIEMENS MEDCOM HEADER",
               "Type" : "String",
               "Value" : "V1 20120620"
            }
         }
      ]
   },
   "0040,0244" : 
   {
      "Name" : "PerformedProcedureStepStartDate",
      "Type" : "String",
      "Value" : "20210113"
   },
   "0040,0245" : 
   {
      "Name" : "PerformedProcedureStepStartTime",
      "Type" : "String",
      "Value" : "130454.100000"
   },
   "0040,0253" : 
   {
      "Name" : "PerformedProcedureStepID",
      "Type" : "String",
      "Value" : "US62315422db4341"
   },
   "0040,0254" : 
   {
      "Name" : "PerformedProcedureStepDescription",
      "Type" : "String",
      "Value" : "Osteo_2021 Cheville"
   },
   "0040,0555" : 
   {
      "Name" : "AcquisitionContextSequence",
      "Type" : "Sequence",
      "Value" : []
   },
   "2050,0020" : 
   {
      "Name" : "PresentationLUTShape",
      "Type" : "String",
      "Value" : "IDENTITY"
   },
   "5200,9229" : 
   {
      "Name" : "SharedFunctionalGroupsSequence",
      "Type" : "Sequence",
      "Value" : 
      [
         {
            "0008,9124" : 
            {
               "Name" : "DerivationImageSequence",
               "Type" : "Sequence",
               "Value" : 
               [
                  {
                     "0008,2111" : 
                     {
                        "Name" : "DerivationDescription",
                        "Type" : "String",
                        "Value" : "Volume editing"
                     },
                     "0008,2112" : 
                     {
                        "Name" : "SourceImageSequence",
                        "Type" : "Sequence",
                        "Value" : 
                        [
                           {
                              "0008,1150" : 
                              {
                                 "Name" : "ReferencedSOPClassUID",
                                 "Type" : "String",
                                 "Value" : "1.2.840.10008.5.1.4.1.1.4.1"
                              },
                              "0008,1155" : 
                              {
                                 "Name" : "ReferencedSOPInstanceUID",
                                 "Type" : "String",
                                 "Value" : "1.3.12.2.1107.5.8.15.999999.30000021041121051996700000250"
                              },
                              "0040,a170" : 
                              {
                                 "Name" : "PurposeOfReferenceCodeSequence",
                                 "Type" : "Sequence",
                                 "Value" : 
                                 [
                                    {
                                       "0008,0100" : 
                                       {
                                          "Name" : "CodeValue",
                                          "Type" : "String",
                                          "Value" : "121322"
                                       },
                                       "0008,0102" : 
                                       {
                                          "Name" : "CodingSchemeDesignator",
                                          "Type" : "String",
                                          "Value" : "DCM"
                                       },
                                       "0008,0104" : 
                                       {
                                          "Name" : "CodeMeaning",
                                          "Type" : "String",
                                          "Value" : "Source image for image processing operation"
                                       }
                                    }
                                 ]
                              }
                           }
                        ]
                     },
                     "0008,9215" : 
                     {
                        "Name" : "DerivationCodeSequence",
                        "Type" : "Sequence",
                        "Value" : 
                        [
                           {
                              "0008,0100" : 
                              {
                                 "Name" : "CodeValue",
                                 "Type" : "String",
                                 "Value" : "113077"
                              },
                              "0008,0102" : 
                              {
                                 "Name" : "CodingSchemeDesignator",
                                 "Type" : "String",
                                 "Value" : "DCM"
                              },
                              "0008,0104" : 
                              {
                                 "Name" : "CodeMeaning",
                                 "Type" : "String",
                                 "Value" : "Volume editing"
                              }
                           }
                        ]
                     }
                  }
               ]
            },
            "0018,9006" : 
            {
               "Name" : "MRImagingModifierSequence",
               "Type" : "Sequence",
               "Value" : 
               [
                  {
                     "0018,0095" : 
                     {
                        "Name" : "PixelBandwidth",
                        "Type" : "String",
                        "Value" : "199"
                     },
                     "0018,9020" : 
                     {
                        "Name" : "MagnetizationTransfer",
                        "Type" : "String",
                        "Value" : "NONE"
                     },
                     "0018,9022" : 
                     {
                        "Name" : "BloodSignalNulling",
                        "Type" : "String",
                        "Value" : "NO"
                     },
                     "0018,9028" : 
                     {
                        "Name" : "Tagging",
                        "Type" : "String",
                        "Value" : "NONE"
                     },
                     "0018,9098" : 
                     {
                        "Name" : "TransmitterFrequency",
                        "Type" : "String",
                        "Value" : "63.652994999999997"
                     }
                  }
               ]
            },
            "0018,9042" : 
            {
               "Name" : "MRReceiveCoilSequence",
               "Type" : "Sequence",
               "Value" : 
               [
                  {
                     "0018,1250" : 
                     {
                        "Name" : "ReceiveCoilName",
                        "Type" : "String",
                        "Value" : "FootAnkle_16"
                     },
                     "0018,9041" : 
                     {
                        "Name" : "ReceiveCoilManufacturerName",
                        "Type" : "String",
                        "Value" : "NN"
                     },
                     "0018,9043" : 
                     {
                        "Name" : "ReceiveCoilType",
                        "Type" : "String",
                        "Value" : "MULTICOIL"
                     },
                     "0018,9044" : 
                     {
                        "Name" : "QuadratureReceiveCoil",
                        "Type" : "String",
                        "Value" : "NO"
                     },
                     "0018,9045" : 
                     {
                        "Name" : "MultiCoilDefinitionSequence",
                        "Type" : "Sequence",
                        "Value" : 
                        [
                           {
                              "0018,9047" : 
                              {
                                 "Name" : "MultiCoilElementName",
                                 "Type" : "String",
                                 "Value" : "FA7"
                              },
                              "0018,9048" : 
                              {
                                 "Name" : "MultiCoilElementUsed",
                                 "Type" : "String",
                                 "Value" : "YES"
                              }
                           },
                           {
                              "0018,9047" : 
                              {
                                 "Name" : "MultiCoilElementName",
                                 "Type" : "String",
                                 "Value" : "FA8"
                              },
                              "0018,9048" : 
                              {
                                 "Name" : "MultiCoilElementUsed",
                                 "Type" : "String",
                                 "Value" : "YES"
                              }
                           },
                           {
                              "0018,9047" : 
                              {
                                 "Name" : "MultiCoilElementName",
                                 "Type" : "String",
                                 "Value" : "FA15"
                              },
                              "0018,9048" : 
                              {
                                 "Name" : "MultiCoilElementUsed",
                                 "Type" : "String",
                                 "Value" : "YES"
                              }
                           },
                           {
                              "0018,9047" : 
                              {
                                 "Name" : "MultiCoilElementName",
                                 "Type" : "String",
                                 "Value" : "FA16"
                              },
                              "0018,9048" : 
                              {
                                 "Name" : "MultiCoilElementUsed",
                                 "Type" : "String",
                                 "Value" : "YES"
                              }
                           },
                           {
                              "0018,9047" : 
                              {
                                 "Name" : "MultiCoilElementName",
                                 "Type" : "String",
                                 "Value" : "FA1"
                              },
                              "0018,9048" : 
                              {
                                 "Name" : "MultiCoilElementUsed",
                                 "Type" : "String",
                                 "Value" : "YES"
                              }
                           },
                           {
                              "0018,9047" : 
                              {
                                 "Name" : "MultiCoilElementName",
                                 "Type" : "String",
                                 "Value" : "FA2"
                              },
                              "0018,9048" : 
                              {
                                 "Name" : "MultiCoilElementUsed",
                                 "Type" : "String",
                                 "Value" : "YES"
                              }
                           },
                           {
                              "0018,9047" : 
                              {
                                 "Name" : "MultiCoilElementName",
                                 "Type" : "String",
                                 "Value" : "FA3"
                              },
                              "0018,9048" : 
                              {
                                 "Name" : "MultiCoilElementUsed",
                                 "Type" : "String",
                                 "Value" : "YES"
                              }
                           },
                           {
                              "0018,9047" : 
                              {
                                 "Name" : "MultiCoilElementName",
                                 "Type" : "String",
                                 "Value" : "FA4"
                              },
                              "0018,9048" : 
                              {
                                 "Name" : "MultiCoilElementUsed",
                                 "Type" : "String",
                                 "Value" : "YES"
                              }
                           },
                           {
                              "0018,9047" : 
                              {
                                 "Name" : "MultiCoilElementName",
                                 "Type" : "String",
                                 "Value" : "FA5"
                              },
                              "0018,9048" : 
                              {
                                 "Name" : "MultiCoilElementUsed",
                                 "Type" : "String",
                                 "Value" : "YES"
                              }
                           },
                           {
                              "0018,9047" : 
                              {
                                 "Name" : "MultiCoilElementName",
                                 "Type" : "String",
                                 "Value" : "FA6"
                              },
                              "0018,9048" : 
                              {
                                 "Name" : "MultiCoilElementUsed",
                                 "Type" : "String",
                                 "Value" : "YES"
                              }
                           },
                           {
                              "0018,9047" : 
                              {
                                 "Name" : "MultiCoilElementName",
                                 "Type" : "String",
                                 "Value" : "FA9"
                              },
                              "0018,9048" : 
                              {
                                 "Name" : "MultiCoilElementUsed",
                                 "Type" : "String",
                                 "Value" : "YES"
                              }
                           },
                           {
                              "0018,9047" : 
                              {
                                 "Name" : "MultiCoilElementName",
                                 "Type" : "String",
                                 "Value" : "FA10"
                              },
                              "0018,9048" : 
                              {
                                 "Name" : "MultiCoilElementUsed",
                                 "Type" : "String",
                                 "Value" : "YES"
                              }
                           },
                           {
                              "0018,9047" : 
                              {
                                 "Name" : "MultiCoilElementName",
                                 "Type" : "String",
                                 "Value" : "FA11"
                              },
                              "0018,9048" : 
                              {
                                 "Name" : "MultiCoilElementUsed",
                                 "Type" : "String",
                                 "Value" : "YES"
                              }
                           },
                           {
                              "0018,9047" : 
                              {
                                 "Name" : "MultiCoilElementName",
                                 "Type" : "String",
                                 "Value" : "FA12"
                              },
                              "0018,9048" : 
                              {
                                 "Name" : "MultiCoilElementUsed",
                                 "Type" : "String",
                                 "Value" : "YES"
                              }
                           },
                           {
                              "0018,9047" : 
                              {
                                 "Name" : "MultiCoilElementName",
                                 "Type" : "String",
                                 "Value" : "FA13"
                              },
                              "0018,9048" : 
                              {
                                 "Name" : "MultiCoilElementUsed",
                                 "Type" : "String",
                                 "Value" : "YES"
                              }
                           },
                           {
                              "0018,9047" : 
                              {
                                 "Name" : "MultiCoilElementName",
                                 "Type" : "String",
                                 "Value" : "FA14"
                              },
                              "0018,9048" : 
                              {
                                 "Name" : "MultiCoilElementUsed",
                                 "Type" : "String",
                                 "Value" : "YES"
                              }
                           }
                        ]
                     }
                  }
               ]
            },
            "0018,9049" : 
            {
               "Name" : "MRTransmitCoilSequence",
               "Type" : "Sequence",
               "Value" : 
               [
                  {
                     "0018,1251" : 
                     {
                        "Name" : "TransmitCoilName",
                        "Type" : "String",
                        "Value" : "Body"
                     },
                     "0018,9050" : 
                     {
                        "Name" : "TransmitCoilManufacturerName",
                        "Type" : "String",
                        "Value" : "Siemens"
                     },
                     "0018,9051" : 
                     {
                        "Name" : "TransmitCoilType",
                        "Type" : "String",
                        "Value" : "BODY"
                     }
                  }
               ]
            },
            "0018,9112" : 
            {
               "Name" : "MRTimingAndRelatedParametersSequence",
               "Type" : "Sequence",
               "Value" : 
               [
                  {
                     "0018,0080" : 
                     {
                        "Name" : "RepetitionTime",
                        "Type" : "String",
                        "Value" : "564"
                     },
                     "0018,0091" : 
                     {
                        "Name" : "EchoTrainLength",
                        "Type" : "String",
                        "Value" : "3"
                     },
                     "0018,1314" : 
                     {
                        "Name" : "FlipAngle",
                        "Type" : "String",
                        "Value" : "130"
                     },
                     "0018,9176" : 
                     {
                        "Name" : "OperatingModeSequence",
                        "Type" : "Sequence",
                        "Value" : 
                        [
                           {
                              "0018,9177" : 
                              {
                                 "Name" : "OperatingModeType",
                                 "Type" : "String",
                                 "Value" : "GRADIENT"
                              },
                              "0018,9178" : 
                              {
                                 "Name" : "OperatingMode",
                                 "Type" : "String",
                                 "Value" : "IEC_NORMAL"
                              }
                           },
                           {
                              "0018,9177" : 
                              {
                                 "Name" : "OperatingModeType",
                                 "Type" : "String",
                                 "Value" : "RF"
                              },
                              "0018,9178" : 
                              {
                                 "Name" : "OperatingMode",
                                 "Type" : "String",
                                 "Value" : "IEC_NORMAL"
                              }
                           }
                        ]
                     },
                     "0018,9180" : 
                     {
                        "Name" : "GradientOutputType",
                        "Type" : "String",
                        "Value" : "PER_NERVE_STIM"
                     },
                     "0018,9182" : 
                     {
                        "Name" : "GradientOutput",
                        "Type" : "String",
                        "Value" : "0.3246288001537323"
                     },
                     "0018,9239" : 
                     {
                        "Name" : "SpecificAbsorptionRateSequence",
                        "Type" : "Sequence",
                        "Value" : 
                        [
                           {
                              "0018,9179" : 
                              {
                                 "Name" : "SpecificAbsorptionRateDefinition",
                                 "Type" : "String",
                                 "Value" : "IEC_WHOLE_BODY"
                              },
                              "0018,9181" : 
                              {
                                 "Name" : "SpecificAbsorptionRateValue",
                                 "Type" : "String",
                                 "Value" : "1.5916881691134983"
                              }
                           },
                           {
                              "0018,9179" : 
                              {
                                 "Name" : "SpecificAbsorptionRateDefinition",
                                 "Type" : "String",
                                 "Value" : "IEC_PARTIAL_BODY"
                              },
                              "0018,9181" : 
                              {
                                 "Name" : "SpecificAbsorptionRateValue",
                                 "Type" : "String",
                                 "Value" : "2.6107261229959291"
                              }
                           },
                           {
                              "0018,9179" : 
                              {
                                 "Name" : "SpecificAbsorptionRateDefinition",
                                 "Type" : "String",
                                 "Value" : "IEC_HEAD"
                              },
                              "0018,9181" : 
                              {
                                 "Name" : "SpecificAbsorptionRateValue",
                                 "Type" : "String",
                                 "Value" : "2.4306456628119957"
                              }
                           },
                           {
                              "0018,9179" : 
                              {
                                 "Name" : "SpecificAbsorptionRateDefinition",
                                 "Type" : "String",
                                 "Value" : "IEC_LOCAL"
                              },
                              "0018,9181" : 
                              {
                                 "Name" : "SpecificAbsorptionRateValue",
                                 "Type" : "String",
                                 "Value" : "1.5916881691134983"
                              }
                           },
                           {
                              "0018,9179" : 
                              {
                                 "Name" : "SpecificAbsorptionRateDefinition",
                                 "Type" : "String",
                                 "Value" : "SMR_B1RMS"
                              },
                              "0018,9181" : 
                              {
                                 "Name" : "SpecificAbsorptionRateValue",
                                 "Type" : "String",
                                 "Value" : "3.5252786073508013"
                              }
                           },
                           {
                              "0018,9179" : 
                              {
                                 "Name" : "SpecificAbsorptionRateDefinition",
                                 "Type" : "String",
                                 "Value" : "SMR_BORELOCAL"
                              },
                              "0018,9181" : 
                              {
                                 "Name" : "SpecificAbsorptionRateValue",
                                 "Type" : "String",
                                 "Value" : "10.679261938589498"
                              }
                           }
                        ]
                     },
                     "0018,9240" : 
                     {
                        "Name" : "RFEchoTrainLength",
                        "Type" : "String",
                        "Value" : "3"
                     },
                     "0018,9241" : 
                     {
                        "Name" : "GradientEchoTrainLength",
                        "Type" : "String",
                        "Value" : "0"
                     }
                  }
               ]
            },
            "0018,9115" : 
            {
               "Name" : "MRModifierSequence",
               "Type" : "Sequence",
               "Value" : 
               [
                  {
                     "0018,9009" : 
                     {
                        "Name" : "InversionRecovery",
                        "Type" : "String",
                        "Value" : "NO"
                     },
                     "0018,9010" : 
                     {
                        "Name" : "FlowCompensation",
                        "Type" : "String",
                        "Value" : "NONE"
                     },
                     "0018,9021" : 
                     {
                        "Name" : "T2Preparation",
                        "Type" : "String",
                        "Value" : "NO"
                     },
                     "0018,9026" : 
                     {
                        "Name" : "SpectrallySelectedExcitation",
                        "Type" : "String",
                        "Value" : "NONE"
                     },
                     "0018,9027" : 
                     {
                        "Name" : "SpatialPresaturation",
                        "Type" : "String",
                        "Value" : "SLAB"
                     },
                     "0018,9069" : 
                     {
                        "Name" : "ParallelReductionFactorInPlane",
                        "Type" : "String",
                        "Value" : "2"
                     },
                     "0018,9077" : 
                     {
                        "Name" : "ParallelAcquisition",
                        "Type" : "String",
                        "Value" : "YES"
                     },
                     "0018,9078" : 
                     {
                        "Name" : "ParallelAcquisitionTechnique",
                        "Type" : "String",
                        "Value" : "GRAPPA"
                     },
                     "0018,9081" : 
                     {
                        "Name" : "PartialFourier",
                        "Type" : "String",
                        "Value" : "NO"
                     },
                     "0018,9155" : 
                     {
                        "Name" : "ParallelReductionFactorOutOfPlane",
                        "Type" : "String",
                        "Value" : "1"
                     }
                  }
               ]
            },
            "0018,9226" : 
            {
               "Name" : "MRImageFrameTypeSequence",
               "Type" : "Sequence",
               "Value" : 
               [
                  {
                     "0008,9007" : 
                     {
                        "Name" : "FrameType",
                        "Type" : "String",
                        "Value" : "DERIVED\\PRIMARY\\M\\NONE"
                     },
                     "0008,9205" : 
                     {
                        "Name" : "PixelPresentation",
                        "Type" : "String",
                        "Value" : "MONOCHROME"
                     },
                     "0008,9206" : 
                     {
                        "Name" : "VolumetricProperties",
                        "Type" : "String",
                        "Value" : "VOLUME"
                     },
                     "0008,9207" : 
                     {
                        "Name" : "VolumeBasedCalculationTechnique",
                        "Type" : "String",
                        "Value" : "NONE"
                     },
                     "0008,9208" : 
                     {
                        "Name" : "ComplexImageComponent",
                        "Type" : "String",
                        "Value" : "MAGNITUDE"
                     },
                     "0008,9209" : 
                     {
                        "Name" : "AcquisitionContrast",
                        "Type" : "String",
                        "Value" : "UNKNOWN"
                     }
                  }
               ]
            },
            "0020,9071" : 
            {
               "Name" : "FrameAnatomySequence",
               "Type" : "Sequence",
               "Value" : 
               [
                  {
                     "0008,2218" : 
                     {
                        "Name" : "AnatomicRegionSequence",
                        "Type" : "Sequence",
                        "Value" : 
                        [
                           {
                              "0008,0100" : 
                              {
                                 "Name" : "CodeValue",
                                 "Type" : "String",
                                 "Value" : "T-15750"
                              },
                              "0008,0102" : 
                              {
                                 "Name" : "CodingSchemeDesignator",
                                 "Type" : "String",
                                 "Value" : "SRT"
                              },
                              "0008,0104" : 
                              {
                                 "Name" : "CodeMeaning",
                                 "Type" : "String",
                                 "Value" : "Ankle joint"
                              }
                           }
                        ]
                     },
                     "0020,9072" : 
                     {
                        "Name" : "FrameLaterality",
                        "Type" : "String",
                        "Value" : "R"
                     }
                  }
               ]
            },
            "0028,9110" : 
            {
               "Name" : "PixelMeasuresSequence",
               "Type" : "Sequence",
               "Value" : 
               [
                  {
                     "0018,0050" : 
                     {
                        "Name" : "SliceThickness",
                        "Type" : "String",
                        "Value" : "3"
                     },
                     "0018,0088" : 
                     {
                        "Name" : "SpacingBetweenSlices",
                        "Type" : "String",
                        "Value" : "3.6"
                     },
                     "0028,0030" : 
                     {
                        "Name" : "PixelSpacing",
                        "Type" : "String",
                        "Value" : "3.3203099E-001\\3.3203099E-001"
                     }
                  }
               ]
            },
            "0028,9145" : 
            {
               "Name" : "PixelValueTransformationSequence",
               "Type" : "Sequence",
               "Value" : 
               [
                  {
                     "0028,1052" : 
                     {
                        "Name" : "RescaleIntercept",
                        "Type" : "String",
                        "Value" : "0"
                     },
                     "0028,1053" : 
                     {
                        "Name" : "RescaleSlope",
                        "Type" : "String",
                        "Value" : "1"
                     },
                     "0028,1054" : 
                     {
                        "Name" : "RescaleType",
                        "Type" : "String",
                        "Value" : "US"
                     }
                  }
               ]
            }
         }
      ]
   },
   "5200,9230" : 
   {
      "Name" : "PerFrameFunctionalGroupsSequence",
      "Type" : "Sequence",
      "Value" : 
      [
         {
            "0018,9114" : 
            {
               "Name" : "MREchoSequence",
               "Type" : "Sequence",
               "Value" : 
               [
                  {
                     "0018,9082" : 
                     {
                        "Name" : "EffectiveEchoTime",
                        "Type" : "String",
                        "Value" : "10"
                     }
                  }
               ]
            },
            "0018,9119" : 
            {
               "Name" : "MRAveragesSequence",
               "Type" : "Sequence",
               "Value" : 
               [
                  {
                     "0018,0083" : 
                     {
                        "Name" : "NumberOfAverages",
                        "Type" : "String",
                        "Value" : "2"
                     }
                  }
               ]
            },
            "0018,9226" : 
            {
               "Name" : "MRImageFrameTypeSequence",
               "Type" : "Sequence",
               "Value" : 
               [
                  {
                     "0008,9007" : 
                     {
                        "Name" : "FrameType",
                        "Type" : "String",
                        "Value" : "ORIGINAL\\PRIMARY\\M\\NONE"
                     },
                     "0008,9206" : 
                     {
                        "Name" : "VolumetricProperties",
                        "Type" : "String",
                        "Value" : "VOLUME"
                     },
                     "0021,0010" : 
                     {
                        "Name" : "PrivateCreator",
                        "Type" : "String",
                        "Value" : "SIEMENS MR SDI 02"
                     },
                     "0021,1059" : 
                     {
                        "Name" : "Unknown Tag & Data",
                        "PrivateCreator" : "SIEMENS MR SDI 02",
                        "Type" : "String",
                        "Value" : "0\\0\\29"
                     },
                     "0021,1078" : 
                     {
                        "Name" : "Unknown Tag & Data",
                        "PrivateCreator" : "SIEMENS MR SDI 02",
                        "Type" : "String",
                        "Value" : "DIS2D"
                     },
                     "0021,1079" : 
                     {
                        "Name" : "Unknown Tag & Data",
                        "PrivateCreator" : "SIEMENS MR SDI 02",
                        "Type" : "String",
                        "Value" : "DIS2D"
                     }
                  }
               ]
            },
            "0020,9111" : 
            {
               "Name" : "FrameContentSequence",
               "Type" : "Sequence",
               "Value" : 
               [
                  {
                     "0018,9220" : 
                     {
                        "Name" : "FrameAcquisitionDuration",
                        "Type" : "String",
                        "Value" : "80672.5"
                     },
                     "0020,9056" : 
                     {
                        "Name" : "StackID",
                        "Type" : "String",
                        "Value" : "1"
                     },
                     "0020,9057" : 
                     {
                        "Name" : "InStackPositionNumber",
                        "Type" : "String",
                        "Value" : "1"
                     },
                     "0020,9128" : 
                     {
                        "Name" : "TemporalPositionIndex",
                        "Type" : "String",
                        "Value" : "1"
                     },
                     "0020,9157" : 
                     {
                        "Name" : "DimensionIndexValues",
                        "Type" : "String",
                        "Value" : "1\\1\\1"
                     }
                  }
               ]
            },
            "0020,9113" : 
            {
               "Name" : "PlanePositionSequence",
               "Type" : "Sequence",
               "Value" : 
               [
                  {
                     "0020,0032" : 
                     {
                        "Name" : "ImagePositionPatient",
                        "Type" : "String",
                        "Value" : "-4.9341005E+001\\-9.5503758E+001\\1.1359271E+002"
                     }
                  }
               ]
            },
            "0020,9116" : 
            {
               "Name" : "PlaneOrientationSequence",
               "Type" : "Sequence",
               "Value" : 
               [
                  {
                     "0020,0037" : 
                     {
                        "Name" : "ImageOrientationPatient",
                        "Type" : "String",
                        "Value" : "6.7685978E-002\\9.9770667E-001\\-6.9662291E-008\\-2.9987099E-007\\-4.9478586E-008\\-1.0000000E+000"
                     }
                  }
               ]
            },
            "0021,0010" : 
            {
               "Name" : "PrivateCreator",
               "Type" : "String",
               "Value" : "SIEMENS MR SDI 02"
            },
            "0021,10fe" : 
            {
               "Name" : "Unknown Tag & Data",
               "Type" : "Sequence",
               "Value" : 
               [
                  {}
               ]
            },
            "0028,9132" : 
            {
               "Name" : "FrameVOILUTSequence",
               "Type" : "Sequence",
               "Value" : 
               [
                  {
                     "0028,1050" : 
                     {
                        "Name" : "WindowCenter",
                        "Type" : "String",
                        "Value" : "585"
                     },
                     "0028,1051" : 
                     {
                        "Name" : "WindowWidth",
                        "Type" : "String",
                        "Value" : "1151"
                     }
                  }
               ]
            }
         }
      ]
   },
   "7fe0,0010" : 
   {
      "Name" : "PixelData",
      "Type" : "Null",
      "Value" : null
   }
}
2025-05-07 02:12:01 - Commande dcmdump exécutée: dcmdump -q +P 0020,000D ""C:\xampp\tmp\phpBE11.tmp"" 2>&1
2025-05-07 02:12:01 - Sortie de dcmdump: 
2025-05-07 02:12:01 - Code de retour de dcmdump: 1
2025-05-07 02:12:01 - Échec de récupération du StudyInstanceUID via tags et dcmdump, UID synthétique généré: 1.2.3.4.5.1746576721.2526
2025-05-07 02:12:01 - Détails de l'instance: {
    "FileSize": 531298,
    "FileUuid": "97006cdd-3b8c-4452-bc9d-f52613cba9fd",
    "ID": "e07efef8-4eba99da-e58dbc40-0173c1da-e2535081",
    "IndexInSeries": 1,
    "Labels": [],
    "MainDicomTags": {
        "AcquisitionNumber": "1",
        "InstanceCreationDate": "20210411",
        "InstanceCreationTime": "213019.104784",
        "InstanceNumber": "1",
        "NumberOfFrames": "1",
        "SOPInstanceUID": "1.3.12.2.1107.5.8.15.999999.30000021041121051996700000250"
    },
    "ParentSeries": "11b7c563-ae504ced-e95ed300-7176b3e8-74f7e2f5",
    "Type": "Instance"
}
2025-05-07 02:12:01 - Instance DICOM stockée avec patient_id=2, orthanc_instance_id=e07efef8-4eba99da-e58dbc40-0173c1da-e2535081
2025-05-07 02:12:02 - Instance ID personnalisé appliqué: PATIENT-2-20250507001200
2025-05-07 02:20:08 - Début de la requête proxy-orthanc
2025-05-07 02:20:08 - URL Orthanc: http://localhost:8042/instances
2025-05-07 02:20:08 - Méthode HTTP: POST
2025-05-07 02:20:08 - $_FILES: {"file":{"name":"Altea_t1_sag_tse_DR_77233508.dcm","full_path":"Altea_t1_sag_tse_DR_77233508.dcm","type":"application\/octet-stream","tmp_name":"C:\\xampp\\tmp\\php31BA.tmp","error":0,"size":531298}}
2025-05-07 02:20:08 - $_POST: {"patient_id":"2","instance_id":"PATIENT-2-20250507002008"}
2025-05-07 02:20:08 - Patient ID: 2, Instance ID personnalisé: PATIENT-2-20250507002008, Fichier temporaire: C:\xampp\tmp\php31BA.tmp
2025-05-07 02:20:09 - ID Orthanc attribué: e07efef8-4eba99da-e58dbc40-0173c1da-e2535081
2025-05-07 02:20:09 - Requête des métadonnées via URL: http://localhost:8042/instances/e07efef8-4eba99da-e58dbc40-0173c1da-e2535081
2025-05-07 02:20:09 - Erreur: Métadonnées invalides ou StudyInstanceUID manquant: {
   "FileSize" : 531298,
   "FileUuid" : "ad81c382-1511-499a-a598-954bc5823213",
   "ID" : "e07efef8-4eba99da-e58dbc40-0173c1da-e2535081",
   "IndexInSeries" : 1,
   "Labels" : [],
   "MainDicomTags" : 
   {
      "AcquisitionNumber" : "1",
      "InstanceCreationDate" : "20210411",
      "InstanceCreationTime" : "213019.104784",
      "InstanceNumber" : "1",
      "NumberOfFrames" : "1",
      "SOPInstanceUID" : "1.3.12.2.1107.5.8.15.999999.30000021041121051996700000250"
   },
   "ParentSeries" : "11b7c563-ae504ced-e95ed300-7176b3e8-74f7e2f5",
   "Type" : "Instance"
}
2025-05-07 02:20:09 - Commande dcmdump exécutée: dcmdump -q +P 0020,000D ""C:\xampp\tmp\php31BA.tmp"" 2>&1
2025-05-07 02:20:09 - Sortie de dcmdump: 
2025-05-07 02:20:09 - Code de retour de dcmdump: 1
2025-05-07 02:20:09 - Échec de récupération du StudyInstanceUID via métadonnées et dcmdump, UID synthétique généré: 1.2.3.4.5.1746577209.7033
2025-05-07 02:20:09 - Détails de l'instance: {
    "FileSize": 531298,
    "FileUuid": "ad81c382-1511-499a-a598-954bc5823213",
    "ID": "e07efef8-4eba99da-e58dbc40-0173c1da-e2535081",
    "IndexInSeries": 1,
    "Labels": [],
    "MainDicomTags": {
        "AcquisitionNumber": "1",
        "InstanceCreationDate": "20210411",
        "InstanceCreationTime": "213019.104784",
        "InstanceNumber": "1",
        "NumberOfFrames": "1",
        "SOPInstanceUID": "1.3.12.2.1107.5.8.15.999999.30000021041121051996700000250"
    },
    "ParentSeries": "11b7c563-ae504ced-e95ed300-7176b3e8-74f7e2f5",
    "Type": "Instance"
}
2025-05-07 02:20:10 - Instance DICOM stockée avec patient_id=2, orthanc_instance_id=e07efef8-4eba99da-e58dbc40-0173c1da-e2535081
2025-05-07 02:20:10 - Instance ID personnalisé appliqué: PATIENT-2-20250507002008
2025-05-07 02:33:08 - Début de la requête proxy-orthanc
2025-05-07 02:33:08 - URL Orthanc: http://localhost:8042/instances
2025-05-07 02:33:08 - Méthode HTTP: POST
2025-05-07 02:33:08 - $_FILES: {"file":{"name":"Altea_t1_sag_tse_DR_77233508.dcm","full_path":"Altea_t1_sag_tse_DR_77233508.dcm","type":"application\/octet-stream","tmp_name":"C:\\xampp\\tmp\\php1995.tmp","error":0,"size":531298}}
2025-05-07 02:33:08 - $_POST: {"patient_id":"1","instance_id":"PATIENT-1-20250507003308"}
2025-05-07 02:33:08 - Patient ID: 1, Instance ID personnalisé: PATIENT-1-20250507003308, Fichier temporaire: C:\xampp\tmp\php1995.tmp
2025-05-07 02:33:09 - ID Orthanc attribué: e07efef8-4eba99da-e58dbc40-0173c1da-e2535081
2025-05-07 02:33:09 - Requête des tags DICOM via URL: http://localhost:8042/instances/e07efef8-4eba99da-e58dbc40-0173c1da-e2535081/tags
2025-05-07 02:33:09 - Erreur: Réponse des tags invalide ou StudyInstanceUID manquant: {
   "0008,0005" : 
   {
      "Name" : "SpecificCharacterSet",
      "Type" : "String",
      "Value" : "ISO_IR 100"
   },
   "0008,0008" : 
   {
      "Name" : "ImageType",
      "Type" : "String",
      "Value" : "DERIVED\\PRIMARY\\M\\NONE"
   },
   "0008,0012" : 
   {
      "Name" : "InstanceCreationDate",
      "Type" : "String",
      "Value" : "20210411"
   },
   "0008,0013" : 
   {
      "Name" : "InstanceCreationTime",
      "Type" : "String",
      "Value" : "213019.104784"
   },
   "0008,0016" : 
   {
      "Name" : "SOPClassUID",
      "Type" : "String",
      "Value" : "1.2.840.10008.5.1.4.1.1.4.1"
   },
   "0008,0018" : 
   {
      "Name" : "SOPInstanceUID",
      "Type" : "String",
      "Value" : "1.3.12.2.1107.5.8.15.999999.30000021041121051996700000250"
   },
   "0008,001b" : 
   {
      "Name" : "OriginalSpecializedSOPClassUID",
      "Type" : "String",
      "Value" : "1.2.840.10008.5.1.4.1.1.4.1"
   },
   "0008,0020" : 
   {
      "Name" : "StudyDate",
      "Type" : "String",
      "Value" : "20210113"
   },
   "0008,0021" : 
   {
      "Name" : "SeriesDate",
      "Type" : "String",
      "Value" : "20210411"
   },
   "0008,0022" : 
   {
      "Name" : "AcquisitionDate",
      "Type" : "String",
      "Value" : ""
   },
   "0008,0023" : 
   {
      "Name" : "ContentDate",
      "Type" : "String",
      "Value" : "20210113"
   },
   "0008,002a" : 
   {
      "Name" : "AcquisitionDateTime",
      "Type" : "String",
      "Value" : "20210113131448.415000"
   },
   "0008,0030" : 
   {
      "Name" : "StudyTime",
      "Type" : "String",
      "Value" : "130454.100000"
   },
   "0008,0031" : 
   {
      "Name" : "SeriesTime",
      "Type" : "String",
      "Value" : "213018.573513"
   },
   "0008,0032" : 
   {
      "Name" : "AcquisitionTime",
      "Type" : "String",
      "Value" : ""
   },
   "0008,0033" : 
   {
      "Name" : "ContentTime",
      "Type" : "String",
      "Value" : "131733.081000"
   },
   "0008,0050" : 
   {
      "Name" : "AccessionNumber",
      "Type" : "String",
      "Value" : ""
   },
   "0008,0060" : 
   {
      "Name" : "Modality",
      "Type" : "String",
      "Value" : "MR"
   },
   "0008,0070" : 
   {
      "Name" : "Manufacturer",
      "Type" : "String",
      "Value" : "Siemens Healthineers"
   },
   "0008,0080" : 
   {
      "Name" : "InstitutionName",
      "Type" : "String",
      "Value" : ""
   },
   "0008,0081" : 
   {
      "Name" : "InstitutionAddress",
      "Type" : "String",
      "Value" : " ,,,DE,"
   },
   "0008,0090" : 
   {
      "Name" : "ReferringPhysicianName",
      "Type" : "String",
      "Value" : ""
   },
   "0008,1010" : 
   {
      "Name" : "StationName",
      "Type" : "String",
      "Value" : "MR-T10-MRC19-04"
   },
   "0008,1030" : 
   {
      "Name" : "StudyDescription",
      "Type" : "String",
      "Value" : "Osteo_2021 Cheville"
   },
   "0008,103e" : 
   {
      "Name" : "SeriesDescription",
      "Type" : "String",
      "Value" : "Exported MR Basic Reading"
   },
   "0008,1090" : 
   {
      "Name" : "ManufacturerModelName",
      "Type" : "String",
      "Value" : "MAGNETOM Altea"
   },
   "0008,1111" : 
   {
      "Name" : "ReferencedPerformedProcedureStepSequence",
      "Type" : "Sequence",
      "Value" : 
      [
         {
            "0008,1150" : 
            {
               "Name" : "ReferencedSOPClassUID",
               "Type" : "String",
               "Value" : "1.2.840.10008.3.1.2.3.3"
            },
            "0008,1155" : 
            {
               "Name" : "ReferencedSOPInstanceUID",
               "Type" : "String",
               "Value" : "1.3.12.2.1107.5.2.53.189501.30000021011309045077000000006"
            }
         }
      ]
   },
   "0008,2111" : 
   {
      "Name" : "DerivationDescription",
      "Type" : "String",
      "Value" : "Secondary Capture"
   },
   "0008,9154" : 
   {
      "Name" : "SourceImageEvidenceSequence",
      "Type" : "Sequence",
      "Value" : 
      [
         {
            "0008,1115" : 
            {
               "Name" : "ReferencedSeriesSequence",
               "Type" : "Sequence",
               "Value" : 
               [
                  {
                     "0008,1199" : 
                     {
                        "Name" : "ReferencedSOPSequence",
                        "Type" : "Sequence",
                        "Value" : 
                        [
                           {
                              "0008,1150" : 
                              {
                                 "Name" : "ReferencedSOPClassUID",
                                 "Type" : "String",
                                 "Value" : "1.2.840.10008.5.1.4.1.1.4.1"
                              },
                              "0008,1155" : 
                              {
                                 "Name" : "ReferencedSOPInstanceUID",
                                 "Type" : "String",
                                 "Value" : "1.3.12.2.1107.5.2.53.189501.2021011313173267021208599"
                              }
                           }
                        ]
                     },
                     "0020,000e" : 
                     {
                        "Name" : "SeriesInstanceUID",
                        "Type" : "String",
                        "Value" : "1.3.12.2.1107.5.2.53.189501.2021011313173239609808598.0.0.0"
                     }
                  }
               ]
            },
            "0020,000d" : 
            {
               "Name" : "StudyInstanceUID",
               "Type" : "String",
               "Value" : "1.3.12.2.1107.5.2.53.189501.30000021011309045077000000005"
            }
         }
      ]
   },
   "0008,9205" : 
   {
      "Name" : "PixelPresentation",
      "Type" : "String",
      "Value" : "MONOCHROME"
   },
   "0008,9206" : 
   {
      "Name" : "VolumetricProperties",
      "Type" : "String",
      "Value" : "VOLUME"
   },
   "0008,9207" : 
   {
      "Name" : "VolumeBasedCalculationTechnique",
      "Type" : "String",
      "Value" : "NONE"
   },
   "0008,9208" : 
   {
      "Name" : "ComplexImageComponent",
      "Type" : "String",
      "Value" : "MAGNITUDE"
   },
   "0008,9209" : 
   {
      "Name" : "AcquisitionContrast",
      "Type" : "String",
      "Value" : "UNKNOWN"
   },
   "0008,9215" : 
   {
      "Name" : "DerivationCodeSequence",
      "Type" : "Sequence",
      "Value" : 
      [
         {
            "0008,0100" : 
            {
               "Name" : "CodeValue",
               "Type" : "String",
               "Value" : "113074"
            },
            "0008,0102" : 
            {
               "Name" : "CodingSchemeDesignator",
               "Type" : "String",
               "Value" : "DCM"
            },
            "0008,0103" : 
            {
               "Name" : "CodingSchemeVersion",
               "Type" : "String",
               "Value" : "1.0"
            },
            "0008,0104" : 
            {
               "Name" : "CodeMeaning",
               "Type" : "String",
               "Value" : "Volume rendering"
            }
         }
      ]
   },
   "0010,0010" : 
   {
      "Name" : "PatientName",
      "Type" : "String",
      "Value" : "DeepResolve_Altea2"
   },
   "0010,0020" : 
   {
      "Name" : "PatientID",
      "Type" : "String",
      "Value" : "2021.01.13-13:04:52-STD-1.3.12.2.1107.5.99.3"
   },
   "0010,0021" : 
   {
      "Name" : "IssuerOfPatientID",
      "Type" : "String",
      "Value" : ""
   },
   "0010,0030" : 
   {
      "Name" : "PatientBirthDate",
      "Type" : "String",
      "Value" : "19960205"
   },
   "0010,0040" : 
   {
      "Name" : "PatientSex",
      "Type" : "String",
      "Value" : "M"
   },
   "0010,1010" : 
   {
      "Name" : "PatientAge",
      "Type" : "String",
      "Value" : "024Y"
   },
   "0010,1020" : 
   {
      "Name" : "PatientSize",
      "Type" : "String",
      "Value" : "1.72"
   },
   "0010,1030" : 
   {
      "Name" : "PatientWeight",
      "Type" : "String",
      "Value" : "70"
   },
   "0010,2000" : 
   {
      "Name" : "MedicalAlerts",
      "Type" : "String",
      "Value" : ""
   },
   "0010,2110" : 
   {
      "Name" : "Allergies",
      "Type" : "String",
      "Value" : ""
   },
   "0012,0062" : 
   {
      "Name" : "PatientIdentityRemoved",
      "Type" : "String",
      "Value" : "NO"
   },
   "0018,0020" : 
   {
      "Name" : "ScanningSequence",
      "Type" : "String",
      "Value" : "SE"
   },
   "0018,0021" : 
   {
      "Name" : "SequenceVariant",
      "Type" : "String",
      "Value" : "SS\\SK"
   },
   "0018,0022" : 
   {
      "Name" : "ScanOptions",
      "Type" : "String",
      "Value" : "SP"
   },
   "0018,0023" : 
   {
      "Name" : "MRAcquisitionType",
      "Type" : "String",
      "Value" : "2D"
   },
   "0018,0081" : 
   {
      "Name" : "EchoTime",
      "Type" : "String",
      "Value" : "10"
   },
   "0018,0087" : 
   {
      "Name" : "MagneticFieldStrength",
      "Type" : "String",
      "Value" : "1.5"
   },
   "0018,0091" : 
   {
      "Name" : "EchoTrainLength",
      "Type" : "String",
      "Value" : ""
   },
   "0018,1000" : 
   {
      "Name" : "DeviceSerialNumber",
      "Type" : "String",
      "Value" : "999999"
   },
   "0018,1020" : 
   {
      "Name" : "SoftwareVersions",
      "Type" : "String",
      "Value" : "syngo MR XA31\\syngo.via VB50B"
   },
   "0018,1030" : 
   {
      "Name" : "ProtocolName",
      "Type" : "String",
      "Value" : "t1_sag_tse REF"
   },
   "0018,5100" : 
   {
      "Name" : "PatientPosition",
      "Type" : "String",
      "Value" : "FFS"
   },
   "0018,9004" : 
   {
      "Name" : "ContentQualification",
      "Type" : "String",
      "Value" : "PRODUCT"
   },
   "0018,9005" : 
   {
      "Name" : "PulseSequenceName",
      "Type" : "String",
      "Value" : "*tse2d1_3"
   },
   "0018,9008" : 
   {
      "Name" : "EchoPulseSequence",
      "Type" : "String",
      "Value" : "SPIN"
   },
   "0018,9011" : 
   {
      "Name" : "MultipleSpinEcho",
      "Type" : "String",
      "Value" : "YES"
   },
   "0018,9012" : 
   {
      "Name" : "MultiPlanarExcitation",
      "Type" : "String",
      "Value" : "NO"
   },
   "0018,9014" : 
   {
      "Name" : "PhaseContrast",
      "Type" : "String",
      "Value" : "NO"
   },
   "0018,9015" : 
   {
      "Name" : "TimeOfFlightContrast",
      "Type" : "String",
      "Value" : "NO"
   },
   "0018,9017" : 
   {
      "Name" : "SteadyStatePulseSequence",
      "Type" : "String",
      "Value" : "NONE"
   },
   "0018,9018" : 
   {
      "Name" : "EchoPlanarPulseSequence",
      "Type" : "String",
      "Value" : "NO"
   },
   "0018,9024" : 
   {
      "Name" : "SaturationRecovery",
      "Type" : "String",
      "Value" : "NO"
   },
   "0018,9025" : 
   {
      "Name" : "SpectrallySelectedSuppression",
      "Type" : "String",
      "Value" : "NONE"
   },
   "0018,9029" : 
   {
      "Name" : "OversamplingPhase",
      "Type" : "String",
      "Value" : "NONE"
   },
   "0018,9032" : 
   {
      "Name" : "GeometryOfKSpaceTraversal",
      "Type" : "String",
      "Value" : "RECTILINEAR"
   },
   "0018,9033" : 
   {
      "Name" : "SegmentedKSpaceTraversal",
      "Type" : "String",
      "Value" : "PARTIAL"
   },
   "0018,9034" : 
   {
      "Name" : "RectilinearPhaseEncodeReordering",
      "Type" : "String",
      "Value" : "LINEAR"
   },
   "0018,9064" : 
   {
      "Name" : "KSpaceFiltering",
      "Type" : "String",
      "Value" : "NONE"
   },
   "0018,9073" : 
   {
      "Name" : "AcquisitionDuration",
      "Type" : "String",
      "Value" : "162.959"
   },
   "0018,9093" : 
   {
      "Name" : "NumberOfKSpaceTrajectories",
      "Type" : "String",
      "Value" : "36"
   },
   "0018,9100" : 
   {
      "Name" : "ResonantNucleus",
      "Type" : "String",
      "Value" : "1H"
   },
   "0018,9174" : 
   {
      "Name" : "ApplicableSafetyStandardAgency",
      "Type" : "String",
      "Value" : "IEC"
   },
   "0018,a001" : 
   {
      "Name" : "ContributingEquipmentSequence",
      "Type" : "Sequence",
      "Value" : 
      [
         {
            "0008,0070" : 
            {
               "Name" : "Manufacturer",
               "Type" : "String",
               "Value" : "Siemens Healthineers"
            },
            "0008,0080" : 
            {
               "Name" : "InstitutionName",
               "Type" : "String",
               "Value" : ""
            },
            "0008,0081" : 
            {
               "Name" : "InstitutionAddress",
               "Type" : "String",
               "Value" : " ,,,DE,"
            },
            "0008,1010" : 
            {
               "Name" : "StationName",
               "Type" : "String",
               "Value" : "MR-T10-MRC19-04"
            },
            "0008,1090" : 
            {
               "Name" : "ManufacturerModelName",
               "Type" : "String",
               "Value" : "MAGNETOM Altea"
            },
            "0018,1000" : 
            {
               "Name" : "DeviceSerialNumber",
               "Type" : "String",
               "Value" : "189501"
            },
            "0018,1020" : 
            {
               "Name" : "SoftwareVersions",
               "Type" : "String",
               "Value" : "syngo MR XA31"
            },
            "0040,a170" : 
            {
               "Name" : "PurposeOfReferenceCodeSequence",
               "Type" : "Sequence",
               "Value" : 
               [
                  {
                     "0008,0100" : 
                     {
                        "Name" : "CodeValue",
                        "Type" : "String",
                        "Value" : "109101"
                     },
                     "0008,0102" : 
                     {
                        "Name" : "CodingSchemeDesignator",
                        "Type" : "String",
                        "Value" : "DCM"
                     },
                     "0008,0104" : 
                     {
                        "Name" : "CodeMeaning",
                        "Type" : "String",
                        "Value" : "Acquisition Equipment"
                     }
                  }
               ]
            }
         }
      ]
   },
   "0020,000d" : 
   {
      "Name" : "StudyInstanceUID",
      "Type" : "String",
      "Value" : "1.3.12.2.1107.5.2.53.189501.30000021011309045077000000005"
   },
   "0020,000e" : 
   {
      "Name" : "SeriesInstanceUID",
      "Type" : "String",
      "Value" : "1.3.12.2.1107.5.8.15.999999.30000021041121051996700000249"
   },
   "0020,0010" : 
   {
      "Name" : "StudyID",
      "Type" : "String",
      "Value" : "b0513b81-3517-43"
   },
   "0020,0011" : 
   {
      "Name" : "SeriesNumber",
      "Type" : "String",
      "Value" : "1005"
   },
   "0020,0012" : 
   {
      "Name" : "AcquisitionNumber",
      "Type" : "String",
      "Value" : "1"
   },
   "0020,0013" : 
   {
      "Name" : "InstanceNumber",
      "Type" : "String",
      "Value" : "1"
   },
   "0020,0020" : 
   {
      "Name" : "PatientOrientation",
      "Type" : "String",
      "Value" : ""
   },
   "0020,0052" : 
   {
      "Name" : "FrameOfReferenceUID",
      "Type" : "String",
      "Value" : "1.3.12.2.1107.5.2.53.189501.2.20210113130454295.0.0.0"
   },
   "0020,0060" : 
   {
      "Name" : "Laterality",
      "Type" : "String",
      "Value" : "R"
   },
   "0020,1040" : 
   {
      "Name" : "PositionReferenceIndicator",
      "Type" : "String",
      "Value" : ""
   },
   "0020,9221" : 
   {
      "Name" : "DimensionOrganizationSequence",
      "Type" : "Sequence",
      "Value" : 
      [
         {
            "0020,9164" : 
            {
               "Name" : "DimensionOrganizationUID",
               "Type" : "String",
               "Value" : "1.3.12.2.1107.5.2.53.189501.2021011313173267698608600"
            }
         }
      ]
   },
   "0020,9222" : 
   {
      "Name" : "DimensionIndexSequence",
      "Type" : "Sequence",
      "Value" : 
      [
         {
            "0020,9164" : 
            {
               "Name" : "DimensionOrganizationUID",
               "Type" : "String",
               "Value" : "1.3.12.2.1107.5.2.53.189501.2021011313173267698608600"
            },
            "0020,9165" : 
            {
               "Name" : "DimensionIndexPointer",
               "Type" : "String",
               "Value" : "0020,9128"
            },
            "0020,9167" : 
            {
               "Name" : "FunctionalGroupPointer",
               "Type" : "String",
               "Value" : "0020,9111"
            }
         },
         {
            "0020,9164" : 
            {
               "Name" : "DimensionOrganizationUID",
               "Type" : "String",
               "Value" : "1.3.12.2.1107.5.2.53.189501.2021011313173267698608600"
            },
            "0020,9165" : 
            {
               "Name" : "DimensionIndexPointer",
               "Type" : "String",
               "Value" : "0020,9056"
            },
            "0020,9167" : 
            {
               "Name" : "FunctionalGroupPointer",
               "Type" : "String",
               "Value" : "0020,9111"
            }
         },
         {
            "0020,9164" : 
            {
               "Name" : "DimensionOrganizationUID",
               "Type" : "String",
               "Value" : "1.3.12.2.1107.5.2.53.189501.2021011313173267698608600"
            },
            "0020,9165" : 
            {
               "Name" : "DimensionIndexPointer",
               "Type" : "String",
               "Value" : "0020,9057"
            },
            "0020,9167" : 
            {
               "Name" : "FunctionalGroupPointer",
               "Type" : "String",
               "Value" : "0020,9111"
            }
         }
      ]
   },
   "0020,9311" : 
   {
      "Name" : "DimensionOrganizationType",
      "Type" : "String",
      "Value" : "3D"
   },
   "0021,0010" : 
   {
      "Name" : "PrivateCreator",
      "Type" : "String",
      "Value" : "SIEMENS MR SDI 02"
   },
   "0021,0011" : 
   {
      "Name" : "PrivateCreator",
      "Type" : "String",
      "Value" : "SIEMENS MR SDR 01"
   },
   "0021,1077" : 
   {
      "Name" : "Unknown Tag & Data",
      "PrivateCreator" : "SIEMENS MR SDI 02",
      "Type" : "String",
      "Value" : ""
   },
   "0021,1101" : 
   {
      "Name" : "Unknown Tag & Data",
      "PrivateCreator" : "SIEMENS MR SDR 01",
      "Type" : "String",
      "Value" : "Application"
   },
   "0021,1102" : 
   {
      "Name" : "Unknown Tag & Data",
      "PrivateCreator" : "SIEMENS MR SDR 01",
      "Type" : "String",
      "Value" : "MRBasic\\MRBasic_ReaderTask"
   },
   "0021,1103" : 
   {
      "Name" : "Unknown Tag & Data",
      "PrivateCreator" : "SIEMENS MR SDR 01",
      "Type" : "String",
      "Value" : "DIAGNOSIS:a7d6e465-78ab-47e5-8dcc-258674b5333d"
   },
   "0028,0002" : 
   {
      "Name" : "SamplesPerPixel",
      "Type" : "String",
      "Value" : "1"
   },
   "0028,0004" : 
   {
      "Name" : "PhotometricInterpretation",
      "Type" : "String",
      "Value" : "MONOCHROME2"
   },
   "0028,0008" : 
   {
      "Name" : "NumberOfFrames",
      "Type" : "String",
      "Value" : "1"
   },
   "0028,0010" : 
   {
      "Name" : "Rows",
      "Type" : "String",
      "Value" : "512"
   },
   "0028,0011" : 
   {
      "Name" : "Columns",
      "Type" : "String",
      "Value" : "512"
   },
   "0028,0100" : 
   {
      "Name" : "BitsAllocated",
      "Type" : "String",
      "Value" : "16"
   },
   "0028,0101" : 
   {
      "Name" : "BitsStored",
      "Type" : "String",
      "Value" : "12"
   },
   "0028,0102" : 
   {
      "Name" : "HighBit",
      "Type" : "String",
      "Value" : "11"
   },
   "0028,0103" : 
   {
      "Name" : "PixelRepresentation",
      "Type" : "String",
      "Value" : "0"
   },
   "0028,0301" : 
   {
      "Name" : "BurnedInAnnotation",
      "Type" : "String",
      "Value" : "NO"
   },
   "0028,2110" : 
   {
      "Name" : "LossyImageCompression",
      "Type" : "String",
      "Value" : "00"
   },
   "0029,0010" : 
   {
      "Name" : "PrivateCreator",
      "Type" : "String",
      "Value" : "SIEMENS MEDCOM HEADER"
   },
   "0029,1040" : 
   {
      "Name" : "ApplicationHeaderSequence",
      "Type" : "Sequence",
      "Value" : 
      [
         {
            "0029,0010" : 
            {
               "Name" : "PrivateCreator",
               "Type" : "String",
               "Value" : "SIEMENS MEDCOM HEADER"
            },
            "0029,1041" : 
            {
               "Name" : "ApplicationHeaderType",
               "PrivateCreator" : "SIEMENS MEDCOM HEADER",
               "Type" : "String",
               "Value" : "VIA_NO_VOLUME"
            },
            "0029,1042" : 
            {
               "Name" : "ApplicationHeaderID",
               "PrivateCreator" : "SIEMENS MEDCOM HEADER",
               "Type" : "String",
               "Value" : "NOT FOR VOLUME WORKFLOW"
            },
            "0029,1043" : 
            {
               "Name" : "ApplicationHeaderVersion",
               "PrivateCreator" : "SIEMENS MEDCOM HEADER",
               "Type" : "String",
               "Value" : "V1 20120620"
            }
         }
      ]
   },
   "0040,0244" : 
   {
      "Name" : "PerformedProcedureStepStartDate",
      "Type" : "String",
      "Value" : "20210113"
   },
   "0040,0245" : 
   {
      "Name" : "PerformedProcedureStepStartTime",
      "Type" : "String",
      "Value" : "130454.100000"
   },
   "0040,0253" : 
   {
      "Name" : "PerformedProcedureStepID",
      "Type" : "String",
      "Value" : "US62315422db4341"
   },
   "0040,0254" : 
   {
      "Name" : "PerformedProcedureStepDescription",
      "Type" : "String",
      "Value" : "Osteo_2021 Cheville"
   },
   "0040,0555" : 
   {
      "Name" : "AcquisitionContextSequence",
      "Type" : "Sequence",
      "Value" : []
   },
   "2050,0020" : 
   {
      "Name" : "PresentationLUTShape",
      "Type" : "String",
      "Value" : "IDENTITY"
   },
   "5200,9229" : 
   {
      "Name" : "SharedFunctionalGroupsSequence",
      "Type" : "Sequence",
      "Value" : 
      [
         {
            "0008,9124" : 
            {
               "Name" : "DerivationImageSequence",
               "Type" : "Sequence",
               "Value" : 
               [
                  {
                     "0008,2111" : 
                     {
                        "Name" : "DerivationDescription",
                        "Type" : "String",
                        "Value" : "Volume editing"
                     },
                     "0008,2112" : 
                     {
                        "Name" : "SourceImageSequence",
                        "Type" : "Sequence",
                        "Value" : 
                        [
                           {
                              "0008,1150" : 
                              {
                                 "Name" : "ReferencedSOPClassUID",
                                 "Type" : "String",
                                 "Value" : "1.2.840.10008.5.1.4.1.1.4.1"
                              },
                              "0008,1155" : 
                              {
                                 "Name" : "ReferencedSOPInstanceUID",
                                 "Type" : "String",
                                 "Value" : "1.3.12.2.1107.5.8.15.999999.30000021041121051996700000250"
                              },
                              "0040,a170" : 
                              {
                                 "Name" : "PurposeOfReferenceCodeSequence",
                                 "Type" : "Sequence",
                                 "Value" : 
                                 [
                                    {
                                       "0008,0100" : 
                                       {
                                          "Name" : "CodeValue",
                                          "Type" : "String",
                                          "Value" : "121322"
                                       },
                                       "0008,0102" : 
                                       {
                                          "Name" : "CodingSchemeDesignator",
                                          "Type" : "String",
                                          "Value" : "DCM"
                                       },
                                       "0008,0104" : 
                                       {
                                          "Name" : "CodeMeaning",
                                          "Type" : "String",
                                          "Value" : "Source image for image processing operation"
                                       }
                                    }
                                 ]
                              }
                           }
                        ]
                     },
                     "0008,9215" : 
                     {
                        "Name" : "DerivationCodeSequence",
                        "Type" : "Sequence",
                        "Value" : 
                        [
                           {
                              "0008,0100" : 
                              {
                                 "Name" : "CodeValue",
                                 "Type" : "String",
                                 "Value" : "113077"
                              },
                              "0008,0102" : 
                              {
                                 "Name" : "CodingSchemeDesignator",
                                 "Type" : "String",
                                 "Value" : "DCM"
                              },
                              "0008,0104" : 
                              {
                                 "Name" : "CodeMeaning",
                                 "Type" : "String",
                                 "Value" : "Volume editing"
                              }
                           }
                        ]
                     }
                  }
               ]
            },
            "0018,9006" : 
            {
               "Name" : "MRImagingModifierSequence",
               "Type" : "Sequence",
               "Value" : 
               [
                  {
                     "0018,0095" : 
                     {
                        "Name" : "PixelBandwidth",
                        "Type" : "String",
                        "Value" : "199"
                     },
                     "0018,9020" : 
                     {
                        "Name" : "MagnetizationTransfer",
                        "Type" : "String",
                        "Value" : "NONE"
                     },
                     "0018,9022" : 
                     {
                        "Name" : "BloodSignalNulling",
                        "Type" : "String",
                        "Value" : "NO"
                     },
                     "0018,9028" : 
                     {
                        "Name" : "Tagging",
                        "Type" : "String",
                        "Value" : "NONE"
                     },
                     "0018,9098" : 
                     {
                        "Name" : "TransmitterFrequency",
                        "Type" : "String",
                        "Value" : "63.652994999999997"
                     }
                  }
               ]
            },
            "0018,9042" : 
            {
               "Name" : "MRReceiveCoilSequence",
               "Type" : "Sequence",
               "Value" : 
               [
                  {
                     "0018,1250" : 
                     {
                        "Name" : "ReceiveCoilName",
                        "Type" : "String",
                        "Value" : "FootAnkle_16"
                     },
                     "0018,9041" : 
                     {
                        "Name" : "ReceiveCoilManufacturerName",
                        "Type" : "String",
                        "Value" : "NN"
                     },
                     "0018,9043" : 
                     {
                        "Name" : "ReceiveCoilType",
                        "Type" : "String",
                        "Value" : "MULTICOIL"
                     },
                     "0018,9044" : 
                     {
                        "Name" : "QuadratureReceiveCoil",
                        "Type" : "String",
                        "Value" : "NO"
                     },
                     "0018,9045" : 
                     {
                        "Name" : "MultiCoilDefinitionSequence",
                        "Type" : "Sequence",
                        "Value" : 
                        [
                           {
                              "0018,9047" : 
                              {
                                 "Name" : "MultiCoilElementName",
                                 "Type" : "String",
                                 "Value" : "FA7"
                              },
                              "0018,9048" : 
                              {
                                 "Name" : "MultiCoilElementUsed",
                                 "Type" : "String",
                                 "Value" : "YES"
                              }
                           },
                           {
                              "0018,9047" : 
                              {
                                 "Name" : "MultiCoilElementName",
                                 "Type" : "String",
                                 "Value" : "FA8"
                              },
                              "0018,9048" : 
                              {
                                 "Name" : "MultiCoilElementUsed",
                                 "Type" : "String",
                                 "Value" : "YES"
                              }
                           },
                           {
                              "0018,9047" : 
                              {
                                 "Name" : "MultiCoilElementName",
                                 "Type" : "String",
                                 "Value" : "FA15"
                              },
                              "0018,9048" : 
                              {
                                 "Name" : "MultiCoilElementUsed",
                                 "Type" : "String",
                                 "Value" : "YES"
                              }
                           },
                           {
                              "0018,9047" : 
                              {
                                 "Name" : "MultiCoilElementName",
                                 "Type" : "String",
                                 "Value" : "FA16"
                              },
                              "0018,9048" : 
                              {
                                 "Name" : "MultiCoilElementUsed",
                                 "Type" : "String",
                                 "Value" : "YES"
                              }
                           },
                           {
                              "0018,9047" : 
                              {
                                 "Name" : "MultiCoilElementName",
                                 "Type" : "String",
                                 "Value" : "FA1"
                              },
                              "0018,9048" : 
                              {
                                 "Name" : "MultiCoilElementUsed",
                                 "Type" : "String",
                                 "Value" : "YES"
                              }
                           },
                           {
                              "0018,9047" : 
                              {
                                 "Name" : "MultiCoilElementName",
                                 "Type" : "String",
                                 "Value" : "FA2"
                              },
                              "0018,9048" : 
                              {
                                 "Name" : "MultiCoilElementUsed",
                                 "Type" : "String",
                                 "Value" : "YES"
                              }
                           },
                           {
                              "0018,9047" : 
                              {
                                 "Name" : "MultiCoilElementName",
                                 "Type" : "String",
                                 "Value" : "FA3"
                              },
                              "0018,9048" : 
                              {
                                 "Name" : "MultiCoilElementUsed",
                                 "Type" : "String",
                                 "Value" : "YES"
                              }
                           },
                           {
                              "0018,9047" : 
                              {
                                 "Name" : "MultiCoilElementName",
                                 "Type" : "String",
                                 "Value" : "FA4"
                              },
                              "0018,9048" : 
                              {
                                 "Name" : "MultiCoilElementUsed",
                                 "Type" : "String",
                                 "Value" : "YES"
                              }
                           },
                           {
                              "0018,9047" : 
                              {
                                 "Name" : "MultiCoilElementName",
                                 "Type" : "String",
                                 "Value" : "FA5"
                              },
                              "0018,9048" : 
                              {
                                 "Name" : "MultiCoilElementUsed",
                                 "Type" : "String",
                                 "Value" : "YES"
                              }
                           },
                           {
                              "0018,9047" : 
                              {
                                 "Name" : "MultiCoilElementName",
                                 "Type" : "String",
                                 "Value" : "FA6"
                              },
                              "0018,9048" : 
                              {
                                 "Name" : "MultiCoilElementUsed",
                                 "Type" : "String",
                                 "Value" : "YES"
                              }
                           },
                           {
                              "0018,9047" : 
                              {
                                 "Name" : "MultiCoilElementName",
                                 "Type" : "String",
                                 "Value" : "FA9"
                              },
                              "0018,9048" : 
                              {
                                 "Name" : "MultiCoilElementUsed",
                                 "Type" : "String",
                                 "Value" : "YES"
                              }
                           },
                           {
                              "0018,9047" : 
                              {
                                 "Name" : "MultiCoilElementName",
                                 "Type" : "String",
                                 "Value" : "FA10"
                              },
                              "0018,9048" : 
                              {
                                 "Name" : "MultiCoilElementUsed",
                                 "Type" : "String",
                                 "Value" : "YES"
                              }
                           },
                           {
                              "0018,9047" : 
                              {
                                 "Name" : "MultiCoilElementName",
                                 "Type" : "String",
                                 "Value" : "FA11"
                              },
                              "0018,9048" : 
                              {
                                 "Name" : "MultiCoilElementUsed",
                                 "Type" : "String",
                                 "Value" : "YES"
                              }
                           },
                           {
                              "0018,9047" : 
                              {
                                 "Name" : "MultiCoilElementName",
                                 "Type" : "String",
                                 "Value" : "FA12"
                              },
                              "0018,9048" : 
                              {
                                 "Name" : "MultiCoilElementUsed",
                                 "Type" : "String",
                                 "Value" : "YES"
                              }
                           },
                           {
                              "0018,9047" : 
                              {
                                 "Name" : "MultiCoilElementName",
                                 "Type" : "String",
                                 "Value" : "FA13"
                              },
                              "0018,9048" : 
                              {
                                 "Name" : "MultiCoilElementUsed",
                                 "Type" : "String",
                                 "Value" : "YES"
                              }
                           },
                           {
                              "0018,9047" : 
                              {
                                 "Name" : "MultiCoilElementName",
                                 "Type" : "String",
                                 "Value" : "FA14"
                              },
                              "0018,9048" : 
                              {
                                 "Name" : "MultiCoilElementUsed",
                                 "Type" : "String",
                                 "Value" : "YES"
                              }
                           }
                        ]
                     }
                  }
               ]
            },
            "0018,9049" : 
            {
               "Name" : "MRTransmitCoilSequence",
               "Type" : "Sequence",
               "Value" : 
               [
                  {
                     "0018,1251" : 
                     {
                        "Name" : "TransmitCoilName",
                        "Type" : "String",
                        "Value" : "Body"
                     },
                     "0018,9050" : 
                     {
                        "Name" : "TransmitCoilManufacturerName",
                        "Type" : "String",
                        "Value" : "Siemens"
                     },
                     "0018,9051" : 
                     {
                        "Name" : "TransmitCoilType",
                        "Type" : "String",
                        "Value" : "BODY"
                     }
                  }
               ]
            },
            "0018,9112" : 
            {
               "Name" : "MRTimingAndRelatedParametersSequence",
               "Type" : "Sequence",
               "Value" : 
               [
                  {
                     "0018,0080" : 
                     {
                        "Name" : "RepetitionTime",
                        "Type" : "String",
                        "Value" : "564"
                     },
                     "0018,0091" : 
                     {
                        "Name" : "EchoTrainLength",
                        "Type" : "String",
                        "Value" : "3"
                     },
                     "0018,1314" : 
                     {
                        "Name" : "FlipAngle",
                        "Type" : "String",
                        "Value" : "130"
                     },
                     "0018,9176" : 
                     {
                        "Name" : "OperatingModeSequence",
                        "Type" : "Sequence",
                        "Value" : 
                        [
                           {
                              "0018,9177" : 
                              {
                                 "Name" : "OperatingModeType",
                                 "Type" : "String",
                                 "Value" : "GRADIENT"
                              },
                              "0018,9178" : 
                              {
                                 "Name" : "OperatingMode",
                                 "Type" : "String",
                                 "Value" : "IEC_NORMAL"
                              }
                           },
                           {
                              "0018,9177" : 
                              {
                                 "Name" : "OperatingModeType",
                                 "Type" : "String",
                                 "Value" : "RF"
                              },
                              "0018,9178" : 
                              {
                                 "Name" : "OperatingMode",
                                 "Type" : "String",
                                 "Value" : "IEC_NORMAL"
                              }
                           }
                        ]
                     },
                     "0018,9180" : 
                     {
                        "Name" : "GradientOutputType",
                        "Type" : "String",
                        "Value" : "PER_NERVE_STIM"
                     },
                     "0018,9182" : 
                     {
                        "Name" : "GradientOutput",
                        "Type" : "String",
                        "Value" : "0.3246288001537323"
                     },
                     "0018,9239" : 
                     {
                        "Name" : "SpecificAbsorptionRateSequence",
                        "Type" : "Sequence",
                        "Value" : 
                        [
                           {
                              "0018,9179" : 
                              {
                                 "Name" : "SpecificAbsorptionRateDefinition",
                                 "Type" : "String",
                                 "Value" : "IEC_WHOLE_BODY"
                              },
                              "0018,9181" : 
                              {
                                 "Name" : "SpecificAbsorptionRateValue",
                                 "Type" : "String",
                                 "Value" : "1.5916881691134983"
                              }
                           },
                           {
                              "0018,9179" : 
                              {
                                 "Name" : "SpecificAbsorptionRateDefinition",
                                 "Type" : "String",
                                 "Value" : "IEC_PARTIAL_BODY"
                              },
                              "0018,9181" : 
                              {
                                 "Name" : "SpecificAbsorptionRateValue",
                                 "Type" : "String",
                                 "Value" : "2.6107261229959291"
                              }
                           },
                           {
                              "0018,9179" : 
                              {
                                 "Name" : "SpecificAbsorptionRateDefinition",
                                 "Type" : "String",
                                 "Value" : "IEC_HEAD"
                              },
                              "0018,9181" : 
                              {
                                 "Name" : "SpecificAbsorptionRateValue",
                                 "Type" : "String",
                                 "Value" : "2.4306456628119957"
                              }
                           },
                           {
                              "0018,9179" : 
                              {
                                 "Name" : "SpecificAbsorptionRateDefinition",
                                 "Type" : "String",
                                 "Value" : "IEC_LOCAL"
                              },
                              "0018,9181" : 
                              {
                                 "Name" : "SpecificAbsorptionRateValue",
                                 "Type" : "String",
                                 "Value" : "1.5916881691134983"
                              }
                           },
                           {
                              "0018,9179" : 
                              {
                                 "Name" : "SpecificAbsorptionRateDefinition",
                                 "Type" : "String",
                                 "Value" : "SMR_B1RMS"
                              },
                              "0018,9181" : 
                              {
                                 "Name" : "SpecificAbsorptionRateValue",
                                 "Type" : "String",
                                 "Value" : "3.5252786073508013"
                              }
                           },
                           {
                              "0018,9179" : 
                              {
                                 "Name" : "SpecificAbsorptionRateDefinition",
                                 "Type" : "String",
                                 "Value" : "SMR_BORELOCAL"
                              },
                              "0018,9181" : 
                              {
                                 "Name" : "SpecificAbsorptionRateValue",
                                 "Type" : "String",
                                 "Value" : "10.679261938589498"
                              }
                           }
                        ]
                     },
                     "0018,9240" : 
                     {
                        "Name" : "RFEchoTrainLength",
                        "Type" : "String",
                        "Value" : "3"
                     },
                     "0018,9241" : 
                     {
                        "Name" : "GradientEchoTrainLength",
                        "Type" : "String",
                        "Value" : "0"
                     }
                  }
               ]
            },
            "0018,9115" : 
            {
               "Name" : "MRModifierSequence",
               "Type" : "Sequence",
               "Value" : 
               [
                  {
                     "0018,9009" : 
                     {
                        "Name" : "InversionRecovery",
                        "Type" : "String",
                        "Value" : "NO"
                     },
                     "0018,9010" : 
                     {
                        "Name" : "FlowCompensation",
                        "Type" : "String",
                        "Value" : "NONE"
                     },
                     "0018,9021" : 
                     {
                        "Name" : "T2Preparation",
                        "Type" : "String",
                        "Value" : "NO"
                     },
                     "0018,9026" : 
                     {
                        "Name" : "SpectrallySelectedExcitation",
                        "Type" : "String",
                        "Value" : "NONE"
                     },
                     "0018,9027" : 
                     {
                        "Name" : "SpatialPresaturation",
                        "Type" : "String",
                        "Value" : "SLAB"
                     },
                     "0018,9069" : 
                     {
                        "Name" : "ParallelReductionFactorInPlane",
                        "Type" : "String",
                        "Value" : "2"
                     },
                     "0018,9077" : 
                     {
                        "Name" : "ParallelAcquisition",
                        "Type" : "String",
                        "Value" : "YES"
                     },
                     "0018,9078" : 
                     {
                        "Name" : "ParallelAcquisitionTechnique",
                        "Type" : "String",
                        "Value" : "GRAPPA"
                     },
                     "0018,9081" : 
                     {
                        "Name" : "PartialFourier",
                        "Type" : "String",
                        "Value" : "NO"
                     },
                     "0018,9155" : 
                     {
                        "Name" : "ParallelReductionFactorOutOfPlane",
                        "Type" : "String",
                        "Value" : "1"
                     }
                  }
               ]
            },
            "0018,9226" : 
            {
               "Name" : "MRImageFrameTypeSequence",
               "Type" : "Sequence",
               "Value" : 
               [
                  {
                     "0008,9007" : 
                     {
                        "Name" : "FrameType",
                        "Type" : "String",
                        "Value" : "DERIVED\\PRIMARY\\M\\NONE"
                     },
                     "0008,9205" : 
                     {
                        "Name" : "PixelPresentation",
                        "Type" : "String",
                        "Value" : "MONOCHROME"
                     },
                     "0008,9206" : 
                     {
                        "Name" : "VolumetricProperties",
                        "Type" : "String",
                        "Value" : "VOLUME"
                     },
                     "0008,9207" : 
                     {
                        "Name" : "VolumeBasedCalculationTechnique",
                        "Type" : "String",
                        "Value" : "NONE"
                     },
                     "0008,9208" : 
                     {
                        "Name" : "ComplexImageComponent",
                        "Type" : "String",
                        "Value" : "MAGNITUDE"
                     },
                     "0008,9209" : 
                     {
                        "Name" : "AcquisitionContrast",
                        "Type" : "String",
                        "Value" : "UNKNOWN"
                     }
                  }
               ]
            },
            "0020,9071" : 
            {
               "Name" : "FrameAnatomySequence",
               "Type" : "Sequence",
               "Value" : 
               [
                  {
                     "0008,2218" : 
                     {
                        "Name" : "AnatomicRegionSequence",
                        "Type" : "Sequence",
                        "Value" : 
                        [
                           {
                              "0008,0100" : 
                              {
                                 "Name" : "CodeValue",
                                 "Type" : "String",
                                 "Value" : "T-15750"
                              },
                              "0008,0102" : 
                              {
                                 "Name" : "CodingSchemeDesignator",
                                 "Type" : "String",
                                 "Value" : "SRT"
                              },
                              "0008,0104" : 
                              {
                                 "Name" : "CodeMeaning",
                                 "Type" : "String",
                                 "Value" : "Ankle joint"
                              }
                           }
                        ]
                     },
                     "0020,9072" : 
                     {
                        "Name" : "FrameLaterality",
                        "Type" : "String",
                        "Value" : "R"
                     }
                  }
               ]
            },
            "0028,9110" : 
            {
               "Name" : "PixelMeasuresSequence",
               "Type" : "Sequence",
               "Value" : 
               [
                  {
                     "0018,0050" : 
                     {
                        "Name" : "SliceThickness",
                        "Type" : "String",
                        "Value" : "3"
                     },
                     "0018,0088" : 
                     {
                        "Name" : "SpacingBetweenSlices",
                        "Type" : "String",
                        "Value" : "3.6"
                     },
                     "0028,0030" : 
                     {
                        "Name" : "PixelSpacing",
                        "Type" : "String",
                        "Value" : "3.3203099E-001\\3.3203099E-001"
                     }
                  }
               ]
            },
            "0028,9145" : 
            {
               "Name" : "PixelValueTransformationSequence",
               "Type" : "Sequence",
               "Value" : 
               [
                  {
                     "0028,1052" : 
                     {
                        "Name" : "RescaleIntercept",
                        "Type" : "String",
                        "Value" : "0"
                     },
                     "0028,1053" : 
                     {
                        "Name" : "RescaleSlope",
                        "Type" : "String",
                        "Value" : "1"
                     },
                     "0028,1054" : 
                     {
                        "Name" : "RescaleType",
                        "Type" : "String",
                        "Value" : "US"
                     }
                  }
               ]
            }
         }
      ]
   },
   "5200,9230" : 
   {
      "Name" : "PerFrameFunctionalGroupsSequence",
      "Type" : "Sequence",
      "Value" : 
      [
         {
            "0018,9114" : 
            {
               "Name" : "MREchoSequence",
               "Type" : "Sequence",
               "Value" : 
               [
                  {
                     "0018,9082" : 
                     {
                        "Name" : "EffectiveEchoTime",
                        "Type" : "String",
                        "Value" : "10"
                     }
                  }
               ]
            },
            "0018,9119" : 
            {
               "Name" : "MRAveragesSequence",
               "Type" : "Sequence",
               "Value" : 
               [
                  {
                     "0018,0083" : 
                     {
                        "Name" : "NumberOfAverages",
                        "Type" : "String",
                        "Value" : "2"
                     }
                  }
               ]
            },
            "0018,9226" : 
            {
               "Name" : "MRImageFrameTypeSequence",
               "Type" : "Sequence",
               "Value" : 
               [
                  {
                     "0008,9007" : 
                     {
                        "Name" : "FrameType",
                        "Type" : "String",
                        "Value" : "ORIGINAL\\PRIMARY\\M\\NONE"
                     },
                     "0008,9206" : 
                     {
                        "Name" : "VolumetricProperties",
                        "Type" : "String",
                        "Value" : "VOLUME"
                     },
                     "0021,0010" : 
                     {
                        "Name" : "PrivateCreator",
                        "Type" : "String",
                        "Value" : "SIEMENS MR SDI 02"
                     },
                     "0021,1059" : 
                     {
                        "Name" : "Unknown Tag & Data",
                        "PrivateCreator" : "SIEMENS MR SDI 02",
                        "Type" : "String",
                        "Value" : "0\\0\\29"
                     },
                     "0021,1078" : 
                     {
                        "Name" : "Unknown Tag & Data",
                        "PrivateCreator" : "SIEMENS MR SDI 02",
                        "Type" : "String",
                        "Value" : "DIS2D"
                     },
                     "0021,1079" : 
                     {
                        "Name" : "Unknown Tag & Data",
                        "PrivateCreator" : "SIEMENS MR SDI 02",
                        "Type" : "String",
                        "Value" : "DIS2D"
                     }
                  }
               ]
            },
            "0020,9111" : 
            {
               "Name" : "FrameContentSequence",
               "Type" : "Sequence",
               "Value" : 
               [
                  {
                     "0018,9220" : 
                     {
                        "Name" : "FrameAcquisitionDuration",
                        "Type" : "String",
                        "Value" : "80672.5"
                     },
                     "0020,9056" : 
                     {
                        "Name" : "StackID",
                        "Type" : "String",
                        "Value" : "1"
                     },
                     "0020,9057" : 
                     {
                        "Name" : "InStackPositionNumber",
                        "Type" : "String",
                        "Value" : "1"
                     },
                     "0020,9128" : 
                     {
                        "Name" : "TemporalPositionIndex",
                        "Type" : "String",
                        "Value" : "1"
                     },
                     "0020,9157" : 
                     {
                        "Name" : "DimensionIndexValues",
                        "Type" : "String",
                        "Value" : "1\\1\\1"
                     }
                  }
               ]
            },
            "0020,9113" : 
            {
               "Name" : "PlanePositionSequence",
               "Type" : "Sequence",
               "Value" : 
               [
                  {
                     "0020,0032" : 
                     {
                        "Name" : "ImagePositionPatient",
                        "Type" : "String",
                        "Value" : "-4.9341005E+001\\-9.5503758E+001\\1.1359271E+002"
                     }
                  }
               ]
            },
            "0020,9116" : 
            {
               "Name" : "PlaneOrientationSequence",
               "Type" : "Sequence",
               "Value" : 
               [
                  {
                     "0020,0037" : 
                     {
                        "Name" : "ImageOrientationPatient",
                        "Type" : "String",
                        "Value" : "6.7685978E-002\\9.9770667E-001\\-6.9662291E-008\\-2.9987099E-007\\-4.9478586E-008\\-1.0000000E+000"
                     }
                  }
               ]
            },
            "0021,0010" : 
            {
               "Name" : "PrivateCreator",
               "Type" : "String",
               "Value" : "SIEMENS MR SDI 02"
            },
            "0021,10fe" : 
            {
               "Name" : "Unknown Tag & Data",
               "Type" : "Sequence",
               "Value" : 
               [
                  {}
               ]
            },
            "0028,9132" : 
            {
               "Name" : "FrameVOILUTSequence",
               "Type" : "Sequence",
               "Value" : 
               [
                  {
                     "0028,1050" : 
                     {
                        "Name" : "WindowCenter",
                        "Type" : "String",
                        "Value" : "585"
                     },
                     "0028,1051" : 
                     {
                        "Name" : "WindowWidth",
                        "Type" : "String",
                        "Value" : "1151"
                     }
                  }
               ]
            }
         }
      ]
   },
   "7fe0,0010" : 
   {
      "Name" : "PixelData",
      "Type" : "Null",
      "Value" : null
   }
}
2025-05-07 02:33:09 - Commande dcmdump exécutée: dcmdump -q +P 0020,000D ""C:\xampp\tmp\php1995.tmp"" 2>&1
2025-05-07 02:33:10 - Exception capturée: Réponse des tags invalide ou StudyInstanceUID manquant, Détails: {"error":"R\u00e9ponse des tags invalide ou StudyInstanceUID manquant"}
2025-05-07 02:34:43 - Début de la requête proxy-orthanc
2025-05-07 02:34:43 - URL Orthanc: http://localhost:8042/instances
2025-05-07 02:34:43 - Méthode HTTP: POST
2025-05-07 02:34:43 - $_FILES: {"file":{"name":"Altea_t1_sag_tse_DR_77233508.dcm","full_path":"Altea_t1_sag_tse_DR_77233508.dcm","type":"application\/octet-stream","tmp_name":"C:\\xampp\\tmp\\php8CFC.tmp","error":0,"size":531298}}
2025-05-07 02:34:43 - $_POST: {"patient_id":"2","instance_id":"PATIENT-2-20250507003443"}
2025-05-07 02:34:43 - Patient ID: 2, Instance ID personnalisé: PATIENT-2-20250507003443, Fichier temporaire: C:\xampp\tmp\php8CFC.tmp
2025-05-07 02:34:44 - ID Orthanc attribué: e07efef8-4eba99da-e58dbc40-0173c1da-e2535081
2025-05-07 02:34:44 - Requête des métadonnées via URL: http://localhost:8042/instances/e07efef8-4eba99da-e58dbc40-0173c1da-e2535081
2025-05-07 02:34:44 - Erreur: Métadonnées invalides ou StudyInstanceUID manquant: {
   "FileSize" : 531298,
   "FileUuid" : "005ed578-57e5-4dfc-84e2-61ae24e6185d",
   "ID" : "e07efef8-4eba99da-e58dbc40-0173c1da-e2535081",
   "IndexInSeries" : 1,
   "Labels" : [],
   "MainDicomTags" : 
   {
      "AcquisitionNumber" : "1",
      "InstanceCreationDate" : "20210411",
      "InstanceCreationTime" : "213019.104784",
      "InstanceNumber" : "1",
      "NumberOfFrames" : "1",
      "SOPInstanceUID" : "1.3.12.2.1107.5.8.15.999999.30000021041121051996700000250"
   },
   "ParentSeries" : "11b7c563-ae504ced-e95ed300-7176b3e8-74f7e2f5",
   "Type" : "Instance"
}
2025-05-07 02:34:44 - Commande dcmdump exécutée: dcmdump -q +P 0020,000D ""C:\xampp\tmp\php8CFC.tmp"" 2>&1
2025-05-07 02:34:45 - Sortie de dcmdump: 
2025-05-07 02:34:45 - Code de retour de dcmdump: 1
2025-05-07 02:34:45 - Échec de récupération du StudyInstanceUID via métadonnées et dcmdump, UID synthétique généré: 1.2.3.4.5.1746578085.5495
2025-05-07 02:34:45 - Détails de l'instance: {
    "FileSize": 531298,
    "FileUuid": "005ed578-57e5-4dfc-84e2-61ae24e6185d",
    "ID": "e07efef8-4eba99da-e58dbc40-0173c1da-e2535081",
    "IndexInSeries": 1,
    "Labels": [],
    "MainDicomTags": {
        "AcquisitionNumber": "1",
        "InstanceCreationDate": "20210411",
        "InstanceCreationTime": "213019.104784",
        "InstanceNumber": "1",
        "NumberOfFrames": "1",
        "SOPInstanceUID": "1.3.12.2.1107.5.8.15.999999.30000021041121051996700000250"
        
    },
    "ParentSeries": "11b7c563-ae504ced-e95ed300-7176b3e8-74f7e2f5",
    "Type": "Instance"
}
2025-05-07 02:34:45 - Instance DICOM stockée avec patient_id=2, orthanc_instance_id=e07efef8-4eba99da-e58dbc40-0173c1da-e2535081
2025-05-07 02:34:45 - Instance ID personnalisé appliqué: PATIENT-2-20250507003443
2025-05-07 02:57:16 - Début de la requête proxy-orthanc
2025-05-07 02:57:16 - URL Orthanc: http://localhost:8042/instances
2025-05-07 02:57:16 - Méthode HTTP: POST
2025-05-07 02:57:16 - $_FILES: {"file":{"name":"Altea_t1_sag_tse_DR_77233508.dcm","full_path":"Altea_t1_sag_tse_DR_77233508.dcm","type":"application\/octet-stream","tmp_name":"C:\\xampp\\tmp\\php307F.tmp","error":0,"size":531298}}
2025-05-07 02:57:16 - $_POST: {"patient_id":"1","instance_id":"PATIENT-1-20250507005716"}
2025-05-07 02:57:16 - Patient ID: 1, Instance ID personnalisé: PATIENT-1-20250507005716, Fichier temporaire: C:\xampp\tmp\php307F.tmp
2025-05-07 02:57:16 - ID Orthanc attribué: e07efef8-4eba99da-e58dbc40-0173c1da-e2535081
2025-05-07 02:57:16 - Requête des métadonnées via URL: http://localhost:8042/instances/e07efef8-4eba99da-e58dbc40-0173c1da-e2535081
2025-05-07 02:57:17 - Réponse brute des métadonnées: {
   "FileSize" : 531298,
   "FileUuid" : "0f9f1927-9547-4d09-b117-699b3bab2839",
   "ID" : "e07efef8-4eba99da-e58dbc40-0173c1da-e2535081",
   "IndexInSeries" : 1,
   "Labels" : [],
   "MainDicomTags" : 
   {
      "AcquisitionNumber" : "1",
      "InstanceCreationDate" : "20210411",
      "InstanceCreationTime" : "213019.104784",
      "InstanceNumber" : "1",
      "NumberOfFrames" : "1",
      "SOPInstanceUID" : "1.3.12.2.1107.5.8.15.999999.30000021041121051996700000250"
   },
   "ParentSeries" : "11b7c563-ae504ced-e95ed300-7176b3e8-74f7e2f5",
   "Type" : "Instance"
}
2025-05-07 02:57:17 - StudyInstanceUID non trouvé dans MainDicomTags, vérification via /studies...
2025-05-07 02:57:17 - Commande dcmdump exécutée: "C:\DCMTK\bin\dcmdump.exe" -q +P 0020,000D "C:\xampp\tmp\php307F.tmp" 2>&1
2025-05-07 02:57:17 - Sortie de dcmdump: 
2025-05-07 02:57:17 - Code de retour de dcmdump: 1
2025-05-07 02:57:17 - Échec de dcmdump, code de retour: 1, sortie: Le chemin d'acc�s sp�cifi� est introuvable.
2025-05-07 02:57:17 - Échec de récupération du StudyInstanceUID via métadonnées et dcmdump, UID synthétique généré: 1.2.3.4.5.1746579437.4782
2025-05-07 02:57:17 - Détails de l'instance: {
    "FileSize": 531298,
    "FileUuid": "0f9f1927-9547-4d09-b117-699b3bab2839",
    "ID": "e07efef8-4eba99da-e58dbc40-0173c1da-e2535081",
    "IndexInSeries": 1,
    "Labels": [],
    "MainDicomTags": {
        "AcquisitionNumber": "1",
        "InstanceCreationDate": "20210411",
        "InstanceCreationTime": "213019.104784",
        "InstanceNumber": "1",
        "NumberOfFrames": "1",
        "SOPInstanceUID": "1.3.12.2.1107.5.8.15.999999.30000021041121051996700000250"
    },
    "ParentSeries": "11b7c563-ae504ced-e95ed300-7176b3e8-74f7e2f5",
    "Type": "Instance"
}
2025-05-07 02:57:17 - Instance DICOM stockée avec patient_id=1, orthanc_instance_id=e07efef8-4eba99da-e58dbc40-0173c1da-e2535081
2025-05-07 02:57:17 - Instance ID personnalisé appliqué: PATIENT-1-20250507005716
2025-05-07 03:04:29 - Début de la requête proxy-orthanc
2025-05-07 03:04:29 - URL Orthanc: http://localhost:8042/instances
2025-05-07 03:04:29 - Méthode HTTP: POST
2025-05-07 03:04:29 - $_FILES: {"file":{"name":"Altea_t1_sag_tse_DR_77233508.dcm","full_path":"Altea_t1_sag_tse_DR_77233508.dcm","type":"application\/octet-stream","tmp_name":"C:\\xampp\\tmp\\phpCBD8.tmp","error":0,"size":531298}}
2025-05-07 03:04:29 - $_POST: {"patient_id":"1","instance_id":"PATIENT-1-20250507010429"}
2025-05-07 03:04:29 - Patient ID: 1, Instance ID personnalisé: PATIENT-1-20250507010429, Fichier temporaire: C:\xampp\tmp\phpCBD8.tmp
2025-05-07 03:04:29 - ID Orthanc attribué: e07efef8-4eba99da-e58dbc40-0173c1da-e2535081
2025-05-07 03:04:29 - Requête des métadonnées via URL: http://localhost:8042/instances/e07efef8-4eba99da-e58dbc40-0173c1da-e2535081
2025-05-07 03:04:30 - Réponse brute des métadonnées: {
   "FileSize" : 531298,
   "FileUuid" : "26013414-d1c3-486e-be36-f557de35c193",
   "ID" : "e07efef8-4eba99da-e58dbc40-0173c1da-e2535081",
   "IndexInSeries" : 1,
   "Labels" : [],
   "MainDicomTags" : 
   {
      "AcquisitionNumber" : "1",
      "InstanceCreationDate" : "20210411",
      "InstanceCreationTime" : "213019.104784",
      "InstanceNumber" : "1",
      "NumberOfFrames" : "1",
      "SOPInstanceUID" : "1.3.12.2.1107.5.8.15.999999.30000021041121051996700000250"
   },
   "ParentSeries" : "11b7c563-ae504ced-e95ed300-7176b3e8-74f7e2f5",
   "Type" : "Instance"
}
2025-05-07 03:04:30 - StudyInstanceUID non trouvé dans MainDicomTags, vérification via /studies...
2025-05-07 03:04:30 - Commande dcmdump exécutée: "C:\dcmtk-3.6.9-win64-dynamic\bin\dcmdump.exe" -q +P 0020,000D "C:\xampp\tmp\phpCBD8.tmp" 2>&1
2025-05-07 03:04:30 - Sortie de dcmdump: ["(0020,000d) UI [1.3.12.2.1107.5.2.53.189501.30000021011309045077000000005] #  58, 1 StudyInstanceUID","(0020,000d) UI [1.3.12.2.1107.5.2.53.189501.30000021011309045077000000005] #  58, 1 StudyInstanceUID"]
2025-05-07 03:04:30 - Code de retour de dcmdump: 0
2025-05-07 03:04:30 - StudyInstanceUID récupéré via dcmdump: 1.3.12.2.1107.5.2.53.189501.30000021011309045077000000005
2025-05-07 03:04:30 - Détails de l'instance: {
    "FileSize": 531298,
    "FileUuid": "26013414-d1c3-486e-be36-f557de35c193",
    "ID": "e07efef8-4eba99da-e58dbc40-0173c1da-e2535081",
    "IndexInSeries": 1,
    "Labels": [],
    "MainDicomTags": {
        "AcquisitionNumber": "1",
        "InstanceCreationDate": "20210411",
        "InstanceCreationTime": "213019.104784",
        "InstanceNumber": "1",
        "NumberOfFrames": "1",
        "SOPInstanceUID": "1.3.12.2.1107.5.8.15.999999.30000021041121051996700000250"
    },
    "ParentSeries": "11b7c563-ae504ced-e95ed300-7176b3e8-74f7e2f5",
    "Type": "Instance"
}
2025-05-07 03:04:30 - Instance DICOM stockée avec patient_id=1, orthanc_instance_id=e07efef8-4eba99da-e58dbc40-0173c1da-e2535081
2025-05-07 03:04:31 - Instance ID personnalisé appliqué: PATIENT-1-20250507010429
2025-05-07 03:05:50 - Début de la requête proxy-orthanc
2025-05-07 03:05:50 - URL Orthanc: http://localhost:8042/instances
2025-05-07 03:05:50 - Méthode HTTP: POST
2025-05-07 03:05:50 - $_FILES: {"file":{"name":"image-00005.dcm","full_path":"image-00005.dcm","type":"application\/octet-stream","tmp_name":"C:\\xampp\\tmp\\phpA64.tmp","error":0,"size":95526}}
2025-05-07 03:05:50 - $_POST: {"patient_id":"2","instance_id":"PATIENT-2-20250507010550"}
2025-05-07 03:05:50 - Patient ID: 2, Instance ID personnalisé: PATIENT-2-20250507010550, Fichier temporaire: C:\xampp\tmp\phpA64.tmp
2025-05-07 03:05:51 - Début de la requête proxy-orthanc
2025-05-07 03:05:51 - URL Orthanc: http://localhost:8042/instances
2025-05-07 03:05:51 - Méthode HTTP: POST
2025-05-07 03:05:51 - $_FILES: {"file":{"name":"image-00005.dcm","full_path":"image-00005.dcm","type":"application\/octet-stream","tmp_name":"C:\\xampp\\tmp\\phpB4F.tmp","error":0,"size":95526}}
2025-05-07 03:05:51 - $_POST: {"patient_id":"2","instance_id":"PATIENT-2-20250507010551"}
2025-05-07 03:05:51 - Patient ID: 2, Instance ID personnalisé: PATIENT-2-20250507010551, Fichier temporaire: C:\xampp\tmp\phpB4F.tmp
2025-05-07 03:05:51 - ID Orthanc attribué: 892e8101-891e4b24-43c20a0c-cda4e1ee-34cdbb93
2025-05-07 03:05:51 - Requête des métadonnées via URL: http://localhost:8042/instances/892e8101-891e4b24-43c20a0c-cda4e1ee-34cdbb93
2025-05-07 03:05:51 - ID Orthanc attribué: 892e8101-891e4b24-43c20a0c-cda4e1ee-34cdbb93
2025-05-07 03:05:51 - Requête des métadonnées via URL: http://localhost:8042/instances/892e8101-891e4b24-43c20a0c-cda4e1ee-34cdbb93
2025-05-07 03:05:51 - Réponse brute des métadonnées: {
   "FileSize" : 95526,
   "FileUuid" : "dc5ac8a3-19d2-4815-b9bc-078040b46817",
   "ID" : "892e8101-891e4b24-43c20a0c-cda4e1ee-34cdbb93",
   "IndexInSeries" : 6,
   "Labels" : [],
   "MainDicomTags" : 
   {
      "ImageComments" : "JPEG 2000 lossless - Version 4.0.2 (c) Image Devices GmbH",
      "ImageOrientationPatient" : "1\\0\\0\\0\\1\\0",
      "ImagePositionPatient" : "-151.493508\\-36.6564417\\1292.5",
      "InstanceCreationDate" : "20061012",
      "InstanceCreationTime" : "091607.000000",
      "InstanceNumber" : "6",
      "SOPInstanceUID" : "1.2.826.0.1.3680043.8.1055.1.20111102150759122.72299459.20444569"
   },
   "ParentSeries" : "98d367a5-58eeba8b-f3c2da4b-de7d8f6f-ede53eb2",
   "Type" : "Instance"
}
2025-05-07 03:05:51 - StudyInstanceUID non trouvé dans MainDicomTags, vérification via /studies...
2025-05-07 03:05:51 - Commande dcmdump exécutée: "C:\dcmtk-3.6.9-win64-dynamic\bin\dcmdump.exe" -q +P 0020,000D "C:\xampp\tmp\phpA64.tmp" 2>&1
2025-05-07 03:05:51 - Réponse brute des métadonnées: {
   "FileSize" : 95526,
   "FileUuid" : "dc5ac8a3-19d2-4815-b9bc-078040b46817",
   "ID" : "892e8101-891e4b24-43c20a0c-cda4e1ee-34cdbb93",
   "IndexInSeries" : 6,
   "Labels" : [],
   "MainDicomTags" : 
   {
      "ImageComments" : "JPEG 2000 lossless - Version 4.0.2 (c) Image Devices GmbH",
      "ImageOrientationPatient" : "1\\0\\0\\0\\1\\0",
      "ImagePositionPatient" : "-151.493508\\-36.6564417\\1292.5",
      "InstanceCreationDate" : "20061012",
      "InstanceCreationTime" : "091607.000000",
      "InstanceNumber" : "6",
      "SOPInstanceUID" : "1.2.826.0.1.3680043.8.1055.1.20111102150759122.72299459.20444569"
   },
   "ParentSeries" : "98d367a5-58eeba8b-f3c2da4b-de7d8f6f-ede53eb2",
   "Type" : "Instance"
}
2025-05-07 03:05:51 - StudyInstanceUID non trouvé dans MainDicomTags, vérification via /studies...
2025-05-07 03:05:51 - Commande dcmdump exécutée: "C:\dcmtk-3.6.9-win64-dynamic\bin\dcmdump.exe" -q +P 0020,000D "C:\xampp\tmp\phpB4F.tmp" 2>&1
2025-05-07 03:05:52 - Sortie de dcmdump: ["(0020,000d) UI [1.2.826.0.1.3680043.8.1055.1.20111102150758591.92402465.76095170] #  64, 1 StudyInstanceUID"]
2025-05-07 03:05:52 - Code de retour de dcmdump: 0
2025-05-07 03:05:52 - StudyInstanceUID récupéré via dcmdump: 1.2.826.0.1.3680043.8.1055.1.20111102150758591.92402465.76095170
2025-05-07 03:05:52 - Détails de l'instance: {
    "FileSize": 95526,
    "FileUuid": "dc5ac8a3-19d2-4815-b9bc-078040b46817",
    "ID": "892e8101-891e4b24-43c20a0c-cda4e1ee-34cdbb93",
    "IndexInSeries": 6,
    "Labels": [],
    "MainDicomTags": {
        "ImageComments": "JPEG 2000 lossless - Version 4.0.2 (c) Image Devices GmbH",
        "ImageOrientationPatient": "1\\0\\0\\0\\1\\0",
        "ImagePositionPatient": "-151.493508\\-36.6564417\\1292.5",
        "InstanceCreationDate": "20061012",
        "InstanceCreationTime": "091607.000000",
        "InstanceNumber": "6",
        "SOPInstanceUID": "1.2.826.0.1.3680043.8.1055.1.20111102150759122.72299459.20444569"
    },
    "ParentSeries": "98d367a5-58eeba8b-f3c2da4b-de7d8f6f-ede53eb2",
    "Type": "Instance"
}
2025-05-07 03:05:52 - Sortie de dcmdump: ["(0020,000d) UI [1.2.826.0.1.3680043.8.1055.1.20111102150758591.92402465.76095170] #  64, 1 StudyInstanceUID"]
2025-05-07 03:05:52 - Code de retour de dcmdump: 0
2025-05-07 03:05:52 - Instance DICOM stockée avec patient_id=2, orthanc_instance_id=892e8101-891e4b24-43c20a0c-cda4e1ee-34cdbb93
2025-05-07 03:05:52 - StudyInstanceUID récupéré via dcmdump: 1.2.826.0.1.3680043.8.1055.1.20111102150758591.92402465.76095170
2025-05-07 03:05:52 - Détails de l'instance: {
    "FileSize": 95526,
    "FileUuid": "dc5ac8a3-19d2-4815-b9bc-078040b46817",
    "ID": "892e8101-891e4b24-43c20a0c-cda4e1ee-34cdbb93",
    "IndexInSeries": 6,
    "Labels": [],
    "MainDicomTags": {
        "ImageComments": "JPEG 2000 lossless - Version 4.0.2 (c) Image Devices GmbH",
        "ImageOrientationPatient": "1\\0\\0\\0\\1\\0",
        "ImagePositionPatient": "-151.493508\\-36.6564417\\1292.5",
        "InstanceCreationDate": "20061012",
        "InstanceCreationTime": "091607.000000",
        "InstanceNumber": "6",
        "SOPInstanceUID": "1.2.826.0.1.3680043.8.1055.1.20111102150759122.72299459.20444569"
    },
    "ParentSeries": "98d367a5-58eeba8b-f3c2da4b-de7d8f6f-ede53eb2",
    "Type": "Instance"
}
2025-05-07 03:05:52 - Instance ID personnalisé appliqué: PATIENT-2-20250507010550
2025-05-07 03:05:53 - Instance DICOM stockée avec patient_id=2, orthanc_instance_id=892e8101-891e4b24-43c20a0c-cda4e1ee-34cdbb93
2025-05-07 03:05:53 - Instance ID personnalisé appliqué: PATIENT-2-20250507010551
2025-05-07 03:06:42 - Début de la requête proxy-orthanc
2025-05-07 03:06:42 - URL Orthanc: http://localhost:8042/instances
2025-05-07 03:06:42 - Méthode HTTP: POST
2025-05-07 03:06:42 - $_FILES: {"file":{"name":"image-00011.dcm","full_path":"image-00011.dcm","type":"application\/octet-stream","tmp_name":"C:\\xampp\\tmp\\phpD519.tmp","error":0,"size":91858}}
2025-05-07 03:06:42 - $_POST: {"patient_id":"3","instance_id":"PATIENT-3-20250507010642"}
2025-05-07 03:06:42 - Patient ID: 3, Instance ID personnalisé: PATIENT-3-20250507010642, Fichier temporaire: C:\xampp\tmp\phpD519.tmp
2025-05-07 03:06:43 - ID Orthanc attribué: f594c062-9b40743f-9a18e6b4-b50b74c6-c147bee8
2025-05-07 03:06:43 - Requête des métadonnées via URL: http://localhost:8042/instances/f594c062-9b40743f-9a18e6b4-b50b74c6-c147bee8
2025-05-07 03:06:43 - Réponse brute des métadonnées: {
   "FileSize" : 91858,
   "FileUuid" : "c8f6c1de-86f1-4255-a71a-ea9a1696b5f9",
   "ID" : "f594c062-9b40743f-9a18e6b4-b50b74c6-c147bee8",
   "IndexInSeries" : 12,
   "Labels" : [],
   "MainDicomTags" : 
   {
      "ImageComments" : "JPEG 2000 lossless - Version 4.0.2 (c) Image Devices GmbH",
      "ImageOrientationPatient" : "1\\0\\0\\0\\1\\0",
      "ImagePositionPatient" : "-151.493508\\-36.6564417\\1289.5",
      "InstanceCreationDate" : "20061012",
      "InstanceCreationTime" : "091609.000000",
      "InstanceNumber" : "12",
      "SOPInstanceUID" : "1.2.826.0.1.3680043.8.1055.1.20111102150759606.51304844.13773673"
   },
   "ParentSeries" : "98d367a5-58eeba8b-f3c2da4b-de7d8f6f-ede53eb2",
   "Type" : "Instance"
}
2025-05-07 03:06:43 - StudyInstanceUID non trouvé dans MainDicomTags, vérification via /studies...
2025-05-07 03:06:43 - Commande dcmdump exécutée: "C:\dcmtk-3.6.9-win64-dynamic\bin\dcmdump.exe" -q +P 0020,000D "C:\xampp\tmp\phpD519.tmp" 2>&1
2025-05-07 03:06:43 - Sortie de dcmdump: ["(0020,000d) UI [1.2.826.0.1.3680043.8.1055.1.20111102150758591.92402465.76095170] #  64, 1 StudyInstanceUID"]
2025-05-07 03:06:43 - Code de retour de dcmdump: 0
2025-05-07 03:06:43 - StudyInstanceUID récupéré via dcmdump: 1.2.826.0.1.3680043.8.1055.1.20111102150758591.92402465.76095170
2025-05-07 03:06:43 - Détails de l'instance: {
    "FileSize": 91858,
    "FileUuid": "c8f6c1de-86f1-4255-a71a-ea9a1696b5f9",
    "ID": "f594c062-9b40743f-9a18e6b4-b50b74c6-c147bee8",
    "IndexInSeries": 12,
    "Labels": [],
    "MainDicomTags": {
        "ImageComments": "JPEG 2000 lossless - Version 4.0.2 (c) Image Devices GmbH",
        "ImageOrientationPatient": "1\\0\\0\\0\\1\\0",
        "ImagePositionPatient": "-151.493508\\-36.6564417\\1289.5",
        "InstanceCreationDate": "20061012",
        "InstanceCreationTime": "091609.000000",
        "InstanceNumber": "12",
        "SOPInstanceUID": "1.2.826.0.1.3680043.8.1055.1.20111102150759606.51304844.13773673"
    },
    "ParentSeries": "98d367a5-58eeba8b-f3c2da4b-de7d8f6f-ede53eb2",
    "Type": "Instance"
}
2025-05-07 03:06:43 - Instance DICOM stockée avec patient_id=3, orthanc_instance_id=f594c062-9b40743f-9a18e6b4-b50b74c6-c147bee8
2025-05-07 03:06:43 - Instance ID personnalisé appliqué: PATIENT-3-20250507010642
2025-05-07 03:07:14 - Début de la requête proxy-orthanc
2025-05-07 03:07:14 - URL Orthanc: http://localhost:8042/instances
2025-05-07 03:07:14 - Méthode HTTP: POST
2025-05-07 03:07:14 - $_FILES: {"file":{"name":"image-00016.dcm","full_path":"image-00016.dcm","type":"application\/octet-stream","tmp_name":"C:\\xampp\\tmp\\php517D.tmp","error":0,"size":98658}}
2025-05-07 03:07:14 - $_POST: {"patient_id":"4","instance_id":"PATIENT-4-20250507010714"}
2025-05-07 03:07:14 - Patient ID: 4, Instance ID personnalisé: PATIENT-4-20250507010714, Fichier temporaire: C:\xampp\tmp\php517D.tmp
2025-05-07 03:07:15 - ID Orthanc attribué: ad3e473b-fd0e16af-3321ff53-b2658b0b-f3dddb44
2025-05-07 03:07:15 - Requête des métadonnées via URL: http://localhost:8042/instances/ad3e473b-fd0e16af-3321ff53-b2658b0b-f3dddb44
2025-05-07 03:07:15 - Réponse brute des métadonnées: {
   "FileSize" : 98658,
   "FileUuid" : "34b26b2b-7b8a-4c50-ba1a-3ad6d2f2b90a",
   "ID" : "ad3e473b-fd0e16af-3321ff53-b2658b0b-f3dddb44",
   "IndexInSeries" : 17,
   "Labels" : [],
   "MainDicomTags" : 
   {
      "ImageComments" : "JPEG 2000 lossless - Version 4.0.2 (c) Image Devices GmbH",
      "ImageOrientationPatient" : "1\\0\\0\\0\\1\\0",
      "ImagePositionPatient" : "-151.493508\\-36.6564417\\1287",
      "InstanceCreationDate" : "20061012",
      "InstanceCreationTime" : "091609.000000",
      "InstanceNumber" : "17",
      "SOPInstanceUID" : "1.2.826.0.1.3680043.8.1055.1.20111102150759950.46608256.66623595"
   },
   "ParentSeries" : "98d367a5-58eeba8b-f3c2da4b-de7d8f6f-ede53eb2",
   "Type" : "Instance"
}
2025-05-07 03:07:15 - StudyInstanceUID non trouvé dans MainDicomTags, vérification via /studies...
2025-05-07 03:07:15 - Commande dcmdump exécutée: "C:\dcmtk-3.6.9-win64-dynamic\bin\dcmdump.exe" -q +P 0020,000D "C:\xampp\tmp\php517D.tmp" 2>&1
2025-05-07 03:07:15 - Sortie de dcmdump: ["(0020,000d) UI [1.2.826.0.1.3680043.8.1055.1.20111102150758591.92402465.76095170] #  64, 1 StudyInstanceUID"]
2025-05-07 03:07:15 - Code de retour de dcmdump: 0
2025-05-07 03:07:15 - StudyInstanceUID récupéré via dcmdump: 1.2.826.0.1.3680043.8.1055.1.20111102150758591.92402465.76095170
2025-05-07 03:07:15 - Détails de l'instance: {
    "FileSize": 98658,
    "FileUuid": "34b26b2b-7b8a-4c50-ba1a-3ad6d2f2b90a",
    "ID": "ad3e473b-fd0e16af-3321ff53-b2658b0b-f3dddb44",
    "IndexInSeries": 17,
    "Labels": [],
    "MainDicomTags": {
        "ImageComments": "JPEG 2000 lossless - Version 4.0.2 (c) Image Devices GmbH",
        "ImageOrientationPatient": "1\\0\\0\\0\\1\\0",
        "ImagePositionPatient": "-151.493508\\-36.6564417\\1287",
        "InstanceCreationDate": "20061012",
        "InstanceCreationTime": "091609.000000",
        "InstanceNumber": "17",
        "SOPInstanceUID": "1.2.826.0.1.3680043.8.1055.1.20111102150759950.46608256.66623595"
    },
    "ParentSeries": "98d367a5-58eeba8b-f3c2da4b-de7d8f6f-ede53eb2",
    "Type": "Instance"
}
2025-05-07 03:07:15 - Instance DICOM stockée avec patient_id=4, orthanc_instance_id=ad3e473b-fd0e16af-3321ff53-b2658b0b-f3dddb44
2025-05-07 03:07:15 - Instance ID personnalisé appliqué: PATIENT-4-20250507010714
2025-05-07 03:07:31 - Début de la requête proxy-orthanc
2025-05-07 03:07:31 - URL Orthanc: http://localhost:8042/instances
2025-05-07 03:07:31 - Méthode HTTP: POST
2025-05-07 03:07:31 - $_FILES: {"file":{"name":"image-00003.dcm","full_path":"image-00003.dcm","type":"application\/octet-stream","tmp_name":"C:\\xampp\\tmp\\php9483.tmp","error":0,"size":91182}}
2025-05-07 03:07:31 - $_POST: {"patient_id":"5","instance_id":"PATIENT-5-20250507010731"}
2025-05-07 03:07:31 - Patient ID: 5, Instance ID personnalisé: PATIENT-5-20250507010731, Fichier temporaire: C:\xampp\tmp\php9483.tmp
2025-05-07 03:07:32 - ID Orthanc attribué: 9a29cba5-68bed7e0-c5c01897-1771d7c8-d3dad7c2
2025-05-07 03:07:32 - Requête des métadonnées via URL: http://localhost:8042/instances/9a29cba5-68bed7e0-c5c01897-1771d7c8-d3dad7c2
2025-05-07 03:07:32 - Réponse brute des métadonnées: {
   "FileSize" : 91182,
   "FileUuid" : "cd1d5e34-7760-4eb3-8a23-4054ec94ab57",
   "ID" : "9a29cba5-68bed7e0-c5c01897-1771d7c8-d3dad7c2",
   "IndexInSeries" : 4,
   "Labels" : [],
   "MainDicomTags" : 
   {
      "ImageComments" : "JPEG 2000 lossless - Version 4.0.2 (c) Image Devices GmbH",
      "ImageOrientationPatient" : "1\\0\\0\\0\\1\\0",
      "ImagePositionPatient" : "-151.493508\\-36.6564417\\1293.5",
      "InstanceCreationDate" : "20061012",
      "InstanceCreationTime" : "091607.000000",
      "InstanceNumber" : "4",
      "SOPInstanceUID" : "1.2.826.0.1.3680043.8.1055.1.20111102150758997.22494556.03019111"
   },
   "ParentSeries" : "98d367a5-58eeba8b-f3c2da4b-de7d8f6f-ede53eb2",
   "Type" : "Instance"
}
2025-05-07 03:07:32 - StudyInstanceUID non trouvé dans MainDicomTags, vérification via /studies...
2025-05-07 03:07:32 - Commande dcmdump exécutée: "C:\dcmtk-3.6.9-win64-dynamic\bin\dcmdump.exe" -q +P 0020,000D "C:\xampp\tmp\php9483.tmp" 2>&1
2025-05-07 03:07:32 - Sortie de dcmdump: ["(0020,000d) UI [1.2.826.0.1.3680043.8.1055.1.20111102150758591.92402465.76095170] #  64, 1 StudyInstanceUID"]
2025-05-07 03:07:32 - Code de retour de dcmdump: 0
2025-05-07 03:07:32 - StudyInstanceUID récupéré via dcmdump: 1.2.826.0.1.3680043.8.1055.1.20111102150758591.92402465.76095170
2025-05-07 03:07:32 - Détails de l'instance: {
    "FileSize": 91182,
    "FileUuid": "cd1d5e34-7760-4eb3-8a23-4054ec94ab57",
    "ID": "9a29cba5-68bed7e0-c5c01897-1771d7c8-d3dad7c2",
    "IndexInSeries": 4,
    "Labels": [],
    "MainDicomTags": {
        "ImageComments": "JPEG 2000 lossless - Version 4.0.2 (c) Image Devices GmbH",
        "ImageOrientationPatient": "1\\0\\0\\0\\1\\0",
        "ImagePositionPatient": "-151.493508\\-36.6564417\\1293.5",
        "InstanceCreationDate": "20061012",
        "InstanceCreationTime": "091607.000000",
        "InstanceNumber": "4",
        "SOPInstanceUID": "1.2.826.0.1.3680043.8.1055.1.20111102150758997.22494556.03019111"
    },
    "ParentSeries": "98d367a5-58eeba8b-f3c2da4b-de7d8f6f-ede53eb2",
    "Type": "Instance"
}
2025-05-07 03:07:32 - Instance DICOM stockée avec patient_id=5, orthanc_instance_id=9a29cba5-68bed7e0-c5c01897-1771d7c8-d3dad7c2
2025-05-07 03:07:32 - Instance ID personnalisé appliqué: PATIENT-5-20250507010731
2025-05-07 04:39:17 - Début de la requête proxy-orthanc
2025-05-07 04:39:17 - URL Orthanc: http://localhost:8042/instances
2025-05-07 04:39:17 - Méthode HTTP: POST
2025-05-07 04:39:17 - $_FILES: {"file":{"name":"image-00008.dcm","full_path":"image-00008.dcm","type":"application\/octet-stream","tmp_name":"C:\\xampp\\tmp\\php9612.tmp","error":0,"size":91754}}
2025-05-07 04:39:17 - $_POST: {"patient_id":"1","instance_id":"PATIENT-1-20250507023917"}
2025-05-07 04:39:17 - Patient ID: 1, Instance ID personnalisé: PATIENT-1-20250507023917, Fichier temporaire: C:\xampp\tmp\php9612.tmp
2025-05-07 04:39:18 - ID Orthanc attribué: 6be8f9b5-0a47915b-56fd8a11-4d94300c-9bfb83c4
2025-05-07 04:39:18 - Requête des métadonnées via URL: http://localhost:8042/instances/6be8f9b5-0a47915b-56fd8a11-4d94300c-9bfb83c4
2025-05-07 04:39:19 - Réponse brute des métadonnées: {
   "FileSize" : 91754,
   "FileUuid" : "f8915ebb-7254-4620-b681-5bb840022e52",
   "ID" : "6be8f9b5-0a47915b-56fd8a11-4d94300c-9bfb83c4",
   "IndexInSeries" : 9,
   "Labels" : [],
   "MainDicomTags" : 
   {
      "ImageComments" : "JPEG 2000 lossless - Version 4.0.2 (c) Image Devices GmbH",
      "ImageOrientationPatient" : "1\\0\\0\\0\\1\\0",
      "ImagePositionPatient" : "-151.493508\\-36.6564417\\1291",
      "InstanceCreationDate" : "20061012",
      "InstanceCreationTime" : "091607.000000",
      "InstanceNumber" : "9",
      "SOPInstanceUID" : "1.2.826.0.1.3680043.8.1055.1.20111102150759341.28598532.00746135"
   },
   "ParentSeries" : "98d367a5-58eeba8b-f3c2da4b-de7d8f6f-ede53eb2",
   "Type" : "Instance"
}
2025-05-07 04:39:19 - StudyInstanceUID non trouvé dans MainDicomTags, vérification via /studies...
2025-05-07 04:39:19 - Commande dcmdump exécutée: "C:\dcmtk-3.6.9-win64-dynamic\bin\dcmdump.exe" -q +P 0020,000D "C:\xampp\tmp\php9612.tmp" 2>&1
2025-05-07 04:39:22 - Sortie de dcmdump: ["(0020,000d) UI [1.2.826.0.1.3680043.8.1055.1.20111102150758591.92402465.76095170] #  64, 1 StudyInstanceUID"]
2025-05-07 04:39:22 - Code de retour de dcmdump: 0
2025-05-07 04:39:22 - StudyInstanceUID récupéré via dcmdump: 1.2.826.0.1.3680043.8.1055.1.20111102150758591.92402465.76095170
2025-05-07 04:39:22 - Détails de l'instance: {
    "FileSize": 91754,
    "FileUuid": "f8915ebb-7254-4620-b681-5bb840022e52",
    "ID": "6be8f9b5-0a47915b-56fd8a11-4d94300c-9bfb83c4",
    "IndexInSeries": 9,
    "Labels": [],
    "MainDicomTags": {
        "ImageComments": "JPEG 2000 lossless - Version 4.0.2 (c) Image Devices GmbH",
        "ImageOrientationPatient": "1\\0\\0\\0\\1\\0",
        "ImagePositionPatient": "-151.493508\\-36.6564417\\1291",
        "InstanceCreationDate": "20061012",
        "InstanceCreationTime": "091607.000000",
        "InstanceNumber": "9",
        "SOPInstanceUID": "1.2.826.0.1.3680043.8.1055.1.20111102150759341.28598532.00746135"
    },
    "ParentSeries": "98d367a5-58eeba8b-f3c2da4b-de7d8f6f-ede53eb2",
    "Type": "Instance"
}
2025-05-07 04:39:22 - Instance DICOM stockée avec patient_id=1, orthanc_instance_id=6be8f9b5-0a47915b-56fd8a11-4d94300c-9bfb83c4
2025-05-07 04:39:22 - Instance ID personnalisé appliqué: PATIENT-1-20250507023917
2025-05-07 13:33:25 - Début de la requête proxy-orthanc
2025-05-07 13:33:25 - URL Orthanc: http://localhost:8042/instances
2025-05-07 13:33:25 - Méthode HTTP: POST
2025-05-07 13:33:25 - $_FILES: {"file":{"name":"image-00009.dcm","full_path":"image-00009.dcm","type":"application\/octet-stream","tmp_name":"C:\\xampp\\tmp\\php9770.tmp","error":0,"size":91658}}
2025-05-07 13:33:25 - $_POST: {"patient_id":"2","instance_id":"PATIENT-2-20250507113324"}
2025-05-07 13:33:25 - Patient ID: 2, Instance ID personnalisé: PATIENT-2-20250507113324, Fichier temporaire: C:\xampp\tmp\php9770.tmp
2025-05-07 13:33:31 - Début de la requête proxy-orthanc
2025-05-07 13:33:31 - URL Orthanc: http://localhost:8042/instances
2025-05-07 13:33:31 - Méthode HTTP: POST
2025-05-07 13:33:31 - $_FILES: {"file":{"name":"image-00009.dcm","full_path":"image-00009.dcm","type":"application\/octet-stream","tmp_name":"C:\\xampp\\tmp\\phpB29A.tmp","error":0,"size":91658}}
2025-05-07 13:33:31 - $_POST: {"patient_id":"2","instance_id":"PATIENT-2-20250507113331"}
2025-05-07 13:33:31 - Patient ID: 2, Instance ID personnalisé: PATIENT-2-20250507113331, Fichier temporaire: C:\xampp\tmp\phpB29A.tmp
2025-05-07 13:33:32 - ID Orthanc attribué: 9ec8fbb6-b5b6bf94-16950f4b-184a8d6e-21c21abd
2025-05-07 13:33:32 - Requête des métadonnées via URL: http://localhost:8042/instances/9ec8fbb6-b5b6bf94-16950f4b-184a8d6e-21c21abd
2025-05-07 13:33:33 - Réponse brute des métadonnées: {
   "FileSize" : 91658,
   "FileUuid" : "629ffd2b-273d-46b9-9dc0-23ddcea2d046",
   "ID" : "9ec8fbb6-b5b6bf94-16950f4b-184a8d6e-21c21abd",
   "IndexInSeries" : 10,
   "Labels" : [],
   "MainDicomTags" : 
   {
      "ImageComments" : "JPEG 2000 lossless - Version 4.0.2 (c) Image Devices GmbH",
      "ImageOrientationPatient" : "1\\0\\0\\0\\1\\0",
      "ImagePositionPatient" : "-151.493508\\-36.6564417\\1290.5",
      "InstanceCreationDate" : "20061012",
      "InstanceCreationTime" : "091607.000000",
      "InstanceNumber" : "10",
      "SOPInstanceUID" : "1.2.826.0.1.3680043.8.1055.1.20111102150759419.98760783.75639221"
   },
   "ParentSeries" : "98d367a5-58eeba8b-f3c2da4b-de7d8f6f-ede53eb2",
   "Type" : "Instance"
}
2025-05-07 13:33:33 - StudyInstanceUID non trouvé dans MainDicomTags, vérification via /studies...
2025-05-07 13:33:34 - Commande dcmdump exécutée: "C:\dcmtk-3.6.9-win64-dynamic\bin\dcmdump.exe" -q +P 0020,000D "C:\xampp\tmp\php9770.tmp" 2>&1
2025-05-07 13:33:34 - ID Orthanc attribué: 9ec8fbb6-b5b6bf94-16950f4b-184a8d6e-21c21abd
2025-05-07 13:33:34 - Requête des métadonnées via URL: http://localhost:8042/instances/9ec8fbb6-b5b6bf94-16950f4b-184a8d6e-21c21abd
2025-05-07 13:33:34 - Réponse brute des métadonnées: {
   "FileSize" : 91658,
   "FileUuid" : "629ffd2b-273d-46b9-9dc0-23ddcea2d046",
   "ID" : "9ec8fbb6-b5b6bf94-16950f4b-184a8d6e-21c21abd",
   "IndexInSeries" : 10,
   "Labels" : [],
   "MainDicomTags" : 
   {
      "ImageComments" : "JPEG 2000 lossless - Version 4.0.2 (c) Image Devices GmbH",
      "ImageOrientationPatient" : "1\\0\\0\\0\\1\\0",
      "ImagePositionPatient" : "-151.493508\\-36.6564417\\1290.5",
      "InstanceCreationDate" : "20061012",
      "InstanceCreationTime" : "091607.000000",
      "InstanceNumber" : "10",
      "SOPInstanceUID" : "1.2.826.0.1.3680043.8.1055.1.20111102150759419.98760783.75639221"
   },
   "ParentSeries" : "98d367a5-58eeba8b-f3c2da4b-de7d8f6f-ede53eb2",
   "Type" : "Instance"
}
2025-05-07 13:33:34 - StudyInstanceUID non trouvé dans MainDicomTags, vérification via /studies...
2025-05-07 13:33:34 - Commande dcmdump exécutée: "C:\dcmtk-3.6.9-win64-dynamic\bin\dcmdump.exe" -q +P 0020,000D "C:\xampp\tmp\phpB29A.tmp" 2>&1
2025-05-07 13:33:39 - Sortie de dcmdump: ["(0020,000d) UI [1.2.826.0.1.3680043.8.1055.1.20111102150758591.92402465.76095170] #  64, 1 StudyInstanceUID"]
2025-05-07 13:33:39 - Code de retour de dcmdump: 0
2025-05-07 13:33:39 - StudyInstanceUID récupéré via dcmdump: 1.2.826.0.1.3680043.8.1055.1.20111102150758591.92402465.76095170
2025-05-07 13:33:39 - Détails de l'instance: {
    "FileSize": 91658,
    "FileUuid": "629ffd2b-273d-46b9-9dc0-23ddcea2d046",
    "ID": "9ec8fbb6-b5b6bf94-16950f4b-184a8d6e-21c21abd",
    "IndexInSeries": 10,
    "Labels": [],
    "MainDicomTags": {
        "ImageComments": "JPEG 2000 lossless - Version 4.0.2 (c) Image Devices GmbH",
        "ImageOrientationPatient": "1\\0\\0\\0\\1\\0",
        "ImagePositionPatient": "-151.493508\\-36.6564417\\1290.5",
        "InstanceCreationDate": "20061012",
        "InstanceCreationTime": "091607.000000",
        "InstanceNumber": "10",
        "SOPInstanceUID": "1.2.826.0.1.3680043.8.1055.1.20111102150759419.98760783.75639221"
    },
    "ParentSeries": "98d367a5-58eeba8b-f3c2da4b-de7d8f6f-ede53eb2",
    "Type": "Instance"
}
2025-05-07 13:33:39 - Sortie de dcmdump: ["(0020,000d) UI [1.2.826.0.1.3680043.8.1055.1.20111102150758591.92402465.76095170] #  64, 1 StudyInstanceUID"]
2025-05-07 13:33:39 - Code de retour de dcmdump: 0
2025-05-07 13:33:39 - StudyInstanceUID récupéré via dcmdump: 1.2.826.0.1.3680043.8.1055.1.20111102150758591.92402465.76095170
2025-05-07 13:33:39 - Détails de l'instance: {
    "FileSize": 91658,
    "FileUuid": "629ffd2b-273d-46b9-9dc0-23ddcea2d046",
    "ID": "9ec8fbb6-b5b6bf94-16950f4b-184a8d6e-21c21abd",
    "IndexInSeries": 10,
    "Labels": [],
    "MainDicomTags": {
        "ImageComments": "JPEG 2000 lossless - Version 4.0.2 (c) Image Devices GmbH",
        "ImageOrientationPatient": "1\\0\\0\\0\\1\\0",
        "ImagePositionPatient": "-151.493508\\-36.6564417\\1290.5",
        "InstanceCreationDate": "20061012",
        "InstanceCreationTime": "091607.000000",
        "InstanceNumber": "10",
        "SOPInstanceUID": "1.2.826.0.1.3680043.8.1055.1.20111102150759419.98760783.75639221"
    },
    "ParentSeries": "98d367a5-58eeba8b-f3c2da4b-de7d8f6f-ede53eb2",
    "Type": "Instance"
}
2025-05-07 13:33:39 - Début de la requête proxy-orthanc
2025-05-07 13:33:40 - URL Orthanc: http://localhost:8042/instances
2025-05-07 13:33:40 - Méthode HTTP: POST
2025-05-07 13:33:40 - $_FILES: {"file":{"name":"image-00009.dcm","full_path":"image-00009.dcm","type":"application\/octet-stream","tmp_name":"C:\\xampp\\tmp\\phpD054.tmp","error":0,"size":91658}}
2025-05-07 13:33:40 - $_POST: {"patient_id":"2","instance_id":"PATIENT-2-20250507113336"}
2025-05-07 13:33:40 - Patient ID: 2, Instance ID personnalisé: PATIENT-2-20250507113336, Fichier temporaire: C:\xampp\tmp\phpD054.tmp
2025-05-07 13:33:41 - Instance DICOM stockée avec patient_id=2, orthanc_instance_id=9ec8fbb6-b5b6bf94-16950f4b-184a8d6e-21c21abd
2025-05-07 13:33:41 - Instance DICOM stockée avec patient_id=2, orthanc_instance_id=9ec8fbb6-b5b6bf94-16950f4b-184a8d6e-21c21abd
2025-05-07 13:33:41 - Début de la requête proxy-orthanc
2025-05-07 13:33:41 - URL Orthanc: http://localhost:8042/instances
2025-05-07 13:33:41 - Méthode HTTP: POST
2025-05-07 13:33:41 - $_FILES: {"file":{"name":"image-00009.dcm","full_path":"image-00009.dcm","type":"application\/octet-stream","tmp_name":"C:\\xampp\\tmp\\phpD3B1.tmp","error":0,"size":91658}}
2025-05-07 13:33:41 - $_POST: {"patient_id":"2","instance_id":"PATIENT-2-20250507113338"}
2025-05-07 13:33:41 - Patient ID: 2, Instance ID personnalisé: PATIENT-2-20250507113338, Fichier temporaire: C:\xampp\tmp\phpD3B1.tmp
2025-05-07 13:33:42 - Début de la requête proxy-orthanc
2025-05-07 13:33:42 - URL Orthanc: http://localhost:8042/instances
2025-05-07 13:33:42 - Méthode HTTP: POST
2025-05-07 13:33:42 - $_FILES: {"file":{"name":"image-00009.dcm","full_path":"image-00009.dcm","type":"application\/octet-stream","tmp_name":"C:\\xampp\\tmp\\phpDA1A.tmp","error":0,"size":91658}}
2025-05-07 13:33:42 - $_POST: {"patient_id":"2","instance_id":"PATIENT-2-20250507113340"}
2025-05-07 13:33:42 - Patient ID: 2, Instance ID personnalisé: PATIENT-2-20250507113340, Fichier temporaire: C:\xampp\tmp\phpDA1A.tmp
2025-05-07 13:33:42 - ID Orthanc attribué: 9ec8fbb6-b5b6bf94-16950f4b-184a8d6e-21c21abd
2025-05-07 13:33:42 - Requête des métadonnées via URL: http://localhost:8042/instances/9ec8fbb6-b5b6bf94-16950f4b-184a8d6e-21c21abd
2025-05-07 13:33:42 - Instance ID personnalisé appliqué: PATIENT-2-20250507113324
2025-05-07 13:33:42 - Début de la requête proxy-orthanc
2025-05-07 13:33:42 - URL Orthanc: http://localhost:8042/instances
2025-05-07 13:33:42 - Méthode HTTP: POST
2025-05-07 13:33:42 - $_FILES: {"file":{"name":"image-00009.dcm","full_path":"image-00009.dcm","type":"application\/octet-stream","tmp_name":"C:\\xampp\\tmp\\phpDE81.tmp","error":0,"size":91658}}
2025-05-07 13:33:42 - $_POST: {"patient_id":"2","instance_id":"PATIENT-2-20250507113341"}
2025-05-07 13:33:42 - Patient ID: 2, Instance ID personnalisé: PATIENT-2-20250507113341, Fichier temporaire: C:\xampp\tmp\phpDE81.tmp
2025-05-07 13:33:43 - Instance ID personnalisé appliqué: PATIENT-2-20250507113331
2025-05-07 13:33:43 - Début de la requête proxy-orthanc
2025-05-07 13:33:43 - URL Orthanc: http://localhost:8042/instances
2025-05-07 13:33:43 - Méthode HTTP: POST
2025-05-07 13:33:43 - $_FILES: {"file":{"name":"image-00009.dcm","full_path":"image-00009.dcm","type":"application\/octet-stream","tmp_name":"C:\\xampp\\tmp\\phpDF7C.tmp","error":0,"size":91658}}
2025-05-07 13:33:43 - $_POST: {"patient_id":"2","instance_id":"PATIENT-2-20250507113341"}
2025-05-07 13:33:43 - Patient ID: 2, Instance ID personnalisé: PATIENT-2-20250507113341, Fichier temporaire: C:\xampp\tmp\phpDF7C.tmp
2025-05-07 13:33:43 - Début de la requête proxy-orthanc
2025-05-07 13:33:43 - URL Orthanc: http://localhost:8042/instances
2025-05-07 13:33:43 - Méthode HTTP: POST
2025-05-07 13:33:43 - $_FILES: {"file":{"name":"image-00009.dcm","full_path":"image-00009.dcm","type":"application\/octet-stream","tmp_name":"C:\\xampp\\tmp\\phpDD09.tmp","error":0,"size":91658}}
2025-05-07 13:33:43 - $_POST: {"patient_id":"2","instance_id":"PATIENT-2-20250507113341"}
2025-05-07 13:33:43 - Patient ID: 2, Instance ID personnalisé: PATIENT-2-20250507113341, Fichier temporaire: C:\xampp\tmp\phpDD09.tmp
2025-05-07 13:33:43 - Réponse brute des métadonnées: {
   "FileSize" : 91658,
   "FileUuid" : "629ffd2b-273d-46b9-9dc0-23ddcea2d046",
   "ID" : "9ec8fbb6-b5b6bf94-16950f4b-184a8d6e-21c21abd",
   "IndexInSeries" : 10,
   "Labels" : [],
   "MainDicomTags" : 
   {
      "ImageComments" : "JPEG 2000 lossless - Version 4.0.2 (c) Image Devices GmbH",
      "ImageOrientationPatient" : "1\\0\\0\\0\\1\\0",
      "ImagePositionPatient" : "-151.493508\\-36.6564417\\1290.5",
      "InstanceCreationDate" : "20061012",
      "InstanceCreationTime" : "091607.000000",
      "InstanceNumber" : "10",
      "SOPInstanceUID" : "1.2.826.0.1.3680043.8.1055.1.20111102150759419.98760783.75639221"
   },
   "ParentSeries" : "98d367a5-58eeba8b-f3c2da4b-de7d8f6f-ede53eb2",
   "Type" : "Instance"
}
2025-05-07 13:33:43 - StudyInstanceUID non trouvé dans MainDicomTags, vérification via /studies...
2025-05-07 13:33:43 - Commande dcmdump exécutée: "C:\dcmtk-3.6.9-win64-dynamic\bin\dcmdump.exe" -q +P 0020,000D "C:\xampp\tmp\phpD054.tmp" 2>&1
2025-05-07 13:33:44 - Sortie de dcmdump: ["(0020,000d) UI [1.2.826.0.1.3680043.8.1055.1.20111102150758591.92402465.76095170] #  64, 1 StudyInstanceUID"]
2025-05-07 13:33:44 - Code de retour de dcmdump: 0
2025-05-07 13:33:44 - StudyInstanceUID récupéré via dcmdump: 1.2.826.0.1.3680043.8.1055.1.20111102150758591.92402465.76095170
2025-05-07 13:33:44 - Détails de l'instance: {
    "FileSize": 91658,
    "FileUuid": "629ffd2b-273d-46b9-9dc0-23ddcea2d046",
    "ID": "9ec8fbb6-b5b6bf94-16950f4b-184a8d6e-21c21abd",
    "IndexInSeries": 10,
    "Labels": [],
    "MainDicomTags": {
        "ImageComments": "JPEG 2000 lossless - Version 4.0.2 (c) Image Devices GmbH",
        "ImageOrientationPatient": "1\\0\\0\\0\\1\\0",
        "ImagePositionPatient": "-151.493508\\-36.6564417\\1290.5",
        "InstanceCreationDate": "20061012",
        "InstanceCreationTime": "091607.000000",
        "InstanceNumber": "10",
        "SOPInstanceUID": "1.2.826.0.1.3680043.8.1055.1.20111102150759419.98760783.75639221"
    },
    "ParentSeries": "98d367a5-58eeba8b-f3c2da4b-de7d8f6f-ede53eb2",
    "Type": "Instance"
}
2025-05-07 13:33:44 - Instance DICOM stockée avec patient_id=2, orthanc_instance_id=9ec8fbb6-b5b6bf94-16950f4b-184a8d6e-21c21abd
2025-05-07 13:33:45 - ID Orthanc attribué: 9ec8fbb6-b5b6bf94-16950f4b-184a8d6e-21c21abd
2025-05-07 13:33:45 - Requête des métadonnées via URL: http://localhost:8042/instances/9ec8fbb6-b5b6bf94-16950f4b-184a8d6e-21c21abd
2025-05-07 13:33:45 - Instance ID personnalisé appliqué: PATIENT-2-20250507113336
2025-05-07 13:33:45 - Début de la requête proxy-orthanc
2025-05-07 13:33:45 - URL Orthanc: http://localhost:8042/instances
2025-05-07 13:33:45 - Méthode HTTP: POST
2025-05-07 13:33:45 - $_FILES: {"file":{"name":"image-00009.dcm","full_path":"image-00009.dcm","type":"application\/octet-stream","tmp_name":"C:\\xampp\\tmp\\phpE7F9.tmp","error":0,"size":91658}}
2025-05-07 13:33:45 - $_POST: {"patient_id":"2","instance_id":"PATIENT-2-20250507113342"}
2025-05-07 13:33:45 - Patient ID: 2, Instance ID personnalisé: PATIENT-2-20250507113342, Fichier temporaire: C:\xampp\tmp\phpE7F9.tmp
2025-05-07 13:33:45 - ID Orthanc attribué: 9ec8fbb6-b5b6bf94-16950f4b-184a8d6e-21c21abd
2025-05-07 13:33:45 - Requête des métadonnées via URL: http://localhost:8042/instances/9ec8fbb6-b5b6bf94-16950f4b-184a8d6e-21c21abd
2025-05-07 13:33:45 - ID Orthanc attribué: 9ec8fbb6-b5b6bf94-16950f4b-184a8d6e-21c21abd
2025-05-07 13:33:45 - Requête des métadonnées via URL: http://localhost:8042/instances/9ec8fbb6-b5b6bf94-16950f4b-184a8d6e-21c21abd
2025-05-07 13:33:45 - Réponse brute des métadonnées: {
   "FileSize" : 91658,
   "FileUuid" : "629ffd2b-273d-46b9-9dc0-23ddcea2d046",
   "ID" : "9ec8fbb6-b5b6bf94-16950f4b-184a8d6e-21c21abd",
   "IndexInSeries" : 10,
   "Labels" : [],
   "MainDicomTags" : 
   {
      "ImageComments" : "JPEG 2000 lossless - Version 4.0.2 (c) Image Devices GmbH",
      "ImageOrientationPatient" : "1\\0\\0\\0\\1\\0",
      "ImagePositionPatient" : "-151.493508\\-36.6564417\\1290.5",
      "InstanceCreationDate" : "20061012",
      "InstanceCreationTime" : "091607.000000",
      "InstanceNumber" : "10",
      "SOPInstanceUID" : "1.2.826.0.1.3680043.8.1055.1.20111102150759419.98760783.75639221"
   },
   "ParentSeries" : "98d367a5-58eeba8b-f3c2da4b-de7d8f6f-ede53eb2",
   "Type" : "Instance"
}
2025-05-07 13:33:45 - StudyInstanceUID non trouvé dans MainDicomTags, vérification via /studies...
2025-05-07 13:33:45 - Commande dcmdump exécutée: "C:\dcmtk-3.6.9-win64-dynamic\bin\dcmdump.exe" -q +P 0020,000D "C:\xampp\tmp\phpD3B1.tmp" 2>&1
2025-05-07 13:33:45 - Sortie de dcmdump: ["(0020,000d) UI [1.2.826.0.1.3680043.8.1055.1.20111102150758591.92402465.76095170] #  64, 1 StudyInstanceUID"]
2025-05-07 13:33:45 - Code de retour de dcmdump: 0
2025-05-07 13:33:45 - ID Orthanc attribué: 9ec8fbb6-b5b6bf94-16950f4b-184a8d6e-21c21abd
2025-05-07 13:33:45 - Requête des métadonnées via URL: http://localhost:8042/instances/9ec8fbb6-b5b6bf94-16950f4b-184a8d6e-21c21abd
2025-05-07 13:33:45 - Réponse brute des métadonnées: {
   "FileSize" : 91658,
   "FileUuid" : "629ffd2b-273d-46b9-9dc0-23ddcea2d046",
   "ID" : "9ec8fbb6-b5b6bf94-16950f4b-184a8d6e-21c21abd",
   "IndexInSeries" : 10,
   "Labels" : [],
   "MainDicomTags" : 
   {
      "ImageComments" : "JPEG 2000 lossless - Version 4.0.2 (c) Image Devices GmbH",
      "ImageOrientationPatient" : "1\\0\\0\\0\\1\\0",
      "ImagePositionPatient" : "-151.493508\\-36.6564417\\1290.5",
      "InstanceCreationDate" : "20061012",
      "InstanceCreationTime" : "091607.000000",
      "InstanceNumber" : "10",
      "SOPInstanceUID" : "1.2.826.0.1.3680043.8.1055.1.20111102150759419.98760783.75639221"
   },
   "ParentSeries" : "98d367a5-58eeba8b-f3c2da4b-de7d8f6f-ede53eb2",
   "Type" : "Instance"
}
2025-05-07 13:33:45 - StudyInstanceUID non trouvé dans MainDicomTags, vérification via /studies...
2025-05-07 13:33:45 - Commande dcmdump exécutée: "C:\dcmtk-3.6.9-win64-dynamic\bin\dcmdump.exe" -q +P 0020,000D "C:\xampp\tmp\phpDE81.tmp" 2>&1
2025-05-07 13:33:45 - ID Orthanc attribué: 9ec8fbb6-b5b6bf94-16950f4b-184a8d6e-21c21abd
2025-05-07 13:33:45 - Requête des métadonnées via URL: http://localhost:8042/instances/9ec8fbb6-b5b6bf94-16950f4b-184a8d6e-21c21abd
2025-05-07 13:33:45 - Réponse brute des métadonnées: {
   "FileSize" : 91658,
   "FileUuid" : "629ffd2b-273d-46b9-9dc0-23ddcea2d046",
   "ID" : "9ec8fbb6-b5b6bf94-16950f4b-184a8d6e-21c21abd",
   "IndexInSeries" : 10,
   "Labels" : [],
   "MainDicomTags" : 
   {
      "ImageComments" : "JPEG 2000 lossless - Version 4.0.2 (c) Image Devices GmbH",
      "ImageOrientationPatient" : "1\\0\\0\\0\\1\\0",
      "ImagePositionPatient" : "-151.493508\\-36.6564417\\1290.5",
      "InstanceCreationDate" : "20061012",
      "InstanceCreationTime" : "091607.000000",
      "InstanceNumber" : "10",
      "SOPInstanceUID" : "1.2.826.0.1.3680043.8.1055.1.20111102150759419.98760783.75639221"
   },
   "ParentSeries" : "98d367a5-58eeba8b-f3c2da4b-de7d8f6f-ede53eb2",
   "Type" : "Instance"
}
2025-05-07 13:33:46 - StudyInstanceUID non trouvé dans MainDicomTags, vérification via /studies...
2025-05-07 13:33:46 - Commande dcmdump exécutée: "C:\dcmtk-3.6.9-win64-dynamic\bin\dcmdump.exe" -q +P 0020,000D "C:\xampp\tmp\phpDD09.tmp" 2>&1
2025-05-07 13:33:46 - Sortie de dcmdump: ["(0020,000d) UI [1.2.826.0.1.3680043.8.1055.1.20111102150758591.92402465.76095170] #  64, 1 StudyInstanceUID"]
2025-05-07 13:33:46 - Code de retour de dcmdump: 0
2025-05-07 13:33:46 - StudyInstanceUID récupéré via dcmdump: 1.2.826.0.1.3680043.8.1055.1.20111102150758591.92402465.76095170
2025-05-07 13:33:46 - Détails de l'instance: {
    "FileSize": 91658,
    "FileUuid": "629ffd2b-273d-46b9-9dc0-23ddcea2d046",
    "ID": "9ec8fbb6-b5b6bf94-16950f4b-184a8d6e-21c21abd",
    "IndexInSeries": 10,
    "Labels": [],
    "MainDicomTags": {
        "ImageComments": "JPEG 2000 lossless - Version 4.0.2 (c) Image Devices GmbH",
        "ImageOrientationPatient": "1\\0\\0\\0\\1\\0",
        "ImagePositionPatient": "-151.493508\\-36.6564417\\1290.5",
        "InstanceCreationDate": "20061012",
        "InstanceCreationTime": "091607.000000",
        "InstanceNumber": "10",
        "SOPInstanceUID": "1.2.826.0.1.3680043.8.1055.1.20111102150759419.98760783.75639221"
    },
    "ParentSeries": "98d367a5-58eeba8b-f3c2da4b-de7d8f6f-ede53eb2",
    "Type": "Instance"
}
2025-05-07 13:33:46 - Réponse brute des métadonnées: {
   "FileSize" : 91658,
   "FileUuid" : "629ffd2b-273d-46b9-9dc0-23ddcea2d046",
   "ID" : "9ec8fbb6-b5b6bf94-16950f4b-184a8d6e-21c21abd",
   "IndexInSeries" : 10,
   "Labels" : [],
   "MainDicomTags" : 
   {
      "ImageComments" : "JPEG 2000 lossless - Version 4.0.2 (c) Image Devices GmbH",
      "ImageOrientationPatient" : "1\\0\\0\\0\\1\\0",
      "ImagePositionPatient" : "-151.493508\\-36.6564417\\1290.5",
      "InstanceCreationDate" : "20061012",
      "InstanceCreationTime" : "091607.000000",
      "InstanceNumber" : "10",
      "SOPInstanceUID" : "1.2.826.0.1.3680043.8.1055.1.20111102150759419.98760783.75639221"
   },
   "ParentSeries" : "98d367a5-58eeba8b-f3c2da4b-de7d8f6f-ede53eb2",
   "Type" : "Instance"
}
2025-05-07 13:33:46 - StudyInstanceUID non trouvé dans MainDicomTags, vérification via /studies...
2025-05-07 13:33:46 - Commande dcmdump exécutée: "C:\dcmtk-3.6.9-win64-dynamic\bin\dcmdump.exe" -q +P 0020,000D "C:\xampp\tmp\phpDF7C.tmp" 2>&1
2025-05-07 13:33:46 - StudyInstanceUID récupéré via dcmdump: 1.2.826.0.1.3680043.8.1055.1.20111102150758591.92402465.76095170
2025-05-07 13:33:46 - Détails de l'instance: {
    "FileSize": 91658,
    "FileUuid": "629ffd2b-273d-46b9-9dc0-23ddcea2d046",
    "ID": "9ec8fbb6-b5b6bf94-16950f4b-184a8d6e-21c21abd",
    "IndexInSeries": 10,
    "Labels": [],
    "MainDicomTags": {
        "ImageComments": "JPEG 2000 lossless - Version 4.0.2 (c) Image Devices GmbH",
        "ImageOrientationPatient": "1\\0\\0\\0\\1\\0",
        "ImagePositionPatient": "-151.493508\\-36.6564417\\1290.5",
        "InstanceCreationDate": "20061012",
        "InstanceCreationTime": "091607.000000",
        "InstanceNumber": "10",
        "SOPInstanceUID": "1.2.826.0.1.3680043.8.1055.1.20111102150759419.98760783.75639221"
    },
    "ParentSeries": "98d367a5-58eeba8b-f3c2da4b-de7d8f6f-ede53eb2",
    "Type": "Instance"
}
2025-05-07 13:33:46 - Sortie de dcmdump: ["(0020,000d) UI [1.2.826.0.1.3680043.8.1055.1.20111102150758591.92402465.76095170] #  64, 1 StudyInstanceUID"]
2025-05-07 13:33:46 - Code de retour de dcmdump: 0
2025-05-07 13:33:46 - StudyInstanceUID récupéré via dcmdump: 1.2.826.0.1.3680043.8.1055.1.20111102150758591.92402465.76095170
2025-05-07 13:33:46 - Détails de l'instance: {
    "FileSize": 91658,
    "FileUuid": "629ffd2b-273d-46b9-9dc0-23ddcea2d046",
    "ID": "9ec8fbb6-b5b6bf94-16950f4b-184a8d6e-21c21abd",
    "IndexInSeries": 10,
    "Labels": [],
    "MainDicomTags": {
        "ImageComments": "JPEG 2000 lossless - Version 4.0.2 (c) Image Devices GmbH",
        "ImageOrientationPatient": "1\\0\\0\\0\\1\\0",
        "ImagePositionPatient": "-151.493508\\-36.6564417\\1290.5",
        "InstanceCreationDate": "20061012",
        "InstanceCreationTime": "091607.000000",
        "InstanceNumber": "10",
        "SOPInstanceUID": "1.2.826.0.1.3680043.8.1055.1.20111102150759419.98760783.75639221"
    },
    "ParentSeries": "98d367a5-58eeba8b-f3c2da4b-de7d8f6f-ede53eb2",
    "Type": "Instance"
}
2025-05-07 13:33:46 - Réponse brute des métadonnées: {
   "FileSize" : 91658,
   "FileUuid" : "629ffd2b-273d-46b9-9dc0-23ddcea2d046",
   "ID" : "9ec8fbb6-b5b6bf94-16950f4b-184a8d6e-21c21abd",
   "IndexInSeries" : 10,
   "Labels" : [],
   "MainDicomTags" : 
   {
      "ImageComments" : "JPEG 2000 lossless - Version 4.0.2 (c) Image Devices GmbH",
      "ImageOrientationPatient" : "1\\0\\0\\0\\1\\0",
      "ImagePositionPatient" : "-151.493508\\-36.6564417\\1290.5",
      "InstanceCreationDate" : "20061012",
      "InstanceCreationTime" : "091607.000000",
      "InstanceNumber" : "10",
      "SOPInstanceUID" : "1.2.826.0.1.3680043.8.1055.1.20111102150759419.98760783.75639221"
   },
   "ParentSeries" : "98d367a5-58eeba8b-f3c2da4b-de7d8f6f-ede53eb2",
   "Type" : "Instance"
}
2025-05-07 13:33:46 - StudyInstanceUID non trouvé dans MainDicomTags, vérification via /studies...
2025-05-07 13:33:46 - Commande dcmdump exécutée: "C:\dcmtk-3.6.9-win64-dynamic\bin\dcmdump.exe" -q +P 0020,000D "C:\xampp\tmp\phpDA1A.tmp" 2>&1
2025-05-07 13:33:46 - Sortie de dcmdump: ["(0020,000d) UI [1.2.826.0.1.3680043.8.1055.1.20111102150758591.92402465.76095170] #  64, 1 StudyInstanceUID"]
2025-05-07 13:33:46 - Code de retour de dcmdump: 0
2025-05-07 13:33:46 - StudyInstanceUID récupéré via dcmdump: 1.2.826.0.1.3680043.8.1055.1.20111102150758591.92402465.76095170
2025-05-07 13:33:46 - Détails de l'instance: {
    "FileSize": 91658,
    "FileUuid": "629ffd2b-273d-46b9-9dc0-23ddcea2d046",
    "ID": "9ec8fbb6-b5b6bf94-16950f4b-184a8d6e-21c21abd",
    "IndexInSeries": 10,
    "Labels": [],
    "MainDicomTags": {
        "ImageComments": "JPEG 2000 lossless - Version 4.0.2 (c) Image Devices GmbH",
        "ImageOrientationPatient": "1\\0\\0\\0\\1\\0",
        "ImagePositionPatient": "-151.493508\\-36.6564417\\1290.5",
        "InstanceCreationDate": "20061012",
        "InstanceCreationTime": "091607.000000",
        "InstanceNumber": "10",
        "SOPInstanceUID": "1.2.826.0.1.3680043.8.1055.1.20111102150759419.98760783.75639221"
    },
    "ParentSeries": "98d367a5-58eeba8b-f3c2da4b-de7d8f6f-ede53eb2",
    "Type": "Instance"
}
2025-05-07 13:33:46 - ID Orthanc attribué: 9ec8fbb6-b5b6bf94-16950f4b-184a8d6e-21c21abd
2025-05-07 13:33:46 - Requête des métadonnées via URL: http://localhost:8042/instances/9ec8fbb6-b5b6bf94-16950f4b-184a8d6e-21c21abd
2025-05-07 13:33:46 - Sortie de dcmdump: ["(0020,000d) UI [1.2.826.0.1.3680043.8.1055.1.20111102150758591.92402465.76095170] #  64, 1 StudyInstanceUID"]
2025-05-07 13:33:46 - Code de retour de dcmdump: 0
2025-05-07 13:33:46 - StudyInstanceUID récupéré via dcmdump: 1.2.826.0.1.3680043.8.1055.1.20111102150758591.92402465.76095170
2025-05-07 13:33:46 - Détails de l'instance: {
    "FileSize": 91658,
    "FileUuid": "629ffd2b-273d-46b9-9dc0-23ddcea2d046",
    "ID": "9ec8fbb6-b5b6bf94-16950f4b-184a8d6e-21c21abd",
    "IndexInSeries": 10,
    "Labels": [],
    "MainDicomTags": {
        "ImageComments": "JPEG 2000 lossless - Version 4.0.2 (c) Image Devices GmbH",
        "ImageOrientationPatient": "1\\0\\0\\0\\1\\0",
        "ImagePositionPatient": "-151.493508\\-36.6564417\\1290.5",
        "InstanceCreationDate": "20061012",
        "InstanceCreationTime": "091607.000000",
        "InstanceNumber": "10",
        "SOPInstanceUID": "1.2.826.0.1.3680043.8.1055.1.20111102150759419.98760783.75639221"
    },
    "ParentSeries": "98d367a5-58eeba8b-f3c2da4b-de7d8f6f-ede53eb2",
    "Type": "Instance"
}
2025-05-07 13:33:46 - Instance DICOM stockée avec patient_id=2, orthanc_instance_id=9ec8fbb6-b5b6bf94-16950f4b-184a8d6e-21c21abd
2025-05-07 13:33:46 - Instance DICOM stockée avec patient_id=2, orthanc_instance_id=9ec8fbb6-b5b6bf94-16950f4b-184a8d6e-21c21abd
2025-05-07 13:33:47 - Instance DICOM stockée avec patient_id=2, orthanc_instance_id=9ec8fbb6-b5b6bf94-16950f4b-184a8d6e-21c21abd
2025-05-07 13:33:47 - Réponse brute des métadonnées: {
   "FileSize" : 91658,
   "FileUuid" : "629ffd2b-273d-46b9-9dc0-23ddcea2d046",
   "ID" : "9ec8fbb6-b5b6bf94-16950f4b-184a8d6e-21c21abd",
   "IndexInSeries" : 10,
   "Labels" : [],
   "MainDicomTags" : 
   {
      "ImageComments" : "JPEG 2000 lossless - Version 4.0.2 (c) Image Devices GmbH",
      "ImageOrientationPatient" : "1\\0\\0\\0\\1\\0",
      "ImagePositionPatient" : "-151.493508\\-36.6564417\\1290.5",
      "InstanceCreationDate" : "20061012",
      "InstanceCreationTime" : "091607.000000",
      "InstanceNumber" : "10",
      "SOPInstanceUID" : "1.2.826.0.1.3680043.8.1055.1.20111102150759419.98760783.75639221"
   },
   "ParentSeries" : "98d367a5-58eeba8b-f3c2da4b-de7d8f6f-ede53eb2",
   "Type" : "Instance"
}
2025-05-07 13:33:47 - StudyInstanceUID non trouvé dans MainDicomTags, vérification via /studies...
2025-05-07 13:33:47 - Commande dcmdump exécutée: "C:\dcmtk-3.6.9-win64-dynamic\bin\dcmdump.exe" -q +P 0020,000D "C:\xampp\tmp\phpE7F9.tmp" 2>&1
2025-05-07 13:33:47 - Sortie de dcmdump: ["(0020,000d) UI [1.2.826.0.1.3680043.8.1055.1.20111102150758591.92402465.76095170] #  64, 1 StudyInstanceUID"]
2025-05-07 13:33:47 - Code de retour de dcmdump: 0
2025-05-07 13:33:47 - StudyInstanceUID récupéré via dcmdump: 1.2.826.0.1.3680043.8.1055.1.20111102150758591.92402465.76095170
2025-05-07 13:33:47 - Détails de l'instance: {
    "FileSize": 91658,
    "FileUuid": "629ffd2b-273d-46b9-9dc0-23ddcea2d046",
    "ID": "9ec8fbb6-b5b6bf94-16950f4b-184a8d6e-21c21abd",
    "IndexInSeries": 10,
    "Labels": [],
    "MainDicomTags": {
        "ImageComments": "JPEG 2000 lossless - Version 4.0.2 (c) Image Devices GmbH",
        "ImageOrientationPatient": "1\\0\\0\\0\\1\\0",
        "ImagePositionPatient": "-151.493508\\-36.6564417\\1290.5",
        "InstanceCreationDate": "20061012",
        "InstanceCreationTime": "091607.000000",
        "InstanceNumber": "10",
        "SOPInstanceUID": "1.2.826.0.1.3680043.8.1055.1.20111102150759419.98760783.75639221"
    },
    "ParentSeries": "98d367a5-58eeba8b-f3c2da4b-de7d8f6f-ede53eb2",
    "Type": "Instance"
}
2025-05-07 13:33:47 - Instance DICOM stockée avec patient_id=2, orthanc_instance_id=9ec8fbb6-b5b6bf94-16950f4b-184a8d6e-21c21abd
2025-05-07 13:33:47 - Instance DICOM stockée avec patient_id=2, orthanc_instance_id=9ec8fbb6-b5b6bf94-16950f4b-184a8d6e-21c21abd
2025-05-07 13:33:47 - Instance ID personnalisé appliqué: PATIENT-2-20250507113341
2025-05-07 13:33:47 - Instance ID personnalisé appliqué: PATIENT-2-20250507113341
2025-05-07 13:33:47 - Instance ID personnalisé appliqué: PATIENT-2-20250507113340
2025-05-07 13:33:47 - Instance ID personnalisé appliqué: PATIENT-2-20250507113338
2025-05-07 13:33:47 - Début de la requête proxy-orthanc
2025-05-07 13:33:47 - URL Orthanc: http://localhost:8042/instances
2025-05-07 13:33:47 - Méthode HTTP: POST
2025-05-07 13:33:47 - $_FILES: {"file":{"name":"image-00009.dcm","full_path":"image-00009.dcm","type":"application\/octet-stream","tmp_name":"C:\\xampp\\tmp\\phpF160.tmp","error":0,"size":91658}}
2025-05-07 13:33:47 - $_POST: {"patient_id":"2","instance_id":"PATIENT-2-20250507113342"}
2025-05-07 13:33:47 - Patient ID: 2, Instance ID personnalisé: PATIENT-2-20250507113342, Fichier temporaire: C:\xampp\tmp\phpF160.tmp
2025-05-07 13:33:47 - Instance DICOM stockée avec patient_id=2, orthanc_instance_id=9ec8fbb6-b5b6bf94-16950f4b-184a8d6e-21c21abd
2025-05-07 13:33:47 - Instance ID personnalisé appliqué: PATIENT-2-20250507113341
2025-05-07 13:33:47 - Instance ID personnalisé appliqué: PATIENT-2-20250507113342
2025-05-07 13:33:48 - ID Orthanc attribué: 9ec8fbb6-b5b6bf94-16950f4b-184a8d6e-21c21abd
2025-05-07 13:33:48 - Requête des métadonnées via URL: http://localhost:8042/instances/9ec8fbb6-b5b6bf94-16950f4b-184a8d6e-21c21abd
2025-05-07 13:33:48 - Réponse brute des métadonnées: {
   "FileSize" : 91658,
   "FileUuid" : "629ffd2b-273d-46b9-9dc0-23ddcea2d046",
   "ID" : "9ec8fbb6-b5b6bf94-16950f4b-184a8d6e-21c21abd",
   "IndexInSeries" : 10,
   "Labels" : [],
   "MainDicomTags" : 
   {
      "ImageComments" : "JPEG 2000 lossless - Version 4.0.2 (c) Image Devices GmbH",
      "ImageOrientationPatient" : "1\\0\\0\\0\\1\\0",
      "ImagePositionPatient" : "-151.493508\\-36.6564417\\1290.5",
      "InstanceCreationDate" : "20061012",
      "InstanceCreationTime" : "091607.000000",
      "InstanceNumber" : "10",
      "SOPInstanceUID" : "1.2.826.0.1.3680043.8.1055.1.20111102150759419.98760783.75639221"
   },
   "ParentSeries" : "98d367a5-58eeba8b-f3c2da4b-de7d8f6f-ede53eb2",
   "Type" : "Instance"
}
2025-05-07 13:33:48 - StudyInstanceUID non trouvé dans MainDicomTags, vérification via /studies...
2025-05-07 13:33:48 - Commande dcmdump exécutée: "C:\dcmtk-3.6.9-win64-dynamic\bin\dcmdump.exe" -q +P 0020,000D "C:\xampp\tmp\phpF160.tmp" 2>&1
2025-05-07 13:33:48 - Sortie de dcmdump: ["(0020,000d) UI [1.2.826.0.1.3680043.8.1055.1.20111102150758591.92402465.76095170] #  64, 1 StudyInstanceUID"]
2025-05-07 13:33:48 - Code de retour de dcmdump: 0
2025-05-07 13:33:48 - StudyInstanceUID récupéré via dcmdump: 1.2.826.0.1.3680043.8.1055.1.20111102150758591.92402465.76095170
2025-05-07 13:33:48 - Détails de l'instance: {
    "FileSize": 91658,
    "FileUuid": "629ffd2b-273d-46b9-9dc0-23ddcea2d046",
    "ID": "9ec8fbb6-b5b6bf94-16950f4b-184a8d6e-21c21abd",
    "IndexInSeries": 10,
    "Labels": [],
    "MainDicomTags": {
        "ImageComments": "JPEG 2000 lossless - Version 4.0.2 (c) Image Devices GmbH",
        "ImageOrientationPatient": "1\\0\\0\\0\\1\\0",
        "ImagePositionPatient": "-151.493508\\-36.6564417\\1290.5",
        "InstanceCreationDate": "20061012",
        "InstanceCreationTime": "091607.000000",
        "InstanceNumber": "10",
        "SOPInstanceUID": "1.2.826.0.1.3680043.8.1055.1.20111102150759419.98760783.75639221"
    },
    "ParentSeries": "98d367a5-58eeba8b-f3c2da4b-de7d8f6f-ede53eb2",
    "Type": "Instance"
}
2025-05-07 13:33:49 - Instance DICOM stockée avec patient_id=2, orthanc_instance_id=9ec8fbb6-b5b6bf94-16950f4b-184a8d6e-21c21abd
2025-05-07 13:33:49 - Instance ID personnalisé appliqué: PATIENT-2-20250507113342
2025-05-07 13:34:06 - Début de la requête proxy-orthanc
2025-05-07 13:34:06 - URL Orthanc: http://localhost:8042/instances
2025-05-07 13:34:06 - Méthode HTTP: POST
2025-05-07 13:34:06 - $_FILES: {"file":{"name":"image-00010.dcm","full_path":"image-00010.dcm","type":"application\/octet-stream","tmp_name":"C:\\xampp\\tmp\\php3B0D.tmp","error":0,"size":91554}}
2025-05-07 13:34:06 - $_POST: {"patient_id":"2","instance_id":"PATIENT-2-20250507113405"}
2025-05-07 13:34:06 - Patient ID: 2, Instance ID personnalisé: PATIENT-2-20250507113405, Fichier temporaire: C:\xampp\tmp\php3B0D.tmp
2025-05-07 13:34:08 - ID Orthanc attribué: d68ec84d-b86ce4ac-49fcd090-361954ca-da219abf
2025-05-07 13:34:08 - Requête des métadonnées via URL: http://localhost:8042/instances/d68ec84d-b86ce4ac-49fcd090-361954ca-da219abf
2025-05-07 13:34:08 - Réponse brute des métadonnées: {
   "FileSize" : 91554,
   "FileUuid" : "b52cc1b7-f7be-4c2b-8d08-b7b5d96ddf35",
   "ID" : "d68ec84d-b86ce4ac-49fcd090-361954ca-da219abf",
   "IndexInSeries" : 11,
   "Labels" : [],
   "MainDicomTags" : 
   {
      "ImageComments" : "JPEG 2000 lossless - Version 4.0.2 (c) Image Devices GmbH",
      "ImageOrientationPatient" : "1\\0\\0\\0\\1\\0",
      "ImagePositionPatient" : "-151.493508\\-36.6564417\\1290",
      "InstanceCreationDate" : "20061012",
      "InstanceCreationTime" : "091608.000000",
      "InstanceNumber" : "11",
      "SOPInstanceUID" : "1.2.826.0.1.3680043.8.1055.1.20111102150759544.43941061.73779335"
   },
   "ParentSeries" : "98d367a5-58eeba8b-f3c2da4b-de7d8f6f-ede53eb2",
   "Type" : "Instance"
}
2025-05-07 13:34:08 - StudyInstanceUID non trouvé dans MainDicomTags, vérification via /studies...
2025-05-07 13:34:08 - Commande dcmdump exécutée: "C:\dcmtk-3.6.9-win64-dynamic\bin\dcmdump.exe" -q +P 0020,000D "C:\xampp\tmp\php3B0D.tmp" 2>&1
2025-05-07 13:34:10 - Sortie de dcmdump: ["(0020,000d) UI [1.2.826.0.1.3680043.8.1055.1.20111102150758591.92402465.76095170] #  64, 1 StudyInstanceUID"]
2025-05-07 13:34:10 - Code de retour de dcmdump: 0
2025-05-07 13:34:10 - StudyInstanceUID récupéré via dcmdump: 1.2.826.0.1.3680043.8.1055.1.20111102150758591.92402465.76095170
2025-05-07 13:34:10 - Détails de l'instance: {
    "FileSize": 91554,
    "FileUuid": "b52cc1b7-f7be-4c2b-8d08-b7b5d96ddf35",
    "ID": "d68ec84d-b86ce4ac-49fcd090-361954ca-da219abf",
    "IndexInSeries": 11,
    "Labels": [],
    "MainDicomTags": {
        "ImageComments": "JPEG 2000 lossless - Version 4.0.2 (c) Image Devices GmbH",
        "ImageOrientationPatient": "1\\0\\0\\0\\1\\0",
        "ImagePositionPatient": "-151.493508\\-36.6564417\\1290",
        "InstanceCreationDate": "20061012",
        "InstanceCreationTime": "091608.000000",
        "InstanceNumber": "11",
        "SOPInstanceUID": "1.2.826.0.1.3680043.8.1055.1.20111102150759544.43941061.73779335"
    },
    "ParentSeries": "98d367a5-58eeba8b-f3c2da4b-de7d8f6f-ede53eb2",
    "Type": "Instance"
}
2025-05-07 13:34:11 - Instance DICOM stockée avec patient_id=2, orthanc_instance_id=d68ec84d-b86ce4ac-49fcd090-361954ca-da219abf
2025-05-07 13:34:12 - Instance ID personnalisé appliqué: PATIENT-2-20250507113405
2025-05-07 13:34:15 - Début de la requête proxy-orthanc
2025-05-07 13:34:15 - URL Orthanc: http://localhost:8042/studies/1.2.826.0.1.3680043.8.1055.1.20111102150758591.92402465.76095170
2025-05-07 13:34:15 - Méthode HTTP: GET
2025-05-07 13:34:16 - Requête Orthanc: HTTP Code=404, Réponse=, Erreur cURL=
2025-05-07 13:34:16 - Erreur Orthanc: Code=404, Message=
2025-05-07 13:34:21 - Début de la requête proxy-orthanc
2025-05-07 13:34:21 - URL Orthanc: http://localhost:8042/studies/1.2.826.0.1.3680043.8.1055.1.20111102150758591.92402465.76095170
2025-05-07 13:34:21 - Méthode HTTP: GET
2025-05-07 13:34:21 - Requête Orthanc: HTTP Code=404, Réponse=, Erreur cURL=
2025-05-07 13:34:21 - Erreur Orthanc: Code=404, Message=
2025-05-07 13:36:43 - Début de la requête proxy-orthanc
2025-05-07 13:36:43 - URL Orthanc: http://localhost:8042/studies/1.2.826.0.1.3680043.8.1055.1.20111102150758591.92402465.76095170
2025-05-07 13:36:43 - Méthode HTTP: GET
2025-05-07 13:36:43 - Requête Orthanc: HTTP Code=404, Réponse=, Erreur cURL=
2025-05-07 13:36:43 - Erreur Orthanc: Code=404, Message=
2025-05-07 13:38:37 - Début de la requête proxy-orthanc
2025-05-07 13:38:37 - URL Orthanc: http://localhost:8042/instances
2025-05-07 13:38:37 - Méthode HTTP: POST
2025-05-07 13:38:37 - $_FILES: {"file":{"name":"image-00008.dcm","full_path":"image-00008.dcm","type":"application\/octet-stream","tmp_name":"C:\\xampp\\tmp\\php5E90.tmp","error":0,"size":91754}}
2025-05-07 13:38:37 - $_POST: {"patient_id":"2","instance_id":"PATIENT-2-20250507113837"}
2025-05-07 13:38:37 - Patient ID: 2, Instance ID personnalisé: PATIENT-2-20250507113837, Fichier temporaire: C:\xampp\tmp\php5E90.tmp
2025-05-07 13:38:38 - ID Orthanc attribué: 6be8f9b5-0a47915b-56fd8a11-4d94300c-9bfb83c4
2025-05-07 13:38:38 - Requête des métadonnées via URL: http://localhost:8042/instances/6be8f9b5-0a47915b-56fd8a11-4d94300c-9bfb83c4
2025-05-07 13:38:38 - Réponse brute des métadonnées: {
   "FileSize" : 91754,
   "FileUuid" : "f8915ebb-7254-4620-b681-5bb840022e52",
   "ID" : "6be8f9b5-0a47915b-56fd8a11-4d94300c-9bfb83c4",
   "IndexInSeries" : 9,
   "Labels" : [],
   "MainDicomTags" : 
   {
      "ImageComments" : "JPEG 2000 lossless - Version 4.0.2 (c) Image Devices GmbH",
      "ImageOrientationPatient" : "1\\0\\0\\0\\1\\0",
      "ImagePositionPatient" : "-151.493508\\-36.6564417\\1291",
      "InstanceCreationDate" : "20061012",
      "InstanceCreationTime" : "091607.000000",
      "InstanceNumber" : "9",
      "SOPInstanceUID" : "1.2.826.0.1.3680043.8.1055.1.20111102150759341.28598532.00746135"
   },
   "ParentSeries" : "98d367a5-58eeba8b-f3c2da4b-de7d8f6f-ede53eb2",
   "Type" : "Instance"
}
2025-05-07 13:38:38 - StudyInstanceUID non trouvé dans MainDicomTags, vérification via /studies...
2025-05-07 13:38:38 - Commande dcmdump exécutée: "C:\dcmtk-3.6.9-win64-dynamic\bin\dcmdump.exe" -q +P 0020,000D "C:\xampp\tmp\php5E90.tmp" 2>&1
2025-05-07 13:38:38 - Sortie de dcmdump: ["(0020,000d) UI [1.2.826.0.1.3680043.8.1055.1.20111102150758591.92402465.76095170] #  64, 1 StudyInstanceUID"]
2025-05-07 13:38:38 - Code de retour de dcmdump: 0
2025-05-07 13:38:38 - StudyInstanceUID récupéré via dcmdump: 1.2.826.0.1.3680043.8.1055.1.20111102150758591.92402465.76095170
2025-05-07 13:38:38 - Détails de l'instance: {
    "FileSize": 91754,
    "FileUuid": "f8915ebb-7254-4620-b681-5bb840022e52",
    "ID": "6be8f9b5-0a47915b-56fd8a11-4d94300c-9bfb83c4",
    "IndexInSeries": 9,
    "Labels": [],
    "MainDicomTags": {
        "ImageComments": "JPEG 2000 lossless - Version 4.0.2 (c) Image Devices GmbH",
        "ImageOrientationPatient": "1\\0\\0\\0\\1\\0",
        "ImagePositionPatient": "-151.493508\\-36.6564417\\1291",
        "InstanceCreationDate": "20061012",
        "InstanceCreationTime": "091607.000000",
        "InstanceNumber": "9",
        "SOPInstanceUID": "1.2.826.0.1.3680043.8.1055.1.20111102150759341.28598532.00746135"
    },
    "ParentSeries": "98d367a5-58eeba8b-f3c2da4b-de7d8f6f-ede53eb2",
    "Type": "Instance"
}
2025-05-07 13:38:38 - Instance DICOM stockée avec patient_id=2, orthanc_instance_id=6be8f9b5-0a47915b-56fd8a11-4d94300c-9bfb83c4
2025-05-07 13:38:38 - Instance ID personnalisé appliqué: PATIENT-2-20250507113837
2025-05-07 13:38:43 - Début de la requête proxy-orthanc
2025-05-07 13:38:43 - URL Orthanc: http://localhost:8042/studies/1.2.826.0.1.3680043.8.1055.1.20111102150758591.92402465.76095170
2025-05-07 13:38:43 - Méthode HTTP: GET
2025-05-07 13:38:43 - Requête Orthanc: HTTP Code=404, Réponse=, Erreur cURL=
2025-05-07 13:38:43 - Erreur Orthanc: Code=404, Message=
2025-05-07 13:44:01 - Début de la requête proxy-orthanc
2025-05-07 13:44:01 - URL Orthanc: http://localhost:8042/instances
2025-05-07 13:44:01 - Méthode HTTP: POST
2025-05-07 13:44:01 - $_FILES: {"file":{"name":"image-00006.dcm","full_path":"image-00006.dcm","type":"application\/octet-stream","tmp_name":"C:\\xampp\\tmp\\php4F08.tmp","error":0,"size":91614}}
2025-05-07 13:44:01 - $_POST: {"patient_id":"2","instance_id":"PATIENT-2-20250507114401"}
2025-05-07 13:44:01 - Patient ID: 2, Instance ID personnalisé: PATIENT-2-20250507114401, Fichier temporaire: C:\xampp\tmp\php4F08.tmp
2025-05-07 13:44:01 - ID Orthanc attribué: 4e4bce5d-9a98e121-3d1a87bc-47f0398f-5cbefd26
2025-05-07 13:44:01 - Requête des métadonnées via URL: http://localhost:8042/instances/4e4bce5d-9a98e121-3d1a87bc-47f0398f-5cbefd26
2025-05-07 13:44:02 - Réponse brute des métadonnées: {
   "FileSize" : 91614,
   "FileUuid" : "b654b5e1-04a0-4fb0-9534-8c531ae6ba25",
   "ID" : "4e4bce5d-9a98e121-3d1a87bc-47f0398f-5cbefd26",
   "IndexInSeries" : 7,
   "Labels" : [],
   "MainDicomTags" : 
   {
      "ImageComments" : "JPEG 2000 lossless - Version 4.0.2 (c) Image Devices GmbH",
      "ImageOrientationPatient" : "1\\0\\0\\0\\1\\0",
      "ImagePositionPatient" : "-151.493508\\-36.6564417\\1292",
      "InstanceCreationDate" : "20061012",
      "InstanceCreationTime" : "091607.000000",
      "InstanceNumber" : "7",
      "SOPInstanceUID" : "1.2.826.0.1.3680043.8.1055.1.20111102150759200.62929420.61555491"
   },
   "ParentSeries" : "98d367a5-58eeba8b-f3c2da4b-de7d8f6f-ede53eb2",
   "Type" : "Instance"
}
2025-05-07 13:44:02 - StudyInstanceUID non trouvé dans MainDicomTags, vérification via /studies...
2025-05-07 13:44:02 - Commande dcmdump exécutée: "C:\dcmtk-3.6.9-win64-dynamic\bin\dcmdump.exe" -q +P 0020,000D "C:\xampp\tmp\php4F08.tmp" 2>&1
2025-05-07 13:44:02 - Sortie de dcmdump: ["(0020,000d) UI [1.2.826.0.1.3680043.8.1055.1.20111102150758591.92402465.76095170] #  64, 1 StudyInstanceUID"]
2025-05-07 13:44:02 - Code de retour de dcmdump: 0
2025-05-07 13:44:02 - StudyInstanceUID récupéré via dcmdump: 1.2.826.0.1.3680043.8.1055.1.20111102150758591.92402465.76095170
2025-05-07 13:44:02 - Détails de l'instance: {
    "FileSize": 91614,
    "FileUuid": "b654b5e1-04a0-4fb0-9534-8c531ae6ba25",
    "ID": "4e4bce5d-9a98e121-3d1a87bc-47f0398f-5cbefd26",
    "IndexInSeries": 7,
    "Labels": [],
    "MainDicomTags": {
        "ImageComments": "JPEG 2000 lossless - Version 4.0.2 (c) Image Devices GmbH",
        "ImageOrientationPatient": "1\\0\\0\\0\\1\\0",
        "ImagePositionPatient": "-151.493508\\-36.6564417\\1292",
        "InstanceCreationDate": "20061012",
        "InstanceCreationTime": "091607.000000",
        "InstanceNumber": "7",
        "SOPInstanceUID": "1.2.826.0.1.3680043.8.1055.1.20111102150759200.62929420.61555491"
    },
    "ParentSeries": "98d367a5-58eeba8b-f3c2da4b-de7d8f6f-ede53eb2",
    "Type": "Instance"
}
2025-05-07 13:44:02 - Instance DICOM stockée avec patient_id=2, orthanc_instance_id=4e4bce5d-9a98e121-3d1a87bc-47f0398f-5cbefd26
2025-05-07 13:44:02 - Instance ID personnalisé appliqué: PATIENT-2-20250507114401
2025-05-07 13:44:06 - Début de la requête proxy-orthanc
2025-05-07 13:44:06 - URL Orthanc: http://localhost:8042/studies/1.2.826.0.1.3680043.8.1055.1.20111102150758591.92402465.76095170
2025-05-07 13:44:06 - Méthode HTTP: GET
2025-05-07 13:44:06 - Requête Orthanc: HTTP Code=404, Réponse=, Erreur cURL=
2025-05-07 13:44:06 - Erreur Orthanc: Code=404, Message=
2025-05-07 13:58:46 - Début de la requête proxy-orthanc
2025-05-07 13:58:46 - URL Orthanc: http://localhost:8042/instances
2025-05-07 13:58:46 - Méthode HTTP: POST
2025-05-07 13:58:46 - $_FILES: {"file":{"name":"image-00011.dcm","full_path":"image-00011.dcm","type":"application\/octet-stream","tmp_name":"C:\\xampp\\tmp\\phpD169.tmp","error":0,"size":91858}}
2025-05-07 13:58:46 - $_POST: {"patient_id":"2","instance_id":"PATIENT-2-20250507115846"}
2025-05-07 13:58:46 - Patient ID: 2, Instance ID personnalisé: PATIENT-2-20250507115846, Fichier temporaire: C:\xampp\tmp\phpD169.tmp
2025-05-07 13:58:47 - ID Orthanc attribué: f594c062-9b40743f-9a18e6b4-b50b74c6-c147bee8
2025-05-07 13:58:47 - Requête des métadonnées via URL: http://localhost:8042/instances/f594c062-9b40743f-9a18e6b4-b50b74c6-c147bee8
2025-05-07 13:58:47 - Réponse brute des métadonnées: {
   "FileSize" : 91858,
   "FileUuid" : "c8f6c1de-86f1-4255-a71a-ea9a1696b5f9",
   "ID" : "f594c062-9b40743f-9a18e6b4-b50b74c6-c147bee8",
   "IndexInSeries" : 12,
   "Labels" : [],
   "MainDicomTags" : 
   {
      "ImageComments" : "JPEG 2000 lossless - Version 4.0.2 (c) Image Devices GmbH",
      "ImageOrientationPatient" : "1\\0\\0\\0\\1\\0",
      "ImagePositionPatient" : "-151.493508\\-36.6564417\\1289.5",
      "InstanceCreationDate" : "20061012",
      "InstanceCreationTime" : "091609.000000",
      "InstanceNumber" : "12",
      "SOPInstanceUID" : "1.2.826.0.1.3680043.8.1055.1.20111102150759606.51304844.13773673"
   },
   "ParentSeries" : "98d367a5-58eeba8b-f3c2da4b-de7d8f6f-ede53eb2",
   "Type" : "Instance"
}
2025-05-07 13:58:47 - StudyInstanceUID non trouvé dans MainDicomTags, vérification via /studies...
2025-05-07 13:58:47 - Commande dcmdump exécutée: "C:\dcmtk-3.6.9-win64-dynamic\bin\dcmdump.exe" -q +P 0020,000D "C:\xampp\tmp\phpD169.tmp" 2>&1
2025-05-07 13:58:48 - Sortie de dcmdump: ["(0020,000d) UI [1.2.826.0.1.3680043.8.1055.1.20111102150758591.92402465.76095170] #  64, 1 StudyInstanceUID"]
2025-05-07 13:58:48 - Code de retour de dcmdump: 0
2025-05-07 13:58:48 - StudyInstanceUID récupéré via dcmdump: 1.2.826.0.1.3680043.8.1055.1.20111102150758591.92402465.76095170
2025-05-07 13:58:48 - Détails de l'instance: {
    "FileSize": 91858,
    "FileUuid": "c8f6c1de-86f1-4255-a71a-ea9a1696b5f9",
    "ID": "f594c062-9b40743f-9a18e6b4-b50b74c6-c147bee8",
    "IndexInSeries": 12,
    "Labels": [],
    "MainDicomTags": {
        "ImageComments": "JPEG 2000 lossless - Version 4.0.2 (c) Image Devices GmbH",
        "ImageOrientationPatient": "1\\0\\0\\0\\1\\0",
        "ImagePositionPatient": "-151.493508\\-36.6564417\\1289.5",
        "InstanceCreationDate": "20061012",
        "InstanceCreationTime": "091609.000000",
        "InstanceNumber": "12",
        "SOPInstanceUID": "1.2.826.0.1.3680043.8.1055.1.20111102150759606.51304844.13773673"
    },
    "ParentSeries": "98d367a5-58eeba8b-f3c2da4b-de7d8f6f-ede53eb2",
    "Type": "Instance"
}
2025-05-07 13:58:48 - Instance DICOM stockée avec patient_id=2, orthanc_instance_id=f594c062-9b40743f-9a18e6b4-b50b74c6-c147bee8
2025-05-07 13:58:48 - Instance ID personnalisé appliqué: PATIENT-2-20250507115846
2025-05-07 14:11:39 - Début de la requête proxy-orthanc
2025-05-07 14:11:39 - URL Orthanc: http://localhost:8042/instances
2025-05-07 14:11:39 - Méthode HTTP: POST
2025-05-07 14:11:39 - $_FILES: {"file":{"name":"image-00008.dcm","full_path":"image-00008.dcm","type":"application\/octet-stream","tmp_name":"C:\\xampp\\tmp\\php9968.tmp","error":0,"size":91754}}
2025-05-07 14:11:39 - $_POST: {"patient_id":"2","instance_id":"PATIENT-2-20250507121138"}
2025-05-07 14:11:39 - Patient ID: 2, Instance ID personnalisé: PATIENT-2-20250507121138, Fichier temporaire: C:\xampp\tmp\php9968.tmp
2025-05-07 14:11:39 - ID Orthanc attribué: 6be8f9b5-0a47915b-56fd8a11-4d94300c-9bfb83c4
2025-05-07 14:11:39 - Requête des métadonnées via URL: http://localhost:8042/instances/6be8f9b5-0a47915b-56fd8a11-4d94300c-9bfb83c4
2025-05-07 14:11:39 - Réponse brute des métadonnées: {
   "FileSize" : 91754,
   "FileUuid" : "f8915ebb-7254-4620-b681-5bb840022e52",
   "ID" : "6be8f9b5-0a47915b-56fd8a11-4d94300c-9bfb83c4",
   "IndexInSeries" : 9,
   "Labels" : [],
   "MainDicomTags" : 
   {
      "ImageComments" : "JPEG 2000 lossless - Version 4.0.2 (c) Image Devices GmbH",
      "ImageOrientationPatient" : "1\\0\\0\\0\\1\\0",
      "ImagePositionPatient" : "-151.493508\\-36.6564417\\1291",
      "InstanceCreationDate" : "20061012",
      "InstanceCreationTime" : "091607.000000",
      "InstanceNumber" : "9",
      "SOPInstanceUID" : "1.2.826.0.1.3680043.8.1055.1.20111102150759341.28598532.00746135"
   },
   "ParentSeries" : "98d367a5-58eeba8b-f3c2da4b-de7d8f6f-ede53eb2",
   "Type" : "Instance"
}
2025-05-07 14:11:39 - StudyInstanceUID non trouvé dans MainDicomTags, vérification via /studies...
2025-05-07 14:11:39 - Commande dcmdump exécutée: "C:\dcmtk-3.6.9-win64-dynamic\bin\dcmdump.exe" -q +P 0020,000D "C:\xampp\tmp\php9968.tmp" 2>&1
2025-05-07 14:11:40 - Sortie de dcmdump: ["(0020,000d) UI [1.2.826.0.1.3680043.8.1055.1.20111102150758591.92402465.76095170] #  64, 1 StudyInstanceUID"]
2025-05-07 14:11:40 - Code de retour de dcmdump: 0
2025-05-07 14:11:40 - StudyInstanceUID récupéré via dcmdump: 1.2.826.0.1.3680043.8.1055.1.20111102150758591.92402465.76095170
2025-05-07 14:11:40 - Détails de l'instance: {
    "FileSize": 91754,
    "FileUuid": "f8915ebb-7254-4620-b681-5bb840022e52",
    "ID": "6be8f9b5-0a47915b-56fd8a11-4d94300c-9bfb83c4",
    "IndexInSeries": 9,
    "Labels": [],
    "MainDicomTags": {
        "ImageComments": "JPEG 2000 lossless - Version 4.0.2 (c) Image Devices GmbH",
        "ImageOrientationPatient": "1\\0\\0\\0\\1\\0",
        "ImagePositionPatient": "-151.493508\\-36.6564417\\1291",
        "InstanceCreationDate": "20061012",
        "InstanceCreationTime": "091607.000000",
        "InstanceNumber": "9",
        "SOPInstanceUID": "1.2.826.0.1.3680043.8.1055.1.20111102150759341.28598532.00746135"
    },
    "ParentSeries": "98d367a5-58eeba8b-f3c2da4b-de7d8f6f-ede53eb2",
    "Type": "Instance"
}
2025-05-07 14:11:40 - Instance DICOM stockée avec patient_id=2, orthanc_instance_id=6be8f9b5-0a47915b-56fd8a11-4d94300c-9bfb83c4
2025-05-07 14:11:41 - Instance ID personnalisé appliqué: PATIENT-2-20250507121138
2025-05-07 21:20:34 - Début de la requête proxy-orthanc
2025-05-07 21:20:34 - URL Orthanc: http://localhost:8042/instances
2025-05-07 21:20:34 - Méthode HTTP: POST
2025-05-07 21:20:34 - $_FILES: {"file":{"name":"image-00006.dcm","full_path":"image-00006.dcm","type":"application\/octet-stream","tmp_name":"C:\\xampp\\tmp\\php3A69.tmp","error":0,"size":91614}}
2025-05-07 21:20:34 - $_POST: {"patient_id":"1","instance_id":"PATIENT-1-20250507192029"}
2025-05-07 21:20:34 - Patient ID: 1, Instance ID personnalisé: PATIENT-1-20250507192029, Fichier temporaire: C:\xampp\tmp\php3A69.tmp
2025-05-07 21:20:39 - ID Orthanc attribué: 4e4bce5d-9a98e121-3d1a87bc-47f0398f-5cbefd26
2025-05-07 21:20:39 - Requête des métadonnées via URL: http://localhost:8042/instances/4e4bce5d-9a98e121-3d1a87bc-47f0398f-5cbefd26
2025-05-07 21:20:39 - Réponse brute des métadonnées: {
   "FileSize" : 91614,
   "FileUuid" : "b654b5e1-04a0-4fb0-9534-8c531ae6ba25",
   "ID" : "4e4bce5d-9a98e121-3d1a87bc-47f0398f-5cbefd26",
   "IndexInSeries" : 7,
   "Labels" : [],
   "MainDicomTags" : 
   {
      "ImageComments" : "JPEG 2000 lossless - Version 4.0.2 (c) Image Devices GmbH",
      "ImageOrientationPatient" : "1\\0\\0\\0\\1\\0",
      "ImagePositionPatient" : "-151.493508\\-36.6564417\\1292",
      "InstanceCreationDate" : "20061012",
      "InstanceCreationTime" : "091607.000000",
      "InstanceNumber" : "7",
      "SOPInstanceUID" : "1.2.826.0.1.3680043.8.1055.1.20111102150759200.62929420.61555491"
   },
   "ParentSeries" : "98d367a5-58eeba8b-f3c2da4b-de7d8f6f-ede53eb2",
   "Type" : "Instance"
}
2025-05-07 21:20:39 - StudyInstanceUID non trouvé dans MainDicomTags, vérification via /studies...
2025-05-07 21:20:39 - Commande dcmdump exécutée: "C:\dcmtk-3.6.9-win64-dynamic\bin\dcmdump.exe" -q +P 0020,000D "C:\xampp\tmp\php3A69.tmp" 2>&1
2025-05-07 21:20:49 - Sortie de dcmdump: ["(0020,000d) UI [1.2.826.0.1.3680043.8.1055.1.20111102150758591.92402465.76095170] #  64, 1 StudyInstanceUID"]
2025-05-07 21:20:49 - Code de retour de dcmdump: 0
2025-05-07 21:20:49 - StudyInstanceUID récupéré via dcmdump: 1.2.826.0.1.3680043.8.1055.1.20111102150758591.92402465.76095170
2025-05-07 21:20:49 - Détails de l'instance: {
    "FileSize": 91614,
    "FileUuid": "b654b5e1-04a0-4fb0-9534-8c531ae6ba25",
    "ID": "4e4bce5d-9a98e121-3d1a87bc-47f0398f-5cbefd26",
    "IndexInSeries": 7,
    "Labels": [],
    "MainDicomTags": {
        "ImageComments": "JPEG 2000 lossless - Version 4.0.2 (c) Image Devices GmbH",
        "ImageOrientationPatient": "1\\0\\0\\0\\1\\0",
        "ImagePositionPatient": "-151.493508\\-36.6564417\\1292",
        "InstanceCreationDate": "20061012",
        "InstanceCreationTime": "091607.000000",
        "InstanceNumber": "7",
        "SOPInstanceUID": "1.2.826.0.1.3680043.8.1055.1.20111102150759200.62929420.61555491"
    },
    "ParentSeries": "98d367a5-58eeba8b-f3c2da4b-de7d8f6f-ede53eb2",
    "Type": "Instance"
}
2025-05-07 21:20:50 - Instance DICOM stockée avec patient_id=1, orthanc_instance_id=4e4bce5d-9a98e121-3d1a87bc-47f0398f-5cbefd26
2025-05-07 21:20:50 - Début de la requête proxy-orthanc
2025-05-07 21:20:50 - URL Orthanc: http://localhost:8042/instances
2025-05-07 21:20:50 - Méthode HTTP: POST
2025-05-07 21:20:50 - $_FILES: {"file":{"name":"image-00006.dcm","full_path":"image-00006.dcm","type":"application\/octet-stream","tmp_name":"C:\\xampp\\tmp\\php8780.tmp","error":0,"size":91614}}
2025-05-07 21:20:50 - $_POST: {"patient_id":"1","instance_id":"PATIENT-1-20250507192049"}
2025-05-07 21:20:50 - Patient ID: 1, Instance ID personnalisé: PATIENT-1-20250507192049, Fichier temporaire: C:\xampp\tmp\php8780.tmp
2025-05-07 21:20:50 - Instance ID personnalisé appliqué: PATIENT-1-20250507192029
2025-05-07 21:20:51 - ID Orthanc attribué: 4e4bce5d-9a98e121-3d1a87bc-47f0398f-5cbefd26
2025-05-07 21:20:51 - Requête des métadonnées via URL: http://localhost:8042/instances/4e4bce5d-9a98e121-3d1a87bc-47f0398f-5cbefd26
2025-05-07 21:20:51 - Réponse brute des métadonnées: {
   "FileSize" : 91614,
   "FileUuid" : "b654b5e1-04a0-4fb0-9534-8c531ae6ba25",
   "ID" : "4e4bce5d-9a98e121-3d1a87bc-47f0398f-5cbefd26",
   "IndexInSeries" : 7,
   "Labels" : [],
   "MainDicomTags" : 
   {
      "ImageComments" : "JPEG 2000 lossless - Version 4.0.2 (c) Image Devices GmbH",
      "ImageOrientationPatient" : "1\\0\\0\\0\\1\\0",
      "ImagePositionPatient" : "-151.493508\\-36.6564417\\1292",
      "InstanceCreationDate" : "20061012",
      "InstanceCreationTime" : "091607.000000",
      "InstanceNumber" : "7",
      "SOPInstanceUID" : "1.2.826.0.1.3680043.8.1055.1.20111102150759200.62929420.61555491"
   },
   "ParentSeries" : "98d367a5-58eeba8b-f3c2da4b-de7d8f6f-ede53eb2",
   "Type" : "Instance"
}
2025-05-07 21:20:51 - StudyInstanceUID non trouvé dans MainDicomTags, vérification via /studies...
2025-05-07 21:20:51 - Commande dcmdump exécutée: "C:\dcmtk-3.6.9-win64-dynamic\bin\dcmdump.exe" -q +P 0020,000D "C:\xampp\tmp\php8780.tmp" 2>&1
2025-05-07 21:20:51 - Sortie de dcmdump: ["(0020,000d) UI [1.2.826.0.1.3680043.8.1055.1.20111102150758591.92402465.76095170] #  64, 1 StudyInstanceUID"]
2025-05-07 21:20:51 - Code de retour de dcmdump: 0
2025-05-07 21:20:51 - StudyInstanceUID récupéré via dcmdump: 1.2.826.0.1.3680043.8.1055.1.20111102150758591.92402465.76095170
2025-05-07 21:20:51 - Détails de l'instance: {
    "FileSize": 91614,
    "FileUuid": "b654b5e1-04a0-4fb0-9534-8c531ae6ba25",
    "ID": "4e4bce5d-9a98e121-3d1a87bc-47f0398f-5cbefd26",
    "IndexInSeries": 7,
    "Labels": [],
    "MainDicomTags": {
        "ImageComments": "JPEG 2000 lossless - Version 4.0.2 (c) Image Devices GmbH",
        "ImageOrientationPatient": "1\\0\\0\\0\\1\\0",
        "ImagePositionPatient": "-151.493508\\-36.6564417\\1292",
        "InstanceCreationDate": "20061012",
        "InstanceCreationTime": "091607.000000",
        "InstanceNumber": "7",
        "SOPInstanceUID": "1.2.826.0.1.3680043.8.1055.1.20111102150759200.62929420.61555491"
    },
    "ParentSeries": "98d367a5-58eeba8b-f3c2da4b-de7d8f6f-ede53eb2",
    "Type": "Instance"
}
2025-05-07 21:20:51 - Instance DICOM stockée avec patient_id=1, orthanc_instance_id=4e4bce5d-9a98e121-3d1a87bc-47f0398f-5cbefd26
2025-05-07 21:20:52 - Instance ID personnalisé appliqué: PATIENT-1-20250507192049
2025-05-08 14:19:26 - Début de la requête proxy-orthanc
2025-05-08 14:19:26 - URL Orthanc: http://localhost:8042/instances
2025-05-08 14:19:26 - Méthode HTTP: POST
2025-05-08 14:19:26 - $_FILES: {"file":{"name":"image-00008.dcm","full_path":"image-00008.dcm","type":"application\/octet-stream","tmp_name":"C:\\xampp\\tmp\\phpFC7.tmp","error":0,"size":91754}}
2025-05-08 14:19:26 - $_POST: {"patient_id":"1","instance_id":"PATIENT-1-20250508121925"}
2025-05-08 14:19:26 - Patient ID: 1, Instance ID personnalisé: PATIENT-1-20250508121925, Fichier temporaire: C:\xampp\tmp\phpFC7.tmp
2025-05-08 14:19:30 - ID Orthanc attribué: 6be8f9b5-0a47915b-56fd8a11-4d94300c-9bfb83c4
2025-05-08 14:19:30 - Requête des métadonnées via URL: http://localhost:8042/instances/6be8f9b5-0a47915b-56fd8a11-4d94300c-9bfb83c4
2025-05-08 14:19:30 - Réponse brute des métadonnées: {
   "FileSize" : 91754,
   "FileUuid" : "f8915ebb-7254-4620-b681-5bb840022e52",
   "ID" : "6be8f9b5-0a47915b-56fd8a11-4d94300c-9bfb83c4",
   "IndexInSeries" : 9,
   "Labels" : [],
   "MainDicomTags" : 
   {
      "ImageComments" : "JPEG 2000 lossless - Version 4.0.2 (c) Image Devices GmbH",
      "ImageOrientationPatient" : "1\\0\\0\\0\\1\\0",
      "ImagePositionPatient" : "-151.493508\\-36.6564417\\1291",
      "InstanceCreationDate" : "20061012",
      "InstanceCreationTime" : "091607.000000",
      "InstanceNumber" : "9",
      "SOPInstanceUID" : "1.2.826.0.1.3680043.8.1055.1.20111102150759341.28598532.00746135"
   },
   "ParentSeries" : "98d367a5-58eeba8b-f3c2da4b-de7d8f6f-ede53eb2",
   "Type" : "Instance"
}
2025-05-08 14:19:30 - StudyInstanceUID non trouvé dans MainDicomTags, vérification via /studies...
2025-05-08 14:19:30 - Commande dcmdump exécutée: "C:\dcmtk-3.6.9-win64-dynamic\bin\dcmdump.exe" -q +P 0020,000D "C:\xampp\tmp\phpFC7.tmp" 2>&1
2025-05-08 14:19:38 - Sortie de dcmdump: ["(0020,000d) UI [1.2.826.0.1.3680043.8.1055.1.20111102150758591.92402465.76095170] #  64, 1 StudyInstanceUID"]
2025-05-08 14:19:38 - Code de retour de dcmdump: 0
2025-05-08 14:19:38 - StudyInstanceUID récupéré via dcmdump: 1.2.826.0.1.3680043.8.1055.1.20111102150758591.92402465.76095170
2025-05-08 14:19:38 - Détails de l'instance: {
    "FileSize": 91754,
    "FileUuid": "f8915ebb-7254-4620-b681-5bb840022e52",
    "ID": "6be8f9b5-0a47915b-56fd8a11-4d94300c-9bfb83c4",
    "IndexInSeries": 9,
    "Labels": [],
    "MainDicomTags": {
        "ImageComments": "JPEG 2000 lossless - Version 4.0.2 (c) Image Devices GmbH",
        "ImageOrientationPatient": "1\\0\\0\\0\\1\\0",
        "ImagePositionPatient": "-151.493508\\-36.6564417\\1291",
        "InstanceCreationDate": "20061012",
        "InstanceCreationTime": "091607.000000",
        "InstanceNumber": "9",
        "SOPInstanceUID": "1.2.826.0.1.3680043.8.1055.1.20111102150759341.28598532.00746135"
    },
    "ParentSeries": "98d367a5-58eeba8b-f3c2da4b-de7d8f6f-ede53eb2",
    "Type": "Instance"
}
2025-05-08 14:19:40 - Instance DICOM stockée avec patient_id=1, orthanc_instance_id=6be8f9b5-0a47915b-56fd8a11-4d94300c-9bfb83c4
2025-05-08 14:19:40 - Instance ID personnalisé appliqué: PATIENT-1-20250508121925
2025-05-08 14:20:35 - Début de la requête proxy-orthanc
2025-05-08 14:20:35 - URL Orthanc: http://localhost:8042/instances
2025-05-08 14:20:35 - Méthode HTTP: POST
2025-05-08 14:20:35 - $_FILES: {"file":{"name":"image-00010.dcm","full_path":"image-00010.dcm","type":"application\/octet-stream","tmp_name":"C:\\xampp\\tmp\\php20BB.tmp","error":0,"size":91554}}
2025-05-08 14:20:35 - $_POST: {"patient_id":"2","instance_id":"PATIENT-2-20250508122035"}
2025-05-08 14:20:35 - Patient ID: 2, Instance ID personnalisé: PATIENT-2-20250508122035, Fichier temporaire: C:\xampp\tmp\php20BB.tmp
2025-05-08 14:20:36 - ID Orthanc attribué: d68ec84d-b86ce4ac-49fcd090-361954ca-da219abf
2025-05-08 14:20:36 - Requête des métadonnées via URL: http://localhost:8042/instances/d68ec84d-b86ce4ac-49fcd090-361954ca-da219abf
2025-05-08 14:20:36 - Réponse brute des métadonnées: {
   "FileSize" : 91554,
   "FileUuid" : "b52cc1b7-f7be-4c2b-8d08-b7b5d96ddf35",
   "ID" : "d68ec84d-b86ce4ac-49fcd090-361954ca-da219abf",
   "IndexInSeries" : 11,
   "Labels" : [],
   "MainDicomTags" : 
   {
      "ImageComments" : "JPEG 2000 lossless - Version 4.0.2 (c) Image Devices GmbH",
      "ImageOrientationPatient" : "1\\0\\0\\0\\1\\0",
      "ImagePositionPatient" : "-151.493508\\-36.6564417\\1290",
      "InstanceCreationDate" : "20061012",
      "InstanceCreationTime" : "091608.000000",
      "InstanceNumber" : "11",
      "SOPInstanceUID" : "1.2.826.0.1.3680043.8.1055.1.20111102150759544.43941061.73779335"
   },
   "ParentSeries" : "98d367a5-58eeba8b-f3c2da4b-de7d8f6f-ede53eb2",
   "Type" : "Instance"
}
2025-05-08 14:20:36 - StudyInstanceUID non trouvé dans MainDicomTags, vérification via /studies...
2025-05-08 14:20:36 - Commande dcmdump exécutée: "C:\dcmtk-3.6.9-win64-dynamic\bin\dcmdump.exe" -q +P 0020,000D "C:\xampp\tmp\php20BB.tmp" 2>&1
2025-05-08 14:20:36 - Sortie de dcmdump: ["(0020,000d) UI [1.2.826.0.1.3680043.8.1055.1.20111102150758591.92402465.76095170] #  64, 1 StudyInstanceUID"]
2025-05-08 14:20:36 - Code de retour de dcmdump: 0
2025-05-08 14:20:36 - StudyInstanceUID récupéré via dcmdump: 1.2.826.0.1.3680043.8.1055.1.20111102150758591.92402465.76095170
2025-05-08 14:20:36 - Détails de l'instance: {
    "FileSize": 91554,
    "FileUuid": "b52cc1b7-f7be-4c2b-8d08-b7b5d96ddf35",
    "ID": "d68ec84d-b86ce4ac-49fcd090-361954ca-da219abf",
    "IndexInSeries": 11,
    "Labels": [],
    "MainDicomTags": {
        "ImageComments": "JPEG 2000 lossless - Version 4.0.2 (c) Image Devices GmbH",
        "ImageOrientationPatient": "1\\0\\0\\0\\1\\0",
        "ImagePositionPatient": "-151.493508\\-36.6564417\\1290",
        "InstanceCreationDate": "20061012",
        "InstanceCreationTime": "091608.000000",
        "InstanceNumber": "11",
        "SOPInstanceUID": "1.2.826.0.1.3680043.8.1055.1.20111102150759544.43941061.73779335"
    },
    "ParentSeries": "98d367a5-58eeba8b-f3c2da4b-de7d8f6f-ede53eb2",
    "Type": "Instance"
}
2025-05-08 14:20:36 - Instance DICOM stockée avec patient_id=2, orthanc_instance_id=d68ec84d-b86ce4ac-49fcd090-361954ca-da219abf
2025-05-08 14:20:36 - Instance ID personnalisé appliqué: PATIENT-2-20250508122035
2025-05-08 14:20:50 - Début de la requête proxy-orthanc
2025-05-08 14:20:50 - URL Orthanc: http://localhost:8042/instances
2025-05-08 14:20:50 - Méthode HTTP: POST
2025-05-08 14:20:50 - $_FILES: {"file":{"name":"Altea_t1_sag_tse_DR_77233508.dcm","full_path":"Altea_t1_sag_tse_DR_77233508.dcm","type":"application\/octet-stream","tmp_name":"C:\\xampp\\tmp\\php5CCB.tmp","error":0,"size":531298}}
2025-05-08 14:20:50 - $_POST: {"patient_id":"3","instance_id":"PATIENT-3-20250508122050"}
2025-05-08 14:20:50 - Patient ID: 3, Instance ID personnalisé: PATIENT-3-20250508122050, Fichier temporaire: C:\xampp\tmp\php5CCB.tmp
2025-05-08 14:20:51 - ID Orthanc attribué: e07efef8-4eba99da-e58dbc40-0173c1da-e2535081
2025-05-08 14:20:51 - Requête des métadonnées via URL: http://localhost:8042/instances/e07efef8-4eba99da-e58dbc40-0173c1da-e2535081
2025-05-08 14:20:52 - Réponse brute des métadonnées: {
   "FileSize" : 531298,
   "FileUuid" : "26013414-d1c3-486e-be36-f557de35c193",
   "ID" : "e07efef8-4eba99da-e58dbc40-0173c1da-e2535081",
   "IndexInSeries" : 1,
   "Labels" : [],
   "MainDicomTags" : 
   {
      "AcquisitionNumber" : "1",
      "InstanceCreationDate" : "20210411",
      "InstanceCreationTime" : "213019.104784",
      "InstanceNumber" : "1",
      "NumberOfFrames" : "1",
      "SOPInstanceUID" : "1.3.12.2.1107.5.8.15.999999.30000021041121051996700000250"
   },
   "ParentSeries" : "11b7c563-ae504ced-e95ed300-7176b3e8-74f7e2f5",
   "Type" : "Instance"
}
2025-05-08 14:20:52 - StudyInstanceUID non trouvé dans MainDicomTags, vérification via /studies...
2025-05-08 14:20:52 - Commande dcmdump exécutée: "C:\dcmtk-3.6.9-win64-dynamic\bin\dcmdump.exe" -q +P 0020,000D "C:\xampp\tmp\php5CCB.tmp" 2>&1
2025-05-08 14:20:52 - Sortie de dcmdump: ["(0020,000d) UI [1.3.12.2.1107.5.2.53.189501.30000021011309045077000000005] #  58, 1 StudyInstanceUID","(0020,000d) UI [1.3.12.2.1107.5.2.53.189501.30000021011309045077000000005] #  58, 1 StudyInstanceUID"]
2025-05-08 14:20:52 - Code de retour de dcmdump: 0
2025-05-08 14:20:52 - StudyInstanceUID récupéré via dcmdump: 1.3.12.2.1107.5.2.53.189501.30000021011309045077000000005
2025-05-08 14:20:52 - Détails de l'instance: {
    "FileSize": 531298,
    "FileUuid": "26013414-d1c3-486e-be36-f557de35c193",
    "ID": "e07efef8-4eba99da-e58dbc40-0173c1da-e2535081",
    "IndexInSeries": 1,
    "Labels": [],
    "MainDicomTags": {
        "AcquisitionNumber": "1",
        "InstanceCreationDate": "20210411",
        "InstanceCreationTime": "213019.104784",
        "InstanceNumber": "1",
        "NumberOfFrames": "1",
        "SOPInstanceUID": "1.3.12.2.1107.5.8.15.999999.30000021041121051996700000250"
    },
    "ParentSeries": "11b7c563-ae504ced-e95ed300-7176b3e8-74f7e2f5",
    "Type": "Instance"
}
2025-05-08 14:20:52 - Instance DICOM stockée avec patient_id=3, orthanc_instance_id=e07efef8-4eba99da-e58dbc40-0173c1da-e2535081
2025-05-08 14:20:52 - Instance ID personnalisé appliqué: PATIENT-3-20250508122050
2025-05-08 14:21:03 - Début de la requête proxy-orthanc
2025-05-08 14:21:03 - URL Orthanc: http://localhost:8042/instances
2025-05-08 14:21:03 - Méthode HTTP: POST
2025-05-08 14:21:03 - $_FILES: {"file":{"name":"Altea_t1_sag_tse_DR_77233508.dcm","full_path":"Altea_t1_sag_tse_DR_77233508.dcm","type":"application\/octet-stream","tmp_name":"C:\\xampp\\tmp\\php8EE8.tmp","error":0,"size":531298}}
2025-05-08 14:21:03 - $_POST: {"patient_id":"5","instance_id":"PATIENT-5-20250508122103"}
2025-05-08 14:21:03 - Patient ID: 5, Instance ID personnalisé: PATIENT-5-20250508122103, Fichier temporaire: C:\xampp\tmp\php8EE8.tmp
2025-05-08 14:21:04 - ID Orthanc attribué: e07efef8-4eba99da-e58dbc40-0173c1da-e2535081
2025-05-08 14:21:04 - Requête des métadonnées via URL: http://localhost:8042/instances/e07efef8-4eba99da-e58dbc40-0173c1da-e2535081
2025-05-08 14:21:04 - Réponse brute des métadonnées: {
   "FileSize" : 531298,
   "FileUuid" : "26013414-d1c3-486e-be36-f557de35c193",
   "ID" : "e07efef8-4eba99da-e58dbc40-0173c1da-e2535081",
   "IndexInSeries" : 1,
   "Labels" : [],
   "MainDicomTags" : 
   {
      "AcquisitionNumber" : "1",
      "InstanceCreationDate" : "20210411",
      "InstanceCreationTime" : "213019.104784",
      "InstanceNumber" : "1",
      "NumberOfFrames" : "1",
      "SOPInstanceUID" : "1.3.12.2.1107.5.8.15.999999.30000021041121051996700000250"
   },
   "ParentSeries" : "11b7c563-ae504ced-e95ed300-7176b3e8-74f7e2f5",
   "Type" : "Instance"
}
2025-05-08 14:21:04 - StudyInstanceUID non trouvé dans MainDicomTags, vérification via /studies...
2025-05-08 14:21:04 - Commande dcmdump exécutée: "C:\dcmtk-3.6.9-win64-dynamic\bin\dcmdump.exe" -q +P 0020,000D "C:\xampp\tmp\php8EE8.tmp" 2>&1
2025-05-08 14:21:05 - Sortie de dcmdump: ["(0020,000d) UI [1.3.12.2.1107.5.2.53.189501.30000021011309045077000000005] #  58, 1 StudyInstanceUID","(0020,000d) UI [1.3.12.2.1107.5.2.53.189501.30000021011309045077000000005] #  58, 1 StudyInstanceUID"]
2025-05-08 14:21:05 - Code de retour de dcmdump: 0
2025-05-08 14:21:05 - StudyInstanceUID récupéré via dcmdump: 1.3.12.2.1107.5.2.53.189501.30000021011309045077000000005
2025-05-08 14:21:05 - Détails de l'instance: {
    "FileSize": 531298,
    "FileUuid": "26013414-d1c3-486e-be36-f557de35c193",
    "ID": "e07efef8-4eba99da-e58dbc40-0173c1da-e2535081",
    "IndexInSeries": 1,
    "Labels": [],
    "MainDicomTags": {
        "AcquisitionNumber": "1",
        "InstanceCreationDate": "20210411",
        "InstanceCreationTime": "213019.104784",
        "InstanceNumber": "1",
        "NumberOfFrames": "1",
        "SOPInstanceUID": "1.3.12.2.1107.5.8.15.999999.30000021041121051996700000250"
    },
    "ParentSeries": "11b7c563-ae504ced-e95ed300-7176b3e8-74f7e2f5",
    "Type": "Instance"
}
2025-05-08 14:21:05 - Instance DICOM stockée avec patient_id=5, orthanc_instance_id=e07efef8-4eba99da-e58dbc40-0173c1da-e2535081
2025-05-08 14:21:05 - Instance ID personnalisé appliqué: PATIENT-5-20250508122103
2025-05-08 20:29:50 - Début de la requête proxy-orthanc
2025-05-08 20:29:50 - URL Orthanc: http://localhost:8042/instances/PATIENT-1-20250507192029
2025-05-08 20:29:50 - Méthode HTTP: GET
2025-05-08 20:29:52 - Début de la requête proxy-orthanc
2025-05-08 20:29:52 - URL Orthanc: http://localhost:8042/instances/PATIENT-1-20250507192049
2025-05-08 20:29:52 - Méthode HTTP: GET
2025-05-08 20:29:55 - Début de la requête proxy-orthanc
2025-05-08 20:29:55 - URL Orthanc: http://localhost:8042/instances/PATIENT-1-20250508121925
2025-05-08 20:29:55 - Méthode HTTP: GET
2025-05-08 20:29:55 - Requête Orthanc: HTTP Code=404, Réponse=, Erreur cURL=
2025-05-08 20:29:55 - Erreur Orthanc: Code=404, Message=
2025-05-08 20:29:56 - Requête Orthanc: HTTP Code=404, Réponse=, Erreur cURL=
2025-05-08 20:29:56 - Erreur Orthanc: Code=404, Message=
2025-05-08 20:29:56 - Requête Orthanc: HTTP Code=404, Réponse=, Erreur cURL=
2025-05-08 20:29:56 - Erreur Orthanc: Code=404, Message=
2025-05-08 20:48:00 - Début de la requête proxy-orthanc
2025-05-08 20:48:00 - URL Orthanc: http://localhost:8042/instances
2025-05-08 20:48:00 - Méthode HTTP: POST
2025-05-08 20:48:00 - $_FILES: {"file":{"name":"Altea_t1_sag_tse_DR_77233508.dcm","full_path":"Altea_t1_sag_tse_DR_77233508.dcm","type":"application\/octet-stream","tmp_name":"C:\\xampp\\tmp\\phpCB7C.tmp","error":0,"size":531298}}
2025-05-08 20:48:00 - $_POST: {"patient_id":"1","instance_id":"PATIENT-1-20250508184759"}
2025-05-08 20:48:00 - Patient ID: 1, Instance ID personnalisé: PATIENT-1-20250508184759, Fichier temporaire: C:\xampp\tmp\phpCB7C.tmp
2025-05-08 20:48:06 - ID Orthanc attribué: e07efef8-4eba99da-e58dbc40-0173c1da-e2535081
2025-05-08 20:48:06 - Requête des métadonnées via URL: http://localhost:8042/instances/e07efef8-4eba99da-e58dbc40-0173c1da-e2535081
2025-05-08 20:48:06 - Réponse brute des métadonnées: {
   "FileSize" : 531298,
   "FileUuid" : "26013414-d1c3-486e-be36-f557de35c193",
   "ID" : "e07efef8-4eba99da-e58dbc40-0173c1da-e2535081",
   "IndexInSeries" : 1,
   "Labels" : [],
   "MainDicomTags" : 
   {
      "AcquisitionNumber" : "1",
      "InstanceCreationDate" : "20210411",
      "InstanceCreationTime" : "213019.104784",
      "InstanceNumber" : "1",
      "NumberOfFrames" : "1",
      "SOPInstanceUID" : "1.3.12.2.1107.5.8.15.999999.30000021041121051996700000250"
   },
   "ParentSeries" : "11b7c563-ae504ced-e95ed300-7176b3e8-74f7e2f5",
   "Type" : "Instance"
}
2025-05-08 20:48:06 - StudyInstanceUID non trouvé dans MainDicomTags, vérification via /studies...
2025-05-08 20:48:06 - Commande dcmdump exécutée: "C:\dcmtk-3.6.9-win64-dynamic\bin\dcmdump.exe" -q +P 0020,000D "C:\xampp\tmp\phpCB7C.tmp" 2>&1
2025-05-08 20:48:09 - Début de la requête proxy-orthanc
2025-05-08 20:48:09 - URL Orthanc: http://localhost:8042/instances
2025-05-08 20:48:09 - Méthode HTTP: POST
2025-05-08 20:48:09 - $_FILES: {"file":{"name":"Altea_t1_sag_tse_DR_77233508.dcm","full_path":"Altea_t1_sag_tse_DR_77233508.dcm","type":"application\/octet-stream","tmp_name":"C:\\xampp\\tmp\\phpEFED.tmp","error":0,"size":531298}}
2025-05-08 20:48:09 - $_POST: {"patient_id":"1","instance_id":"PATIENT-1-20250508184809"}
2025-05-08 20:48:09 - Patient ID: 1, Instance ID personnalisé: PATIENT-1-20250508184809, Fichier temporaire: C:\xampp\tmp\phpEFED.tmp
2025-05-08 20:48:11 - ID Orthanc attribué: e07efef8-4eba99da-e58dbc40-0173c1da-e2535081
2025-05-08 20:48:11 - Requête des métadonnées via URL: http://localhost:8042/instances/e07efef8-4eba99da-e58dbc40-0173c1da-e2535081
2025-05-08 20:48:12 - Sortie de dcmdump: ["(0020,000d) UI [1.3.12.2.1107.5.2.53.189501.30000021011309045077000000005] #  58, 1 StudyInstanceUID","(0020,000d) UI [1.3.12.2.1107.5.2.53.189501.30000021011309045077000000005] #  58, 1 StudyInstanceUID"]
2025-05-08 20:48:12 - Code de retour de dcmdump: 0
2025-05-08 20:48:12 - StudyInstanceUID récupéré via dcmdump: 1.3.12.2.1107.5.2.53.189501.30000021011309045077000000005
2025-05-08 20:48:12 - Détails de l'instance: {
    "FileSize": 531298,
    "FileUuid": "26013414-d1c3-486e-be36-f557de35c193",
    "ID": "e07efef8-4eba99da-e58dbc40-0173c1da-e2535081",
    "IndexInSeries": 1,
    "Labels": [],
    "MainDicomTags": {
        "AcquisitionNumber": "1",
        "InstanceCreationDate": "20210411",
        "InstanceCreationTime": "213019.104784",
        "InstanceNumber": "1",
        "NumberOfFrames": "1",
        "SOPInstanceUID": "1.3.12.2.1107.5.8.15.999999.30000021041121051996700000250"
    },
    "ParentSeries": "11b7c563-ae504ced-e95ed300-7176b3e8-74f7e2f5",
    "Type": "Instance"
}
2025-05-08 20:48:12 - Réponse brute des métadonnées: {
   "FileSize" : 531298,
   "FileUuid" : "26013414-d1c3-486e-be36-f557de35c193",
   "ID" : "e07efef8-4eba99da-e58dbc40-0173c1da-e2535081",
   "IndexInSeries" : 1,
   "Labels" : [],
   "MainDicomTags" : 
   {
      "AcquisitionNumber" : "1",
      "InstanceCreationDate" : "20210411",
      "InstanceCreationTime" : "213019.104784",
      "InstanceNumber" : "1",
      "NumberOfFrames" : "1",
      "SOPInstanceUID" : "1.3.12.2.1107.5.8.15.999999.30000021041121051996700000250"
   },
   "ParentSeries" : "11b7c563-ae504ced-e95ed300-7176b3e8-74f7e2f5",
   "Type" : "Instance"
}
2025-05-08 20:48:12 - StudyInstanceUID non trouvé dans MainDicomTags, vérification via /studies...
2025-05-08 20:48:12 - Commande dcmdump exécutée: "C:\dcmtk-3.6.9-win64-dynamic\bin\dcmdump.exe" -q +P 0020,000D "C:\xampp\tmp\phpEFED.tmp" 2>&1
2025-05-08 20:48:12 - Instance DICOM stockée avec patient_id=1, orthanc_instance_id=e07efef8-4eba99da-e58dbc40-0173c1da-e2535081
2025-05-08 20:48:12 - Sortie de dcmdump: ["(0020,000d) UI [1.3.12.2.1107.5.2.53.189501.30000021011309045077000000005] #  58, 1 StudyInstanceUID","(0020,000d) UI [1.3.12.2.1107.5.2.53.189501.30000021011309045077000000005] #  58, 1 StudyInstanceUID"]
2025-05-08 20:48:12 - Code de retour de dcmdump: 0
2025-05-08 20:48:12 - StudyInstanceUID récupéré via dcmdump: 1.3.12.2.1107.5.2.53.189501.30000021011309045077000000005
2025-05-08 20:48:12 - Détails de l'instance: {
    "FileSize": 531298,
    "FileUuid": "26013414-d1c3-486e-be36-f557de35c193",
    "ID": "e07efef8-4eba99da-e58dbc40-0173c1da-e2535081",
    "IndexInSeries": 1,
    "Labels": [],
    "MainDicomTags": {
        "AcquisitionNumber": "1",
        "InstanceCreationDate": "20210411",
        "InstanceCreationTime": "213019.104784",
        "InstanceNumber": "1",
        "NumberOfFrames": "1",
        "SOPInstanceUID": "1.3.12.2.1107.5.8.15.999999.30000021041121051996700000250"
    },
    "ParentSeries": "11b7c563-ae504ced-e95ed300-7176b3e8-74f7e2f5",
    "Type": "Instance"
}
2025-05-08 20:48:12 - Instance ID personnalisé appliqué: PATIENT-1-20250508184759
2025-05-08 20:48:12 - Instance DICOM stockée avec patient_id=1, orthanc_instance_id=e07efef8-4eba99da-e58dbc40-0173c1da-e2535081
2025-05-08 20:48:13 - Instance ID personnalisé appliqué: PATIENT-1-20250508184809
2025-05-28 20:23:58 - Début de la requête proxy-orthanc
2025-05-28 20:23:59 - URL Orthanc: http://localhost:8042/instances
2025-05-28 20:23:59 - Méthode HTTP: POST
2025-05-28 20:23:59 - $_FILES: {"file":{"name":"Altea_t1_sag_tse_DR_77233508.dcm","full_path":"Altea_t1_sag_tse_DR_77233508.dcm","type":"application\/octet-stream","tmp_name":"C:\\xampp\\tmp\\php2813.tmp","error":0,"size":531298}}
2025-05-28 20:23:59 - $_POST: {"patient_id":"1","instance_id":"PATIENT-1-20250528182358"}
2025-05-28 20:23:59 - Patient ID: 1, Instance ID personnalisé: PATIENT-1-20250528182358, Fichier temporaire: C:\xampp\tmp\php2813.tmp
2025-05-28 20:24:02 - ID Orthanc attribué: e07efef8-4eba99da-e58dbc40-0173c1da-e2535081
2025-05-28 20:24:02 - Requête des métadonnées via URL: http://localhost:8042/instances/e07efef8-4eba99da-e58dbc40-0173c1da-e2535081
2025-05-28 20:24:02 - Réponse brute des métadonnées: {
   "FileSize" : 531298,
   "FileUuid" : "26013414-d1c3-486e-be36-f557de35c193",
   "ID" : "e07efef8-4eba99da-e58dbc40-0173c1da-e2535081",
   "IndexInSeries" : 1,
   "Labels" : [],
   "MainDicomTags" : 
   {
      "AcquisitionNumber" : "1",
      "InstanceCreationDate" : "20210411",
      "InstanceCreationTime" : "213019.104784",
      "InstanceNumber" : "1",
      "NumberOfFrames" : "1",
      "SOPInstanceUID" : "1.3.12.2.1107.5.8.15.999999.30000021041121051996700000250"
   },
   "ParentSeries" : "11b7c563-ae504ced-e95ed300-7176b3e8-74f7e2f5",
   "Type" : "Instance"
}
2025-05-28 20:24:02 - StudyInstanceUID non trouvé dans MainDicomTags, vérification via /studies...
2025-05-28 20:24:02 - Commande dcmdump exécutée: "C:\dcmtk-3.6.9-win64-dynamic\bin\dcmdump.exe" -q +P 0020,000D "C:\xampp\tmp\php2813.tmp" 2>&1
2025-05-28 20:24:03 - Début de la requête proxy-orthanc
2025-05-28 20:24:03 - URL Orthanc: http://localhost:8042/instances
2025-05-28 20:24:03 - Méthode HTTP: POST
2025-05-28 20:24:03 - $_FILES: {"file":{"name":"Altea_t1_sag_tse_DR_77233508.dcm","full_path":"Altea_t1_sag_tse_DR_77233508.dcm","type":"application\/octet-stream","tmp_name":"C:\\xampp\\tmp\\php3BEB.tmp","error":0,"size":531298}}
2025-05-28 20:24:03 - $_POST: {"patient_id":"1","instance_id":"PATIENT-1-20250528182403"}
2025-05-28 20:24:03 - Patient ID: 1, Instance ID personnalisé: PATIENT-1-20250528182403, Fichier temporaire: C:\xampp\tmp\php3BEB.tmp
2025-05-28 20:24:03 - ID Orthanc attribué: e07efef8-4eba99da-e58dbc40-0173c1da-e2535081
2025-05-28 20:24:03 - Requête des métadonnées via URL: http://localhost:8042/instances/e07efef8-4eba99da-e58dbc40-0173c1da-e2535081
2025-05-28 20:24:04 - Réponse brute des métadonnées: {
   "FileSize" : 531298,
   "FileUuid" : "26013414-d1c3-486e-be36-f557de35c193",
   "ID" : "e07efef8-4eba99da-e58dbc40-0173c1da-e2535081",
   "IndexInSeries" : 1,
   "Labels" : [],
   "MainDicomTags" : 
   {
      "AcquisitionNumber" : "1",
      "InstanceCreationDate" : "20210411",
      "InstanceCreationTime" : "213019.104784",
      "InstanceNumber" : "1",
      "NumberOfFrames" : "1",
      "SOPInstanceUID" : "1.3.12.2.1107.5.8.15.999999.30000021041121051996700000250"
   },
   "ParentSeries" : "11b7c563-ae504ced-e95ed300-7176b3e8-74f7e2f5",
   "Type" : "Instance"
}
2025-05-28 20:24:04 - StudyInstanceUID non trouvé dans MainDicomTags, vérification via /studies...
2025-05-28 20:24:04 - Commande dcmdump exécutée: "C:\dcmtk-3.6.9-win64-dynamic\bin\dcmdump.exe" -q +P 0020,000D "C:\xampp\tmp\php3BEB.tmp" 2>&1
2025-05-28 20:24:06 - Sortie de dcmdump: ["(0020,000d) UI [1.3.12.2.1107.5.2.53.189501.30000021011309045077000000005] #  58, 1 StudyInstanceUID","(0020,000d) UI [1.3.12.2.1107.5.2.53.189501.30000021011309045077000000005] #  58, 1 StudyInstanceUID"]
2025-05-28 20:24:06 - Code de retour de dcmdump: 0
2025-05-28 20:24:06 - StudyInstanceUID récupéré via dcmdump: 1.3.12.2.1107.5.2.53.189501.30000021011309045077000000005
, 1 StudyInstanceUID","(0020,000d) UI [1.3.12.2.1107.5.2.53.189501.30000021011309045077000000005] #  58, 1 StudyInstanceUID"]
2025-05-28 20:24:06 - Code de retour de dcmdump: 0
"FileSize": 531298,
    "FileUuid": "26013414-d1c3-486e-be36-f557de35c193",
    "ID": "e07efef8-4eba99da-e58dbc40-0173c1da-e2535081",
    "IndexInSeries": 1,
    "Labels": [],
    "MainDicomTags": {
        "AcquisitionNumber": "1",
        "InstanceCreationDate": "20210411",
        "InstanceCreationTime": "213019.104784",
        "InstanceNumber": "1",
        "NumberOfFrames": "1",
        "SOPInstanceUID": "1.3.12.2.1107.5.8.15.999999.30000021041121051996700000250"
    },
    "ParentSeries": "11b7c563-ae504ced-e95ed300-7176b3e8-74f7e2f5",
    "Type": "Instance"
}
2025-05-28 20:24:06 - StudyInstanceUID récupéré via dcmdump: 1.3.12.2.1107.5.2.53.189501.30000021011309045077000000005
2025-05-28 20:24:06 - Détails de l'instance: {
    "FileSize": 531298,
    "FileUuid": "26013414-d1c3-486e-be36-f557de35c193",
    "ID": "e07efef8-4eba99da-e58dbc40-0173c1da-e2535081",
    "IndexInSeries": 1,
    "Labels": [],
    "MainDicomTags": {
        "AcquisitionNumber": "1",
        "InstanceCreationDate": "20210411",
        "InstanceCreationTime": "213019.104784",
        "InstanceNumber": "1",
        "NumberOfFrames": "1",
        "SOPInstanceUID": "1.3.12.2.1107.5.8.15.999999.30000021041121051996700000250"
    },
    "ParentSeries": "11b7c563-ae504ced-e95ed300-7176b3e8-74f7e2f5",
    "Type": "Instance"
}
2025-05-28 20:24:06 - Instance DICOM stockée avec patient_id=1, orthanc_instance_id=e07efef8-4eba99da-e58dbc40-0173c1da-e2535081
2025-05-28 20:24:06 - Instance DICOM stockée avec patient_id=1, orthanc_instance_id=e07efef8-4eba99da-e58dbc40-0173c1da-e2535081
2025-05-28 20:24:06 - Instance ID personnalisé appliqué: PATIENT-1-20250528182358
2025-05-28 20:24:06 - Instance ID personnalisé appliqué: PATIENT-1-20250528182403
2025-05-28 20:25:40 - Début de la requête proxy-orthanc
2025-05-28 20:25:40 - URL Orthanc: http://localhost:8042/instances
2025-05-28 20:25:40 - Méthode HTTP: POST
2025-05-28 20:25:40 - $_FILES: {"file":{"name":"Altea_t1_sag_tse_DR_77233508.dcm","full_path":"Altea_t1_sag_tse_DR_77233508.dcm","type":"application\/octet-stream","tmp_name":"C:\\xampp\\tmp\\phpB84B.tmp","error":0,"size":531298}}
2025-05-28 20:25:40 - $_POST: {"patient_id":"1","instance_id":"PATIENT-1-20250528182540"}
2025-05-28 20:25:40 - Patient ID: 1, Instance ID personnalisé: PATIENT-1-20250528182540, Fichier temporaire: C:\xampp\tmp\phpB84B.tmp
2025-05-28 20:25:41 - ID Orthanc attribué: e07efef8-4eba99da-e58dbc40-0173c1da-e2535081
2025-05-28 20:25:41 - Requête des métadonnées via URL: http://localhost:8042/instances/e07efef8-4eba99da-e58dbc40-0173c1da-e2535081
2025-05-28 20:25:41 - Réponse brute des métadonnées: {
   "FileSize" : 531298,
   "FileUuid" : "26013414-d1c3-486e-be36-f557de35c193",
   "ID" : "e07efef8-4eba99da-e58dbc40-0173c1da-e2535081",
   "IndexInSeries" : 1,
   "Labels" : [],
   "MainDicomTags" : 
   {
      "AcquisitionNumber" : "1",
      "InstanceCreationDate" : "20210411",
      "InstanceCreationTime" : "213019.104784",
      "InstanceNumber" : "1",
      "NumberOfFrames" : "1",
      "SOPInstanceUID" : "1.3.12.2.1107.5.8.15.999999.30000021041121051996700000250"
   },
   "ParentSeries" : "11b7c563-ae504ced-e95ed300-7176b3e8-74f7e2f5",
   "Type" : "Instance"
}
2025-05-28 20:25:41 - StudyInstanceUID non trouvé dans MainDicomTags, vérification via /studies...
2025-05-28 20:25:41 - Commande dcmdump exécutée: "C:\dcmtk-3.6.9-win64-dynamic\bin\dcmdump.exe" -q +P 0020,000D "C:\xampp\tmp\phpB84B.tmp" 2>&1
2025-05-28 20:25:41 - Sortie de dcmdump: ["(0020,000d) UI [1.3.12.2.1107.5.2.53.189501.30000021011309045077000000005] #  58, 1 StudyInstanceUID","(0020,000d) UI [1.3.12.2.1107.5.2.53.189501.30000021011309045077000000005] #  58, 1 StudyInstanceUID"]
2025-05-28 20:25:41 - Code de retour de dcmdump: 0
2025-05-28 20:25:41 - StudyInstanceUID récupéré via dcmdump: 1.3.12.2.1107.5.2.53.189501.30000021011309045077000000005
2025-05-28 20:25:41 - Détails de l'instance: {
    "FileSize": 531298,
    "FileUuid": "26013414-d1c3-486e-be36-f557de35c193",
    "ID": "e07efef8-4eba99da-e58dbc40-0173c1da-e2535081",
    "IndexInSeries": 1,
    "Labels": [],
    "MainDicomTags": {
        "AcquisitionNumber": "1",
        "InstanceCreationDate": "20210411",
        "InstanceCreationTime": "213019.104784",
        "InstanceNumber": "1",
        "NumberOfFrames": "1",
        "SOPInstanceUID": "1.3.12.2.1107.5.8.15.999999.30000021041121051996700000250"
    },
    "ParentSeries": "11b7c563-ae504ced-e95ed300-7176b3e8-74f7e2f5",
    "Type": "Instance"
}
2025-05-28 20:25:42 - Instance DICOM stockée avec patient_id=1, orthanc_instance_id=e07efef8-4eba99da-e58dbc40-0173c1da-e2535081
2025-05-28 20:25:42 - Instance ID personnalisé appliqué: PATIENT-1-20250528182540
2025-05-28 22:12:08 - Début de la requête proxy-orthanc
2025-05-28 22:12:08 - URL Orthanc: http://localhost:8042/instances/orthanc-ecg-001
2025-05-28 22:12:08 - Méthode HTTP: GET
2025-05-28 22:12:08 - Requête Orthanc: HTTP Code=404, Réponse=, Erreur cURL=
2025-05-28 22:12:08 - Erreur Orthanc: Code=404, Message=
2025-05-29 01:01:26 - Début de la requête proxy-orthanc
2025-05-29 01:01:26 - URL Orthanc: http://localhost:8042/instances
2025-05-29 01:01:26 - Méthode HTTP: POST
2025-05-29 01:01:26 - $_FILES: {"file":{"name":"image-00004.dcm","full_path":"image-00004.dcm","type":"application\/octet-stream","tmp_name":"C:\\xampp\\tmp\\php2EBB.tmp","error":0,"size":91264}}
2025-05-29 01:01:26 - $_POST: {"patient_id":"1","instance_id":"PATIENT-1-20250528230125","consultation_id":"1"}
2025-05-29 01:01:26 - Patient ID: 1, Instance ID personnalisé: PATIENT-1-20250528230125, Fichier temporaire: C:\xampp\tmp\php2EBB.tmp
2025-05-29 01:01:27 - ID Orthanc attribué: 96548d6b-b87fefbd-78a3f7c5-c5abe181-0643a103
2025-05-29 01:01:27 - Requête des métadonnées via URL: http://localhost:8042/instances/96548d6b-b87fefbd-78a3f7c5-c5abe181-0643a103
2025-05-29 01:01:28 - Réponse brute des métadonnées: {
   "FileSize" : 91264,
   "FileUuid" : "38587b7f-ec7d-4073-b328-96e3badc5fee",
   "ID" : "96548d6b-b87fefbd-78a3f7c5-c5abe181-0643a103",
   "IndexInSeries" : 5,
   "Labels" : [],
   "MainDicomTags" : 
   {
      "ImageComments" : "JPEG 2000 lossless - Version 4.0.2 (c) Image Devices GmbH",
      "ImageOrientationPatient" : "1\\0\\0\\0\\1\\0",
      "ImagePositionPatient" : "-151.493508\\-36.6564417\\1293",
      "InstanceCreationDate" : "20061012",
      "InstanceCreationTime" : "091607.000000",
      "InstanceNumber" : "5",
      "SOPInstanceUID" : "1.2.826.0.1.3680043.8.1055.1.20111102150759059.64998534.33344836"
   },
   "ParentSeries" : "98d367a5-58eeba8b-f3c2da4b-de7d8f6f-ede53eb2",
   "Type" : "Instance"
}
2025-05-29 01:01:28 - StudyInstanceUID non trouvé dans MainDicomTags, vérification via /studies...
2025-05-29 01:01:28 - Commande dcmdump exécutée: "C:\dcmtk-3.6.9-win64-dynamic\bin\dcmdump.exe" -q +P 0020,000D "C:\xampp\tmp\php2EBB.tmp" 2>&1
2025-05-29 01:01:32 - Sortie de dcmdump: ["(0020,000d) UI [1.2.826.0.1.3680043.8.1055.1.20111102150758591.92402465.76095170] #  64, 1 StudyInstanceUID"]
2025-05-29 01:01:32 - Code de retour de dcmdump: 0
2025-05-29 01:01:32 - StudyInstanceUID récupéré via dcmdump: 1.2.826.0.1.3680043.8.1055.1.20111102150758591.92402465.76095170
2025-05-29 01:01:32 - Détails de l'instance: {
    "FileSize": 91264,
    "FileUuid": "38587b7f-ec7d-4073-b328-96e3badc5fee",
    "ID": "96548d6b-b87fefbd-78a3f7c5-c5abe181-0643a103",
    "IndexInSeries": 5,
    "Labels": [],
    "MainDicomTags": {
        "ImageComments": "JPEG 2000 lossless - Version 4.0.2 (c) Image Devices GmbH",
        "ImageOrientationPatient": "1\\0\\0\\0\\1\\0",
        "ImagePositionPatient": "-151.493508\\-36.6564417\\1293",
        "InstanceCreationDate": "20061012",
        "InstanceCreationTime": "091607.000000",
        "InstanceNumber": "5",
        "SOPInstanceUID": "1.2.826.0.1.3680043.8.1055.1.20111102150759059.64998534.33344836"
    },
    "ParentSeries": "98d367a5-58eeba8b-f3c2da4b-de7d8f6f-ede53eb2",
    "Type": "Instance"
}
2025-05-29 01:01:32 - Instance DICOM stockée avec patient_id=1, orthanc_instance_id=96548d6b-b87fefbd-78a3f7c5-c5abe181-0643a103
2025-05-29 01:01:32 - Instance ID personnalisé appliqué: PATIENT-1-20250528230125
2025-05-29 01:14:07 - Début de la requête proxy-orthanc
2025-05-29 01:14:07 - URL Orthanc: http://localhost:8042/instances/PATIENT-1-20250528182403
2025-05-29 01:14:07 - Méthode HTTP: GET
2025-05-29 01:14:08 - Requête Orthanc: HTTP Code=404, Réponse=, Erreur cURL=
2025-05-29 01:14:08 - Erreur Orthanc: Code=404, Message=
2025-05-29 10:08:52 - Début de la requête proxy-orthanc
2025-05-29 10:08:52 - URL Orthanc: http://localhost:8042/instances
2025-05-29 10:08:52 - Méthode HTTP: POST
2025-05-29 10:08:52 - $_FILES: {"file":{"name":"image-00008.dcm","full_path":"image-00008.dcm","type":"application\/octet-stream","tmp_name":"C:\\xampp\\tmp\\php5E82.tmp","error":0,"size":91754}}
2025-05-29 10:08:52 - $_POST: {"patient_id":"1","instance_id":"PATIENT-1-20250529080851","consultation_id":"1"}
2025-05-29 10:08:52 - Patient ID: 1, Instance ID personnalisé: PATIENT-1-20250529080851, Fichier temporaire: C:\xampp\tmp\php5E82.tmp
2025-05-29 10:08:53 - ID Orthanc attribué: 6be8f9b5-0a47915b-56fd8a11-4d94300c-9bfb83c4
2025-05-29 10:08:53 - Requête des métadonnées via URL: http://localhost:8042/instances/6be8f9b5-0a47915b-56fd8a11-4d94300c-9bfb83c4
2025-05-29 10:08:53 - Réponse brute des métadonnées: {
   "FileSize" : 91754,
   "FileUuid" : "f8915ebb-7254-4620-b681-5bb840022e52",
   "ID" : "6be8f9b5-0a47915b-56fd8a11-4d94300c-9bfb83c4",
   "IndexInSeries" : 9,
   "Labels" : [],
   "MainDicomTags" : 
   {
      "ImageComments" : "JPEG 2000 lossless - Version 4.0.2 (c) Image Devices GmbH",
      "ImageOrientationPatient" : "1\\0\\0\\0\\1\\0",
      "ImagePositionPatient" : "-151.493508\\-36.6564417\\1291",
      "InstanceCreationDate" : "20061012",
      "InstanceCreationTime" : "091607.000000",
      "InstanceNumber" : "9",
      "SOPInstanceUID" : "1.2.826.0.1.3680043.8.1055.1.20111102150759341.28598532.00746135"
   },
   "ParentSeries" : "98d367a5-58eeba8b-f3c2da4b-de7d8f6f-ede53eb2",
   "Type" : "Instance"
}
2025-05-29 10:08:53 - StudyInstanceUID non trouvé dans MainDicomTags, vérification via /studies...
2025-05-29 10:08:54 - Commande dcmdump exécutée: "C:\dcmtk-3.6.9-win64-dynamic\bin\dcmdump.exe" -q +P 0020,000D "C:\xampp\tmp\php5E82.tmp" 2>&1
2025-05-29 10:08:56 - Sortie de dcmdump: ["(0020,000d) UI [1.2.826.0.1.3680043.8.1055.1.20111102150758591.92402465.76095170] #  64, 1 StudyInstanceUID"]
2025-05-29 10:08:56 - Code de retour de dcmdump: 0
2025-05-29 10:08:56 - StudyInstanceUID récupéré via dcmdump: 1.2.826.0.1.3680043.8.1055.1.20111102150758591.92402465.76095170
2025-05-29 10:08:56 - Détails de l'instance: {
    "FileSize": 91754,
    "FileUuid": "f8915ebb-7254-4620-b681-5bb840022e52",
    "ID": "6be8f9b5-0a47915b-56fd8a11-4d94300c-9bfb83c4",
    "IndexInSeries": 9,
    "Labels": [],
    "MainDicomTags": {
        "ImageComments": "JPEG 2000 lossless - Version 4.0.2 (c) Image Devices GmbH",
        "ImageOrientationPatient": "1\\0\\0\\0\\1\\0",
        "ImagePositionPatient": "-151.493508\\-36.6564417\\1291",
        "InstanceCreationDate": "20061012",
        "InstanceCreationTime": "091607.000000",
        "InstanceNumber": "9",
        "SOPInstanceUID": "1.2.826.0.1.3680043.8.1055.1.20111102150759341.28598532.00746135"
    },
    "ParentSeries": "98d367a5-58eeba8b-f3c2da4b-de7d8f6f-ede53eb2",
    "Type": "Instance"
}
2025-05-29 10:08:56 - Instance DICOM stockée avec patient_id=1, orthanc_instance_id=6be8f9b5-0a47915b-56fd8a11-4d94300c-9bfb83c4
2025-05-29 10:08:56 - Instance ID personnalisé appliqué: PATIENT-1-20250529080851
2025-05-29 10:09:23 - Début de la requête proxy-orthanc
2025-05-29 10:09:34 - URL Orthanc: http://localhost:8042/instances/PATIENT-1-20250529080851
2025-05-29 10:09:34 - Méthode HTTP: GET
2025-05-29 10:09:35 - Requête Orthanc: HTTP Code=404, Réponse=, Erreur cURL=
2025-05-29 10:09:35 - Erreur Orthanc: Code=404, Message=
2025-05-29 10:10:18 - Début de la requête proxy-orthanc
2025-05-29 10:10:18 - URL Orthanc: http://localhost:8042/instances
2025-05-29 10:10:18 - Méthode HTTP: POST
2025-05-29 10:10:18 - $_FILES: {"file":{"name":"image-00007.dcm","full_path":"image-00007.dcm","type":"application\/octet-stream","tmp_name":"C:\\xampp\\tmp\\phpAE73.tmp","error":0,"size":91688}}
2025-05-29 10:10:18 - $_POST: {"patient_id":"1","instance_id":"PATIENT-1-20250529081017","consultation_id":"1"}
2025-05-29 10:10:18 - Patient ID: 1, Instance ID personnalisé: PATIENT-1-20250529081017, Fichier temporaire: C:\xampp\tmp\phpAE73.tmp
2025-05-29 10:10:18 - ID Orthanc attribué: ca185649-59f5c5ef-ebbff62a-dcd31eec-5232abf3
2025-05-29 10:10:18 - Requête des métadonnées via URL: http://localhost:8042/instances/ca185649-59f5c5ef-ebbff62a-dcd31eec-5232abf3
2025-05-29 10:10:19 - Réponse brute des métadonnées: {
   "FileSize" : 91688,
   "FileUuid" : "e3584987-392b-46e3-bd31-99d09d0c04e6",
   "ID" : "ca185649-59f5c5ef-ebbff62a-dcd31eec-5232abf3",
   "IndexInSeries" : 8,
   "Labels" : [],
   "MainDicomTags" : 
   {
      "ImageComments" : "JPEG 2000 lossless - Version 4.0.2 (c) Image Devices GmbH",
      "ImageOrientationPatient" : "1\\0\\0\\0\\1\\0",
      "ImagePositionPatient" : "-151.493508\\-36.6564417\\1291.5",
      "InstanceCreationDate" : "20061012",
      "InstanceCreationTime" : "091607.000000",
      "InstanceNumber" : "8",
      "SOPInstanceUID" : "1.2.826.0.1.3680043.8.1055.1.20111102150759278.17477298.74845291"
   },
   "ParentSeries" : "98d367a5-58eeba8b-f3c2da4b-de7d8f6f-ede53eb2",
   "Type" : "Instance"
}
2025-05-29 10:10:19 - StudyInstanceUID non trouvé dans MainDicomTags, vérification via /studies...
2025-05-29 10:10:19 - Commande dcmdump exécutée: "C:\dcmtk-3.6.9-win64-dynamic\bin\dcmdump.exe" -q +P 0020,000D "C:\xampp\tmp\phpAE73.tmp" 2>&1
2025-05-29 10:10:19 - Sortie de dcmdump: ["(0020,000d) UI [1.2.826.0.1.3680043.8.1055.1.20111102150758591.92402465.76095170] #  64, 1 StudyInstanceUID"]
2025-05-29 10:10:19 - Code de retour de dcmdump: 0
2025-05-29 10:10:19 - StudyInstanceUID récupéré via dcmdump: 1.2.826.0.1.3680043.8.1055.1.20111102150758591.92402465.76095170
2025-05-29 10:10:19 - Détails de l'instance: {
    "FileSize": 91688,
    "FileUuid": "e3584987-392b-46e3-bd31-99d09d0c04e6",
    "ID": "ca185649-59f5c5ef-ebbff62a-dcd31eec-5232abf3",
    "IndexInSeries": 8,
    "Labels": [],
    "MainDicomTags": {
        "ImageComments": "JPEG 2000 lossless - Version 4.0.2 (c) Image Devices GmbH",
        "ImageOrientationPatient": "1\\0\\0\\0\\1\\0",
        "ImagePositionPatient": "-151.493508\\-36.6564417\\1291.5",
        "InstanceCreationDate": "20061012",
        "InstanceCreationTime": "091607.000000",
        "InstanceNumber": "8",
        "SOPInstanceUID": "1.2.826.0.1.3680043.8.1055.1.20111102150759278.17477298.74845291"
    },
    "ParentSeries": "98d367a5-58eeba8b-f3c2da4b-de7d8f6f-ede53eb2",
    "Type": "Instance"
}
2025-05-29 10:10:20 - Instance DICOM stockée avec patient_id=1, orthanc_instance_id=ca185649-59f5c5ef-ebbff62a-dcd31eec-5232abf3
2025-05-29 10:10:20 - Instance ID personnalisé appliqué: PATIENT-1-20250529081017
2025-05-29 10:19:01 - Début de la requête proxy-orthanc
2025-05-29 10:19:01 - URL Orthanc: http://localhost:8042/instances
2025-05-29 10:19:01 - Méthode HTTP: POST
2025-05-29 10:19:01 - $_FILES: {"file":{"name":"image-00009.dcm","full_path":"image-00009.dcm","type":"application\/octet-stream","tmp_name":"C:\\xampp\\tmp\\phpAA37.tmp","error":0,"size":91658}}
2025-05-29 10:19:01 - $_POST: {"patient_id":"1","instance_id":"PATIENT-1-20250529081901","consultation_id":"1"}
2025-05-29 10:19:01 - Patient ID: 1, Instance ID personnalisé: PATIENT-1-20250529081901, Fichier temporaire: C:\xampp\tmp\phpAA37.tmp
2025-05-29 10:19:02 - ID Orthanc attribué: 9ec8fbb6-b5b6bf94-16950f4b-184a8d6e-21c21abd
2025-05-29 10:19:02 - Requête des métadonnées via URL: http://localhost:8042/instances/9ec8fbb6-b5b6bf94-16950f4b-184a8d6e-21c21abd
2025-05-29 10:19:02 - Réponse brute des métadonnées: {
   "FileSize" : 91658,
   "FileUuid" : "629ffd2b-273d-46b9-9dc0-23ddcea2d046",
   "ID" : "9ec8fbb6-b5b6bf94-16950f4b-184a8d6e-21c21abd",
   "IndexInSeries" : 10,
   "Labels" : [],
   "MainDicomTags" : 
   {
      "ImageComments" : "JPEG 2000 lossless - Version 4.0.2 (c) Image Devices GmbH",
      "ImageOrientationPatient" : "1\\0\\0\\0\\1\\0",
      "ImagePositionPatient" : "-151.493508\\-36.6564417\\1290.5",
      "InstanceCreationDate" : "20061012",
      "InstanceCreationTime" : "091607.000000",
      "InstanceNumber" : "10",
      "SOPInstanceUID" : "1.2.826.0.1.3680043.8.1055.1.20111102150759419.98760783.75639221"
   },
   "ParentSeries" : "98d367a5-58eeba8b-f3c2da4b-de7d8f6f-ede53eb2",
   "Type" : "Instance"
}
2025-05-29 10:19:02 - StudyInstanceUID non trouvé dans MainDicomTags, vérification via /studies...
2025-05-29 10:19:02 - Commande dcmdump exécutée: "C:\dcmtk-3.6.9-win64-dynamic\bin\dcmdump.exe" -q +P 0020,000D "C:\xampp\tmp\phpAA37.tmp" 2>&1
2025-05-29 10:19:02 - Sortie de dcmdump: ["(0020,000d) UI [1.2.826.0.1.3680043.8.1055.1.20111102150758591.92402465.76095170] #  64, 1 StudyInstanceUID"]
2025-05-29 10:19:02 - Code de retour de dcmdump: 0
2025-05-29 10:19:02 - StudyInstanceUID récupéré via dcmdump: 1.2.826.0.1.3680043.8.1055.1.20111102150758591.92402465.76095170
2025-05-29 10:19:02 - Détails de l'instance: {
    "FileSize": 91658,
    "FileUuid": "629ffd2b-273d-46b9-9dc0-23ddcea2d046",
    "ID": "9ec8fbb6-b5b6bf94-16950f4b-184a8d6e-21c21abd",
    "IndexInSeries": 10,
    "Labels": [],
    "MainDicomTags": {
        "ImageComments": "JPEG 2000 lossless - Version 4.0.2 (c) Image Devices GmbH",
        "ImageOrientationPatient": "1\\0\\0\\0\\1\\0",
        "ImagePositionPatient": "-151.493508\\-36.6564417\\1290.5",
        "InstanceCreationDate": "20061012",
        "InstanceCreationTime": "091607.000000",
        "InstanceNumber": "10",
        "SOPInstanceUID": "1.2.826.0.1.3680043.8.1055.1.20111102150759419.98760783.75639221"
    },
    "ParentSeries": "98d367a5-58eeba8b-f3c2da4b-de7d8f6f-ede53eb2",
    "Type": "Instance"
}
2025-05-29 10:19:02 - Instance DICOM stockée avec patient_id=1, orthanc_instance_id=9ec8fbb6-b5b6bf94-16950f4b-184a8d6e-21c21abd
2025-05-29 10:19:03 - Instance ID personnalisé appliqué: PATIENT-1-20250529081901
2025-06-01 14:41:27 - Début de la requête proxy-orthanc
2025-06-01 14:41:27 - URL Orthanc: http://localhost:8042/instances
2025-06-01 14:41:27 - Méthode HTTP: POST
2025-06-01 14:41:27 - $_FILES: {"file":{"name":"Altea_t1_sag_tse_DR_77233508.dcm","full_path":"Altea_t1_sag_tse_DR_77233508.dcm","type":"application\/octet-stream","tmp_name":"C:\\xampp\\tmp\\phpFC5C.tmp","error":0,"size":531298}}
2025-06-01 14:41:27 - $_POST: {"patient_id":"2","instance_id":"PATIENT-2-20250601124126"}
2025-06-01 14:41:27 - Patient ID: 2, Instance ID personnalisé: PATIENT-2-20250601124126, Fichier temporaire: C:\xampp\tmp\phpFC5C.tmp
2025-06-01 14:41:32 - ID Orthanc attribué: e07efef8-4eba99da-e58dbc40-0173c1da-e2535081
2025-06-01 14:41:32 - Requête des métadonnées via URL: http://localhost:8042/instances/e07efef8-4eba99da-e58dbc40-0173c1da-e2535081
2025-06-01 14:41:32 - Réponse brute des métadonnées: {
   "FileSize" : 531298,
   "FileUuid" : "26013414-d1c3-486e-be36-f557de35c193",
   "ID" : "e07efef8-4eba99da-e58dbc40-0173c1da-e2535081",
   "IndexInSeries" : 1,
   "Labels" : [],
   "MainDicomTags" : 
   {
      "AcquisitionNumber" : "1",
      "InstanceCreationDate" : "20210411",
      "InstanceCreationTime" : "213019.104784",
      "InstanceNumber" : "1",
      "NumberOfFrames" : "1",
      "SOPInstanceUID" : "1.3.12.2.1107.5.8.15.999999.30000021041121051996700000250"
   },
   "ParentSeries" : "11b7c563-ae504ced-e95ed300-7176b3e8-74f7e2f5",
   "Type" : "Instance"
}
2025-06-01 14:41:32 - StudyInstanceUID non trouvé dans MainDicomTags, vérification via /studies...
2025-06-01 14:41:32 - Commande dcmdump exécutée: "C:\dcmtk-3.6.9-win64-dynamic\bin\dcmdump.exe" -q +P 0020,000D "C:\xampp\tmp\phpFC5C.tmp" 2>&1
2025-06-01 14:41:53 - Sortie de dcmdump: ["(0020,000d) UI [1.3.12.2.1107.5.2.53.189501.30000021011309045077000000005] #  58, 1 StudyInstanceUID","(0020,000d) UI [1.3.12.2.1107.5.2.53.189501.30000021011309045077000000005] #  58, 1 StudyInstanceUID"]
2025-06-01 14:41:53 - Code de retour de dcmdump: 0
2025-06-01 14:41:53 - StudyInstanceUID récupéré via dcmdump: 1.3.12.2.1107.5.2.53.189501.30000021011309045077000000005
2025-06-01 14:41:53 - Détails de l'instance: {
    "FileSize": 531298,
    "FileUuid": "26013414-d1c3-486e-be36-f557de35c193",
    "ID": "e07efef8-4eba99da-e58dbc40-0173c1da-e2535081",
    "IndexInSeries": 1,
    "Labels": [],
    "MainDicomTags": {
        "AcquisitionNumber": "1",
        "InstanceCreationDate": "20210411",
        "InstanceCreationTime": "213019.104784",
        "InstanceNumber": "1",
        "NumberOfFrames": "1",
        "SOPInstanceUID": "1.3.12.2.1107.5.8.15.999999.30000021041121051996700000250"
    },
    "ParentSeries": "11b7c563-ae504ced-e95ed300-7176b3e8-74f7e2f5",
    "Type": "Instance"
}
2025-06-01 14:41:53 - Instance DICOM stockée avec patient_id=2, orthanc_instance_id=e07efef8-4eba99da-e58dbc40-0173c1da-e2535081
2025-06-01 14:41:53 - Instance ID personnalisé appliqué: PATIENT-2-20250601124126
2025-06-01 14:43:24 - Début de la requête proxy-orthanc
2025-06-01 14:43:24 - URL Orthanc: http://localhost:8042/instances
2025-06-01 14:43:24 - Méthode HTTP: POST
2025-06-01 14:43:24 - $_FILES: {"file":{"name":"image-00003.dcm","full_path":"image-00003.dcm","type":"application\/octet-stream","tmp_name":"C:\\xampp\\tmp\\phpC620.tmp","error":0,"size":91182}}
2025-06-01 14:43:24 - $_POST: {"patient_id":"2","instance_id":"PATIENT-2-20250601124324"}
2025-06-01 14:43:24 - Patient ID: 2, Instance ID personnalisé: PATIENT-2-20250601124324, Fichier temporaire: C:\xampp\tmp\phpC620.tmp
2025-06-01 14:43:24 - ID Orthanc attribué: 9a29cba5-68bed7e0-c5c01897-1771d7c8-d3dad7c2
2025-06-01 14:43:24 - Requête des métadonnées via URL: http://localhost:8042/instances/9a29cba5-68bed7e0-c5c01897-1771d7c8-d3dad7c2
2025-06-01 14:43:24 - Réponse brute des métadonnées: {
   "FileSize" : 91182,
   "FileUuid" : "cd1d5e34-7760-4eb3-8a23-4054ec94ab57",
   "ID" : "9a29cba5-68bed7e0-c5c01897-1771d7c8-d3dad7c2",
   "IndexInSeries" : 4,
   "Labels" : [],
   "MainDicomTags" : 
   {
      "ImageComments" : "JPEG 2000 lossless - Version 4.0.2 (c) Image Devices GmbH",
      "ImageOrientationPatient" : "1\\0\\0\\0\\1\\0",
      "ImagePositionPatient" : "-151.493508\\-36.6564417\\1293.5",
      "InstanceCreationDate" : "20061012",
      "InstanceCreationTime" : "091607.000000",
      "InstanceNumber" : "4",
      "SOPInstanceUID" : "1.2.826.0.1.3680043.8.1055.1.20111102150758997.22494556.03019111"
   },
   "ParentSeries" : "98d367a5-58eeba8b-f3c2da4b-de7d8f6f-ede53eb2",
   "Type" : "Instance"
}
2025-06-01 14:43:24 - StudyInstanceUID non trouvé dans MainDicomTags, vérification via /studies...
2025-06-01 14:43:24 - Commande dcmdump exécutée: "C:\dcmtk-3.6.9-win64-dynamic\bin\dcmdump.exe" -q +P 0020,000D "C:\xampp\tmp\phpC620.tmp" 2>&1
2025-06-01 14:43:25 - Sortie de dcmdump: ["(0020,000d) UI [1.2.826.0.1.3680043.8.1055.1.20111102150758591.92402465.76095170] #  64, 1 StudyInstanceUID"]
2025-06-01 14:43:25 - Code de retour de dcmdump: 0
2025-06-01 14:43:25 - StudyInstanceUID récupéré via dcmdump: 1.2.826.0.1.3680043.8.1055.1.20111102150758591.92402465.76095170
2025-06-01 14:43:25 - Détails de l'instance: {
    "FileSize": 91182,
    "FileUuid": "cd1d5e34-7760-4eb3-8a23-4054ec94ab57",
    "ID": "9a29cba5-68bed7e0-c5c01897-1771d7c8-d3dad7c2",
    "IndexInSeries": 4,
    "Labels": [],
    "MainDicomTags": {
        "ImageComments": "JPEG 2000 lossless - Version 4.0.2 (c) Image Devices GmbH",
        "ImageOrientationPatient": "1\\0\\0\\0\\1\\0",
        "ImagePositionPatient": "-151.493508\\-36.6564417\\1293.5",
        "InstanceCreationDate": "20061012",
        "InstanceCreationTime": "091607.000000",
        "InstanceNumber": "4",
        "SOPInstanceUID": "1.2.826.0.1.3680043.8.1055.1.20111102150758997.22494556.03019111"
    },
    "ParentSeries": "98d367a5-58eeba8b-f3c2da4b-de7d8f6f-ede53eb2",
    "Type": "Instance"
}
2025-06-01 14:43:25 - Instance DICOM stockée avec patient_id=2, orthanc_instance_id=9a29cba5-68bed7e0-c5c01897-1771d7c8-d3dad7c2
2025-06-01 14:43:25 - Instance ID personnalisé appliqué: PATIENT-2-20250601124324
2025-06-01 14:47:18 - Début de la requête proxy-orthanc
2025-06-01 14:47:18 - URL Orthanc: http://localhost:8042/instances
2025-06-01 14:47:18 - Méthode HTTP: POST
2025-06-01 14:47:18 - $_FILES: {"file":{"name":"dicom_24e83fd1-ddd03175-beb6aa86-f4ce6432-4241b24f (1).dcm","full_path":"dicom_24e83fd1-ddd03175-beb6aa86-f4ce6432-4241b24f (1).dcm","type":"application\/octet-stream","tmp_name":"C:\\xampp\\tmp\\php587F.tmp","error":0,"size":0}}
2025-06-01 14:47:18 - $_POST: {"patient_id":"2","instance_id":"PATIENT-2-20250601124718"}
2025-06-01 14:47:18 - Patient ID: 2, Instance ID personnalisé: PATIENT-2-20250601124718, Fichier temporaire: C:\xampp\tmp\php587F.tmp
2025-06-01 14:47:18 - Erreur initiale d'upload: HTTP Code=400, Erreur cURL=, Réponse={
	"Details" : "Received an empty DICOM file",
	"HttpError" : "Bad Request",
	"HttpStatus" : 400,
	"Message" : "Bad file format",
	"Method" : "POST",
	"OrthancError" : "Bad file format",
	"OrthancStatus" : 15,
	"Uri" : "/instances"
}

2025-06-01 14:47:18 - Exception capturée: Erreur lors de l'upload initial vers Orthanc: {
	"Details" : "Received an empty DICOM file",
	"HttpError" : "Bad Request",
	"HttpStatus" : 400,
	"Message" : "Bad file format",
	"Method" : "POST",
	"OrthancError" : "Bad file format",
	"OrthancStatus" : 15,
	"Uri" : "/instances"
}
, Détails: {"error":"Erreur lors de l'upload initial vers Orthanc: {\n\t\"Details\" : \"Received an empty DICOM file\",\n\t\"HttpError\" : \"Bad Request\",\n\t\"HttpStatus\" : 400,\n\t\"Message\" : \"Bad file format\",\n\t\"Method\" : \"POST\",\n\t\"OrthancError\" : \"Bad file format\",\n\t\"OrthancStatus\" : 15,\n\t\"Uri\" : \"\/instances\"\n}\n"}
2025-06-01 14:47:39 - Début de la requête proxy-orthanc
2025-06-01 14:47:39 - URL Orthanc: http://localhost:8042/instances
2025-06-01 14:47:39 - Méthode HTTP: POST
2025-06-01 14:47:39 - $_FILES: {"file":{"name":"image-00011.dcm","full_path":"image-00011.dcm","type":"application\/octet-stream","tmp_name":"C:\\xampp\\tmp\\phpABFF.tmp","error":0,"size":91858}}
2025-06-01 14:47:39 - $_POST: {"patient_id":"2","instance_id":"PATIENT-2-20250601124739"}
2025-06-01 14:47:39 - Patient ID: 2, Instance ID personnalisé: PATIENT-2-20250601124739, Fichier temporaire: C:\xampp\tmp\phpABFF.tmp
2025-06-01 14:47:39 - ID Orthanc attribué: f594c062-9b40743f-9a18e6b4-b50b74c6-c147bee8
2025-06-01 14:47:39 - Requête des métadonnées via URL: http://localhost:8042/instances/f594c062-9b40743f-9a18e6b4-b50b74c6-c147bee8
2025-06-01 14:47:40 - Réponse brute des métadonnées: {
   "FileSize" : 91858,
   "FileUuid" : "c8f6c1de-86f1-4255-a71a-ea9a1696b5f9",
   "ID" : "f594c062-9b40743f-9a18e6b4-b50b74c6-c147bee8",
   "IndexInSeries" : 12,
   "Labels" : [],
   "MainDicomTags" : 
   {
      "ImageComments" : "JPEG 2000 lossless - Version 4.0.2 (c) Image Devices GmbH",
      "ImageOrientationPatient" : "1\\0\\0\\0\\1\\0",
      "ImagePositionPatient" : "-151.493508\\-36.6564417\\1289.5",
      "InstanceCreationDate" : "20061012",
      "InstanceCreationTime" : "091609.000000",
      "InstanceNumber" : "12",
      "SOPInstanceUID" : "1.2.826.0.1.3680043.8.1055.1.20111102150759606.51304844.13773673"
   },
   "ParentSeries" : "98d367a5-58eeba8b-f3c2da4b-de7d8f6f-ede53eb2",
   "Type" : "Instance"
}
2025-06-01 14:47:40 - StudyInstanceUID non trouvé dans MainDicomTags, vérification via /studies...
2025-06-01 14:47:40 - Commande dcmdump exécutée: "C:\dcmtk-3.6.9-win64-dynamic\bin\dcmdump.exe" -q +P 0020,000D "C:\xampp\tmp\phpABFF.tmp" 2>&1
2025-06-01 14:47:40 - Sortie de dcmdump: ["(0020,000d) UI [1.2.826.0.1.3680043.8.1055.1.20111102150758591.92402465.76095170] #  64, 1 StudyInstanceUID"]
2025-06-01 14:47:40 - Code de retour de dcmdump: 0
2025-06-01 14:47:40 - StudyInstanceUID récupéré via dcmdump: 1.2.826.0.1.3680043.8.1055.1.20111102150758591.92402465.76095170
2025-06-01 14:47:40 - Détails de l'instance: {
    "FileSize": 91858,
    "FileUuid": "c8f6c1de-86f1-4255-a71a-ea9a1696b5f9",
    "ID": "f594c062-9b40743f-9a18e6b4-b50b74c6-c147bee8",
    "IndexInSeries": 12,
    "Labels": [],
    "MainDicomTags": {
        "ImageComments": "JPEG 2000 lossless - Version 4.0.2 (c) Image Devices GmbH",
        "ImageOrientationPatient": "1\\0\\0\\0\\1\\0",
        "ImagePositionPatient": "-151.493508\\-36.6564417\\1289.5",
        "InstanceCreationDate": "20061012",
        "InstanceCreationTime": "091609.000000",
        "InstanceNumber": "12",
        "SOPInstanceUID": "1.2.826.0.1.3680043.8.1055.1.20111102150759606.51304844.13773673"
    },
    "ParentSeries": "98d367a5-58eeba8b-f3c2da4b-de7d8f6f-ede53eb2",
    "Type": "Instance"
}
2025-06-01 14:47:40 - Instance DICOM stockée avec patient_id=2, orthanc_instance_id=f594c062-9b40743f-9a18e6b4-b50b74c6-c147bee8
2025-06-01 14:47:40 - Instance ID personnalisé appliqué: PATIENT-2-20250601124739
2025-06-01 14:51:16 - Début de la requête proxy-orthanc
2025-06-01 14:51:16 - URL Orthanc: http://localhost:8042/instances
2025-06-01 14:51:16 - Méthode HTTP: POST
2025-06-01 14:51:16 - $_FILES: {"file":{"name":"image-00022.dcm","full_path":"image-00022.dcm","type":"application\/octet-stream","tmp_name":"C:\\xampp\\tmp\\phpFC25.tmp","error":0,"size":91466}}
2025-06-01 14:51:16 - $_POST: {"patient_id":"4","instance_id":"PATIENT-4-20250601125116"}
2025-06-01 14:51:16 - Patient ID: 4, Instance ID personnalisé: PATIENT-4-20250601125116, Fichier temporaire: C:\xampp\tmp\phpFC25.tmp
2025-06-01 14:51:17 - ID Orthanc attribué: 1f998867-5a3d87d9-bf10ddaf-564cfa8e-c9b22c5d
2025-06-01 14:51:17 - Requête des métadonnées via URL: http://localhost:8042/instances/1f998867-5a3d87d9-bf10ddaf-564cfa8e-c9b22c5d
2025-06-01 14:51:17 - Réponse brute des métadonnées: {
   "FileSize" : 91466,
   "FileUuid" : "c765b4e7-73a5-4f87-bf7b-5b232ad44d8c",
   "ID" : "1f998867-5a3d87d9-bf10ddaf-564cfa8e-c9b22c5d",
   "IndexInSeries" : 23,
   "Labels" : [],
   "MainDicomTags" : 
   {
      "ImageComments" : "JPEG 2000 lossless - Version 4.0.2 (c) Image Devices GmbH",
      "ImageOrientationPatient" : "1\\0\\0\\0\\1\\0",
      "ImagePositionPatient" : "-151.493508\\-36.6564417\\1284",
      "InstanceCreationDate" : "20061012",
      "InstanceCreationTime" : "091611.000000",
      "InstanceNumber" : "23",
      "SOPInstanceUID" : "1.2.826.0.1.3680043.8.1055.1.20111102150800341.74478397.56604539"
   },
   "ParentSeries" : "98d367a5-58eeba8b-f3c2da4b-de7d8f6f-ede53eb2",
   "Type" : "Instance"
}
2025-06-01 14:51:17 - StudyInstanceUID non trouvé dans MainDicomTags, vérification via /studies...
2025-06-01 14:51:17 - Commande dcmdump exécutée: "C:\dcmtk-3.6.9-win64-dynamic\bin\dcmdump.exe" -q +P 0020,000D "C:\xampp\tmp\phpFC25.tmp" 2>&1
2025-06-01 14:51:18 - Sortie de dcmdump: ["(0020,000d) UI [1.2.826.0.1.3680043.8.1055.1.20111102150758591.92402465.76095170] #  64, 1 StudyInstanceUID"]
2025-06-01 14:51:18 - Code de retour de dcmdump: 0
2025-06-01 14:51:18 - StudyInstanceUID récupéré via dcmdump: 1.2.826.0.1.3680043.8.1055.1.20111102150758591.92402465.76095170
2025-06-01 14:51:18 - Détails de l'instance: {
    "FileSize": 91466,
    "FileUuid": "c765b4e7-73a5-4f87-bf7b-5b232ad44d8c",
    "ID": "1f998867-5a3d87d9-bf10ddaf-564cfa8e-c9b22c5d",
    "IndexInSeries": 23,
    "Labels": [],
    "MainDicomTags": {
        "ImageComments": "JPEG 2000 lossless - Version 4.0.2 (c) Image Devices GmbH",
        "ImageOrientationPatient": "1\\0\\0\\0\\1\\0",
        "ImagePositionPatient": "-151.493508\\-36.6564417\\1284",
        "InstanceCreationDate": "20061012",
        "InstanceCreationTime": "091611.000000",
        "InstanceNumber": "23",
        "SOPInstanceUID": "1.2.826.0.1.3680043.8.1055.1.20111102150800341.74478397.56604539"
    },
    "ParentSeries": "98d367a5-58eeba8b-f3c2da4b-de7d8f6f-ede53eb2",
    "Type": "Instance"
}
2025-06-01 14:51:18 - Instance DICOM stockée avec patient_id=4, orthanc_instance_id=1f998867-5a3d87d9-bf10ddaf-564cfa8e-c9b22c5d
2025-06-01 14:51:18 - Instance ID personnalisé appliqué: PATIENT-4-20250601125116
2025-06-01 14:51:42 - Début de la requête proxy-orthanc
2025-06-01 14:51:42 - URL Orthanc: http://localhost:8042/instances
2025-06-01 14:51:42 - Méthode HTTP: POST
2025-06-01 14:51:42 - $_FILES: {"file":{"name":"image-00011.dcm","full_path":"image-00011.dcm","type":"application\/octet-stream","tmp_name":"C:\\xampp\\tmp\\php61F5.tmp","error":0,"size":91858}}
2025-06-01 14:51:42 - $_POST: {"patient_id":"5","instance_id":"PATIENT-5-20250601125142"}
2025-06-01 14:51:42 - Patient ID: 5, Instance ID personnalisé: PATIENT-5-20250601125142, Fichier temporaire: C:\xampp\tmp\php61F5.tmp
2025-06-01 14:51:43 - ID Orthanc attribué: f594c062-9b40743f-9a18e6b4-b50b74c6-c147bee8
2025-06-01 14:51:43 - Requête des métadonnées via URL: http://localhost:8042/instances/f594c062-9b40743f-9a18e6b4-b50b74c6-c147bee8
2025-06-01 14:51:43 - Réponse brute des métadonnées: {
   "FileSize" : 91858,
   "FileUuid" : "c8f6c1de-86f1-4255-a71a-ea9a1696b5f9",
   "ID" : "f594c062-9b40743f-9a18e6b4-b50b74c6-c147bee8",
   "IndexInSeries" : 12,
   "Labels" : [],
   "MainDicomTags" : 
   {
      "ImageComments" : "JPEG 2000 lossless - Version 4.0.2 (c) Image Devices GmbH",
      "ImageOrientationPatient" : "1\\0\\0\\0\\1\\0",
      "ImagePositionPatient" : "-151.493508\\-36.6564417\\1289.5",
      "InstanceCreationDate" : "20061012",
      "InstanceCreationTime" : "091609.000000",
      "InstanceNumber" : "12",
      "SOPInstanceUID" : "1.2.826.0.1.3680043.8.1055.1.20111102150759606.51304844.13773673"
   },
   "ParentSeries" : "98d367a5-58eeba8b-f3c2da4b-de7d8f6f-ede53eb2",
   "Type" : "Instance"
}
2025-06-01 14:51:43 - StudyInstanceUID non trouvé dans MainDicomTags, vérification via /studies...
2025-06-01 14:51:43 - Commande dcmdump exécutée: "C:\dcmtk-3.6.9-win64-dynamic\bin\dcmdump.exe" -q +P 0020,000D "C:\xampp\tmp\php61F5.tmp" 2>&1
2025-06-01 14:51:43 - Sortie de dcmdump: ["(0020,000d) UI [1.2.826.0.1.3680043.8.1055.1.20111102150758591.92402465.76095170] #  64, 1 StudyInstanceUID"]
2025-06-01 14:51:43 - Code de retour de dcmdump: 0
2025-06-01 14:51:43 - StudyInstanceUID récupéré via dcmdump: 1.2.826.0.1.3680043.8.1055.1.20111102150758591.92402465.76095170
2025-06-01 14:51:43 - Détails de l'instance: {
    "FileSize": 91858,
    "FileUuid": "c8f6c1de-86f1-4255-a71a-ea9a1696b5f9",
    "ID": "f594c062-9b40743f-9a18e6b4-b50b74c6-c147bee8",
    "IndexInSeries": 12,
    "Labels": [],
    "MainDicomTags": {
        "ImageComments": "JPEG 2000 lossless - Version 4.0.2 (c) Image Devices GmbH",
        "ImageOrientationPatient": "1\\0\\0\\0\\1\\0",
        "ImagePositionPatient": "-151.493508\\-36.6564417\\1289.5",
        "InstanceCreationDate": "20061012",
        "InstanceCreationTime": "091609.000000",
        "InstanceNumber": "12",
        "SOPInstanceUID": "1.2.826.0.1.3680043.8.1055.1.20111102150759606.51304844.13773673"
    },
    "ParentSeries": "98d367a5-58eeba8b-f3c2da4b-de7d8f6f-ede53eb2",
    "Type": "Instance"
}
2025-06-01 14:51:43 - Instance DICOM stockée avec patient_id=5, orthanc_instance_id=f594c062-9b40743f-9a18e6b4-b50b74c6-c147bee8
2025-06-01 14:51:43 - Instance ID personnalisé appliqué: PATIENT-5-20250601125142
2025-06-05 07:45:41 - Début de la requête proxy-orthanc
2025-06-05 07:45:41 - URL Orthanc: http://localhost:8042/instances
2025-06-05 07:45:41 - Méthode HTTP: POST
2025-06-05 07:45:41 - $_FILES: []
2025-06-05 07:45:41 - $_POST: []
2025-06-05 07:45:41 - Erreur: Vérification $_FILES['file']: []
2025-06-05 07:45:41 - Exception capturée: Aucun fichier DICOM valide fourni ou erreur d'upload: pas de fichier, Détails: {"error":"Aucun fichier DICOM valide fourni ou erreur d'upload: pas de fichier"}
2025-06-05 09:07:53 - Début de la requête proxy-orthanc
2025-06-05 09:07:53 - URL Orthanc: http://localhost:8042/instances
2025-06-05 09:07:53 - Méthode HTTP: POST
2025-06-05 09:07:53 - $_FILES: []
2025-06-05 09:07:53 - $_POST: []
2025-06-05 09:07:53 - Erreur: Vérification $_FILES['file']: []
2025-06-05 09:07:53 - Exception capturée: Aucun fichier DICOM valide fourni ou erreur d'upload: pas de fichier, Détails: {"error":"Aucun fichier DICOM valide fourni ou erreur d'upload: pas de fichier"}
2025-06-05 17:26:37 - Début de la requête proxy-orthanc
2025-06-05 17:26:37 - URL Orthanc: http://localhost:8042/instances
2025-06-05 17:26:37 - Méthode HTTP: POST
2025-06-05 17:26:37 - $_FILES: []
2025-06-05 17:26:37 - $_POST: []
2025-06-05 17:26:37 - Erreur: Vérification $_FILES['file']: []
2025-06-05 17:26:37 - Exception capturée: Aucun fichier DICOM valide fourni ou erreur d'upload: pas de fichier, Détails: {"error":"Aucun fichier DICOM valide fourni ou erreur d'upload: pas de fichier"}
2025-06-05 17:51:36 - Début de la requête proxy-orthanc
2025-06-05 17:51:36 - URL Orthanc: http://localhost:8042/instances
2025-06-05 17:51:36 - Méthode HTTP: POST
2025-06-05 17:51:36 - $_FILES: []
2025-06-05 17:51:36 - $_POST: []
2025-06-05 17:51:36 - Erreur: Vérification $_FILES['file']: []
2025-06-05 17:51:36 - Exception capturée: Aucun fichier DICOM valide fourni ou erreur d'upload: pas de fichier, Détails: {"error":"Aucun fichier DICOM valide fourni ou erreur d'upload: pas de fichier"}
2025-06-05 18:09:23 - Début de la requête proxy-orthanc
2025-06-05 18:09:23 - URL Orthanc: http://localhost:8042/instances
2025-06-05 18:09:23 - Méthode HTTP: POST
2025-06-05 18:09:23 - $_FILES: {"file":{"name":"image-00008.dcm","full_path":"image-00008.dcm","type":"application\/dicom","tmp_name":"C:\\xampp\\tmp\\php4B60.tmp","error":0,"size":91754}}
2025-06-05 18:09:23 - $_POST: {"patient_id":"1","instance_id":"PATIENT-1-20250605180922"}
2025-06-05 18:09:23 - Patient ID: 1, Instance ID personnalisé: PATIENT-1-20250605180922, Fichier temporaire: C:\xampp\tmp\php4B60.tmp
2025-06-05 18:09:24 - ID Orthanc attribué: 6be8f9b5-0a47915b-56fd8a11-4d94300c-9bfb83c4
2025-06-05 18:09:24 - Requête des métadonnées via URL: http://localhost:8042/instances/6be8f9b5-0a47915b-56fd8a11-4d94300c-9bfb83c4
2025-06-05 18:09:24 - Réponse brute des métadonnées: {
   "FileSize" : 91754,
   "FileUuid" : "f8915ebb-7254-4620-b681-5bb840022e52",
   "ID" : "6be8f9b5-0a47915b-56fd8a11-4d94300c-9bfb83c4",
   "IndexInSeries" : 9,
   "Labels" : [],
   "MainDicomTags" : 
   {
      "ImageComments" : "JPEG 2000 lossless - Version 4.0.2 (c) Image Devices GmbH",
      "ImageOrientationPatient" : "1\\0\\0\\0\\1\\0",
      "ImagePositionPatient" : "-151.493508\\-36.6564417\\1291",
      "InstanceCreationDate" : "20061012",
      "InstanceCreationTime" : "091607.000000",
      "InstanceNumber" : "9",
      "SOPInstanceUID" : "1.2.826.0.1.3680043.8.1055.1.20111102150759341.28598532.00746135"
   },
   "ParentSeries" : "98d367a5-58eeba8b-f3c2da4b-de7d8f6f-ede53eb2",
   "Type" : "Instance"
}
2025-06-05 18:09:24 - StudyInstanceUID non trouvé dans MainDicomTags, vérification via /studies...
2025-06-05 18:09:24 - Commande dcmdump exécutée: "C:\dcmtk-3.6.9-win64-dynamic\bin\dcmdump.exe" -q +P 0020,000D "C:\xampp\tmp\php4B60.tmp" 2>&1
2025-06-05 18:09:33 - Sortie de dcmdump: ["(0020,000d) UI [1.2.826.0.1.3680043.8.1055.1.20111102150758591.92402465.76095170] #  64, 1 StudyInstanceUID"]
2025-06-05 18:09:33 - Code de retour de dcmdump: 0
2025-06-05 18:09:33 - StudyInstanceUID récupéré via dcmdump: 1.2.826.0.1.3680043.8.1055.1.20111102150758591.92402465.76095170
2025-06-05 18:09:33 - Détails de l'instance: {
    "FileSize": 91754,
    "FileUuid": "f8915ebb-7254-4620-b681-5bb840022e52",
    "ID": "6be8f9b5-0a47915b-56fd8a11-4d94300c-9bfb83c4",
    "IndexInSeries": 9,
    "Labels": [],
    "MainDicomTags": {
        "ImageComments": "JPEG 2000 lossless - Version 4.0.2 (c) Image Devices GmbH",
        "ImageOrientationPatient": "1\\0\\0\\0\\1\\0",
        "ImagePositionPatient": "-151.493508\\-36.6564417\\1291",
        "InstanceCreationDate": "20061012",
        "InstanceCreationTime": "091607.000000",
        "InstanceNumber": "9",
        "SOPInstanceUID": "1.2.826.0.1.3680043.8.1055.1.20111102150759341.28598532.00746135"
    },
    "ParentSeries": "98d367a5-58eeba8b-f3c2da4b-de7d8f6f-ede53eb2",
    "Type": "Instance"
}
2025-06-05 18:09:33 - Instance DICOM stockée avec patient_id=1, orthanc_instance_id=6be8f9b5-0a47915b-56fd8a11-4d94300c-9bfb83c4
2025-06-05 18:09:33 - Instance ID personnalisé appliqué: PATIENT-1-20250605180922
2025-06-05 18:47:39 - Début de la requête proxy-orthanc
2025-06-05 18:47:39 - URL Orthanc: http://localhost:8042/instances
2025-06-05 18:47:39 - Méthode HTTP: POST
2025-06-05 18:47:39 - $_FILES: {"file":{"name":"image-00007.dcm","full_path":"image-00007.dcm","type":"application\/dicom","tmp_name":"C:\\xampp\\tmp\\php556A.tmp","error":0,"size":91688}}
2025-06-05 18:47:39 - $_POST: {"patient_id":"1","instance_id":"PATIENT-1-20250605184739"}
2025-06-05 18:47:39 - Patient ID: 1, Instance ID personnalisé: PATIENT-1-20250605184739, Fichier temporaire: C:\xampp\tmp\php556A.tmp
2025-06-05 18:47:40 - ID Orthanc attribué: ca185649-59f5c5ef-ebbff62a-dcd31eec-5232abf3
2025-06-05 18:47:40 - Requête des métadonnées via URL: http://localhost:8042/instances/ca185649-59f5c5ef-ebbff62a-dcd31eec-5232abf3
2025-06-05 18:47:40 - Réponse brute des métadonnées: {
   "FileSize" : 91688,
   "FileUuid" : "e3584987-392b-46e3-bd31-99d09d0c04e6",
   "ID" : "ca185649-59f5c5ef-ebbff62a-dcd31eec-5232abf3",
   "IndexInSeries" : 8,
   "Labels" : [],
   "MainDicomTags" : 
   {
      "ImageComments" : "JPEG 2000 lossless - Version 4.0.2 (c) Image Devices GmbH",
      "ImageOrientationPatient" : "1\\0\\0\\0\\1\\0",
      "ImagePositionPatient" : "-151.493508\\-36.6564417\\1291.5",
      "InstanceCreationDate" : "20061012",
      "InstanceCreationTime" : "091607.000000",
      "InstanceNumber" : "8",
      "SOPInstanceUID" : "1.2.826.0.1.3680043.8.1055.1.20111102150759278.17477298.74845291"
   },
   "ParentSeries" : "98d367a5-58eeba8b-f3c2da4b-de7d8f6f-ede53eb2",
   "Type" : "Instance"
}
2025-06-05 18:47:40 - StudyInstanceUID non trouvé dans MainDicomTags, vérification via /studies...
2025-06-05 18:47:40 - Commande dcmdump exécutée: "C:\dcmtk-3.6.9-win64-dynamic\bin\dcmdump.exe" -q +P 0020,000D "C:\xampp\tmp\php556A.tmp" 2>&1
2025-06-05 18:47:40 - Sortie de dcmdump: ["(0020,000d) UI [1.2.826.0.1.3680043.8.1055.1.20111102150758591.92402465.76095170] #  64, 1 StudyInstanceUID"]
2025-06-05 18:47:40 - Code de retour de dcmdump: 0
2025-06-05 18:47:40 - StudyInstanceUID récupéré via dcmdump: 1.2.826.0.1.3680043.8.1055.1.20111102150758591.92402465.76095170
2025-06-05 18:47:40 - Détails de l'instance: {
    "FileSize": 91688,
    "FileUuid": "e3584987-392b-46e3-bd31-99d09d0c04e6",
    "ID": "ca185649-59f5c5ef-ebbff62a-dcd31eec-5232abf3",
    "IndexInSeries": 8,
    "Labels": [],
    "MainDicomTags": {
        "ImageComments": "JPEG 2000 lossless - Version 4.0.2 (c) Image Devices GmbH",
        "ImageOrientationPatient": "1\\0\\0\\0\\1\\0",
        "ImagePositionPatient": "-151.493508\\-36.6564417\\1291.5",
        "InstanceCreationDate": "20061012",
        "InstanceCreationTime": "091607.000000",
        "InstanceNumber": "8",
        "SOPInstanceUID": "1.2.826.0.1.3680043.8.1055.1.20111102150759278.17477298.74845291"
    },
    "ParentSeries": "98d367a5-58eeba8b-f3c2da4b-de7d8f6f-ede53eb2",
    "Type": "Instance"
}
2025-06-05 18:47:40 - Instance DICOM stockée avec patient_id=1, orthanc_instance_id=ca185649-59f5c5ef-ebbff62a-dcd31eec-5232abf3
2025-06-05 18:47:40 - Instance ID personnalisé appliqué: PATIENT-1-20250605184739
2025-06-05 20:16:04 - Début de la requête proxy-orthanc
2025-06-05 20:16:04 - URL Orthanc: http://localhost:8042/instances
2025-06-05 20:16:04 - Méthode HTTP: POST
2025-06-05 20:16:04 - $_FILES: {"file":{"name":"image-00011.dcm","full_path":"image-00011.dcm","type":"application\/dicom","tmp_name":"C:\\xampp\\tmp\\php471A.tmp","error":0,"size":91858}}
2025-06-05 20:16:04 - $_POST: {"patient_id":"1","instance_id":"PATIENT-1-20250605201604"}
2025-06-05 20:16:04 - Patient ID: 1, Instance ID personnalisé: PATIENT-1-20250605201604, Fichier temporaire: C:\xampp\tmp\php471A.tmp
2025-06-05 20:16:04 - ID Orthanc attribué: f594c062-9b40743f-9a18e6b4-b50b74c6-c147bee8
2025-06-05 20:16:04 - Requête des métadonnées via URL: http://localhost:8042/instances/f594c062-9b40743f-9a18e6b4-b50b74c6-c147bee8
2025-06-05 20:16:04 - Réponse brute des métadonnées: {
   "FileSize" : 91858,
   "FileUuid" : "c8f6c1de-86f1-4255-a71a-ea9a1696b5f9",
   "ID" : "f594c062-9b40743f-9a18e6b4-b50b74c6-c147bee8",
   "IndexInSeries" : 12,
   "Labels" : [],
   "MainDicomTags" : 
   {
      "ImageComments" : "JPEG 2000 lossless - Version 4.0.2 (c) Image Devices GmbH",
      "ImageOrientationPatient" : "1\\0\\0\\0\\1\\0",
      "ImagePositionPatient" : "-151.493508\\-36.6564417\\1289.5",
      "InstanceCreationDate" : "20061012",
      "InstanceCreationTime" : "091609.000000",
      "InstanceNumber" : "12",
      "SOPInstanceUID" : "1.2.826.0.1.3680043.8.1055.1.20111102150759606.51304844.13773673"
   },
   "ParentSeries" : "98d367a5-58eeba8b-f3c2da4b-de7d8f6f-ede53eb2",
   "Type" : "Instance"
}
2025-06-05 20:16:04 - StudyInstanceUID non trouvé dans MainDicomTags, vérification via /studies...
2025-06-05 20:16:04 - Commande dcmdump exécutée: "C:\dcmtk-3.6.9-win64-dynamic\bin\dcmdump.exe" -q +P 0020,000D "C:\xampp\tmp\php471A.tmp" 2>&1
2025-06-05 20:16:05 - Sortie de dcmdump: ["(0020,000d) UI [1.2.826.0.1.3680043.8.1055.1.20111102150758591.92402465.76095170] #  64, 1 StudyInstanceUID"]
2025-06-05 20:16:05 - Code de retour de dcmdump: 0
2025-06-05 20:16:05 - StudyInstanceUID récupéré via dcmdump: 1.2.826.0.1.3680043.8.1055.1.20111102150758591.92402465.76095170
2025-06-05 20:16:05 - Détails de l'instance: {
    "FileSize": 91858,
    "FileUuid": "c8f6c1de-86f1-4255-a71a-ea9a1696b5f9",
    "ID": "f594c062-9b40743f-9a18e6b4-b50b74c6-c147bee8",
    "IndexInSeries": 12,
    "Labels": [],
    "MainDicomTags": {
        "ImageComments": "JPEG 2000 lossless - Version 4.0.2 (c) Image Devices GmbH",
        "ImageOrientationPatient": "1\\0\\0\\0\\1\\0",
        "ImagePositionPatient": "-151.493508\\-36.6564417\\1289.5",
        "InstanceCreationDate": "20061012",
        "InstanceCreationTime": "091609.000000",
        "InstanceNumber": "12",
        "SOPInstanceUID": "1.2.826.0.1.3680043.8.1055.1.20111102150759606.51304844.13773673"
    },
    "ParentSeries": "98d367a5-58eeba8b-f3c2da4b-de7d8f6f-ede53eb2",
    "Type": "Instance"
}
2025-06-05 20:16:05 - Instance DICOM stockée avec patient_id=1, orthanc_instance_id=f594c062-9b40743f-9a18e6b4-b50b74c6-c147bee8
2025-06-05 20:16:05 - Instance ID personnalisé appliqué: PATIENT-1-20250605201604
2025-06-05 20:45:21 - Début de la requête proxy-orthanc
2025-06-05 20:45:21 - URL Orthanc: http://localhost:8042/instances
2025-06-05 20:45:21 - Méthode HTTP: POST
2025-06-05 20:45:21 - $_FILES: {"file":{"name":"image-00164.dcm","full_path":"image-00164.dcm","type":"application\/dicom","tmp_name":"C:\\xampp\\tmp\\php1877.tmp","error":0,"size":89274}}
2025-06-05 20:45:21 - $_POST: {"patient_id":"2","instance_id":"PATIENT-2-20250605204521"}
2025-06-05 20:45:21 - Patient ID: 2, Instance ID personnalisé: PATIENT-2-20250605204521, Fichier temporaire: C:\xampp\tmp\php1877.tmp
2025-06-05 20:45:22 - ID Orthanc attribué: 0742bacc-37d5b622-3393ac64-756e4df7-4e004ed7
2025-06-05 20:45:22 - Requête des métadonnées via URL: http://localhost:8042/instances/0742bacc-37d5b622-3393ac64-756e4df7-4e004ed7
2025-06-05 20:45:22 - Réponse brute des métadonnées: {
   "FileSize" : 89274,
   "FileUuid" : "b451b07e-7c99-4f2a-8c26-0290f44b7416",
   "ID" : "0742bacc-37d5b622-3393ac64-756e4df7-4e004ed7",
   "IndexInSeries" : 165,
   "Labels" : [],
   "MainDicomTags" : 
   {
      "ImageComments" : "JPEG 2000 lossless - Version 4.0.2 (c) Image Devices GmbH",
      "ImageOrientationPatient" : "1\\0\\0\\0\\1\\0",
      "ImagePositionPatient" : "-151.493508\\-36.6564417\\1213",
      "InstanceCreationDate" : "20061012",
      "InstanceCreationTime" : "091649.000000",
      "InstanceNumber" : "165",
      "SOPInstanceUID" : "1.2.826.0.1.3680043.8.1055.1.20111102150830403.25926707.94186366"
   },
   "ParentSeries" : "98d367a5-58eeba8b-f3c2da4b-de7d8f6f-ede53eb2",
   "Type" : "Instance"
}
2025-06-05 20:45:22 - StudyInstanceUID non trouvé dans MainDicomTags, vérification via /studies...
2025-06-05 20:45:22 - Commande dcmdump exécutée: "C:\dcmtk-3.6.9-win64-dynamic\bin\dcmdump.exe" -q +P 0020,000D "C:\xampp\tmp\php1877.tmp" 2>&1
2025-06-05 20:45:23 - Sortie de dcmdump: ["(0020,000d) UI [1.2.826.0.1.3680043.8.1055.1.20111102150758591.92402465.76095170] #  64, 1 StudyInstanceUID"]
2025-06-05 20:45:23 - Code de retour de dcmdump: 0
2025-06-05 20:45:23 - StudyInstanceUID récupéré via dcmdump: 1.2.826.0.1.3680043.8.1055.1.20111102150758591.92402465.76095170
2025-06-05 20:45:23 - Détails de l'instance: {
    "FileSize": 89274,
    "FileUuid": "b451b07e-7c99-4f2a-8c26-0290f44b7416",
    "ID": "0742bacc-37d5b622-3393ac64-756e4df7-4e004ed7",
    "IndexInSeries": 165,
    "Labels": [],
    "MainDicomTags": {
        "ImageComments": "JPEG 2000 lossless - Version 4.0.2 (c) Image Devices GmbH",
        "ImageOrientationPatient": "1\\0\\0\\0\\1\\0",
        "ImagePositionPatient": "-151.493508\\-36.6564417\\1213",
        "InstanceCreationDate": "20061012",
        "InstanceCreationTime": "091649.000000",
        "InstanceNumber": "165",
        "SOPInstanceUID": "1.2.826.0.1.3680043.8.1055.1.20111102150830403.25926707.94186366"
    },
    "ParentSeries": "98d367a5-58eeba8b-f3c2da4b-de7d8f6f-ede53eb2",
    "Type": "Instance"
}
2025-06-05 20:45:23 - Instance DICOM stockée avec patient_id=2, orthanc_instance_id=0742bacc-37d5b622-3393ac64-756e4df7-4e004ed7
2025-06-05 20:45:23 - Instance ID personnalisé appliqué: PATIENT-2-20250605204521
2025-06-06 14:15:55 - Début de la requête proxy-orthanc
2025-06-06 14:15:55 - URL Orthanc: http://localhost:8042/instances
2025-06-06 14:15:55 - Méthode HTTP: POST
2025-06-06 14:15:55 - $_FILES: {"file":{"name":"image-00011.dcm","full_path":"image-00011.dcm","type":"application\/dicom","tmp_name":"C:\\xampp\\tmp\\phpE80B.tmp","error":0,"size":91858}}
2025-06-06 14:15:55 - $_POST: {"patient_id":"7","instance_id":"PATIENT-7-20250606141555"}
2025-06-06 14:15:55 - Patient ID: 7, Instance ID personnalisé: PATIENT-7-20250606141555, Fichier temporaire: C:\xampp\tmp\phpE80B.tmp
2025-06-06 14:15:56 - ID Orthanc attribué: f594c062-9b40743f-9a18e6b4-b50b74c6-c147bee8
2025-06-06 14:15:56 - Requête des métadonnées via URL: http://localhost:8042/instances/f594c062-9b40743f-9a18e6b4-b50b74c6-c147bee8
2025-06-06 14:15:56 - Réponse brute des métadonnées: {
   "FileSize" : 91858,
   "FileUuid" : "c8f6c1de-86f1-4255-a71a-ea9a1696b5f9",
   "ID" : "f594c062-9b40743f-9a18e6b4-b50b74c6-c147bee8",
   "IndexInSeries" : 12,
   "Labels" : [],
   "MainDicomTags" : 
   {
      "ImageComments" : "JPEG 2000 lossless - Version 4.0.2 (c) Image Devices GmbH",
      "ImageOrientationPatient" : "1\\0\\0\\0\\1\\0",
      "ImagePositionPatient" : "-151.493508\\-36.6564417\\1289.5",
      "InstanceCreationDate" : "20061012",
      "InstanceCreationTime" : "091609.000000",
      "InstanceNumber" : "12",
      "SOPInstanceUID" : "1.2.826.0.1.3680043.8.1055.1.20111102150759606.51304844.13773673"
   },
   "ParentSeries" : "98d367a5-58eeba8b-f3c2da4b-de7d8f6f-ede53eb2",
   "Type" : "Instance"
}
2025-06-06 14:15:56 - StudyInstanceUID non trouvé dans MainDicomTags, vérification via /studies...
2025-06-06 14:15:56 - Commande dcmdump exécutée: "C:\dcmtk-3.6.9-win64-dynamic\bin\dcmdump.exe" -q +P 0020,000D "C:\xampp\tmp\phpE80B.tmp" 2>&1
2025-06-06 14:15:58 - Sortie de dcmdump: ["(0020,000d) UI [1.2.826.0.1.3680043.8.1055.1.20111102150758591.92402465.76095170] #  64, 1 StudyInstanceUID"]
2025-06-06 14:15:58 - Code de retour de dcmdump: 0
2025-06-06 14:15:58 - StudyInstanceUID récupéré via dcmdump: 1.2.826.0.1.3680043.8.1055.1.20111102150758591.92402465.76095170
2025-06-06 14:15:58 - Détails de l'instance: {
    "FileSize": 91858,
    "FileUuid": "c8f6c1de-86f1-4255-a71a-ea9a1696b5f9",
    "ID": "f594c062-9b40743f-9a18e6b4-b50b74c6-c147bee8",
    "IndexInSeries": 12,
    "Labels": [],
    "MainDicomTags": {
        "ImageComments": "JPEG 2000 lossless - Version 4.0.2 (c) Image Devices GmbH",
        "ImageOrientationPatient": "1\\0\\0\\0\\1\\0",
        "ImagePositionPatient": "-151.493508\\-36.6564417\\1289.5",
        "InstanceCreationDate": "20061012",
        "InstanceCreationTime": "091609.000000",
        "InstanceNumber": "12",
        "SOPInstanceUID": "1.2.826.0.1.3680043.8.1055.1.20111102150759606.51304844.13773673"
    },
    "ParentSeries": "98d367a5-58eeba8b-f3c2da4b-de7d8f6f-ede53eb2",
    "Type": "Instance"
}
2025-06-06 14:15:58 - Instance DICOM stockée avec patient_id=7, orthanc_instance_id=f594c062-9b40743f-9a18e6b4-b50b74c6-c147bee8
2025-06-06 14:15:58 - Instance ID personnalisé appliqué: PATIENT-7-20250606141555
2025-06-11 21:19:57 - Début de la requête proxy-orthanc
2025-06-11 21:19:57 - URL Orthanc: http://localhost:8042/instances
2025-06-11 21:19:57 - Méthode HTTP: POST
2025-06-11 21:19:57 - $_FILES: {"file":{"name":"image-00009.dcm","full_path":"image-00009.dcm","type":"application\/dicom","tmp_name":"C:\\xampp\\tmp\\php35A3.tmp","error":0,"size":91658}}
2025-06-11 21:19:57 - $_POST: {"patient_id":"1","instance_id":"PATIENT-1-20250611211957"}
2025-06-11 21:19:57 - Patient ID: 1, Instance ID personnalisé: PATIENT-1-20250611211957, Fichier temporaire: C:\xampp\tmp\php35A3.tmp
2025-06-11 21:19:57 - ID Orthanc attribué: 9ec8fbb6-b5b6bf94-16950f4b-184a8d6e-21c21abd
2025-06-11 21:19:57 - Requête des métadonnées via URL: http://localhost:8042/instances/9ec8fbb6-b5b6bf94-16950f4b-184a8d6e-21c21abd
2025-06-11 21:19:58 - Réponse brute des métadonnées: {
   "FileSize" : 91658,
   "FileUuid" : "629ffd2b-273d-46b9-9dc0-23ddcea2d046",
   "ID" : "9ec8fbb6-b5b6bf94-16950f4b-184a8d6e-21c21abd",
   "IndexInSeries" : 10,
   "Labels" : [],
   "MainDicomTags" : 
   {
      "ImageComments" : "JPEG 2000 lossless - Version 4.0.2 (c) Image Devices GmbH",
      "ImageOrientationPatient" : "1\\0\\0\\0\\1\\0",
      "ImagePositionPatient" : "-151.493508\\-36.6564417\\1290.5",
      "InstanceCreationDate" : "20061012",
      "InstanceCreationTime" : "091607.000000",
      "InstanceNumber" : "10",
      "SOPInstanceUID" : "1.2.826.0.1.3680043.8.1055.1.20111102150759419.98760783.75639221"
   },
   "ParentSeries" : "98d367a5-58eeba8b-f3c2da4b-de7d8f6f-ede53eb2",
   "Type" : "Instance"
}
2025-06-11 21:19:58 - StudyInstanceUID non trouvé dans MainDicomTags, vérification via /studies...
2025-06-11 21:19:58 - Commande dcmdump exécutée: "C:\dcmtk-3.6.9-win64-dynamic\bin\dcmdump.exe" -q +P 0020,000D "C:\xampp\tmp\php35A3.tmp" 2>&1
2025-06-11 21:19:59 - Sortie de dcmdump: ["(0020,000d) UI [1.2.826.0.1.3680043.8.1055.1.20111102150758591.92402465.76095170] #  64, 1 StudyInstanceUID"]
2025-06-11 21:19:59 - Code de retour de dcmdump: 0
2025-06-11 21:19:59 - StudyInstanceUID récupéré via dcmdump: 1.2.826.0.1.3680043.8.1055.1.20111102150758591.92402465.76095170
2025-06-11 21:19:59 - Détails de l'instance: {
    "FileSize": 91658,
    "FileUuid": "629ffd2b-273d-46b9-9dc0-23ddcea2d046",
    "ID": "9ec8fbb6-b5b6bf94-16950f4b-184a8d6e-21c21abd",
    "IndexInSeries": 10,
    "Labels": [],
    "MainDicomTags": {
        "ImageComments": "JPEG 2000 lossless - Version 4.0.2 (c) Image Devices GmbH",
        "ImageOrientationPatient": "1\\0\\0\\0\\1\\0",
        "ImagePositionPatient": "-151.493508\\-36.6564417\\1290.5",
        "InstanceCreationDate": "20061012",
        "InstanceCreationTime": "091607.000000",
        "InstanceNumber": "10",
        "SOPInstanceUID": "1.2.826.0.1.3680043.8.1055.1.20111102150759419.98760783.75639221"
    },
    "ParentSeries": "98d367a5-58eeba8b-f3c2da4b-de7d8f6f-ede53eb2",
    "Type": "Instance"
}
2025-06-11 21:19:59 - Instance DICOM stockée avec patient_id=1, orthanc_instance_id=9ec8fbb6-b5b6bf94-16950f4b-184a8d6e-21c21abd
2025-06-11 21:19:59 - Instance ID personnalisé appliqué: PATIENT-1-20250611211957
2025-06-11 22:12:08 - Début de la requête proxy-orthanc
2025-06-11 22:12:08 - URL Orthanc: http://localhost:8042/instances
2025-06-11 22:12:08 - Méthode HTTP: POST
2025-06-11 22:12:08 - $_FILES: {"file":{"name":"image-00009.dcm","full_path":"image-00009.dcm","type":"application\/dicom","tmp_name":"C:\\xampp\\tmp\\phpFA68.tmp","error":0,"size":91658}}
2025-06-11 22:12:08 - $_POST: {"patient_id":"2","instance_id":"PATIENT-2-20250611221208"}
2025-06-11 22:12:08 - Patient ID: 2, Instance ID personnalisé: PATIENT-2-20250611221208, Fichier temporaire: C:\xampp\tmp\phpFA68.tmp
2025-06-11 22:12:08 - ID Orthanc attribué: 9ec8fbb6-b5b6bf94-16950f4b-184a8d6e-21c21abd
2025-06-11 22:12:08 - Requête des métadonnées via URL: http://localhost:8042/instances/9ec8fbb6-b5b6bf94-16950f4b-184a8d6e-21c21abd
2025-06-11 22:12:08 - Réponse brute des métadonnées: {
   "FileSize" : 91658,
   "FileUuid" : "629ffd2b-273d-46b9-9dc0-23ddcea2d046",
   "ID" : "9ec8fbb6-b5b6bf94-16950f4b-184a8d6e-21c21abd",
   "IndexInSeries" : 10,
   "Labels" : [],
   "MainDicomTags" : 
   {
      "ImageComments" : "JPEG 2000 lossless - Version 4.0.2 (c) Image Devices GmbH",
      "ImageOrientationPatient" : "1\\0\\0\\0\\1\\0",
      "ImagePositionPatient" : "-151.493508\\-36.6564417\\1290.5",
      "InstanceCreationDate" : "20061012",
      "InstanceCreationTime" : "091607.000000",
      "InstanceNumber" : "10",
      "SOPInstanceUID" : "1.2.826.0.1.3680043.8.1055.1.20111102150759419.98760783.75639221"
   },
   "ParentSeries" : "98d367a5-58eeba8b-f3c2da4b-de7d8f6f-ede53eb2",
   "Type" : "Instance"
}
2025-06-11 22:12:08 - StudyInstanceUID non trouvé dans MainDicomTags, vérification via /studies...
2025-06-11 22:12:08 - Commande dcmdump exécutée: "C:\dcmtk-3.6.9-win64-dynamic\bin\dcmdump.exe" -q +P 0020,000D "C:\xampp\tmp\phpFA68.tmp" 2>&1
2025-06-11 22:12:08 - Sortie de dcmdump: ["(0020,000d) UI [1.2.826.0.1.3680043.8.1055.1.20111102150758591.92402465.76095170] #  64, 1 StudyInstanceUID"]
2025-06-11 22:12:08 - Code de retour de dcmdump: 0
2025-06-11 22:12:08 - StudyInstanceUID récupéré via dcmdump: 1.2.826.0.1.3680043.8.1055.1.20111102150758591.92402465.76095170
2025-06-11 22:12:08 - Détails de l'instance: {
    "FileSize": 91658,
    "FileUuid": "629ffd2b-273d-46b9-9dc0-23ddcea2d046",
    "ID": "9ec8fbb6-b5b6bf94-16950f4b-184a8d6e-21c21abd",
    "IndexInSeries": 10,
    "Labels": [],
    "MainDicomTags": {
        "ImageComments": "JPEG 2000 lossless - Version 4.0.2 (c) Image Devices GmbH",
        "ImageOrientationPatient": "1\\0\\0\\0\\1\\0",
        "ImagePositionPatient": "-151.493508\\-36.6564417\\1290.5",
        "InstanceCreationDate": "20061012",
        "InstanceCreationTime": "091607.000000",
        "InstanceNumber": "10",
        "SOPInstanceUID": "1.2.826.0.1.3680043.8.1055.1.20111102150759419.98760783.75639221"
    },
    "ParentSeries": "98d367a5-58eeba8b-f3c2da4b-de7d8f6f-ede53eb2",
    "Type": "Instance"
}
2025-06-11 22:12:08 - Instance DICOM stockée avec patient_id=2, orthanc_instance_id=9ec8fbb6-b5b6bf94-16950f4b-184a8d6e-21c21abd
2025-06-11 22:12:09 - Instance ID personnalisé appliqué: PATIENT-2-20250611221208
2025-06-11 22:16:06 - Début de la requête proxy-orthanc
2025-06-11 22:16:06 - URL Orthanc: http://localhost:8042/instances
2025-06-11 22:16:06 - Méthode HTTP: POST
2025-06-11 22:16:06 - $_FILES: {"file":{"name":"image-00008.dcm","full_path":"image-00008.dcm","type":"application\/dicom","tmp_name":"C:\\xampp\\tmp\\php9DB1.tmp","error":0,"size":91754}}
2025-06-11 22:16:06 - $_POST: {"patient_id":"3","instance_id":"PATIENT-3-20250611221606"}
2025-06-11 22:16:06 - Patient ID: 3, Instance ID personnalisé: PATIENT-3-20250611221606, Fichier temporaire: C:\xampp\tmp\php9DB1.tmp
2025-06-11 22:16:06 - ID Orthanc attribué: 6be8f9b5-0a47915b-56fd8a11-4d94300c-9bfb83c4
2025-06-11 22:16:06 - Requête des métadonnées via URL: http://localhost:8042/instances/6be8f9b5-0a47915b-56fd8a11-4d94300c-9bfb83c4
2025-06-11 22:16:07 - Réponse brute des métadonnées: {
   "FileSize" : 91754,
   "FileUuid" : "f8915ebb-7254-4620-b681-5bb840022e52",
   "ID" : "6be8f9b5-0a47915b-56fd8a11-4d94300c-9bfb83c4",
   "IndexInSeries" : 9,
   "Labels" : [],
   "MainDicomTags" : 
   {
      "ImageComments" : "JPEG 2000 lossless - Version 4.0.2 (c) Image Devices GmbH",
      "ImageOrientationPatient" : "1\\0\\0\\0\\1\\0",
      "ImagePositionPatient" : "-151.493508\\-36.6564417\\1291",
      "InstanceCreationDate" : "20061012",
      "InstanceCreationTime" : "091607.000000",
      "InstanceNumber" : "9",
      "SOPInstanceUID" : "1.2.826.0.1.3680043.8.1055.1.20111102150759341.28598532.00746135"
   },
   "ParentSeries" : "98d367a5-58eeba8b-f3c2da4b-de7d8f6f-ede53eb2",
   "Type" : "Instance"
}
2025-06-11 22:16:07 - StudyInstanceUID non trouvé dans MainDicomTags, vérification via /studies...
2025-06-11 22:16:07 - Commande dcmdump exécutée: "C:\dcmtk-3.6.9-win64-dynamic\bin\dcmdump.exe" -q +P 0020,000D "C:\xampp\tmp\php9DB1.tmp" 2>&1
2025-06-11 22:16:07 - Sortie de dcmdump: ["(0020,000d) UI [1.2.826.0.1.3680043.8.1055.1.20111102150758591.92402465.76095170] #  64, 1 StudyInstanceUID"]
2025-06-11 22:16:07 - Code de retour de dcmdump: 0
2025-06-11 22:16:07 - StudyInstanceUID récupéré via dcmdump: 1.2.826.0.1.3680043.8.1055.1.20111102150758591.92402465.76095170
2025-06-11 22:16:07 - Détails de l'instance: {
    "FileSize": 91754,
    "FileUuid": "f8915ebb-7254-4620-b681-5bb840022e52",
    "ID": "6be8f9b5-0a47915b-56fd8a11-4d94300c-9bfb83c4",
    "IndexInSeries": 9,
    "Labels": [],
    "MainDicomTags": {
        "ImageComments": "JPEG 2000 lossless - Version 4.0.2 (c) Image Devices GmbH",
        "ImageOrientationPatient": "1\\0\\0\\0\\1\\0",
        "ImagePositionPatient": "-151.493508\\-36.6564417\\1291",
        "InstanceCreationDate": "20061012",
        "InstanceCreationTime": "091607.000000",
        "InstanceNumber": "9",
        "SOPInstanceUID": "1.2.826.0.1.3680043.8.1055.1.20111102150759341.28598532.00746135"
    },
    "ParentSeries": "98d367a5-58eeba8b-f3c2da4b-de7d8f6f-ede53eb2",
    "Type": "Instance"
}
2025-06-11 22:16:07 - Instance DICOM stockée avec patient_id=3, orthanc_instance_id=6be8f9b5-0a47915b-56fd8a11-4d94300c-9bfb83c4
2025-06-11 22:16:07 - Instance ID personnalisé appliqué: PATIENT-3-20250611221606
2025-06-12 14:26:03 - Début de la requête proxy-orthanc
2025-06-12 14:26:03 - URL Orthanc: http://localhost:8042/instances
2025-06-12 14:26:03 - Méthode HTTP: POST
2025-06-12 14:26:03 - $_FILES: {"file":{"name":"image-00010.dcm","full_path":"image-00010.dcm","type":"application\/dicom","tmp_name":"C:\\xampp\\tmp\\php9CEE.tmp","error":0,"size":91554}}
2025-06-12 14:26:03 - $_POST: {"patient_id":"2","instance_id":"PATIENT-2-20250612142603"}
2025-06-12 14:26:03 - Patient ID: 2, Instance ID personnalisé: PATIENT-2-20250612142603, Fichier temporaire: C:\xampp\tmp\php9CEE.tmp
2025-06-12 14:26:05 - ID Orthanc attribué: d68ec84d-b86ce4ac-49fcd090-361954ca-da219abf
2025-06-12 14:26:05 - Requête des métadonnées via URL: http://localhost:8042/instances/d68ec84d-b86ce4ac-49fcd090-361954ca-da219abf
2025-06-12 14:26:06 - Réponse brute des métadonnées: {
   "FileSize" : 91554,
   "FileUuid" : "b52cc1b7-f7be-4c2b-8d08-b7b5d96ddf35",
   "ID" : "d68ec84d-b86ce4ac-49fcd090-361954ca-da219abf",
   "IndexInSeries" : 11,
   "Labels" : [],
   "MainDicomTags" : 
   {
      "ImageComments" : "JPEG 2000 lossless - Version 4.0.2 (c) Image Devices GmbH",
      "ImageOrientationPatient" : "1\\0\\0\\0\\1\\0",
      "ImagePositionPatient" : "-151.493508\\-36.6564417\\1290",
      "InstanceCreationDate" : "20061012",
      "InstanceCreationTime" : "091608.000000",
      "InstanceNumber" : "11",
      "SOPInstanceUID" : "1.2.826.0.1.3680043.8.1055.1.20111102150759544.43941061.73779335"
   },
   "ParentSeries" : "98d367a5-58eeba8b-f3c2da4b-de7d8f6f-ede53eb2",
   "Type" : "Instance"
}
2025-06-12 14:26:06 - StudyInstanceUID non trouvé dans MainDicomTags, vérification via /studies...
2025-06-12 14:26:06 - Commande dcmdump exécutée: "C:\dcmtk-3.6.9-win64-dynamic\bin\dcmdump.exe" -q +P 0020,000D "C:\xampp\tmp\php9CEE.tmp" 2>&1
2025-06-12 14:26:13 - Début de la requête proxy-orthanc
2025-06-12 14:26:13 - URL Orthanc: http://localhost:8042/instances
2025-06-12 14:26:13 - Méthode HTTP: POST
2025-06-12 14:26:13 - $_FILES: {"file":{"name":"image-00010.dcm","full_path":"image-00010.dcm","type":"application\/dicom","tmp_name":"C:\\xampp\\tmp\\phpC392.tmp","error":0,"size":91554}}
2025-06-12 14:26:13 - $_POST: {"patient_id":"2","instance_id":"PATIENT-2-20250612142613"}
2025-06-12 14:26:13 - Patient ID: 2, Instance ID personnalisé: PATIENT-2-20250612142613, Fichier temporaire: C:\xampp\tmp\phpC392.tmp
2025-06-12 14:26:13 - ID Orthanc attribué: d68ec84d-b86ce4ac-49fcd090-361954ca-da219abf
2025-06-12 14:26:13 - Requête des métadonnées via URL: http://localhost:8042/instances/d68ec84d-b86ce4ac-49fcd090-361954ca-da219abf
2025-06-12 14:26:14 - Réponse brute des métadonnées: {
   "FileSize" : 91554,
   "FileUuid" : "b52cc1b7-f7be-4c2b-8d08-b7b5d96ddf35",
   "ID" : "d68ec84d-b86ce4ac-49fcd090-361954ca-da219abf",
   "IndexInSeries" : 11,
   "Labels" : [],
   "MainDicomTags" : 
   {
      "ImageComments" : "JPEG 2000 lossless - Version 4.0.2 (c) Image Devices GmbH",
      "ImageOrientationPatient" : "1\\0\\0\\0\\1\\0",
      "ImagePositionPatient" : "-151.493508\\-36.6564417\\1290",
      "InstanceCreationDate" : "20061012",
      "InstanceCreationTime" : "091608.000000",
      "InstanceNumber" : "11",
      "SOPInstanceUID" : "1.2.826.0.1.3680043.8.1055.1.20111102150759544.43941061.73779335"
   },
   "ParentSeries" : "98d367a5-58eeba8b-f3c2da4b-de7d8f6f-ede53eb2",
   "Type" : "Instance"
}
2025-06-12 14:26:14 - StudyInstanceUID non trouvé dans MainDicomTags, vérification via /studies...
2025-06-12 14:26:14 - Commande dcmdump exécutée: "C:\dcmtk-3.6.9-win64-dynamic\bin\dcmdump.exe" -q +P 0020,000D "C:\xampp\tmp\phpC392.tmp" 2>&1
2025-06-12 14:26:17 - Sortie de dcmdump: ["(0020,000d) UI [1.2.826.0.1.3680043.8.1055.1.20111102150758591.92402465.76095170] #  64, 1 StudyInstanceUID"]
2025-06-12 14:26:17 - Sortie de dcmdump: ["(0020,000d) UI [1.2.826.0.1.3680043.8.1055.1.20111102150758591.92402465.76095170] #  64, 1 StudyInstanceUID"]
2025-06-12 14:26:17 - Code de retour de dcmdump: 0
2025-06-12 14:26:17 - StudyInstanceUID récupéré via dcmdump: 1.2.826.0.1.3680043.8.1055.1.20111102150758591.92402465.76095170
2025-06-12 14:26:17 - Détails de l'instance: {
    "FileSize": 91554,
    "FileUuid": "b52cc1b7-f7be-4c2b-8d08-b7b5d96ddf35",
    "ID": "d68ec84d-b86ce4ac-49fcd090-361954ca-da219abf",
    "IndexInSeries": 11,
    "Labels": [],
    "MainDicomTags": {
        "ImageComments": "JPEG 2000 lossless - Version 4.0.2 (c) Image Devices GmbH",
        "ImageOrientationPatient": "1\\0\\0\\0\\1\\0",
        "ImagePositionPatient": "-151.493508\\-36.6564417\\1290",
        "InstanceCreationDate": "20061012",
        "InstanceCreationTime": "091608.000000",
        "InstanceNumber": "11",
        "SOPInstanceUID": "1.2.826.0.1.3680043.8.1055.1.20111102150759544.43941061.73779335"
    },
    "ParentSeries": "98d367a5-58eeba8b-f3c2da4b-de7d8f6f-ede53eb2",
    "Type": "Instance"
}
2025-06-12 14:26:17 - Détails de l'instance: {
    "FileSize": 91554,
    "FileUuid": "b52cc1b7-f7be-4c2b-8d08-b7b5d96ddf35",
    "ID": "d68ec84d-b86ce4ac-49fcd090-361954ca-da219abf",
    "IndexInSeries": 11,
    "Labels": [],
    "MainDicomTags": {
        "ImageComments": "JPEG 2000 lossless - Version 4.0.2 (c) Image Devices GmbH",
        "ImageOrientationPatient": "1\\0\\0\\0\\1\\0",
        "ImagePositionPatient": "-151.493508\\-36.6564417\\1290",
        "InstanceCreationDate": "20061012",
        "InstanceCreationTime": "091608.000000",
        "InstanceNumber": "11",
        "SOPInstanceUID": "1.2.826.0.1.3680043.8.1055.1.20111102150759544.43941061.73779335"
    },
    "ParentSeries": "98d367a5-58eeba8b-f3c2da4b-de7d8f6f-ede53eb2",
    "Type": "Instance"
}
2025-06-12 14:26:18 - Instance DICOM stockée avec patient_id=2, orthanc_instance_id=d68ec84d-b86ce4ac-49fcd090-361954ca-da219abf
2025-06-12 14:26:18 - Instance DICOM stockée avec patient_id=2, orthanc_instance_id=d68ec84d-b86ce4ac-49fcd090-361954ca-da219abf
2025-06-12 14:26:18 - Instance ID personnalisé appliqué: PATIENT-2-20250612142603
2025-06-12 14:26:18 - Instance ID personnalisé appliqué: PATIENT-2-20250612142613
2025-06-12 15:17:30 - Début de la requête proxy-orthanc
2025-06-12 15:17:30 - URL Orthanc: http://localhost:8042/instances
2025-06-12 15:17:30 - Méthode HTTP: POST
2025-06-12 15:17:30 - $_FILES: {"file":{"name":"image-00009.dcm","full_path":"image-00009.dcm","type":"application\/dicom","tmp_name":"C:\\xampp\\tmp\\phpB9DF.tmp","error":0,"size":91658}}
2025-06-12 15:17:30 - $_POST: {"patient_id":"10","instance_id":"PATIENT-10-20250612151730"}
2025-06-12 15:17:30 - Patient ID: 10, Instance ID personnalisé: PATIENT-10-20250612151730, Fichier temporaire: C:\xampp\tmp\phpB9DF.tmp
2025-06-12 15:17:31 - ID Orthanc attribué: 9ec8fbb6-b5b6bf94-16950f4b-184a8d6e-21c21abd
2025-06-12 15:17:31 - Requête des métadonnées via URL: http://localhost:8042/instances/9ec8fbb6-b5b6bf94-16950f4b-184a8d6e-21c21abd
2025-06-12 15:17:31 - Réponse brute des métadonnées: {
   "FileSize" : 91658,
   "FileUuid" : "629ffd2b-273d-46b9-9dc0-23ddcea2d046",
   "ID" : "9ec8fbb6-b5b6bf94-16950f4b-184a8d6e-21c21abd",
   "IndexInSeries" : 10,
   "Labels" : [],
   "MainDicomTags" : 
   {
      "ImageComments" : "JPEG 2000 lossless - Version 4.0.2 (c) Image Devices GmbH",
      "ImageOrientationPatient" : "1\\0\\0\\0\\1\\0",
      "ImagePositionPatient" : "-151.493508\\-36.6564417\\1290.5",
      "InstanceCreationDate" : "20061012",
      "InstanceCreationTime" : "091607.000000",
      "InstanceNumber" : "10",
      "SOPInstanceUID" : "1.2.826.0.1.3680043.8.1055.1.20111102150759419.98760783.75639221"
   },
   "ParentSeries" : "98d367a5-58eeba8b-f3c2da4b-de7d8f6f-ede53eb2",
   "Type" : "Instance"
}
2025-06-12 15:17:31 - StudyInstanceUID non trouvé dans MainDicomTags, vérification via /studies...
2025-06-12 15:17:31 - Commande dcmdump exécutée: "C:\dcmtk-3.6.9-win64-dynamic\bin\dcmdump.exe" -q +P 0020,000D "C:\xampp\tmp\phpB9DF.tmp" 2>&1
2025-06-12 15:17:32 - Sortie de dcmdump: ["(0020,000d) UI [1.2.826.0.1.3680043.8.1055.1.20111102150758591.92402465.76095170] #  64, 1 StudyInstanceUID"]
2025-06-12 15:17:32 - Code de retour de dcmdump: 0
2025-06-12 15:17:32 - StudyInstanceUID récupéré via dcmdump: 1.2.826.0.1.3680043.8.1055.1.20111102150758591.92402465.76095170
2025-06-12 15:17:32 - Détails de l'instance: {
    "FileSize": 91658,
    "FileUuid": "629ffd2b-273d-46b9-9dc0-23ddcea2d046",
    "ID": "9ec8fbb6-b5b6bf94-16950f4b-184a8d6e-21c21abd",
    "IndexInSeries": 10,
    "Labels": [],
    "MainDicomTags": {
        "ImageComments": "JPEG 2000 lossless - Version 4.0.2 (c) Image Devices GmbH",
        "ImageOrientationPatient": "1\\0\\0\\0\\1\\0",
        "ImagePositionPatient": "-151.493508\\-36.6564417\\1290.5",
        "InstanceCreationDate": "20061012",
        "InstanceCreationTime": "091607.000000",
        "InstanceNumber": "10",
        "SOPInstanceUID": "1.2.826.0.1.3680043.8.1055.1.20111102150759419.98760783.75639221"
    },
    "ParentSeries": "98d367a5-58eeba8b-f3c2da4b-de7d8f6f-ede53eb2",
    "Type": "Instance"
}
2025-06-12 15:17:32 - Instance DICOM stockée avec patient_id=10, orthanc_instance_id=9ec8fbb6-b5b6bf94-16950f4b-184a8d6e-21c21abd
2025-06-12 15:17:32 - Instance ID personnalisé appliqué: PATIENT-10-20250612151730
2025-06-12 22:34:15 - Début de la requête proxy-orthanc
2025-06-12 22:34:15 - URL Orthanc: http://localhost:8042/instances
2025-06-12 22:34:15 - Méthode HTTP: POST
2025-06-12 22:34:15 - $_FILES: {"file":{"name":"image-00007.dcm","full_path":"image-00007.dcm","type":"application\/dicom","tmp_name":"C:\\xampp\\tmp\\php9450.tmp","error":0,"size":91688}}
2025-06-12 22:34:15 - $_POST: {"patient_id":"10","instance_id":"PATIENT-10-20250612223415"}
2025-06-12 22:34:15 - Patient ID: 10, Instance ID personnalisé: PATIENT-10-20250612223415, Fichier temporaire: C:\xampp\tmp\php9450.tmp
2025-06-12 22:34:19 - ID Orthanc attribué: ca185649-59f5c5ef-ebbff62a-dcd31eec-5232abf3
2025-06-12 22:34:19 - Requête des métadonnées via URL: http://localhost:8042/instances/ca185649-59f5c5ef-ebbff62a-dcd31eec-5232abf3
2025-06-12 22:34:21 - Réponse brute des métadonnées: {
   "FileSize" : 91688,
   "FileUuid" : "e3584987-392b-46e3-bd31-99d09d0c04e6",
   "ID" : "ca185649-59f5c5ef-ebbff62a-dcd31eec-5232abf3",
   "IndexInSeries" : 8,
   "Labels" : [],
   "MainDicomTags" : 
   {
      "ImageComments" : "JPEG 2000 lossless - Version 4.0.2 (c) Image Devices GmbH",
      "ImageOrientationPatient" : "1\\0\\0\\0\\1\\0",
      "ImagePositionPatient" : "-151.493508\\-36.6564417\\1291.5",
      "InstanceCreationDate" : "20061012",
      "InstanceCreationTime" : "091607.000000",
      "InstanceNumber" : "8",
      "SOPInstanceUID" : "1.2.826.0.1.3680043.8.1055.1.20111102150759278.17477298.74845291"
   },
   "ParentSeries" : "98d367a5-58eeba8b-f3c2da4b-de7d8f6f-ede53eb2",
   "Type" : "Instance"
}
2025-06-12 22:34:21 - StudyInstanceUID non trouvé dans MainDicomTags, vérification via /studies...
2025-06-12 22:34:21 - Commande dcmdump exécutée: "C:\dcmtk-3.6.9-win64-dynamic\bin\dcmdump.exe" -q +P 0020,000D "C:\xampp\tmp\php9450.tmp" 2>&1
2025-06-12 22:34:28 - Sortie de dcmdump: ["(0020,000d) UI [1.2.826.0.1.3680043.8.1055.1.20111102150758591.92402465.76095170] #  64, 1 StudyInstanceUID"]
2025-06-12 22:34:28 - Code de retour de dcmdump: 0
2025-06-12 22:34:28 - StudyInstanceUID récupéré via dcmdump: 1.2.826.0.1.3680043.8.1055.1.20111102150758591.92402465.76095170
2025-06-12 22:34:28 - Détails de l'instance: {
    "FileSize": 91688,
    "FileUuid": "e3584987-392b-46e3-bd31-99d09d0c04e6",
    "ID": "ca185649-59f5c5ef-ebbff62a-dcd31eec-5232abf3",
    "IndexInSeries": 8,
    "Labels": [],
    "MainDicomTags": {
        "ImageComments": "JPEG 2000 lossless - Version 4.0.2 (c) Image Devices GmbH",
        "ImageOrientationPatient": "1\\0\\0\\0\\1\\0",
        "ImagePositionPatient": "-151.493508\\-36.6564417\\1291.5",
        "InstanceCreationDate": "20061012",
        "InstanceCreationTime": "091607.000000",
        "InstanceNumber": "8",
        "SOPInstanceUID": "1.2.826.0.1.3680043.8.1055.1.20111102150759278.17477298.74845291"
    },
    "ParentSeries": "98d367a5-58eeba8b-f3c2da4b-de7d8f6f-ede53eb2",
    "Type": "Instance"
}
2025-06-12 22:34:29 - Instance DICOM stockée avec patient_id=10, orthanc_instance_id=ca185649-59f5c5ef-ebbff62a-dcd31eec-5232abf3
2025-06-12 22:34:29 - Instance ID personnalisé appliqué: PATIENT-10-20250612223415
2025-06-12 22:36:14 - Début de la requête proxy-orthanc
2025-06-12 22:36:14 - URL Orthanc: http://localhost:8042/instances
2025-06-12 22:36:14 - Méthode HTTP: POST
2025-06-12 22:36:14 - $_FILES: {"file":{"name":"image-00007.dcm","full_path":"image-00007.dcm","type":"application\/dicom","tmp_name":"C:\\xampp\\tmp\\php63D2.tmp","error":0,"size":91688}}
2025-06-12 22:36:14 - $_POST: {"patient_id":"11","instance_id":"PATIENT-11-20250612223614"}
2025-06-12 22:36:14 - Patient ID: 11, Instance ID personnalisé: PATIENT-11-20250612223614, Fichier temporaire: C:\xampp\tmp\php63D2.tmp
2025-06-12 22:36:14 - ID Orthanc attribué: ca185649-59f5c5ef-ebbff62a-dcd31eec-5232abf3
2025-06-12 22:36:14 - Requête des métadonnées via URL: http://localhost:8042/instances/ca185649-59f5c5ef-ebbff62a-dcd31eec-5232abf3
2025-06-12 22:36:15 - Réponse brute des métadonnées: {
   "FileSize" : 91688,
   "FileUuid" : "e3584987-392b-46e3-bd31-99d09d0c04e6",
   "ID" : "ca185649-59f5c5ef-ebbff62a-dcd31eec-5232abf3",
   "IndexInSeries" : 8,
   "Labels" : [],
   "MainDicomTags" : 
   {
      "ImageComments" : "JPEG 2000 lossless - Version 4.0.2 (c) Image Devices GmbH",
      "ImageOrientationPatient" : "1\\0\\0\\0\\1\\0",
      "ImagePositionPatient" : "-151.493508\\-36.6564417\\1291.5",
      "InstanceCreationDate" : "20061012",
      "InstanceCreationTime" : "091607.000000",
      "InstanceNumber" : "8",
      "SOPInstanceUID" : "1.2.826.0.1.3680043.8.1055.1.20111102150759278.17477298.74845291"
   },
   "ParentSeries" : "98d367a5-58eeba8b-f3c2da4b-de7d8f6f-ede53eb2",
   "Type" : "Instance"
}
2025-06-12 22:36:15 - StudyInstanceUID non trouvé dans MainDicomTags, vérification via /studies...
2025-06-12 22:36:15 - Commande dcmdump exécutée: "C:\dcmtk-3.6.9-win64-dynamic\bin\dcmdump.exe" -q +P 0020,000D "C:\xampp\tmp\php63D2.tmp" 2>&1
2025-06-12 22:36:16 - Sortie de dcmdump: ["(0020,000d) UI [1.2.826.0.1.3680043.8.1055.1.20111102150758591.92402465.76095170] #  64, 1 StudyInstanceUID"]
2025-06-12 22:36:16 - Code de retour de dcmdump: 0
2025-06-12 22:36:16 - StudyInstanceUID récupéré via dcmdump: 1.2.826.0.1.3680043.8.1055.1.20111102150758591.92402465.76095170
2025-06-12 22:36:16 - Détails de l'instance: {
    "FileSize": 91688,
    "FileUuid": "e3584987-392b-46e3-bd31-99d09d0c04e6",
    "ID": "ca185649-59f5c5ef-ebbff62a-dcd31eec-5232abf3",
    "IndexInSeries": 8,
    "Labels": [],
    "MainDicomTags": {
        "ImageComments": "JPEG 2000 lossless - Version 4.0.2 (c) Image Devices GmbH",
        "ImageOrientationPatient": "1\\0\\0\\0\\1\\0",
        "ImagePositionPatient": "-151.493508\\-36.6564417\\1291.5",
        "InstanceCreationDate": "20061012",
        "InstanceCreationTime": "091607.000000",
        "InstanceNumber": "8",
        "SOPInstanceUID": "1.2.826.0.1.3680043.8.1055.1.20111102150759278.17477298.74845291"
    },
    "ParentSeries": "98d367a5-58eeba8b-f3c2da4b-de7d8f6f-ede53eb2",
    "Type": "Instance"
}
2025-06-12 22:36:16 - Instance DICOM stockée avec patient_id=11, orthanc_instance_id=ca185649-59f5c5ef-ebbff62a-dcd31eec-5232abf3
2025-06-12 22:36:16 - Instance ID personnalisé appliqué: PATIENT-11-20250612223614
2025-06-12 22:43:04 - Début de la requête proxy-orthanc
2025-06-12 22:43:04 - URL Orthanc: http://localhost:8042/instances
2025-06-12 22:43:04 - Méthode HTTP: POST
2025-06-12 22:43:04 - $_FILES: {"file":{"name":"image-00067.dcm","full_path":"image-00067.dcm","type":"application\/dicom","tmp_name":"C:\\xampp\\tmp\\phpA6DB.tmp","error":0,"size":89128}}
2025-06-12 22:43:04 - $_POST: {"patient_id":"9","instance_id":"PATIENT-9-20250612224304"}
2025-06-12 22:43:04 - Patient ID: 9, Instance ID personnalisé: PATIENT-9-20250612224304, Fichier temporaire: C:\xampp\tmp\phpA6DB.tmp
2025-06-12 22:43:05 - ID Orthanc attribué: 28a34bb1-a3155c09-16b5cc3c-cafd32ac-4a756068
2025-06-12 22:43:05 - Requête des métadonnées via URL: http://localhost:8042/instances/28a34bb1-a3155c09-16b5cc3c-cafd32ac-4a756068
2025-06-12 22:43:05 - Réponse brute des métadonnées: {
   "FileSize" : 89128,
   "FileUuid" : "76e2f0ef-a16a-4bbf-bc7e-bd6128e6a3cd",
   "ID" : "28a34bb1-a3155c09-16b5cc3c-cafd32ac-4a756068",
   "IndexInSeries" : 68,
   "Labels" : [],
   "MainDicomTags" : 
   {
      "ImageComments" : "JPEG 2000 lossless - Version 4.0.2 (c) Image Devices GmbH",
      "ImageOrientationPatient" : "1\\0\\0\\0\\1\\0",
      "ImagePositionPatient" : "-151.493508\\-36.6564417\\1261.5",
      "InstanceCreationDate" : "20061012",
      "InstanceCreationTime" : "091623.000000",
      "InstanceNumber" : "68",
      "SOPInstanceUID" : "1.2.826.0.1.3680043.8.1055.1.20111102150805231.17173640.02912242"
   },
   "ParentSeries" : "98d367a5-58eeba8b-f3c2da4b-de7d8f6f-ede53eb2",
   "Type" : "Instance"
}
2025-06-12 22:43:05 - StudyInstanceUID non trouvé dans MainDicomTags, vérification via /studies...
2025-06-12 22:43:05 - Commande dcmdump exécutée: "C:\dcmtk-3.6.9-win64-dynamic\bin\dcmdump.exe" -q +P 0020,000D "C:\xampp\tmp\phpA6DB.tmp" 2>&1
2025-06-12 22:43:06 - Sortie de dcmdump: ["(0020,000d) UI [1.2.826.0.1.3680043.8.1055.1.20111102150758591.92402465.76095170] #  64, 1 StudyInstanceUID"]
2025-06-12 22:43:06 - Code de retour de dcmdump: 0
2025-06-12 22:43:06 - StudyInstanceUID récupéré via dcmdump: 1.2.826.0.1.3680043.8.1055.1.20111102150758591.92402465.76095170
2025-06-12 22:43:06 - Détails de l'instance: {
    "FileSize": 89128,
    "FileUuid": "76e2f0ef-a16a-4bbf-bc7e-bd6128e6a3cd",
    "ID": "28a34bb1-a3155c09-16b5cc3c-cafd32ac-4a756068",
    "IndexInSeries": 68,
    "Labels": [],
    "MainDicomTags": {
        "ImageComments": "JPEG 2000 lossless - Version 4.0.2 (c) Image Devices GmbH",
        "ImageOrientationPatient": "1\\0\\0\\0\\1\\0",
        "ImagePositionPatient": "-151.493508\\-36.6564417\\1261.5",
        "InstanceCreationDate": "20061012",
        "InstanceCreationTime": "091623.000000",
        "InstanceNumber": "68",
        "SOPInstanceUID": "1.2.826.0.1.3680043.8.1055.1.20111102150805231.17173640.02912242"
    },
    "ParentSeries": "98d367a5-58eeba8b-f3c2da4b-de7d8f6f-ede53eb2",
    "Type": "Instance"
}
2025-06-12 22:43:06 - Instance DICOM stockée avec patient_id=9, orthanc_instance_id=28a34bb1-a3155c09-16b5cc3c-cafd32ac-4a756068
2025-06-12 22:43:06 - Instance ID personnalisé appliqué: PATIENT-9-20250612224304
2025-06-13 02:31:52 - Début de la requête proxy-orthanc
2025-06-13 02:31:52 - URL Orthanc: http://localhost:8042/instances
2025-06-13 02:31:52 - Méthode HTTP: POST
2025-06-13 02:31:52 - $_FILES: {"file":{"name":"image-00060.dcm","full_path":"image-00060.dcm","type":"application\/dicom","tmp_name":"C:\\xampp\\tmp\\php1D0E.tmp","error":0,"size":90470}}
2025-06-13 02:31:52 - $_POST: {"patient_id":"2","instance_id":"PATIENT-2-20250613023151"}
2025-06-13 02:31:52 - Patient ID: 2, Instance ID personnalisé: PATIENT-2-20250613023151, Fichier temporaire: C:\xampp\tmp\php1D0E.tmp
2025-06-13 02:31:52 - ID Orthanc attribué: ebb0de30-39dad187-da37b31b-4fb00e98-642ee005
2025-06-13 02:31:52 - Requête des métadonnées via URL: http://localhost:8042/instances/ebb0de30-39dad187-da37b31b-4fb00e98-642ee005
2025-06-13 02:31:53 - Réponse brute des métadonnées: {
   "FileSize" : 90470,
   "FileUuid" : "9ae0767d-43e0-432b-9f1b-1758a3a061b1",
   "ID" : "ebb0de30-39dad187-da37b31b-4fb00e98-642ee005",
   "IndexInSeries" : 61,
   "Labels" : [],
   "MainDicomTags" : 
   {
      "ImageComments" : "JPEG 2000 lossless - Version 4.0.2 (c) Image Devices GmbH",
      "ImageOrientationPatient" : "1\\0\\0\\0\\1\\0",
      "ImagePositionPatient" : "-151.493508\\-36.6564417\\1265",
      "InstanceCreationDate" : "20061012",
      "InstanceCreationTime" : "091621.000000",
      "InstanceNumber" : "61",
      "SOPInstanceUID" : "1.2.826.0.1.3680043.8.1055.1.20111102150802934.39339439.10127867"
   },
   "ParentSeries" : "98d367a5-58eeba8b-f3c2da4b-de7d8f6f-ede53eb2",
   "Type" : "Instance"
}
2025-06-13 02:31:53 - StudyInstanceUID non trouvé dans MainDicomTags, vérification via /studies...
2025-06-13 02:31:53 - Commande dcmdump exécutée: "C:\dcmtk-3.6.9-win64-dynamic\bin\dcmdump.exe" -q +P 0020,000D "C:\xampp\tmp\php1D0E.tmp" 2>&1
2025-06-13 02:31:55 - Sortie de dcmdump: ["(0020,000d) UI [1.2.826.0.1.3680043.8.1055.1.20111102150758591.92402465.76095170] #  64, 1 StudyInstanceUID"]
2025-06-13 02:31:55 - Code de retour de dcmdump: 0
2025-06-13 02:31:55 - StudyInstanceUID récupéré via dcmdump: 1.2.826.0.1.3680043.8.1055.1.20111102150758591.92402465.76095170
2025-06-13 02:31:55 - Détails de l'instance: {
    "FileSize": 90470,
    "FileUuid": "9ae0767d-43e0-432b-9f1b-1758a3a061b1",
    "ID": "ebb0de30-39dad187-da37b31b-4fb00e98-642ee005",
    "IndexInSeries": 61,
    "Labels": [],
    "MainDicomTags": {
        "ImageComments": "JPEG 2000 lossless - Version 4.0.2 (c) Image Devices GmbH",
        "ImageOrientationPatient": "1\\0\\0\\0\\1\\0",
        "ImagePositionPatient": "-151.493508\\-36.6564417\\1265",
        "InstanceCreationDate": "20061012",
        "InstanceCreationTime": "091621.000000",
        "InstanceNumber": "61",
        "SOPInstanceUID": "1.2.826.0.1.3680043.8.1055.1.20111102150802934.39339439.10127867"
    },
    "ParentSeries": "98d367a5-58eeba8b-f3c2da4b-de7d8f6f-ede53eb2",
    "Type": "Instance"
}
2025-06-13 02:31:55 - Instance DICOM stockée avec patient_id=2, orthanc_instance_id=ebb0de30-39dad187-da37b31b-4fb00e98-642ee005
2025-06-13 02:31:55 - Instance ID personnalisé appliqué: PATIENT-2-20250613023151
2025-06-13 02:57:47 - Début de la requête proxy-orthanc
2025-06-13 02:57:47 - URL Orthanc: http://localhost:8042/instances
2025-06-13 02:57:47 - Méthode HTTP: POST
2025-06-13 02:57:47 - $_FILES: {"file":{"name":"image-00010.dcm","full_path":"image-00010.dcm","type":"application\/dicom","tmp_name":"C:\\xampp\\tmp\\phpD8BF.tmp","error":0,"size":91554}}
2025-06-13 02:57:47 - $_POST: {"patient_id":"11","instance_id":"PATIENT-11-20250613025747"}
2025-06-13 02:57:47 - Patient ID: 11, Instance ID personnalisé: PATIENT-11-20250613025747, Fichier temporaire: C:\xampp\tmp\phpD8BF.tmp
2025-06-13 02:57:47 - ID Orthanc attribué: d68ec84d-b86ce4ac-49fcd090-361954ca-da219abf
2025-06-13 02:57:47 - Requête des métadonnées via URL: http://localhost:8042/instances/d68ec84d-b86ce4ac-49fcd090-361954ca-da219abf
2025-06-13 02:57:48 - Réponse brute des métadonnées: {
   "FileSize" : 91554,
   "FileUuid" : "b52cc1b7-f7be-4c2b-8d08-b7b5d96ddf35",
   "ID" : "d68ec84d-b86ce4ac-49fcd090-361954ca-da219abf",
   "IndexInSeries" : 11,
   "Labels" : [],
   "MainDicomTags" : 
   {
      "ImageComments" : "JPEG 2000 lossless - Version 4.0.2 (c) Image Devices GmbH",
      "ImageOrientationPatient" : "1\\0\\0\\0\\1\\0",
      "ImagePositionPatient" : "-151.493508\\-36.6564417\\1290",
      "InstanceCreationDate" : "20061012",
      "InstanceCreationTime" : "091608.000000",
      "InstanceNumber" : "11",
      "SOPInstanceUID" : "1.2.826.0.1.3680043.8.1055.1.20111102150759544.43941061.73779335"
   },
   "ParentSeries" : "98d367a5-58eeba8b-f3c2da4b-de7d8f6f-ede53eb2",
   "Type" : "Instance"
}
2025-06-13 02:57:48 - StudyInstanceUID non trouvé dans MainDicomTags, vérification via /studies...
2025-06-13 02:57:48 - Commande dcmdump exécutée: "C:\dcmtk-3.6.9-win64-dynamic\bin\dcmdump.exe" -q +P 0020,000D "C:\xampp\tmp\phpD8BF.tmp" 2>&1
2025-06-13 02:57:48 - Sortie de dcmdump: ["(0020,000d) UI [1.2.826.0.1.3680043.8.1055.1.20111102150758591.92402465.76095170] #  64, 1 StudyInstanceUID"]
2025-06-13 02:57:48 - Code de retour de dcmdump: 0
2025-06-13 02:57:48 - StudyInstanceUID récupéré via dcmdump: 1.2.826.0.1.3680043.8.1055.1.20111102150758591.92402465.76095170
2025-06-13 02:57:48 - Détails de l'instance: {
    "FileSize": 91554,
    "FileUuid": "b52cc1b7-f7be-4c2b-8d08-b7b5d96ddf35",
    "ID": "d68ec84d-b86ce4ac-49fcd090-361954ca-da219abf",
    "IndexInSeries": 11,
    "Labels": [],
    "MainDicomTags": {
        "ImageComments": "JPEG 2000 lossless - Version 4.0.2 (c) Image Devices GmbH",
        "ImageOrientationPatient": "1\\0\\0\\0\\1\\0",
        "ImagePositionPatient": "-151.493508\\-36.6564417\\1290",
        "InstanceCreationDate": "20061012",
        "InstanceCreationTime": "091608.000000",
        "InstanceNumber": "11",
        "SOPInstanceUID": "1.2.826.0.1.3680043.8.1055.1.20111102150759544.43941061.73779335"
    },
    "ParentSeries": "98d367a5-58eeba8b-f3c2da4b-de7d8f6f-ede53eb2",
    "Type": "Instance"
}
2025-06-13 02:57:48 - Instance DICOM stockée avec patient_id=11, orthanc_instance_id=d68ec84d-b86ce4ac-49fcd090-361954ca-da219abf
2025-06-13 02:57:48 - Instance ID personnalisé appliqué: PATIENT-11-20250613025747
2025-06-16 16:38:52 - Début de la requête proxy-orthanc
2025-06-16 16:38:52 - URL Orthanc: http://localhost:8042/studies
2025-06-16 16:38:52 - Méthode HTTP: GET
2025-06-16 16:38:53 - Requête Orthanc: HTTP Code=200, Réponse=[
   "0ba2c4af-c4286377-ed83307a-c4307d90-422eea83",
   "200b3e41-4557e5ed-2b4a1771-a9e4ad06-cd1306c8",
   "286789b1-82845a45-92d7dfc0-c6a8e286-27bc0129",
   "3abaec0a-ebfaaa87-f830d52b-d62df074-6a692c12",
   "8e51d8c2-c73f0a1e-57f97ca6-0fe69e66-c5e753eb",
   "aa938400-09e9f0df-8ba95f68-e21f98dd-0c6e0cf0",
   "ae9bf996-b6ab6a8b-eba1f35e-14600862-f9393ddd"
], Erreur cURL=
2025-06-16 16:39:00 - Début de la requête proxy-orthanc
2025-06-16 16:39:00 - URL Orthanc: http://localhost:8042/studies
2025-06-16 16:39:00 - Méthode HTTP: GET
2025-06-16 16:39:00 - Requête Orthanc: HTTP Code=200, Réponse=[
   "0ba2c4af-c4286377-ed83307a-c4307d90-422eea83",
   "200b3e41-4557e5ed-2b4a1771-a9e4ad06-cd1306c8",
   "286789b1-82845a45-92d7dfc0-c6a8e286-27bc0129",
   "3abaec0a-ebfaaa87-f830d52b-d62df074-6a692c12",
   "8e51d8c2-c73f0a1e-57f97ca6-0fe69e66-c5e753eb",
   "aa938400-09e9f0df-8ba95f68-e21f98dd-0c6e0cf0",
   "ae9bf996-b6ab6a8b-eba1f35e-14600862-f9393ddd"
], Erreur cURL=
2025-06-16 17:19:28 - Début de la requête proxy-orthanc
2025-06-16 17:19:28 - URL Orthanc: http://localhost:8042/instances
2025-06-16 17:19:28 - Méthode HTTP: POST
2025-06-16 17:19:28 - $_FILES: {"file":{"name":"image-00044.dcm","full_path":"image-00044.dcm","type":"application\/dicom","tmp_name":"C:\\xampp\\tmp\\php34FE.tmp","error":0,"size":100332}}
2025-06-16 17:19:28 - $_POST: {"patient_id":"1","instance_id":"PATIENT-1-20250616171928"}
2025-06-16 17:19:28 - Patient ID: 1, Instance ID personnalisé: PATIENT-1-20250616171928, Fichier temporaire: C:\xampp\tmp\php34FE.tmp
2025-06-16 17:19:32 - ID Orthanc attribué: 95a765a0-a0e34031-cb5bfbb9-c2bd35ca-7d06892a
2025-06-16 17:19:32 - Requête des métadonnées via URL: http://localhost:8042/instances/95a765a0-a0e34031-cb5bfbb9-c2bd35ca-7d06892a
2025-06-16 17:19:32 - Réponse brute des métadonnées: {
   "FileSize" : 100332,
   "FileUuid" : "efd300ab-1f11-4dbd-bf31-a5c2cbba3a8e",
   "ID" : "95a765a0-a0e34031-cb5bfbb9-c2bd35ca-7d06892a",
   "IndexInSeries" : 45,
   "Labels" : [],
   "MainDicomTags" : 
   {
      "ImageComments" : "JPEG 2000 lossless - Version 4.0.2 (c) Image Devices GmbH",
      "ImageOrientationPatient" : "1\\0\\0\\0\\1\\0",
      "ImagePositionPatient" : "-151.493508\\-36.6564417\\1273",
      "InstanceCreationDate" : "20061012",
      "InstanceCreationTime" : "091616.000000",
      "InstanceNumber" : "45",
      "SOPInstanceUID" : "1.2.826.0.1.3680043.8.1055.1.20111102150801856.09856324.62601018"
   },
   "ParentSeries" : "98d367a5-58eeba8b-f3c2da4b-de7d8f6f-ede53eb2",
   "Type" : "Instance"
}
2025-06-16 17:19:32 - StudyInstanceUID non trouvé dans MainDicomTags, vérification via /studies...
2025-06-16 17:19:32 - Commande dcmdump exécutée: "C:\dcmtk-3.6.9-win64-dynamic\bin\dcmdump.exe" -q +P 0020,000D "C:\xampp\tmp\php34FE.tmp" 2>&1
2025-06-16 17:19:37 - Début de la requête proxy-orthanc
2025-06-16 17:19:37 - URL Orthanc: http://localhost:8042/instances
2025-06-16 17:19:37 - Méthode HTTP: POST
2025-06-16 17:19:37 - $_FILES: {"file":{"name":"image-00044.dcm","full_path":"image-00044.dcm","type":"application\/dicom","tmp_name":"C:\\xampp\\tmp\\php5932.tmp","error":0,"size":100332}}
2025-06-16 17:19:37 - $_POST: {"patient_id":"1","instance_id":"PATIENT-1-20250616171937"}
2025-06-16 17:19:37 - Patient ID: 1, Instance ID personnalisé: PATIENT-1-20250616171937, Fichier temporaire: C:\xampp\tmp\php5932.tmp
2025-06-16 17:19:38 - ID Orthanc attribué: 95a765a0-a0e34031-cb5bfbb9-c2bd35ca-7d06892a
2025-06-16 17:19:38 - Requête des métadonnées via URL: http://localhost:8042/instances/95a765a0-a0e34031-cb5bfbb9-c2bd35ca-7d06892a
2025-06-16 17:19:38 - Réponse brute des métadonnées: {
   "FileSize" : 100332,
   "FileUuid" : "efd300ab-1f11-4dbd-bf31-a5c2cbba3a8e",
   "ID" : "95a765a0-a0e34031-cb5bfbb9-c2bd35ca-7d06892a",
   "IndexInSeries" : 45,
   "Labels" : [],
   "MainDicomTags" : 
   {
      "ImageComments" : "JPEG 2000 lossless - Version 4.0.2 (c) Image Devices GmbH",
      "ImageOrientationPatient" : "1\\0\\0\\0\\1\\0",
      "ImagePositionPatient" : "-151.493508\\-36.6564417\\1273",
      "InstanceCreationDate" : "20061012",
      "InstanceCreationTime" : "091616.000000",
      "InstanceNumber" : "45",
      "SOPInstanceUID" : "1.2.826.0.1.3680043.8.1055.1.20111102150801856.09856324.62601018"
   },
   "ParentSeries" : "98d367a5-58eeba8b-f3c2da4b-de7d8f6f-ede53eb2",
   "Type" : "Instance"
}
2025-06-16 17:19:38 - StudyInstanceUID non trouvé dans MainDicomTags, vérification via /studies...
2025-06-16 17:19:38 - Commande dcmdump exécutée: "C:\dcmtk-3.6.9-win64-dynamic\bin\dcmdump.exe" -q +P 0020,000D "C:\xampp\tmp\php5932.tmp" 2>&1
2025-06-16 17:19:41 - Sortie de dcmdump: ["(0020,000d) UI [1.2.826.0.1.3680043.8.1055.1.20111102150758591.92402465.76095170] #  64, 1 StudyInstanceUID"]
2025-06-16 17:19:41 - Sortie de dcmdump: ["(0020,000d) UI [1.2.826.0.1.3680043.8.1055.1.20111102150758591.92402465.76095170] #  64, 1 StudyInstanceUID"]
2025-06-16 17:19:41 - Code de retour de dcmdump: 0
2025-06-16 17:19:41 - Code de retour de dcmdump: 0
2025-06-16 17:19:41 - StudyInstanceUID récupéré via dcmdump: 1.2.826.0.1.3680043.8.1055.1.20111102150758591.92402465.76095170
2025-06-16 17:19:41 - StudyInstanceUID récupéré via dcmdump: 1.2.826.0.1.3680043.8.1055.1.20111102150758591.92402465.76095170
2025-06-16 17:19:41 - Détails de l'instance: {
    "FileSize": 100332,
    "FileUuid": "efd300ab-1f11-4dbd-bf31-a5c2cbba3a8e",
    "ID": "95a765a0-a0e34031-cb5bfbb9-c2bd35ca-7d06892a",
    "IndexInSeries": 45,
    "Labels": [],
    "MainDicomTags": {
        "ImageComments": "JPEG 2000 lossless - Version 4.0.2 (c) Image Devices GmbH",
        "ImageOrientationPatient": "1\\0\\0\\0\\1\\0",
        "ImagePositionPatient": "-151.493508\\-36.6564417\\1273",
        "InstanceCreationDate": "20061012",
        "InstanceCreationTime": "091616.000000",
        "InstanceNumber": "45",
        "SOPInstanceUID": "1.2.826.0.1.3680043.8.1055.1.20111102150801856.09856324.62601018"
    },
    "ParentSeries": "98d367a5-58eeba8b-f3c2da4b-de7d8f6f-ede53eb2",
    "Type": "Instance"
}
2025-06-16 17:19:41 - Instance DICOM stockée avec patient_id=1, orthanc_instance_id=95a765a0-a0e34031-cb5bfbb9-c2bd35ca-7d06892a
2025-06-16 17:19:41 - Instance ID personnalisé appliqué: PATIENT-1-20250616171937
2025-06-16 17:19:41 - Instance ID personnalisé appliqué: PATIENT-1-20250616171928
2025-06-16 20:55:26 - Début de la requête proxy-orthanc
2025-06-16 20:55:26 - URL Orthanc: http://localhost:8042/instances
2025-06-16 20:55:26 - Méthode HTTP: POST
2025-06-16 20:55:26 - $_FILES: {"file":{"name":"image-00010.dcm","full_path":"image-00010.dcm","type":"application\/dicom","tmp_name":"C:\\xampp\\tmp\\phpEBA2.tmp","error":0,"size":91554}}
2025-06-16 20:55:26 - $_POST: {"patient_id":"4","instance_id":"PATIENT-4-20250616205525"}
2025-06-16 20:55:26 - Patient ID: 4, Instance ID personnalisé: PATIENT-4-20250616205525, Fichier temporaire: C:\xampp\tmp\phpEBA2.tmp
2025-06-16 20:55:27 - ID Orthanc attribué: d68ec84d-b86ce4ac-49fcd090-361954ca-da219abf
2025-06-16 20:55:27 - Requête des métadonnées via URL: http://localhost:8042/instances/d68ec84d-b86ce4ac-49fcd090-361954ca-da219abf
2025-06-16 20:55:27 - Réponse brute des métadonnées: {
   "FileSize" : 91554,
   "FileUuid" : "b52cc1b7-f7be-4c2b-8d08-b7b5d96ddf35",
   "ID" : "d68ec84d-b86ce4ac-49fcd090-361954ca-da219abf",
   "IndexInSeries" : 11,
   "Labels" : [],
   "MainDicomTags" : 
   {
      "ImageComments" : "JPEG 2000 lossless - Version 4.0.2 (c) Image Devices GmbH",
      "ImageOrientationPatient" : "1\\0\\0\\0\\1\\0",
      "ImagePositionPatient" : "-151.493508\\-36.6564417\\1290",
      "InstanceCreationDate" : "20061012",
      "InstanceCreationTime" : "091608.000000",
      "InstanceNumber" : "11",
      "SOPInstanceUID" : "1.2.826.0.1.3680043.8.1055.1.20111102150759544.43941061.73779335"
   },
   "ParentSeries" : "98d367a5-58eeba8b-f3c2da4b-de7d8f6f-ede53eb2",
   "Type" : "Instance"
}
2025-06-16 20:55:27 - StudyInstanceUID non trouvé dans MainDicomTags, vérification via /studies...
2025-06-16 20:55:27 - Commande dcmdump exécutée: "C:\dcmtk-3.6.9-win64-dynamic\bin\dcmdump.exe" -q +P 0020,000D "C:\xampp\tmp\phpEBA2.tmp" 2>&1
2025-06-16 20:55:35 - Sortie de dcmdump: ["(0020,000d) UI [1.2.826.0.1.3680043.8.1055.1.20111102150758591.92402465.76095170] #  64, 1 StudyInstanceUID"]
2025-06-16 20:55:35 - Code de retour de dcmdump: 0
2025-06-16 20:55:36 - StudyInstanceUID récupéré via dcmdump: 1.2.826.0.1.3680043.8.1055.1.20111102150758591.92402465.76095170
2025-06-16 20:55:36 - Détails de l'instance: {
    "FileSize": 91554,
    "FileUuid": "b52cc1b7-f7be-4c2b-8d08-b7b5d96ddf35",
    "ID": "d68ec84d-b86ce4ac-49fcd090-361954ca-da219abf",
    "IndexInSeries": 11,
    "Labels": [],
    "MainDicomTags": {
        "ImageComments": "JPEG 2000 lossless - Version 4.0.2 (c) Image Devices GmbH",
        "ImageOrientationPatient": "1\\0\\0\\0\\1\\0",
        "ImagePositionPatient": "-151.493508\\-36.6564417\\1290",
        "InstanceCreationDate": "20061012",
        "InstanceCreationTime": "091608.000000",
        "InstanceNumber": "11",
        "SOPInstanceUID": "1.2.826.0.1.3680043.8.1055.1.20111102150759544.43941061.73779335"
    },
    "ParentSeries": "98d367a5-58eeba8b-f3c2da4b-de7d8f6f-ede53eb2",
    "Type": "Instance"
}
2025-06-16 20:55:36 - Instance DICOM stockée avec patient_id=4, orthanc_instance_id=d68ec84d-b86ce4ac-49fcd090-361954ca-da219abf
2025-06-16 20:55:36 - Instance ID personnalisé appliqué: PATIENT-4-20250616205525
