[26-Apr-2025 14:35:28 Europe/Berlin] PHP Warning:  require_once(../config/Database.php): Failed to open stream: No such file or directory in C:\xampp\htdocs\projet-medical\api\upload-dicom-simple.php on line 19
[26-Apr-2025 14:35:28 Europe/Berlin] PHP Fatal error:  Uncaught Error: Failed opening required '../config/Database.php' (include_path='C:\xampp\php\PEAR') in C:\xampp\htdocs\projet-medical\api\upload-dicom-simple.php:19
Stack trace:
#0 {main}
  thrown in C:\xampp\htdocs\projet-medical\api\upload-dicom-simple.php on line 19
[26-Apr-2025 14:37:01 Europe/Berlin] PHP Warning:  require_once(../config/Database.php): Failed to open stream: No such file or directory in C:\xampp\htdocs\projet-medical\api\upload-dicom-simple.php on line 19
[26-Apr-2025 14:37:01 Europe/Berlin] PHP Fatal error:  Uncaught Error: Failed opening required '../config/Database.php' (include_path='C:\xampp\php\PEAR') in C:\xampp\htdocs\projet-medical\api\upload-dicom-simple.php:19
Stack trace:
#0 {main}
  thrown in C:\xampp\htdocs\projet-medical\api\upload-dicom-simple.php on line 19
[26-Apr-2025 14:44:41 Europe/Berlin] Début de upload-dicom-simple.php
[26-Apr-2025 14:44:41 Europe/Berlin] Fichier reçu : image-00008.dcm
[26-Apr-2025 14:44:41 Europe/Berlin] Réponse d'Orthanc (HTTP 200) : {
   "ID" : "6be8f9b5-0a47915b-56fd8a11-4d94300c-9bfb83c4",
   "ParentPatient" : "b6589fc6-ab0dc82c-f12099d1-c2d40ab9-94e8410c",
   "ParentSeries" : "98d367a5-58eeba8b-f3c2da4b-de7d8f6f-ede53eb2",
   "ParentStudy" : "3abaec0a-ebfaaa87-f830d52b-d62df074-6a692c12",
   "Path" : "/instances/6be8f9b5-0a47915b-56fd8a11-4d94300c-9bfb83c4",
   "Status" : "Success"
}
[26-Apr-2025 14:54:36 Europe/Berlin] Requête proxy vers Orthanc (GET http://localhost:8042/instances) - HTTP 200 : [
   "094563e4-74b821f1-120c8584-6236b3ba-05716a47",
   "24e83fd1-ddd03175-beb6aa86-f4ce6432-4241b24f",
   "26952bd2-9569483f-e0549aca-a33b9065-69c33884",
   "2faf6dae-1e8dd60c-78fbca50-98cc48e7-66559504",
   "582dde1a-6ee0dcb1-dc2c0a3c-06a79b2f-211eda06",
   "5974bce8-dfa0d418-48e52945-578a9547-fbb8179e",
   "63831658-2ed313e4-bdd47183-6c1be4da-c0022bb4",
   "6be8f9b5-0a47915b-56fd8a11-4d94300c-9bfb83c4",
   "75c6d27e-9c7d0b29-ef99341d-b7507933-63d3057d",
   "b7fb1fb4-142e5a15-333ae197-298b1626-11f8833b",
   "bc61cc15-593581eb-104dd853-f8e2ae2f-19704638",
   "cad86111-996653c7-c7ca1820-b783c4c3-9ff6e63b",
   "dacc5f2c-4eb67b6e-62fe20be-08583e4b-f7285061",
   "e07efef8-4eba99da-e58dbc40-0173c1da-e2535081",
   "eb17dc02-607db0a6-1074ad73-79fb3688-f9a596db",
   "fe9d11b9-08ca2a74-f27c7727-86fa6833-6b2583ab",
   "feaf75ad-9548b055-4a7a21f5-3db18a07-9c6903d3"
]
[26-Apr-2025 14:54:46 Europe/Berlin] Requête proxy vers Orthanc (GET http://localhost:8042/instances/b7fb1fb4-142e5a15-333ae197-298b1626-11f8833b) - HTTP 200 : {
   "FileSize" : 1702398,
   "FileUuid" : "9fa9d15a-988d-410e-9194-ddfde927c89a",
   "ID" : "b7fb1fb4-142e5a15-333ae197-298b1626-11f8833b",
   "IndexInSeries" : null,
   "Labels" : [],
   "MainDicomTags" : 
   {
      "InstanceNumber" : "",
      "NumberOfFrames" : "96",
      "SOPInstanceUID" : "1.3.12.2.1107.5.4.3.321890.19960124.162922.29"
   },
   "ParentSeries" : "62cc4f41-9b1679c0-6ad19a2e-71fccb6f-07a3d16d",
   "Type" : "Instance"
}
[26-Apr-2025 14:55:24 Europe/Berlin] Requête proxy vers Orthanc (GET http://localhost:8042/instances) - HTTP 200 : [
   "094563e4-74b821f1-120c8584-6236b3ba-05716a47",
   "24e83fd1-ddd03175-beb6aa86-f4ce6432-4241b24f",
   "26952bd2-9569483f-e0549aca-a33b9065-69c33884",
   "2faf6dae-1e8dd60c-78fbca50-98cc48e7-66559504",
   "582dde1a-6ee0dcb1-dc2c0a3c-06a79b2f-211eda06",
   "5974bce8-dfa0d418-48e52945-578a9547-fbb8179e",
   "63831658-2ed313e4-bdd47183-6c1be4da-c0022bb4",
   "75c6d27e-9c7d0b29-ef99341d-b7507933-63d3057d",
   "b7fb1fb4-142e5a15-333ae197-298b1626-11f8833b",
   "bc61cc15-593581eb-104dd853-f8e2ae2f-19704638",
   "cad86111-996653c7-c7ca1820-b783c4c3-9ff6e63b",
   "dacc5f2c-4eb67b6e-62fe20be-08583e4b-f7285061",
   "e07efef8-4eba99da-e58dbc40-0173c1da-e2535081",
   "eb17dc02-607db0a6-1074ad73-79fb3688-f9a596db",
   "fe9d11b9-08ca2a74-f27c7727-86fa6833-6b2583ab",
   "feaf75ad-9548b055-4a7a21f5-3db18a07-9c6903d3"
]
[26-Apr-2025 14:55:44 Europe/Berlin] Requête proxy vers Orthanc (POST http://localhost:8042/instances) - HTTP 200 : {
   "ID" : "ca185649-59f5c5ef-ebbff62a-dcd31eec-5232abf3",
   "ParentPatient" : "b6589fc6-ab0dc82c-f12099d1-c2d40ab9-94e8410c",
   "ParentSeries" : "98d367a5-58eeba8b-f3c2da4b-de7d8f6f-ede53eb2",
   "ParentStudy" : "3abaec0a-ebfaaa87-f830d52b-d62df074-6a692c12",
   "Path" : "/instances/ca185649-59f5c5ef-ebbff62a-dcd31eec-5232abf3",
   "Status" : "Success"
}
[26-Apr-2025 14:55:46 Europe/Berlin] Requête proxy vers Orthanc (GET http://localhost:8042/instances) - HTTP 200 : [
   "094563e4-74b821f1-120c8584-6236b3ba-05716a47",
   "24e83fd1-ddd03175-beb6aa86-f4ce6432-4241b24f",
   "26952bd2-9569483f-e0549aca-a33b9065-69c33884",
   "2faf6dae-1e8dd60c-78fbca50-98cc48e7-66559504",
   "582dde1a-6ee0dcb1-dc2c0a3c-06a79b2f-211eda06",
   "5974bce8-dfa0d418-48e52945-578a9547-fbb8179e",
   "63831658-2ed313e4-bdd47183-6c1be4da-c0022bb4",
   "75c6d27e-9c7d0b29-ef99341d-b7507933-63d3057d",
   "b7fb1fb4-142e5a15-333ae197-298b1626-11f8833b",
   "bc61cc15-593581eb-104dd853-f8e2ae2f-19704638",
   "ca185649-59f5c5ef-ebbff62a-dcd31eec-5232abf3",
   "cad86111-996653c7-c7ca1820-b783c4c3-9ff6e63b",
   "dacc5f2c-4eb67b6e-62fe20be-08583e4b-f7285061",
   "e07efef8-4eba99da-e58dbc40-0173c1da-e2535081",
   "eb17dc02-607db0a6-1074ad73-79fb3688-f9a596db",
   "fe9d11b9-08ca2a74-f27c7727-86fa6833-6b2583ab",
   "feaf75ad-9548b055-4a7a21f5-3db18a07-9c6903d3"
]
[26-Apr-2025 14:56:03 Europe/Berlin] Requête proxy vers Orthanc (GET http://localhost:8042/instances/feaf75ad-9548b055-4a7a21f5-3db18a07-9c6903d3) - HTTP 200 : {
   "FileSize" : 526336,
   "FileUuid" : "c415c430-c5a8-4afa-854f-af8e254144b8",
   "ID" : "feaf75ad-9548b055-4a7a21f5-3db18a07-9c6903d3",
   "IndexInSeries" : 5000,
   "Labels" : [],
   "MainDicomTags" : 
   {
      "AcquisitionNumber" : " 5",
      "ImageComments" : "",
      "ImageOrientationPatient" : "1.0000\\0.0000\\0.0000\\0.0000\\1.0000\\0.0000",
      "ImagePositionPatient" : "-124.9000\\-124.9000\\15.0000",
      "InstanceCreationDate" : "19970114",
      "InstanceCreationTime" : "035029.0002",
      "InstanceNumber" : "5000",
      "SOPInstanceUID" : "1.3.46.670589.10.900123.19970114.35029000020"
   },
   "ParentSeries" : "670d99fa-c4a853ca-52f7989e-f6df82a8-5123711c",
   "Type" : "Instance"
}
[26-Apr-2025 14:56:06 Europe/Berlin] Requête proxy vers Orthanc (GET http://localhost:8042/instances/fe9d11b9-08ca2a74-f27c7727-86fa6833-6b2583ab) - HTTP 200 : {
   "FileSize" : 526336,
   "FileUuid" : "c147a823-c25b-4c74-a7fb-877198ac4ebe",
   "ID" : "fe9d11b9-08ca2a74-f27c7727-86fa6833-6b2583ab",
   "IndexInSeries" : 13001,
   "Labels" : [],
   "MainDicomTags" : 
   {
      "AcquisitionNumber" : "13",
      "ImageComments" : "",
      "ImageOrientationPatient" : "1.0000\\0.0000\\0.0000\\0.0000\\1.0000\\0.0000",
      "ImagePositionPatient" : "-175.1000\\-175.1000\\-110.0000",
      "InstanceCreationDate" : "19970114",
      "InstanceCreationTime" : "035056.0006",
      "InstanceNumber" : " 13001",
      "SOPInstanceUID" : "1.3.46.670589.10.900123.19970114.35056000060"
   },
   "ParentSeries" : "19b4c568-a95664f5-ad117914-3ccf7292-2a7ee3a0",
   "Type" : "Instance"
}
[26-Apr-2025 14:56:10 Europe/Berlin] Requête proxy vers Orthanc (GET http://localhost:8042/instances/094563e4-74b821f1-120c8584-6236b3ba-05716a47) - HTTP 200 : {
   "FileSize" : 526336,
   "FileUuid" : "847455dd-9936-4c5a-9d73-29f225acd32b",
   "ID" : "094563e4-74b821f1-120c8584-6236b3ba-05716a47",
   "IndexInSeries" : 5003,
   "Labels" : [],
   "MainDicomTags" : 
   {
      "AcquisitionNumber" : " 5",
      "ImageComments" : "MD",
      "ImageOrientationPatient" : "1.0000\\0.0000\\0.0000\\0.0000\\1.0000\\0.0000",
      "ImagePositionPatient" : "-80.7000\\-75.1000\\-61.0000",
      "InstanceCreationDate" : "19970114",
      "InstanceCreationTime" : "035049.0005",
      "InstanceNumber" : "5003",
      "SOPInstanceUID" : "1.3.46.670589.10.900123.19970114.35049000050"
   },
   "ParentSeries" : "f623b033-c3bb9318-1ae62c1a-9fd5f247-24c86dea",
   "Type" : "Instance"
}
[26-Apr-2025 14:58:01 Europe/Berlin] Requête proxy vers Orthanc (GET http://localhost:8042/instances/094563e4-74b821f1-120c8584-6236b3ba-05716a47) - HTTP 200 : {
   "FileSize" : 526336,
   "FileUuid" : "847455dd-9936-4c5a-9d73-29f225acd32b",
   "ID" : "094563e4-74b821f1-120c8584-6236b3ba-05716a47",
   "IndexInSeries" : 5003,
   "Labels" : [],
   "MainDicomTags" : 
   {
      "AcquisitionNumber" : " 5",
      "ImageComments" : "MD",
      "ImageOrientationPatient" : "1.0000\\0.0000\\0.0000\\0.0000\\1.0000\\0.0000",
      "ImagePositionPatient" : "-80.7000\\-75.1000\\-61.0000",
      "InstanceCreationDate" : "19970114",
      "InstanceCreationTime" : "035049.0005",
      "InstanceNumber" : "5003",
      "SOPInstanceUID" : "1.3.46.670589.10.900123.19970114.35049000050"
   },
   "ParentSeries" : "f623b033-c3bb9318-1ae62c1a-9fd5f247-24c86dea",
   "Type" : "Instance"
}
[26-Apr-2025 15:03:37 Europe/Berlin] Requête proxy vers Orthanc (GET http://localhost:8042/instances) - HTTP 200 : [
   "094563e4-74b821f1-120c8584-6236b3ba-05716a47",
   "24e83fd1-ddd03175-beb6aa86-f4ce6432-4241b24f",
   "26952bd2-9569483f-e0549aca-a33b9065-69c33884",
   "2faf6dae-1e8dd60c-78fbca50-98cc48e7-66559504",
   "582dde1a-6ee0dcb1-dc2c0a3c-06a79b2f-211eda06",
   "5974bce8-dfa0d418-48e52945-578a9547-fbb8179e",
   "63831658-2ed313e4-bdd47183-6c1be4da-c0022bb4",
   "75c6d27e-9c7d0b29-ef99341d-b7507933-63d3057d",
   "b7fb1fb4-142e5a15-333ae197-298b1626-11f8833b",
   "bc61cc15-593581eb-104dd853-f8e2ae2f-19704638",
   "cad86111-996653c7-c7ca1820-b783c4c3-9ff6e63b",
   "dacc5f2c-4eb67b6e-62fe20be-08583e4b-f7285061",
   "e07efef8-4eba99da-e58dbc40-0173c1da-e2535081",
   "eb17dc02-607db0a6-1074ad73-79fb3688-f9a596db",
   "fe9d11b9-08ca2a74-f27c7727-86fa6833-6b2583ab",
   "feaf75ad-9548b055-4a7a21f5-3db18a07-9c6903d3"
]
[26-Apr-2025 15:03:43 Europe/Berlin] Requête proxy vers Orthanc (GET http://localhost:8042/instances/094563e4-74b821f1-120c8584-6236b3ba-05716a47) - HTTP 200 : {
   "FileSize" : 526336,
   "FileUuid" : "847455dd-9936-4c5a-9d73-29f225acd32b",
   "ID" : "094563e4-74b821f1-120c8584-6236b3ba-05716a47",
   "IndexInSeries" : 5003,
   "Labels" : [],
   "MainDicomTags" : 
   {
      "AcquisitionNumber" : " 5",
      "ImageComments" : "MD",
      "ImageOrientationPatient" : "1.0000\\0.0000\\0.0000\\0.0000\\1.0000\\0.0000",
      "ImagePositionPatient" : "-80.7000\\-75.1000\\-61.0000",
      "InstanceCreationDate" : "19970114",
      "InstanceCreationTime" : "035049.0005",
      "InstanceNumber" : "5003",
      "SOPInstanceUID" : "1.3.46.670589.10.900123.19970114.35049000050"
   },
   "ParentSeries" : "f623b033-c3bb9318-1ae62c1a-9fd5f247-24c86dea",
   "Type" : "Instance"
}
[26-Apr-2025 15:04:18 Europe/Berlin] Requête proxy vers Orthanc (POST http://localhost:8042/instances) - HTTP 200 : {
   "ID" : "892e8101-891e4b24-43c20a0c-cda4e1ee-34cdbb93",
   "ParentPatient" : "b6589fc6-ab0dc82c-f12099d1-c2d40ab9-94e8410c",
   "ParentSeries" : "98d367a5-58eeba8b-f3c2da4b-de7d8f6f-ede53eb2",
   "ParentStudy" : "3abaec0a-ebfaaa87-f830d52b-d62df074-6a692c12",
   "Path" : "/instances/892e8101-891e4b24-43c20a0c-cda4e1ee-34cdbb93",
   "Status" : "Success"
}
[26-Apr-2025 15:04:20 Europe/Berlin] Requête proxy vers Orthanc (GET http://localhost:8042/instances) - HTTP 200 : [
   "094563e4-74b821f1-120c8584-6236b3ba-05716a47",
   "24e83fd1-ddd03175-beb6aa86-f4ce6432-4241b24f",
   "26952bd2-9569483f-e0549aca-a33b9065-69c33884",
   "2faf6dae-1e8dd60c-78fbca50-98cc48e7-66559504",
   "582dde1a-6ee0dcb1-dc2c0a3c-06a79b2f-211eda06",
   "5974bce8-dfa0d418-48e52945-578a9547-fbb8179e",
   "63831658-2ed313e4-bdd47183-6c1be4da-c0022bb4",
   "75c6d27e-9c7d0b29-ef99341d-b7507933-63d3057d",
   "892e8101-891e4b24-43c20a0c-cda4e1ee-34cdbb93",
   "b7fb1fb4-142e5a15-333ae197-298b1626-11f8833b",
   "bc61cc15-593581eb-104dd853-f8e2ae2f-19704638",
   "cad86111-996653c7-c7ca1820-b783c4c3-9ff6e63b",
   "dacc5f2c-4eb67b6e-62fe20be-08583e4b-f7285061",
   "e07efef8-4eba99da-e58dbc40-0173c1da-e2535081",
   "eb17dc02-607db0a6-1074ad73-79fb3688-f9a596db",
   "fe9d11b9-08ca2a74-f27c7727-86fa6833-6b2583ab",
   "feaf75ad-9548b055-4a7a21f5-3db18a07-9c6903d3"
]
[26-Apr-2025 15:04:37 Europe/Berlin] Requête proxy vers Orthanc (GET http://localhost:8042/instances) - HTTP 200 : [
   "094563e4-74b821f1-120c8584-6236b3ba-05716a47",
   "24e83fd1-ddd03175-beb6aa86-f4ce6432-4241b24f",
   "26952bd2-9569483f-e0549aca-a33b9065-69c33884",
   "2faf6dae-1e8dd60c-78fbca50-98cc48e7-66559504",
   "582dde1a-6ee0dcb1-dc2c0a3c-06a79b2f-211eda06",
   "5974bce8-dfa0d418-48e52945-578a9547-fbb8179e",
   "63831658-2ed313e4-bdd47183-6c1be4da-c0022bb4",
   "75c6d27e-9c7d0b29-ef99341d-b7507933-63d3057d",
   "892e8101-891e4b24-43c20a0c-cda4e1ee-34cdbb93",
   "b7fb1fb4-142e5a15-333ae197-298b1626-11f8833b",
   "bc61cc15-593581eb-104dd853-f8e2ae2f-19704638",
   "cad86111-996653c7-c7ca1820-b783c4c3-9ff6e63b",
   "dacc5f2c-4eb67b6e-62fe20be-08583e4b-f7285061",
   "e07efef8-4eba99da-e58dbc40-0173c1da-e2535081",
   "eb17dc02-607db0a6-1074ad73-79fb3688-f9a596db",
   "fe9d11b9-08ca2a74-f27c7727-86fa6833-6b2583ab",
   "feaf75ad-9548b055-4a7a21f5-3db18a07-9c6903d3"
]
[26-Apr-2025 15:04:49 Europe/Berlin] Requête proxy vers Orthanc (GET http://localhost:8042/instances/feaf75ad-9548b055-4a7a21f5-3db18a07-9c6903d3) - HTTP 200 : {
   "FileSize" : 526336,
   "FileUuid" : "c415c430-c5a8-4afa-854f-af8e254144b8",
   "ID" : "feaf75ad-9548b055-4a7a21f5-3db18a07-9c6903d3",
   "IndexInSeries" : 5000,
   "Labels" : [],
   "MainDicomTags" : 
   {
      "AcquisitionNumber" : " 5",
      "ImageComments" : "",
      "ImageOrientationPatient" : "1.0000\\0.0000\\0.0000\\0.0000\\1.0000\\0.0000",
      "ImagePositionPatient" : "-124.9000\\-124.9000\\15.0000",
      "InstanceCreationDate" : "19970114",
      "InstanceCreationTime" : "035029.0002",
      "InstanceNumber" : "5000",
      "SOPInstanceUID" : "1.3.46.670589.10.900123.19970114.35029000020"
   },
   "ParentSeries" : "670d99fa-c4a853ca-52f7989e-f6df82a8-5123711c",
   "Type" : "Instance"
}
[26-Apr-2025 15:12:38 Europe/Berlin] Requête proxy vers Orthanc (GET http://localhost:8042/instances) - HTTP 200 : [
   "094563e4-74b821f1-120c8584-6236b3ba-05716a47",
   "24e83fd1-ddd03175-beb6aa86-f4ce6432-4241b24f",
   "26952bd2-9569483f-e0549aca-a33b9065-69c33884",
   "2faf6dae-1e8dd60c-78fbca50-98cc48e7-66559504",
   "582dde1a-6ee0dcb1-dc2c0a3c-06a79b2f-211eda06",
   "5974bce8-dfa0d418-48e52945-578a9547-fbb8179e",
   "63831658-2ed313e4-bdd47183-6c1be4da-c0022bb4",
   "75c6d27e-9c7d0b29-ef99341d-b7507933-63d3057d",
   "b7fb1fb4-142e5a15-333ae197-298b1626-11f8833b",
   "bc61cc15-593581eb-104dd853-f8e2ae2f-19704638",
   "cad86111-996653c7-c7ca1820-b783c4c3-9ff6e63b",
   "dacc5f2c-4eb67b6e-62fe20be-08583e4b-f7285061",
   "e07efef8-4eba99da-e58dbc40-0173c1da-e2535081",
   "eb17dc02-607db0a6-1074ad73-79fb3688-f9a596db",
   "fe9d11b9-08ca2a74-f27c7727-86fa6833-6b2583ab",
   "feaf75ad-9548b055-4a7a21f5-3db18a07-9c6903d3"
]
[26-Apr-2025 15:12:44 Europe/Berlin] Requête proxy vers Orthanc (GET http://localhost:8042/instances/094563e4-74b821f1-120c8584-6236b3ba-05716a47) - HTTP 200 : {
   "FileSize" : 526336,
   "FileUuid" : "847455dd-9936-4c5a-9d73-29f225acd32b",
   "ID" : "094563e4-74b821f1-120c8584-6236b3ba-05716a47",
   "IndexInSeries" : 5003,
   "Labels" : [],
   "MainDicomTags" : 
   {
      "AcquisitionNumber" : " 5",
      "ImageComments" : "MD",
      "ImageOrientationPatient" : "1.0000\\0.0000\\0.0000\\0.0000\\1.0000\\0.0000",
      "ImagePositionPatient" : "-80.7000\\-75.1000\\-61.0000",
      "InstanceCreationDate" : "19970114",
      "InstanceCreationTime" : "035049.0005",
      "InstanceNumber" : "5003",
      "SOPInstanceUID" : "1.3.46.670589.10.900123.19970114.35049000050"
   },
   "ParentSeries" : "f623b033-c3bb9318-1ae62c1a-9fd5f247-24c86dea",
   "Type" : "Instance"
}
[26-Apr-2025 15:12:44 Europe/Berlin] Requête proxy vers Orthanc (GET http://localhost:8042/series/f623b033-c3bb9318-1ae62c1a-9fd5f247-24c86dea) - HTTP 200 : {
   "ExpectedNumberOfInstances" : null,
   "ID" : "f623b033-c3bb9318-1ae62c1a-9fd5f247-24c86dea",
   "Instances" : 
   [
      "094563e4-74b821f1-120c8584-6236b3ba-05716a47"
   ],
   "IsStable" : true,
   "Labels" : [],
   "LastUpdate" : "20250311T081322",
   "MainDicomTags" : 
   {
      "ContrastBolusAgent" : "NONE",
      "ImageOrientationPatient" : "1.0000\\0.0000\\0.0000\\0.0000\\1.0000\\0.0000",
      "Manufacturer" : "Philips Medical Systems",
      "Modality" : "CT",
      "ProtocolName" : " 1",
      "SeriesInstanceUID" : "1.3.46.670589.10.900123.19970114.35049000050.3",
      "SeriesNumber" : " 1",
      "StationName" : "MVP"
   },
   "ParentStudy" : "286789b1-82845a45-92d7dfc0-c6a8e286-27bc0129",
   "Status" : "Unknown",
   "Type" : "Series"
}
[26-Apr-2025 15:13:09 Europe/Berlin] Requête proxy vers Orthanc (POST http://localhost:8042/instances) - HTTP 200 : {
   "ID" : "4e4bce5d-9a98e121-3d1a87bc-47f0398f-5cbefd26",
   "ParentPatient" : "b6589fc6-ab0dc82c-f12099d1-c2d40ab9-94e8410c",
   "ParentSeries" : "98d367a5-58eeba8b-f3c2da4b-de7d8f6f-ede53eb2",
   "ParentStudy" : "3abaec0a-ebfaaa87-f830d52b-d62df074-6a692c12",
   "Path" : "/instances/4e4bce5d-9a98e121-3d1a87bc-47f0398f-5cbefd26",
   "Status" : "Success"
}
[26-Apr-2025 15:13:11 Europe/Berlin] Requête proxy vers Orthanc (GET http://localhost:8042/instances) - HTTP 200 : [
   "094563e4-74b821f1-120c8584-6236b3ba-05716a47",
   "24e83fd1-ddd03175-beb6aa86-f4ce6432-4241b24f",
   "26952bd2-9569483f-e0549aca-a33b9065-69c33884",
   "2faf6dae-1e8dd60c-78fbca50-98cc48e7-66559504",
   "4e4bce5d-9a98e121-3d1a87bc-47f0398f-5cbefd26",
   "582dde1a-6ee0dcb1-dc2c0a3c-06a79b2f-211eda06",
   "5974bce8-dfa0d418-48e52945-578a9547-fbb8179e",
   "63831658-2ed313e4-bdd47183-6c1be4da-c0022bb4",
   "75c6d27e-9c7d0b29-ef99341d-b7507933-63d3057d",
   "b7fb1fb4-142e5a15-333ae197-298b1626-11f8833b",
   "bc61cc15-593581eb-104dd853-f8e2ae2f-19704638",
   "cad86111-996653c7-c7ca1820-b783c4c3-9ff6e63b",
   "dacc5f2c-4eb67b6e-62fe20be-08583e4b-f7285061",
   "e07efef8-4eba99da-e58dbc40-0173c1da-e2535081",
   "eb17dc02-607db0a6-1074ad73-79fb3688-f9a596db",
   "fe9d11b9-08ca2a74-f27c7727-86fa6833-6b2583ab",
   "feaf75ad-9548b055-4a7a21f5-3db18a07-9c6903d3"
]
[26-Apr-2025 15:13:17 Europe/Berlin] Requête proxy vers Orthanc (GET http://localhost:8042/instances) - HTTP 200 : [
   "094563e4-74b821f1-120c8584-6236b3ba-05716a47",
   "24e83fd1-ddd03175-beb6aa86-f4ce6432-4241b24f",
   "26952bd2-9569483f-e0549aca-a33b9065-69c33884",
   "2faf6dae-1e8dd60c-78fbca50-98cc48e7-66559504",
   "4e4bce5d-9a98e121-3d1a87bc-47f0398f-5cbefd26",
   "582dde1a-6ee0dcb1-dc2c0a3c-06a79b2f-211eda06",
   "5974bce8-dfa0d418-48e52945-578a9547-fbb8179e",
   "63831658-2ed313e4-bdd47183-6c1be4da-c0022bb4",
   "75c6d27e-9c7d0b29-ef99341d-b7507933-63d3057d",
   "b7fb1fb4-142e5a15-333ae197-298b1626-11f8833b",
   "bc61cc15-593581eb-104dd853-f8e2ae2f-19704638",
   "cad86111-996653c7-c7ca1820-b783c4c3-9ff6e63b",
   "dacc5f2c-4eb67b6e-62fe20be-08583e4b-f7285061",
   "e07efef8-4eba99da-e58dbc40-0173c1da-e2535081",
   "eb17dc02-607db0a6-1074ad73-79fb3688-f9a596db",
   "fe9d11b9-08ca2a74-f27c7727-86fa6833-6b2583ab",
   "feaf75ad-9548b055-4a7a21f5-3db18a07-9c6903d3"
]
[26-Apr-2025 15:13:24 Europe/Berlin] Requête proxy vers Orthanc (GET http://localhost:8042/instances/094563e4-74b821f1-120c8584-6236b3ba-05716a47) - HTTP 200 : {
   "FileSize" : 526336,
   "FileUuid" : "847455dd-9936-4c5a-9d73-29f225acd32b",
   "ID" : "094563e4-74b821f1-120c8584-6236b3ba-05716a47",
   "IndexInSeries" : 5003,
   "Labels" : [],
   "MainDicomTags" : 
   {
      "AcquisitionNumber" : " 5",
      "ImageComments" : "MD",
      "ImageOrientationPatient" : "1.0000\\0.0000\\0.0000\\0.0000\\1.0000\\0.0000",
      "ImagePositionPatient" : "-80.7000\\-75.1000\\-61.0000",
      "InstanceCreationDate" : "19970114",
      "InstanceCreationTime" : "035049.0005",
      "InstanceNumber" : "5003",
      "SOPInstanceUID" : "1.3.46.670589.10.900123.19970114.35049000050"
   },
   "ParentSeries" : "f623b033-c3bb9318-1ae62c1a-9fd5f247-24c86dea",
   "Type" : "Instance"
}
[26-Apr-2025 15:13:24 Europe/Berlin] Requête proxy vers Orthanc (GET http://localhost:8042/series/f623b033-c3bb9318-1ae62c1a-9fd5f247-24c86dea) - HTTP 200 : {
   "ExpectedNumberOfInstances" : null,
   "ID" : "f623b033-c3bb9318-1ae62c1a-9fd5f247-24c86dea",
   "Instances" : 
   [
      "094563e4-74b821f1-120c8584-6236b3ba-05716a47"
   ],
   "IsStable" : true,
   "Labels" : [],
   "LastUpdate" : "20250311T081322",
   "MainDicomTags" : 
   {
      "ContrastBolusAgent" : "NONE",
      "ImageOrientationPatient" : "1.0000\\0.0000\\0.0000\\0.0000\\1.0000\\0.0000",
      "Manufacturer" : "Philips Medical Systems",
      "Modality" : "CT",
      "ProtocolName" : " 1",
      "SeriesInstanceUID" : "1.3.46.670589.10.900123.19970114.35049000050.3",
      "SeriesNumber" : " 1",
      "StationName" : "MVP"
   },
   "ParentStudy" : "286789b1-82845a45-92d7dfc0-c6a8e286-27bc0129",
   "Status" : "Unknown",
   "Type" : "Series"
}
[26-Apr-2025 15:13:33 Europe/Berlin] Requête proxy vers Orthanc (GET http://localhost:8042/instances/094563e4-74b821f1-120c8584-6236b3ba-05716a47/file) - HTTP 200 : 
[26-Apr-2025 15:14:01 Europe/Berlin] Requête proxy vers Orthanc (GET http://localhost:8042/instances) - HTTP 200 : [
   "094563e4-74b821f1-120c8584-6236b3ba-05716a47",
   "24e83fd1-ddd03175-beb6aa86-f4ce6432-4241b24f",
   "26952bd2-9569483f-e0549aca-a33b9065-69c33884",
   "2faf6dae-1e8dd60c-78fbca50-98cc48e7-66559504",
   "582dde1a-6ee0dcb1-dc2c0a3c-06a79b2f-211eda06",
   "5974bce8-dfa0d418-48e52945-578a9547-fbb8179e",
   "63831658-2ed313e4-bdd47183-6c1be4da-c0022bb4",
   "75c6d27e-9c7d0b29-ef99341d-b7507933-63d3057d",
   "b7fb1fb4-142e5a15-333ae197-298b1626-11f8833b",
   "bc61cc15-593581eb-104dd853-f8e2ae2f-19704638",
   "cad86111-996653c7-c7ca1820-b783c4c3-9ff6e63b",
   "dacc5f2c-4eb67b6e-62fe20be-08583e4b-f7285061",
   "e07efef8-4eba99da-e58dbc40-0173c1da-e2535081",
   "eb17dc02-607db0a6-1074ad73-79fb3688-f9a596db",
   "fe9d11b9-08ca2a74-f27c7727-86fa6833-6b2583ab",
   "feaf75ad-9548b055-4a7a21f5-3db18a07-9c6903d3"
]
[26-Apr-2025 15:14:21 Europe/Berlin] Requête proxy vers Orthanc (POST http://localhost:8042/instances) - HTTP 200 : {
   "ID" : "9ec8fbb6-b5b6bf94-16950f4b-184a8d6e-21c21abd",
   "ParentPatient" : "b6589fc6-ab0dc82c-f12099d1-c2d40ab9-94e8410c",
   "ParentSeries" : "98d367a5-58eeba8b-f3c2da4b-de7d8f6f-ede53eb2",
   "ParentStudy" : "3abaec0a-ebfaaa87-f830d52b-d62df074-6a692c12",
   "Path" : "/instances/9ec8fbb6-b5b6bf94-16950f4b-184a8d6e-21c21abd",
   "Status" : "Success"
}
[26-Apr-2025 15:14:24 Europe/Berlin] Requête proxy vers Orthanc (GET http://localhost:8042/instances) - HTTP 200 : [
   "094563e4-74b821f1-120c8584-6236b3ba-05716a47",
   "24e83fd1-ddd03175-beb6aa86-f4ce6432-4241b24f",
   "26952bd2-9569483f-e0549aca-a33b9065-69c33884",
   "2faf6dae-1e8dd60c-78fbca50-98cc48e7-66559504",
   "582dde1a-6ee0dcb1-dc2c0a3c-06a79b2f-211eda06",
   "5974bce8-dfa0d418-48e52945-578a9547-fbb8179e",
   "63831658-2ed313e4-bdd47183-6c1be4da-c0022bb4",
   "75c6d27e-9c7d0b29-ef99341d-b7507933-63d3057d",
   "9ec8fbb6-b5b6bf94-16950f4b-184a8d6e-21c21abd",
   "b7fb1fb4-142e5a15-333ae197-298b1626-11f8833b",
   "bc61cc15-593581eb-104dd853-f8e2ae2f-19704638",
   "cad86111-996653c7-c7ca1820-b783c4c3-9ff6e63b",
   "dacc5f2c-4eb67b6e-62fe20be-08583e4b-f7285061",
   "e07efef8-4eba99da-e58dbc40-0173c1da-e2535081",
   "eb17dc02-607db0a6-1074ad73-79fb3688-f9a596db",
   "fe9d11b9-08ca2a74-f27c7727-86fa6833-6b2583ab",
   "feaf75ad-9548b055-4a7a21f5-3db18a07-9c6903d3"
]
[26-Apr-2025 15:14:32 Europe/Berlin] Requête proxy vers Orthanc (GET http://localhost:8042/instances) - HTTP 200 : [
   "094563e4-74b821f1-120c8584-6236b3ba-05716a47",
   "24e83fd1-ddd03175-beb6aa86-f4ce6432-4241b24f",
   "26952bd2-9569483f-e0549aca-a33b9065-69c33884",
   "2faf6dae-1e8dd60c-78fbca50-98cc48e7-66559504",
   "582dde1a-6ee0dcb1-dc2c0a3c-06a79b2f-211eda06",
   "5974bce8-dfa0d418-48e52945-578a9547-fbb8179e",
   "63831658-2ed313e4-bdd47183-6c1be4da-c0022bb4",
   "75c6d27e-9c7d0b29-ef99341d-b7507933-63d3057d",
   "9ec8fbb6-b5b6bf94-16950f4b-184a8d6e-21c21abd",
   "b7fb1fb4-142e5a15-333ae197-298b1626-11f8833b",
   "bc61cc15-593581eb-104dd853-f8e2ae2f-19704638",
   "cad86111-996653c7-c7ca1820-b783c4c3-9ff6e63b",
   "dacc5f2c-4eb67b6e-62fe20be-08583e4b-f7285061",
   "e07efef8-4eba99da-e58dbc40-0173c1da-e2535081",
   "eb17dc02-607db0a6-1074ad73-79fb3688-f9a596db",
   "fe9d11b9-08ca2a74-f27c7727-86fa6833-6b2583ab",
   "feaf75ad-9548b055-4a7a21f5-3db18a07-9c6903d3"
]
[26-Apr-2025 15:14:59 Europe/Berlin] Requête proxy vers Orthanc (GET http://localhost:8042/instances) - HTTP 200 : [
   "094563e4-74b821f1-120c8584-6236b3ba-05716a47",
   "24e83fd1-ddd03175-beb6aa86-f4ce6432-4241b24f",
   "26952bd2-9569483f-e0549aca-a33b9065-69c33884",
   "2faf6dae-1e8dd60c-78fbca50-98cc48e7-66559504",
   "582dde1a-6ee0dcb1-dc2c0a3c-06a79b2f-211eda06",
   "5974bce8-dfa0d418-48e52945-578a9547-fbb8179e",
   "63831658-2ed313e4-bdd47183-6c1be4da-c0022bb4",
   "75c6d27e-9c7d0b29-ef99341d-b7507933-63d3057d",
   "b7fb1fb4-142e5a15-333ae197-298b1626-11f8833b",
   "bc61cc15-593581eb-104dd853-f8e2ae2f-19704638",
   "cad86111-996653c7-c7ca1820-b783c4c3-9ff6e63b",
   "dacc5f2c-4eb67b6e-62fe20be-08583e4b-f7285061",
   "e07efef8-4eba99da-e58dbc40-0173c1da-e2535081",
   "eb17dc02-607db0a6-1074ad73-79fb3688-f9a596db",
   "fe9d11b9-08ca2a74-f27c7727-86fa6833-6b2583ab",
   "feaf75ad-9548b055-4a7a21f5-3db18a07-9c6903d3"
]
[26-Apr-2025 15:15:06 Europe/Berlin] Requête proxy vers Orthanc (GET http://localhost:8042/instances/094563e4-74b821f1-120c8584-6236b3ba-05716a47) - HTTP 200 : {
   "FileSize" : 526336,
   "FileUuid" : "847455dd-9936-4c5a-9d73-29f225acd32b",
   "ID" : "094563e4-74b821f1-120c8584-6236b3ba-05716a47",
   "IndexInSeries" : 5003,
   "Labels" : [],
   "MainDicomTags" : 
   {
      "AcquisitionNumber" : " 5",
      "ImageComments" : "MD",
      "ImageOrientationPatient" : "1.0000\\0.0000\\0.0000\\0.0000\\1.0000\\0.0000",
      "ImagePositionPatient" : "-80.7000\\-75.1000\\-61.0000",
      "InstanceCreationDate" : "19970114",
      "InstanceCreationTime" : "035049.0005",
      "InstanceNumber" : "5003",
      "SOPInstanceUID" : "1.3.46.670589.10.900123.19970114.35049000050"
   },
   "ParentSeries" : "f623b033-c3bb9318-1ae62c1a-9fd5f247-24c86dea",
   "Type" : "Instance"
}
[26-Apr-2025 15:15:06 Europe/Berlin] Requête proxy vers Orthanc (GET http://localhost:8042/series/f623b033-c3bb9318-1ae62c1a-9fd5f247-24c86dea) - HTTP 200 : {
   "ExpectedNumberOfInstances" : null,
   "ID" : "f623b033-c3bb9318-1ae62c1a-9fd5f247-24c86dea",
   "Instances" : 
   [
      "094563e4-74b821f1-120c8584-6236b3ba-05716a47"
   ],
   "IsStable" : true,
   "Labels" : [],
   "LastUpdate" : "20250311T081322",
   "MainDicomTags" : 
   {
      "ContrastBolusAgent" : "NONE",
      "ImageOrientationPatient" : "1.0000\\0.0000\\0.0000\\0.0000\\1.0000\\0.0000",
      "Manufacturer" : "Philips Medical Systems",
      "Modality" : "CT",
      "ProtocolName" : " 1",
      "SeriesInstanceUID" : "1.3.46.670589.10.900123.19970114.35049000050.3",
      "SeriesNumber" : " 1",
      "StationName" : "MVP"
   },
   "ParentStudy" : "286789b1-82845a45-92d7dfc0-c6a8e286-27bc0129",
   "Status" : "Unknown",
   "Type" : "Series"
}
[26-Apr-2025 15:24:16 Europe/Berlin] Requête proxy vers Orthanc (GET http://localhost:8042/instances) - HTTP 200 : [
   "094563e4-74b821f1-120c8584-6236b3ba-05716a47",
   "24e83fd1-ddd03175-beb6aa86-f4ce6432-4241b24f",
   "26952bd2-9569483f-e0549aca-a33b9065-69c33884",
   "2faf6dae-1e8dd60c-78fbca50-98cc48e7-66559504",
   "582dde1a-6ee0dcb1-dc2c0a3c-06a79b2f-211eda06",
   "5974bce8-dfa0d418-48e52945-578a9547-fbb8179e",
   "63831658-2ed313e4-bdd47183-6c1be4da-c0022bb4",
   "75c6d27e-9c7d0b29-ef99341d-b7507933-63d3057d",
   "b7fb1fb4-142e5a15-333ae197-298b1626-11f8833b",
   "bc61cc15-593581eb-104dd853-f8e2ae2f-19704638",
   "cad86111-996653c7-c7ca1820-b783c4c3-9ff6e63b",
   "dacc5f2c-4eb67b6e-62fe20be-08583e4b-f7285061",
   "e07efef8-4eba99da-e58dbc40-0173c1da-e2535081",
   "eb17dc02-607db0a6-1074ad73-79fb3688-f9a596db",
   "fe9d11b9-08ca2a74-f27c7727-86fa6833-6b2583ab",
   "feaf75ad-9548b055-4a7a21f5-3db18a07-9c6903d3"
]
[26-Apr-2025 15:24:21 Europe/Berlin] Requête proxy vers Orthanc (GET http://localhost:8042/instances) - HTTP 200 : [
   "094563e4-74b821f1-120c8584-6236b3ba-05716a47",
   "24e83fd1-ddd03175-beb6aa86-f4ce6432-4241b24f",
   "26952bd2-9569483f-e0549aca-a33b9065-69c33884",
   "2faf6dae-1e8dd60c-78fbca50-98cc48e7-66559504",
   "582dde1a-6ee0dcb1-dc2c0a3c-06a79b2f-211eda06",
   "5974bce8-dfa0d418-48e52945-578a9547-fbb8179e",
   "63831658-2ed313e4-bdd47183-6c1be4da-c0022bb4",
   "75c6d27e-9c7d0b29-ef99341d-b7507933-63d3057d",
   "b7fb1fb4-142e5a15-333ae197-298b1626-11f8833b",
   "bc61cc15-593581eb-104dd853-f8e2ae2f-19704638",
   "cad86111-996653c7-c7ca1820-b783c4c3-9ff6e63b",
   "dacc5f2c-4eb67b6e-62fe20be-08583e4b-f7285061",
   "e07efef8-4eba99da-e58dbc40-0173c1da-e2535081",
   "eb17dc02-607db0a6-1074ad73-79fb3688-f9a596db",
   "fe9d11b9-08ca2a74-f27c7727-86fa6833-6b2583ab",
   "feaf75ad-9548b055-4a7a21f5-3db18a07-9c6903d3"
]
[26-Apr-2025 15:24:25 Europe/Berlin] Requête proxy vers Orthanc (GET http://localhost:8042/instances/094563e4-74b821f1-120c8584-6236b3ba-05716a47) - HTTP 200 : {
   "FileSize" : 526336,
   "FileUuid" : "847455dd-9936-4c5a-9d73-29f225acd32b",
   "ID" : "094563e4-74b821f1-120c8584-6236b3ba-05716a47",
   "IndexInSeries" : 5003,
   "Labels" : [],
   "MainDicomTags" : 
   {
      "AcquisitionNumber" : " 5",
      "ImageComments" : "MD",
      "ImageOrientationPatient" : "1.0000\\0.0000\\0.0000\\0.0000\\1.0000\\0.0000",
      "ImagePositionPatient" : "-80.7000\\-75.1000\\-61.0000",
      "InstanceCreationDate" : "19970114",
      "InstanceCreationTime" : "035049.0005",
      "InstanceNumber" : "5003",
      "SOPInstanceUID" : "1.3.46.670589.10.900123.19970114.35049000050"
   },
   "ParentSeries" : "f623b033-c3bb9318-1ae62c1a-9fd5f247-24c86dea",
   "Type" : "Instance"
}
[26-Apr-2025 15:24:25 Europe/Berlin] Requête proxy vers Orthanc (GET http://localhost:8042/series/f623b033-c3bb9318-1ae62c1a-9fd5f247-24c86dea) - HTTP 200 : {
   "ExpectedNumberOfInstances" : null,
   "ID" : "f623b033-c3bb9318-1ae62c1a-9fd5f247-24c86dea",
   "Instances" : 
   [
      "094563e4-74b821f1-120c8584-6236b3ba-05716a47"
   ],
   "IsStable" : true,
   "Labels" : [],
   "LastUpdate" : "20250311T081322",
   "MainDicomTags" : 
   {
      "ContrastBolusAgent" : "NONE",
      "ImageOrientationPatient" : "1.0000\\0.0000\\0.0000\\0.0000\\1.0000\\0.0000",
      "Manufacturer" : "Philips Medical Systems",
      "Modality" : "CT",
      "ProtocolName" : " 1",
      "SeriesInstanceUID" : "1.3.46.670589.10.900123.19970114.35049000050.3",
      "SeriesNumber" : " 1",
      "StationName" : "MVP"
   },
   "ParentStudy" : "286789b1-82845a45-92d7dfc0-c6a8e286-27bc0129",
   "Status" : "Unknown",
   "Type" : "Series"
}
[26-Apr-2025 15:24:39 Europe/Berlin] Requête proxy vers Orthanc (POST http://localhost:8042/instances) - HTTP 200 : {
   "ID" : "892e8101-891e4b24-43c20a0c-cda4e1ee-34cdbb93",
   "ParentPatient" : "b6589fc6-ab0dc82c-f12099d1-c2d40ab9-94e8410c",
   "ParentSeries" : "98d367a5-58eeba8b-f3c2da4b-de7d8f6f-ede53eb2",
   "ParentStudy" : "3abaec0a-ebfaaa87-f830d52b-d62df074-6a692c12",
   "Path" : "/instances/892e8101-891e4b24-43c20a0c-cda4e1ee-34cdbb93",
   "Status" : "Success"
}
[26-Apr-2025 15:24:41 Europe/Berlin] Requête proxy vers Orthanc (GET http://localhost:8042/instances) - HTTP 200 : [
   "094563e4-74b821f1-120c8584-6236b3ba-05716a47",
   "24e83fd1-ddd03175-beb6aa86-f4ce6432-4241b24f",
   "26952bd2-9569483f-e0549aca-a33b9065-69c33884",
   "2faf6dae-1e8dd60c-78fbca50-98cc48e7-66559504",
   "582dde1a-6ee0dcb1-dc2c0a3c-06a79b2f-211eda06",
   "5974bce8-dfa0d418-48e52945-578a9547-fbb8179e",
   "63831658-2ed313e4-bdd47183-6c1be4da-c0022bb4",
   "75c6d27e-9c7d0b29-ef99341d-b7507933-63d3057d",
   "892e8101-891e4b24-43c20a0c-cda4e1ee-34cdbb93",
   "b7fb1fb4-142e5a15-333ae197-298b1626-11f8833b",
   "bc61cc15-593581eb-104dd853-f8e2ae2f-19704638",
   "cad86111-996653c7-c7ca1820-b783c4c3-9ff6e63b",
   "dacc5f2c-4eb67b6e-62fe20be-08583e4b-f7285061",
   "e07efef8-4eba99da-e58dbc40-0173c1da-e2535081",
   "eb17dc02-607db0a6-1074ad73-79fb3688-f9a596db",
   "fe9d11b9-08ca2a74-f27c7727-86fa6833-6b2583ab",
   "feaf75ad-9548b055-4a7a21f5-3db18a07-9c6903d3"
]
[26-Apr-2025 15:24:50 Europe/Berlin] Requête proxy vers Orthanc (GET http://localhost:8042/instances) - HTTP 200 : [
   "094563e4-74b821f1-120c8584-6236b3ba-05716a47",
   "24e83fd1-ddd03175-beb6aa86-f4ce6432-4241b24f",
   "26952bd2-9569483f-e0549aca-a33b9065-69c33884",
   "2faf6dae-1e8dd60c-78fbca50-98cc48e7-66559504",
   "582dde1a-6ee0dcb1-dc2c0a3c-06a79b2f-211eda06",
   "5974bce8-dfa0d418-48e52945-578a9547-fbb8179e",
   "63831658-2ed313e4-bdd47183-6c1be4da-c0022bb4",
   "75c6d27e-9c7d0b29-ef99341d-b7507933-63d3057d",
   "892e8101-891e4b24-43c20a0c-cda4e1ee-34cdbb93",
   "b7fb1fb4-142e5a15-333ae197-298b1626-11f8833b",
   "bc61cc15-593581eb-104dd853-f8e2ae2f-19704638",
   "cad86111-996653c7-c7ca1820-b783c4c3-9ff6e63b",
   "dacc5f2c-4eb67b6e-62fe20be-08583e4b-f7285061",
   "e07efef8-4eba99da-e58dbc40-0173c1da-e2535081",
   "eb17dc02-607db0a6-1074ad73-79fb3688-f9a596db",
   "fe9d11b9-08ca2a74-f27c7727-86fa6833-6b2583ab",
   "feaf75ad-9548b055-4a7a21f5-3db18a07-9c6903d3"
]
[26-Apr-2025 15:24:52 Europe/Berlin] Requête proxy vers Orthanc (GET http://localhost:8042/instances/24e83fd1-ddd03175-beb6aa86-f4ce6432-4241b24f) - HTTP 200 : {
   "FileSize" : 526336,
   "FileUuid" : "1b56fb91-ea25-44cc-8c18-5f24da876928",
   "ID" : "24e83fd1-ddd03175-beb6aa86-f4ce6432-4241b24f",
   "IndexInSeries" : 14001,
   "Labels" : [],
   "MainDicomTags" : 
   {
      "AcquisitionNumber" : "14",
      "ImageComments" : "",
      "ImageOrientationPatient" : "1.0000\\0.0000\\0.0000\\0.0000\\1.0000\\0.0000",
      "ImagePositionPatient" : "-175.1000\\-175.1000\\-120.0000",
      "InstanceCreationDate" : "19970114",
      "InstanceCreationTime" : "035100.0007",
      "InstanceNumber" : " 14001",
      "SOPInstanceUID" : "1.3.46.670589.10.900123.19970114.35100000070"
   },
   "ParentSeries" : "19b4c568-a95664f5-ad117914-3ccf7292-2a7ee3a0",
   "Type" : "Instance"
}
[26-Apr-2025 15:24:53 Europe/Berlin] Requête proxy vers Orthanc (GET http://localhost:8042/series/19b4c568-a95664f5-ad117914-3ccf7292-2a7ee3a0) - HTTP 200 : {
   "ExpectedNumberOfInstances" : null,
   "ID" : "19b4c568-a95664f5-ad117914-3ccf7292-2a7ee3a0",
   "Instances" : 
   [
      "24e83fd1-ddd03175-beb6aa86-f4ce6432-4241b24f",
      "26952bd2-9569483f-e0549aca-a33b9065-69c33884",
      "2faf6dae-1e8dd60c-78fbca50-98cc48e7-66559504",
      "5974bce8-dfa0d418-48e52945-578a9547-fbb8179e",
      "63831658-2ed313e4-bdd47183-6c1be4da-c0022bb4",
      "75c6d27e-9c7d0b29-ef99341d-b7507933-63d3057d",
      "bc61cc15-593581eb-104dd853-f8e2ae2f-19704638",
      "cad86111-996653c7-c7ca1820-b783c4c3-9ff6e63b",
      "dacc5f2c-4eb67b6e-62fe20be-08583e4b-f7285061",
      "fe9d11b9-08ca2a74-f27c7727-86fa6833-6b2583ab"
   ],
   "IsStable" : true,
   "Labels" : [],
   "LastUpdate" : "20250311T081323",
   "MainDicomTags" : 
   {
      "ContrastBolusAgent" : "CONT",
      "ImageOrientationPatient" : "1.0000\\0.0000\\0.0000\\0.0000\\1.0000\\0.0000",
      "Manufacturer" : "Philips Medical Systems",
      "Modality" : "CT",
      "ProtocolName" : "50",
      "SeriesInstanceUID" : "1.3.46.670589.10.900123.19970114.35056000060.3",
      "SeriesNumber" : " 1",
      "StationName" : "MVP"
   },
   "ParentStudy" : "200b3e41-4557e5ed-2b4a1771-a9e4ad06-cd1306c8",
   "Status" : "Unknown",
   "Type" : "Series"
}
[26-Apr-2025 15:24:55 Europe/Berlin] Requête proxy vers Orthanc (GET http://localhost:8042/instances/26952bd2-9569483f-e0549aca-a33b9065-69c33884) - HTTP 200 : {
   "FileSize" : 526336,
   "FileUuid" : "9702e94e-8902-4103-ae55-af77a92efc6a",
   "ID" : "26952bd2-9569483f-e0549aca-a33b9065-69c33884",
   "IndexInSeries" : 17001,
   "Labels" : [],
   "MainDicomTags" : 
   {
      "AcquisitionNumber" : "17",
      "ImageComments" : "",
      "ImageOrientationPatient" : "1.0000\\0.0000\\0.0000\\0.0000\\1.0000\\0.0000",
      "ImagePositionPatient" : "-175.1000\\-175.1000\\-150.0000",
      "InstanceCreationDate" : "19970114",
      "InstanceCreationTime" : "035115.0010",
      "InstanceNumber" : " 17001",
      "SOPInstanceUID" : "1.3.46.670589.10.900123.19970114.35115000100"
   },
   "ParentSeries" : "19b4c568-a95664f5-ad117914-3ccf7292-2a7ee3a0",
   "Type" : "Instance"
}
[26-Apr-2025 15:24:55 Europe/Berlin] Requête proxy vers Orthanc (GET http://localhost:8042/series/19b4c568-a95664f5-ad117914-3ccf7292-2a7ee3a0) - HTTP 200 : {
   "ExpectedNumberOfInstances" : null,
   "ID" : "19b4c568-a95664f5-ad117914-3ccf7292-2a7ee3a0",
   "Instances" : 
   [
      "24e83fd1-ddd03175-beb6aa86-f4ce6432-4241b24f",
      "26952bd2-9569483f-e0549aca-a33b9065-69c33884",
      "2faf6dae-1e8dd60c-78fbca50-98cc48e7-66559504",
      "5974bce8-dfa0d418-48e52945-578a9547-fbb8179e",
      "63831658-2ed313e4-bdd47183-6c1be4da-c0022bb4",
      "75c6d27e-9c7d0b29-ef99341d-b7507933-63d3057d",
      "bc61cc15-593581eb-104dd853-f8e2ae2f-19704638",
      "cad86111-996653c7-c7ca1820-b783c4c3-9ff6e63b",
      "dacc5f2c-4eb67b6e-62fe20be-08583e4b-f7285061",
      "fe9d11b9-08ca2a74-f27c7727-86fa6833-6b2583ab"
   ],
   "IsStable" : true,
   "Labels" : [],
   "LastUpdate" : "20250311T081323",
   "MainDicomTags" : 
   {
      "ContrastBolusAgent" : "CONT",
      "ImageOrientationPatient" : "1.0000\\0.0000\\0.0000\\0.0000\\1.0000\\0.0000",
      "Manufacturer" : "Philips Medical Systems",
      "Modality" : "CT",
      "ProtocolName" : "50",
      "SeriesInstanceUID" : "1.3.46.670589.10.900123.19970114.35056000060.3",
      "SeriesNumber" : " 1",
      "StationName" : "MVP"
   },
   "ParentStudy" : "200b3e41-4557e5ed-2b4a1771-a9e4ad06-cd1306c8",
   "Status" : "Unknown",
   "Type" : "Series"
}
[26-Apr-2025 15:25:00 Europe/Berlin] Requête proxy vers Orthanc (GET http://localhost:8042/instances/582dde1a-6ee0dcb1-dc2c0a3c-06a79b2f-211eda06) - HTTP 200 : {
   "FileSize" : 527206,
   "FileUuid" : "795689db-f22a-4dce-b798-da7adabb6f0e",
   "ID" : "582dde1a-6ee0dcb1-dc2c0a3c-06a79b2f-211eda06",
   "IndexInSeries" : null,
   "Labels" : [],
   "MainDicomTags" : 
   {
      "InstanceCreationDate" : "20250421",
      "InstanceCreationTime" : "202125.000000",
      "SOPInstanceUID" : "1.2.276.0.7230010.3.1.4.1159938914.5836.1745266885.814"
   },
   "ParentSeries" : "4541c007-3ddcd5b2-6bf192fc-d28df38d-afe5c271",
   "Type" : "Instance"
}
[26-Apr-2025 15:25:00 Europe/Berlin] Requête proxy vers Orthanc (GET http://localhost:8042/series/4541c007-3ddcd5b2-6bf192fc-d28df38d-afe5c271) - HTTP 200 : {
   "ExpectedNumberOfInstances" : null,
   "ID" : "4541c007-3ddcd5b2-6bf192fc-d28df38d-afe5c271",
   "Instances" : 
   [
      "582dde1a-6ee0dcb1-dc2c0a3c-06a79b2f-211eda06"
   ],
   "IsStable" : true,
   "Labels" : [],
   "LastUpdate" : "20250421T202126",
   "MainDicomTags" : 
   {
      "Modality" : "M3D",
      "SeriesDate" : "20250421",
      "SeriesDescription" : "Model",
      "SeriesInstanceUID" : "1.2.276.0.7230010.3.1.3.1159938914.5836.1745266885.813",
      "SeriesTime" : "202125.000000"
   },
   "ParentStudy" : "8e51d8c2-c73f0a1e-57f97ca6-0fe69e66-c5e753eb",
   "Status" : "Unknown",
   "Type" : "Series"
}
[26-Apr-2025 15:25:02 Europe/Berlin] Requête proxy vers Orthanc (GET http://localhost:8042/instances/5974bce8-dfa0d418-48e52945-578a9547-fbb8179e) - HTTP 200 : {
   "FileSize" : 526336,
   "FileUuid" : "11a7f312-517f-42ad-a5f0-e749b0038b6c",
   "ID" : "5974bce8-dfa0d418-48e52945-578a9547-fbb8179e",
   "IndexInSeries" : 18001,
   "Labels" : [],
   "MainDicomTags" : 
   {
      "AcquisitionNumber" : "18",
      "ImageComments" : "",
      "ImageOrientationPatient" : "1.0000\\0.0000\\0.0000\\0.0000\\1.0000\\0.0000",
      "ImagePositionPatient" : "-175.1000\\-175.1000\\-160.0000",
      "InstanceCreationDate" : "19970114",
      "InstanceCreationTime" : "035120.0011",
      "InstanceNumber" : " 18001",
      "SOPInstanceUID" : "1.3.46.670589.10.900123.19970114.35120000110"
   },
   "ParentSeries" : "19b4c568-a95664f5-ad117914-3ccf7292-2a7ee3a0",
   "Type" : "Instance"
}
[26-Apr-2025 15:25:02 Europe/Berlin] Requête proxy vers Orthanc (GET http://localhost:8042/series/19b4c568-a95664f5-ad117914-3ccf7292-2a7ee3a0) - HTTP 200 : {
   "ExpectedNumberOfInstances" : null,
   "ID" : "19b4c568-a95664f5-ad117914-3ccf7292-2a7ee3a0",
   "Instances" : 
   [
      "24e83fd1-ddd03175-beb6aa86-f4ce6432-4241b24f",
      "26952bd2-9569483f-e0549aca-a33b9065-69c33884",
      "2faf6dae-1e8dd60c-78fbca50-98cc48e7-66559504",
      "5974bce8-dfa0d418-48e52945-578a9547-fbb8179e",
      "63831658-2ed313e4-bdd47183-6c1be4da-c0022bb4",
      "75c6d27e-9c7d0b29-ef99341d-b7507933-63d3057d",
      "bc61cc15-593581eb-104dd853-f8e2ae2f-19704638",
      "cad86111-996653c7-c7ca1820-b783c4c3-9ff6e63b",
      "dacc5f2c-4eb67b6e-62fe20be-08583e4b-f7285061",
      "fe9d11b9-08ca2a74-f27c7727-86fa6833-6b2583ab"
   ],
   "IsStable" : true,
   "Labels" : [],
   "LastUpdate" : "20250311T081323",
   "MainDicomTags" : 
   {
      "ContrastBolusAgent" : "CONT",
      "ImageOrientationPatient" : "1.0000\\0.0000\\0.0000\\0.0000\\1.0000\\0.0000",
      "Manufacturer" : "Philips Medical Systems",
      "Modality" : "CT",
      "ProtocolName" : "50",
      "SeriesInstanceUID" : "1.3.46.670589.10.900123.19970114.35056000060.3",
      "SeriesNumber" : " 1",
      "StationName" : "MVP"
   },
   "ParentStudy" : "200b3e41-4557e5ed-2b4a1771-a9e4ad06-cd1306c8",
   "Status" : "Unknown",
   "Type" : "Series"
}
[26-Apr-2025 15:25:05 Europe/Berlin] Requête proxy vers Orthanc (GET http://localhost:8042/instances/75c6d27e-9c7d0b29-ef99341d-b7507933-63d3057d) - HTTP 200 : {
   "FileSize" : 526336,
   "FileUuid" : "7ef2cfb2-cd10-40ef-8012-0b6fd7578b13",
   "ID" : "75c6d27e-9c7d0b29-ef99341d-b7507933-63d3057d",
   "IndexInSeries" : 21001,
   "Labels" : [],
   "MainDicomTags" : 
   {
      "AcquisitionNumber" : "21",
      "ImageComments" : "",
      "ImageOrientationPatient" : "1.0000\\0.0000\\0.0000\\0.0000\\1.0000\\0.0000",
      "ImagePositionPatient" : "-175.1000\\-175.1000\\-190.0000",
      "InstanceCreationDate" : "19970114",
      "InstanceCreationTime" : "035135.0014",
      "InstanceNumber" : " 21001",
      "SOPInstanceUID" : "1.3.46.670589.10.900123.19970114.35135000140"
   },
   "ParentSeries" : "19b4c568-a95664f5-ad117914-3ccf7292-2a7ee3a0",
   "Type" : "Instance"
}
[26-Apr-2025 15:25:05 Europe/Berlin] Requête proxy vers Orthanc (GET http://localhost:8042/series/19b4c568-a95664f5-ad117914-3ccf7292-2a7ee3a0) - HTTP 200 : {
   "ExpectedNumberOfInstances" : null,
   "ID" : "19b4c568-a95664f5-ad117914-3ccf7292-2a7ee3a0",
   "Instances" : 
   [
      "24e83fd1-ddd03175-beb6aa86-f4ce6432-4241b24f",
      "26952bd2-9569483f-e0549aca-a33b9065-69c33884",
      "2faf6dae-1e8dd60c-78fbca50-98cc48e7-66559504",
      "5974bce8-dfa0d418-48e52945-578a9547-fbb8179e",
      "63831658-2ed313e4-bdd47183-6c1be4da-c0022bb4",
      "75c6d27e-9c7d0b29-ef99341d-b7507933-63d3057d",
      "bc61cc15-593581eb-104dd853-f8e2ae2f-19704638",
      "cad86111-996653c7-c7ca1820-b783c4c3-9ff6e63b",
      "dacc5f2c-4eb67b6e-62fe20be-08583e4b-f7285061",
      "fe9d11b9-08ca2a74-f27c7727-86fa6833-6b2583ab"
   ],
   "IsStable" : true,
   "Labels" : [],
   "LastUpdate" : "20250311T081323",
   "MainDicomTags" : 
   {
      "ContrastBolusAgent" : "CONT",
      "ImageOrientationPatient" : "1.0000\\0.0000\\0.0000\\0.0000\\1.0000\\0.0000",
      "Manufacturer" : "Philips Medical Systems",
      "Modality" : "CT",
      "ProtocolName" : "50",
      "SeriesInstanceUID" : "1.3.46.670589.10.900123.19970114.35056000060.3",
      "SeriesNumber" : " 1",
      "StationName" : "MVP"
   },
   "ParentStudy" : "200b3e41-4557e5ed-2b4a1771-a9e4ad06-cd1306c8",
   "Status" : "Unknown",
   "Type" : "Series"
}
[26-Apr-2025 15:25:09 Europe/Berlin] Requête proxy vers Orthanc (GET http://localhost:8042/instances/892e8101-891e4b24-43c20a0c-cda4e1ee-34cdbb93) - HTTP 200 : {
   "FileSize" : 95526,
   "FileUuid" : "48918907-2ce5-4448-974b-0072742797ae",
   "ID" : "892e8101-891e4b24-43c20a0c-cda4e1ee-34cdbb93",
   "IndexInSeries" : 6,
   "Labels" : [],
   "MainDicomTags" : 
   {
      "ImageComments" : "JPEG 2000 lossless - Version 4.0.2 (c) Image Devices GmbH",
      "ImageOrientationPatient" : "1\\0\\0\\0\\1\\0",
      "ImagePositionPatient" : "-151.493508\\-36.6564417\\1292.5",
      "InstanceCreationDate" : "20061012",
      "InstanceCreationTime" : "091607.000000",
      "InstanceNumber" : "6",
      "SOPInstanceUID" : "1.2.826.0.1.3680043.8.1055.1.20111102150759122.72299459.20444569"
   },
   "ParentSeries" : "98d367a5-58eeba8b-f3c2da4b-de7d8f6f-ede53eb2",
   "Type" : "Instance"
}
[26-Apr-2025 15:25:09 Europe/Berlin] Requête proxy vers Orthanc (GET http://localhost:8042/series/98d367a5-58eeba8b-f3c2da4b-de7d8f6f-ede53eb2) - HTTP 200 : {
   "ExpectedNumberOfInstances" : null,
   "ID" : "98d367a5-58eeba8b-f3c2da4b-de7d8f6f-ede53eb2",
   "Instances" : 
   [
      "892e8101-891e4b24-43c20a0c-cda4e1ee-34cdbb93"
   ],
   "IsStable" : false,
   "Labels" : [],
   "LastUpdate" : "20250426T132439",
   "MainDicomTags" : 
   {
      "ContrastBolusAgent" : "CONTRAST",
      "ImageOrientationPatient" : "1\\0\\0\\0\\1\\0",
      "Modality" : "CT",
      "PerformedProcedureStepDescription" : "CT1 abdomen",
      "ProtocolName" : "ART.RENALES 12/Abdomen/Hx",
      "RequestAttributesSequence" : 
      [
         {
            "RequestedProcedureID" : "A10026177757",
            "ScheduledProcedureStepDescription" : "CT1 abdomen",
            "ScheduledProcedureStepID" : "A10026177758",
            "ScheduledProtocolCodeSequence" : 
            [
               {
                  "CodeMeaning" : "CT1 abdomen",
                  "CodeValue" : "CTABDOM",
                  "CodingSchemeDesignator" : "XPLORE"
               }
            ]
         }
      ],
      "SeriesDescription" : "ARTERIELLE",
      "SeriesInstanceUID" : "1.2.826.0.1.3680043.8.1055.1.20111102150758591.96842950.07877442",
      "SeriesNumber" : "6168"
   },
   "ParentStudy" : "3abaec0a-ebfaaa87-f830d52b-d62df074-6a692c12",
   "Status" : "Unknown",
   "Type" : "Series"
}
[26-Apr-2025 15:25:12 Europe/Berlin] Requête proxy vers Orthanc (GET http://localhost:8042/instances/bc61cc15-593581eb-104dd853-f8e2ae2f-19704638) - HTTP 200 : {
   "FileSize" : 526336,
   "FileUuid" : "9f80260d-18b9-46ce-ada1-00d0d866886d",
   "ID" : "bc61cc15-593581eb-104dd853-f8e2ae2f-19704638",
   "IndexInSeries" : 16001,
   "Labels" : [],
   "MainDicomTags" : 
   {
      "AcquisitionNumber" : "16",
      "ImageComments" : "",
      "ImageOrientationPatient" : "1.0000\\0.0000\\0.0000\\0.0000\\1.0000\\0.0000",
      "ImagePositionPatient" : "-175.1000\\-175.1000\\-140.0000",
      "InstanceCreationDate" : "19970114",
      "InstanceCreationTime" : "035110.0009",
      "InstanceNumber" : " 16001",
      "SOPInstanceUID" : "1.3.46.670589.10.900123.19970114.35110000090"
   },
   "ParentSeries" : "19b4c568-a95664f5-ad117914-3ccf7292-2a7ee3a0",
   "Type" : "Instance"
}
[26-Apr-2025 15:25:12 Europe/Berlin] Requête proxy vers Orthanc (GET http://localhost:8042/series/19b4c568-a95664f5-ad117914-3ccf7292-2a7ee3a0) - HTTP 200 : {
   "ExpectedNumberOfInstances" : null,
   "ID" : "19b4c568-a95664f5-ad117914-3ccf7292-2a7ee3a0",
   "Instances" : 
   [
      "24e83fd1-ddd03175-beb6aa86-f4ce6432-4241b24f",
      "26952bd2-9569483f-e0549aca-a33b9065-69c33884",
      "2faf6dae-1e8dd60c-78fbca50-98cc48e7-66559504",
      "5974bce8-dfa0d418-48e52945-578a9547-fbb8179e",
      "63831658-2ed313e4-bdd47183-6c1be4da-c0022bb4",
      "75c6d27e-9c7d0b29-ef99341d-b7507933-63d3057d",
      "bc61cc15-593581eb-104dd853-f8e2ae2f-19704638",
      "cad86111-996653c7-c7ca1820-b783c4c3-9ff6e63b",
      "dacc5f2c-4eb67b6e-62fe20be-08583e4b-f7285061",
      "fe9d11b9-08ca2a74-f27c7727-86fa6833-6b2583ab"
   ],
   "IsStable" : true,
   "Labels" : [],
   "LastUpdate" : "20250311T081323",
   "MainDicomTags" : 
   {
      "ContrastBolusAgent" : "CONT",
      "ImageOrientationPatient" : "1.0000\\0.0000\\0.0000\\0.0000\\1.0000\\0.0000",
      "Manufacturer" : "Philips Medical Systems",
      "Modality" : "CT",
      "ProtocolName" : "50",
      "SeriesInstanceUID" : "1.3.46.670589.10.900123.19970114.35056000060.3",
      "SeriesNumber" : " 1",
      "StationName" : "MVP"
   },
   "ParentStudy" : "200b3e41-4557e5ed-2b4a1771-a9e4ad06-cd1306c8",
   "Status" : "Unknown",
   "Type" : "Series"
}
[26-Apr-2025 15:25:16 Europe/Berlin] Requête proxy vers Orthanc (GET http://localhost:8042/instances/e07efef8-4eba99da-e58dbc40-0173c1da-e2535081) - HTTP 200 : {
   "FileSize" : 531298,
   "FileUuid" : "937b172f-feb1-4efd-a3ab-432405774a56",
   "ID" : "e07efef8-4eba99da-e58dbc40-0173c1da-e2535081",
   "IndexInSeries" : 1,
   "Labels" : [],
   "MainDicomTags" : 
   {
      "AcquisitionNumber" : "1",
      "InstanceCreationDate" : "20210411",
      "InstanceCreationTime" : "213019.104784",
      "InstanceNumber" : "1",
      "NumberOfFrames" : "1",
      "SOPInstanceUID" : "1.3.12.2.1107.5.8.15.999999.30000021041121051996700000250"
   },
   "ParentSeries" : "11b7c563-ae504ced-e95ed300-7176b3e8-74f7e2f5",
   "Type" : "Instance"
}
[26-Apr-2025 15:25:16 Europe/Berlin] Requête proxy vers Orthanc (GET http://localhost:8042/series/11b7c563-ae504ced-e95ed300-7176b3e8-74f7e2f5) - HTTP 200 : {
   "ExpectedNumberOfInstances" : null,
   "ID" : "11b7c563-ae504ced-e95ed300-7176b3e8-74f7e2f5",
   "Instances" : 
   [
      "e07efef8-4eba99da-e58dbc40-0173c1da-e2535081"
   ],
   "IsStable" : true,
   "Labels" : [],
   "LastUpdate" : "20250421T233940",
   "MainDicomTags" : 
   {
      "Manufacturer" : "Siemens Healthineers",
      "Modality" : "MR",
      "PerformedProcedureStepDescription" : "Osteo_2021 Cheville",
      "PerformedProcedureStepStartDate" : "20210113",
      "PerformedProcedureStepStartTime" : "130454.100000",
      "ProtocolName" : "t1_sag_tse REF",
      "SeriesDate" : "20210411",
      "SeriesDescription" : "Exported MR Basic Reading",
      "SeriesInstanceUID" : "1.3.12.2.1107.5.8.15.999999.30000021041121051996700000249",
      "SeriesNumber" : "1005",
      "SeriesTime" : "213018.573513",
      "StationName" : "MR-T10-MRC19-04"
   },
   "ParentStudy" : "ae9bf996-b6ab6a8b-eba1f35e-14600862-f9393ddd",
   "Status" : "Unknown",
   "Type" : "Series"
}
[26-Apr-2025 15:25:19 Europe/Berlin] Requête proxy vers Orthanc (GET http://localhost:8042/instances/fe9d11b9-08ca2a74-f27c7727-86fa6833-6b2583ab) - HTTP 200 : {
   "FileSize" : 526336,
   "FileUuid" : "c147a823-c25b-4c74-a7fb-877198ac4ebe",
   "ID" : "fe9d11b9-08ca2a74-f27c7727-86fa6833-6b2583ab",
   "IndexInSeries" : 13001,
   "Labels" : [],
   "MainDicomTags" : 
   {
      "AcquisitionNumber" : "13",
      "ImageComments" : "",
      "ImageOrientationPatient" : "1.0000\\0.0000\\0.0000\\0.0000\\1.0000\\0.0000",
      "ImagePositionPatient" : "-175.1000\\-175.1000\\-110.0000",
      "InstanceCreationDate" : "19970114",
      "InstanceCreationTime" : "035056.0006",
      "InstanceNumber" : " 13001",
      "SOPInstanceUID" : "1.3.46.670589.10.900123.19970114.35056000060"
   },
   "ParentSeries" : "19b4c568-a95664f5-ad117914-3ccf7292-2a7ee3a0",
   "Type" : "Instance"
}
[26-Apr-2025 15:25:19 Europe/Berlin] Requête proxy vers Orthanc (GET http://localhost:8042/series/19b4c568-a95664f5-ad117914-3ccf7292-2a7ee3a0) - HTTP 200 : {
   "ExpectedNumberOfInstances" : null,
   "ID" : "19b4c568-a95664f5-ad117914-3ccf7292-2a7ee3a0",
   "Instances" : 
   [
      "24e83fd1-ddd03175-beb6aa86-f4ce6432-4241b24f",
      "26952bd2-9569483f-e0549aca-a33b9065-69c33884",
      "2faf6dae-1e8dd60c-78fbca50-98cc48e7-66559504",
      "5974bce8-dfa0d418-48e52945-578a9547-fbb8179e",
      "63831658-2ed313e4-bdd47183-6c1be4da-c0022bb4",
      "75c6d27e-9c7d0b29-ef99341d-b7507933-63d3057d",
      "bc61cc15-593581eb-104dd853-f8e2ae2f-19704638",
      "cad86111-996653c7-c7ca1820-b783c4c3-9ff6e63b",
      "dacc5f2c-4eb67b6e-62fe20be-08583e4b-f7285061",
      "fe9d11b9-08ca2a74-f27c7727-86fa6833-6b2583ab"
   ],
   "IsStable" : true,
   "Labels" : [],
   "LastUpdate" : "20250311T081323",
   "MainDicomTags" : 
   {
      "ContrastBolusAgent" : "CONT",
      "ImageOrientationPatient" : "1.0000\\0.0000\\0.0000\\0.0000\\1.0000\\0.0000",
      "Manufacturer" : "Philips Medical Systems",
      "Modality" : "CT",
      "ProtocolName" : "50",
      "SeriesInstanceUID" : "1.3.46.670589.10.900123.19970114.35056000060.3",
      "SeriesNumber" : " 1",
      "StationName" : "MVP"
   },
   "ParentStudy" : "200b3e41-4557e5ed-2b4a1771-a9e4ad06-cd1306c8",
   "Status" : "Unknown",
   "Type" : "Series"
}
[26-Apr-2025 15:27:37 Europe/Berlin] Requête proxy vers Orthanc (GET http://localhost:8042/instances) - HTTP 200 : [
   "094563e4-74b821f1-120c8584-6236b3ba-05716a47",
   "24e83fd1-ddd03175-beb6aa86-f4ce6432-4241b24f",
   "26952bd2-9569483f-e0549aca-a33b9065-69c33884",
   "2faf6dae-1e8dd60c-78fbca50-98cc48e7-66559504",
   "582dde1a-6ee0dcb1-dc2c0a3c-06a79b2f-211eda06",
   "5974bce8-dfa0d418-48e52945-578a9547-fbb8179e",
   "63831658-2ed313e4-bdd47183-6c1be4da-c0022bb4",
   "75c6d27e-9c7d0b29-ef99341d-b7507933-63d3057d",
   "892e8101-891e4b24-43c20a0c-cda4e1ee-34cdbb93",
   "b7fb1fb4-142e5a15-333ae197-298b1626-11f8833b",
   "bc61cc15-593581eb-104dd853-f8e2ae2f-19704638",
   "cad86111-996653c7-c7ca1820-b783c4c3-9ff6e63b",
   "dacc5f2c-4eb67b6e-62fe20be-08583e4b-f7285061",
   "e07efef8-4eba99da-e58dbc40-0173c1da-e2535081",
   "eb17dc02-607db0a6-1074ad73-79fb3688-f9a596db",
   "fe9d11b9-08ca2a74-f27c7727-86fa6833-6b2583ab",
   "feaf75ad-9548b055-4a7a21f5-3db18a07-9c6903d3"
]
[26-Apr-2025 15:27:39 Europe/Berlin] Requête proxy vers Orthanc (GET http://localhost:8042/instances/582dde1a-6ee0dcb1-dc2c0a3c-06a79b2f-211eda06) - HTTP 200 : {
   "FileSize" : 527206,
   "FileUuid" : "795689db-f22a-4dce-b798-da7adabb6f0e",
   "ID" : "582dde1a-6ee0dcb1-dc2c0a3c-06a79b2f-211eda06",
   "IndexInSeries" : null,
   "Labels" : [],
   "MainDicomTags" : 
   {
      "InstanceCreationDate" : "20250421",
      "InstanceCreationTime" : "202125.000000",
      "SOPInstanceUID" : "1.2.276.0.7230010.3.1.4.1159938914.5836.1745266885.814"
   },
   "ParentSeries" : "4541c007-3ddcd5b2-6bf192fc-d28df38d-afe5c271",
   "Type" : "Instance"
}
[26-Apr-2025 15:27:39 Europe/Berlin] Requête proxy vers Orthanc (GET http://localhost:8042/series/4541c007-3ddcd5b2-6bf192fc-d28df38d-afe5c271) - HTTP 200 : {
   "ExpectedNumberOfInstances" : null,
   "ID" : "4541c007-3ddcd5b2-6bf192fc-d28df38d-afe5c271",
   "Instances" : 
   [
      "582dde1a-6ee0dcb1-dc2c0a3c-06a79b2f-211eda06"
   ],
   "IsStable" : true,
   "Labels" : [],
   "LastUpdate" : "20250421T202126",
   "MainDicomTags" : 
   {
      "Modality" : "M3D",
      "SeriesDate" : "20250421",
      "SeriesDescription" : "Model",
      "SeriesInstanceUID" : "1.2.276.0.7230010.3.1.3.1159938914.5836.1745266885.813",
      "SeriesTime" : "202125.000000"
   },
   "ParentStudy" : "8e51d8c2-c73f0a1e-57f97ca6-0fe69e66-c5e753eb",
   "Status" : "Unknown",
   "Type" : "Series"
}
[26-Apr-2025 15:30:16 Europe/Berlin] Requête proxy vers Orthanc (GET http://localhost:8042/instances/094563e4-74b821f1-120c8584-6236b3ba-05716a47) - HTTP 200 : {
   "FileSize" : 526336,
   "FileUuid" : "847455dd-9936-4c5a-9d73-29f225acd32b",
   "ID" : "094563e4-74b821f1-120c8584-6236b3ba-05716a47",
   "IndexInSeries" : 5003,
   "Labels" : [],
   "MainDicomTags" : 
   {
      "AcquisitionNumber" : " 5",
      "ImageComments" : "MD",
      "ImageOrientationPatient" : "1.0000\\0.0000\\0.0000\\0.0000\\1.0000\\0.0000",
      "ImagePositionPatient" : "-80.7000\\-75.1000\\-61.0000",
      "InstanceCreationDate" : "19970114",
      "InstanceCreationTime" : "035049.0005",
      "InstanceNumber" : "5003",
      "SOPInstanceUID" : "1.3.46.670589.10.900123.19970114.35049000050"
   },
   "ParentSeries" : "f623b033-c3bb9318-1ae62c1a-9fd5f247-24c86dea",
   "Type" : "Instance"
}
[26-Apr-2025 15:30:16 Europe/Berlin] Requête proxy vers Orthanc (GET http://localhost:8042/series/f623b033-c3bb9318-1ae62c1a-9fd5f247-24c86dea) - HTTP 200 : {
   "ExpectedNumberOfInstances" : null,
   "ID" : "f623b033-c3bb9318-1ae62c1a-9fd5f247-24c86dea",
   "Instances" : 
   [
      "094563e4-74b821f1-120c8584-6236b3ba-05716a47"
   ],
   "IsStable" : true,
   "Labels" : [],
   "LastUpdate" : "20250311T081322",
   "MainDicomTags" : 
   {
      "ContrastBolusAgent" : "NONE",
      "ImageOrientationPatient" : "1.0000\\0.0000\\0.0000\\0.0000\\1.0000\\0.0000",
      "Manufacturer" : "Philips Medical Systems",
      "Modality" : "CT",
      "ProtocolName" : " 1",
      "SeriesInstanceUID" : "1.3.46.670589.10.900123.19970114.35049000050.3",
      "SeriesNumber" : " 1",
      "StationName" : "MVP"
   },
   "ParentStudy" : "286789b1-82845a45-92d7dfc0-c6a8e286-27bc0129",
   "Status" : "Unknown",
   "Type" : "Series"
}
[26-Apr-2025 15:30:21 Europe/Berlin] Requête proxy vers Orthanc (GET http://localhost:8042/series/f623b033-c3bb9318-1ae62c1a-9fd5f247-24c86dea) - HTTP 200 : {
   "ExpectedNumberOfInstances" : null,
   "ID" : "f623b033-c3bb9318-1ae62c1a-9fd5f247-24c86dea",
   "Instances" : 
   [
      "094563e4-74b821f1-120c8584-6236b3ba-05716a47"
   ],
   "IsStable" : true,
   "Labels" : [],
   "LastUpdate" : "20250311T081322",
   "MainDicomTags" : 
   {
      "ContrastBolusAgent" : "NONE",
      "ImageOrientationPatient" : "1.0000\\0.0000\\0.0000\\0.0000\\1.0000\\0.0000",
      "Manufacturer" : "Philips Medical Systems",
      "Modality" : "CT",
      "ProtocolName" : " 1",
      "SeriesInstanceUID" : "1.3.46.670589.10.900123.19970114.35049000050.3",
      "SeriesNumber" : " 1",
      "StationName" : "MVP"
   },
   "ParentStudy" : "286789b1-82845a45-92d7dfc0-c6a8e286-27bc0129",
   "Status" : "Unknown",
   "Type" : "Series"
}
[26-Apr-2025 15:31:51 Europe/Berlin] Requête proxy vers Orthanc (GET http://localhost:8042/instances/094563e4-74b821f1-120c8584-6236b3ba-05716a47) - HTTP 200 : {
   "FileSize" : 526336,
   "FileUuid" : "847455dd-9936-4c5a-9d73-29f225acd32b",
   "ID" : "094563e4-74b821f1-120c8584-6236b3ba-05716a47",
   "IndexInSeries" : 5003,
   "Labels" : [],
   "MainDicomTags" : 
   {
      "AcquisitionNumber" : " 5",
      "ImageComments" : "MD",
      "ImageOrientationPatient" : "1.0000\\0.0000\\0.0000\\0.0000\\1.0000\\0.0000",
      "ImagePositionPatient" : "-80.7000\\-75.1000\\-61.0000",
      "InstanceCreationDate" : "19970114",
      "InstanceCreationTime" : "035049.0005",
      "InstanceNumber" : "5003",
      "SOPInstanceUID" : "1.3.46.670589.10.900123.19970114.35049000050"
   },
   "ParentSeries" : "f623b033-c3bb9318-1ae62c1a-9fd5f247-24c86dea",
   "Type" : "Instance"
}
[26-Apr-2025 15:31:52 Europe/Berlin] Requête proxy vers Orthanc (GET http://localhost:8042/series/f623b033-c3bb9318-1ae62c1a-9fd5f247-24c86dea) - HTTP 200 : {
   "ExpectedNumberOfInstances" : null,
   "ID" : "f623b033-c3bb9318-1ae62c1a-9fd5f247-24c86dea",
   "Instances" : 
   [
      "094563e4-74b821f1-120c8584-6236b3ba-05716a47"
   ],
   "IsStable" : true,
   "Labels" : [],
   "LastUpdate" : "20250311T081322",
   "MainDicomTags" : 
   {
      "ContrastBolusAgent" : "NONE",
      "ImageOrientationPatient" : "1.0000\\0.0000\\0.0000\\0.0000\\1.0000\\0.0000",
      "Manufacturer" : "Philips Medical Systems",
      "Modality" : "CT",
      "ProtocolName" : " 1",
      "SeriesInstanceUID" : "1.3.46.670589.10.900123.19970114.35049000050.3",
      "SeriesNumber" : " 1",
      "StationName" : "MVP"
   },
   "ParentStudy" : "286789b1-82845a45-92d7dfc0-c6a8e286-27bc0129",
   "Status" : "Unknown",
   "Type" : "Series"
}
[26-Apr-2025 15:40:27 Europe/Berlin] Requête proxy vers Orthanc (GET http://localhost:8042/instances) - HTTP 200 : [
   "094563e4-74b821f1-120c8584-6236b3ba-05716a47",
   "24e83fd1-ddd03175-beb6aa86-f4ce6432-4241b24f",
   "26952bd2-9569483f-e0549aca-a33b9065-69c33884",
   "2faf6dae-1e8dd60c-78fbca50-98cc48e7-66559504",
   "582dde1a-6ee0dcb1-dc2c0a3c-06a79b2f-211eda06",
   "5974bce8-dfa0d418-48e52945-578a9547-fbb8179e",
   "63831658-2ed313e4-bdd47183-6c1be4da-c0022bb4",
   "75c6d27e-9c7d0b29-ef99341d-b7507933-63d3057d",
   "892e8101-891e4b24-43c20a0c-cda4e1ee-34cdbb93",
   "b7fb1fb4-142e5a15-333ae197-298b1626-11f8833b",
   "bc61cc15-593581eb-104dd853-f8e2ae2f-19704638",
   "cad86111-996653c7-c7ca1820-b783c4c3-9ff6e63b",
   "dacc5f2c-4eb67b6e-62fe20be-08583e4b-f7285061",
   "e07efef8-4eba99da-e58dbc40-0173c1da-e2535081",
   "eb17dc02-607db0a6-1074ad73-79fb3688-f9a596db",
   "fe9d11b9-08ca2a74-f27c7727-86fa6833-6b2583ab",
   "feaf75ad-9548b055-4a7a21f5-3db18a07-9c6903d3"
]
[26-Apr-2025 15:40:30 Europe/Berlin] Requête proxy vers Orthanc (GET http://localhost:8042/instances/094563e4-74b821f1-120c8584-6236b3ba-05716a47) - HTTP 200 : {
   "FileSize" : 526336,
   "FileUuid" : "847455dd-9936-4c5a-9d73-29f225acd32b",
   "ID" : "094563e4-74b821f1-120c8584-6236b3ba-05716a47",
   "IndexInSeries" : 5003,
   "Labels" : [],
   "MainDicomTags" : 
   {
      "AcquisitionNumber" : " 5",
      "ImageComments" : "MD",
      "ImageOrientationPatient" : "1.0000\\0.0000\\0.0000\\0.0000\\1.0000\\0.0000",
      "ImagePositionPatient" : "-80.7000\\-75.1000\\-61.0000",
      "InstanceCreationDate" : "19970114",
      "InstanceCreationTime" : "035049.0005",
      "InstanceNumber" : "5003",
      "SOPInstanceUID" : "1.3.46.670589.10.900123.19970114.35049000050"
   },
   "ParentSeries" : "f623b033-c3bb9318-1ae62c1a-9fd5f247-24c86dea",
   "Type" : "Instance"
}
[26-Apr-2025 15:40:30 Europe/Berlin] Requête proxy vers Orthanc (GET http://localhost:8042/series/f623b033-c3bb9318-1ae62c1a-9fd5f247-24c86dea) - HTTP 200 : {
   "ExpectedNumberOfInstances" : null,
   "ID" : "f623b033-c3bb9318-1ae62c1a-9fd5f247-24c86dea",
   "Instances" : 
   [
      "094563e4-74b821f1-120c8584-6236b3ba-05716a47"
   ],
   "IsStable" : true,
   "Labels" : [],
   "LastUpdate" : "20250311T081322",
   "MainDicomTags" : 
   {
      "ContrastBolusAgent" : "NONE",
      "ImageOrientationPatient" : "1.0000\\0.0000\\0.0000\\0.0000\\1.0000\\0.0000",
      "Manufacturer" : "Philips Medical Systems",
      "Modality" : "CT",
      "ProtocolName" : " 1",
      "SeriesInstanceUID" : "1.3.46.670589.10.900123.19970114.35049000050.3",
      "SeriesNumber" : " 1",
      "StationName" : "MVP"
   },
   "ParentStudy" : "286789b1-82845a45-92d7dfc0-c6a8e286-27bc0129",
   "Status" : "Unknown",
   "Type" : "Series"
}
[26-Apr-2025 17:07:12 Europe/Berlin] Requête proxy vers Orthanc (GET http://localhost:8042/instances/094563e4-74b821f1-120c8584-6236b3ba-05716a47) - HTTP 200 : {
   "FileSize" : 526336,
   "FileUuid" : "847455dd-9936-4c5a-9d73-29f225acd32b",
   "ID" : "094563e4-74b821f1-120c8584-6236b3ba-05716a47",
   "IndexInSeries" : 5003,
   "Labels" : [],
   "MainDicomTags" : 
   {
      "AcquisitionNumber" : " 5",
      "ImageComments" : "MD",
      "ImageOrientationPatient" : "1.0000\\0.0000\\0.0000\\0.0000\\1.0000\\0.0000",
      "ImagePositionPatient" : "-80.7000\\-75.1000\\-61.0000",
      "InstanceCreationDate" : "19970114",
      "InstanceCreationTime" : "035049.0005",
      "InstanceNumber" : "5003",
      "SOPInstanceUID" : "1.3.46.670589.10.900123.19970114.35049000050"
   },
   "ParentSeries" : "f623b033-c3bb9318-1ae62c1a-9fd5f247-24c86dea",
   "Type" : "Instance"
}
[26-Apr-2025 17:07:13 Europe/Berlin] Requête proxy vers Orthanc (GET http://localhost:8042/series/f623b033-c3bb9318-1ae62c1a-9fd5f247-24c86dea) - HTTP 200 : {
   "ExpectedNumberOfInstances" : null,
   "ID" : "f623b033-c3bb9318-1ae62c1a-9fd5f247-24c86dea",
   "Instances" : 
   [
      "094563e4-74b821f1-120c8584-6236b3ba-05716a47"
   ],
   "IsStable" : true,
   "Labels" : [],
   "LastUpdate" : "20250311T081322",
   "MainDicomTags" : 
   {
      "ContrastBolusAgent" : "NONE",
      "ImageOrientationPatient" : "1.0000\\0.0000\\0.0000\\0.0000\\1.0000\\0.0000",
      "Manufacturer" : "Philips Medical Systems",
      "Modality" : "CT",
      "ProtocolName" : " 1",
      "SeriesInstanceUID" : "1.3.46.670589.10.900123.19970114.35049000050.3",
      "SeriesNumber" : " 1",
      "StationName" : "MVP"
   },
   "ParentStudy" : "286789b1-82845a45-92d7dfc0-c6a8e286-27bc0129",
   "Status" : "Unknown",
   "Type" : "Series"
}
[26-Apr-2025 17:16:46 Europe/Berlin] Requête proxy vers Orthanc (GET http://localhost:8042/instances) - HTTP 200 : [
   "094563e4-74b821f1-120c8584-6236b3ba-05716a47",
   "24e83fd1-ddd03175-beb6aa86-f4ce6432-4241b24f",
   "26952bd2-9569483f-e0549aca-a33b9065-69c33884",
   "2faf6dae-1e8dd60c-78fbca50-98cc48e7-66559504",
   "582dde1a-6ee0dcb1-dc2c0a3c-06a79b2f-211eda06",
   "5974bce8-dfa0d418-48e52945-578a9547-fbb8179e",
   "63831658-2ed313e4-bdd47183-6c1be4da-c0022bb4",
   "75c6d27e-9c7d0b29-ef99341d-b7507933-63d3057d",
   "b7fb1fb4-142e5a15-333ae197-298b1626-11f8833b",
   "bc61cc15-593581eb-104dd853-f8e2ae2f-19704638",
   "cad86111-996653c7-c7ca1820-b783c4c3-9ff6e63b",
   "dacc5f2c-4eb67b6e-62fe20be-08583e4b-f7285061",
   "e07efef8-4eba99da-e58dbc40-0173c1da-e2535081",
   "eb17dc02-607db0a6-1074ad73-79fb3688-f9a596db",
   "fe9d11b9-08ca2a74-f27c7727-86fa6833-6b2583ab",
   "feaf75ad-9548b055-4a7a21f5-3db18a07-9c6903d3"
]
[26-Apr-2025 17:16:49 Europe/Berlin] Requête proxy vers Orthanc (GET http://localhost:8042/instances/094563e4-74b821f1-120c8584-6236b3ba-05716a47) - HTTP 200 : {
   "FileSize" : 526336,
   "FileUuid" : "847455dd-9936-4c5a-9d73-29f225acd32b",
   "ID" : "094563e4-74b821f1-120c8584-6236b3ba-05716a47",
   "IndexInSeries" : 5003,
   "Labels" : [],
   "MainDicomTags" : 
   {
      "AcquisitionNumber" : " 5",
      "ImageComments" : "MD",
      "ImageOrientationPatient" : "1.0000\\0.0000\\0.0000\\0.0000\\1.0000\\0.0000",
      "ImagePositionPatient" : "-80.7000\\-75.1000\\-61.0000",
      "InstanceCreationDate" : "19970114",
      "InstanceCreationTime" : "035049.0005",
      "InstanceNumber" : "5003",
      "SOPInstanceUID" : "1.3.46.670589.10.900123.19970114.35049000050"
   },
   "ParentSeries" : "f623b033-c3bb9318-1ae62c1a-9fd5f247-24c86dea",
   "Type" : "Instance"
}
[26-Apr-2025 17:16:49 Europe/Berlin] Requête proxy vers Orthanc (GET http://localhost:8042/series/f623b033-c3bb9318-1ae62c1a-9fd5f247-24c86dea) - HTTP 200 : {
   "ExpectedNumberOfInstances" : null,
   "ID" : "f623b033-c3bb9318-1ae62c1a-9fd5f247-24c86dea",
   "Instances" : 
   [
      "094563e4-74b821f1-120c8584-6236b3ba-05716a47"
   ],
   "IsStable" : true,
   "Labels" : [],
   "LastUpdate" : "20250311T081322",
   "MainDicomTags" : 
   {
      "ContrastBolusAgent" : "NONE",
      "ImageOrientationPatient" : "1.0000\\0.0000\\0.0000\\0.0000\\1.0000\\0.0000",
      "Manufacturer" : "Philips Medical Systems",
      "Modality" : "CT",
      "ProtocolName" : " 1",
      "SeriesInstanceUID" : "1.3.46.670589.10.900123.19970114.35049000050.3",
      "SeriesNumber" : " 1",
      "StationName" : "MVP"
   },
   "ParentStudy" : "286789b1-82845a45-92d7dfc0-c6a8e286-27bc0129",
   "Status" : "Unknown",
   "Type" : "Series"
}
[26-Apr-2025 17:16:49 Europe/Berlin] Requête proxy vers Orthanc (GET http://localhost:8042/studies/286789b1-82845a45-92d7dfc0-c6a8e286-27bc0129) - HTTP 200 : {
   "ID" : "286789b1-82845a45-92d7dfc0-c6a8e286-27bc0129",
   "IsStable" : true,
   "Labels" : [],
   "LastUpdate" : "20250311T081322",
   "MainDicomTags" : 
   {
      "AccessionNumber" : "",
      "InstitutionName" : "CHU St ROCH",
      "ReferringPhysicianName" : "",
      "StudyDate" : "19961014",
      "StudyID" : "2011",
      "StudyInstanceUID" : "1.3.46.670589.10.900123.19970114.35049000050.1",
      "StudyTime" : "115421.00000"
   },
   "ParentPatient" : "10092b57-91bddc20-e68b74c7-8956c6df-49e00750",
   "PatientMainDicomTags" : 
   {
      "PatientBirthDate" : "19320918",
      "PatientID" : "0000002011",
      "PatientName" : "AVE+ KNEE",
      "PatientSex" : "F"
   },
   "Series" : 
   [
      "f623b033-c3bb9318-1ae62c1a-9fd5f247-24c86dea"
   ],
   "Type" : "Study"
}
[26-Apr-2025 17:17:31 Europe/Berlin] Requête proxy vers Orthanc (GET http://localhost:8042/instances/26952bd2-9569483f-e0549aca-a33b9065-69c33884) - HTTP 200 : {
   "FileSize" : 526336,
   "FileUuid" : "9702e94e-8902-4103-ae55-af77a92efc6a",
   "ID" : "26952bd2-9569483f-e0549aca-a33b9065-69c33884",
   "IndexInSeries" : 17001,
   "Labels" : [],
   "MainDicomTags" : 
   {
      "AcquisitionNumber" : "17",
      "ImageComments" : "",
      "ImageOrientationPatient" : "1.0000\\0.0000\\0.0000\\0.0000\\1.0000\\0.0000",
      "ImagePositionPatient" : "-175.1000\\-175.1000\\-150.0000",
      "InstanceCreationDate" : "19970114",
      "InstanceCreationTime" : "035115.0010",
      "InstanceNumber" : " 17001",
      "SOPInstanceUID" : "1.3.46.670589.10.900123.19970114.35115000100"
   },
   "ParentSeries" : "19b4c568-a95664f5-ad117914-3ccf7292-2a7ee3a0",
   "Type" : "Instance"
}
[26-Apr-2025 17:17:32 Europe/Berlin] Requête proxy vers Orthanc (GET http://localhost:8042/series/19b4c568-a95664f5-ad117914-3ccf7292-2a7ee3a0) - HTTP 200 : {
   "ExpectedNumberOfInstances" : null,
   "ID" : "19b4c568-a95664f5-ad117914-3ccf7292-2a7ee3a0",
   "Instances" : 
   [
      "24e83fd1-ddd03175-beb6aa86-f4ce6432-4241b24f",
      "26952bd2-9569483f-e0549aca-a33b9065-69c33884",
      "2faf6dae-1e8dd60c-78fbca50-98cc48e7-66559504",
      "5974bce8-dfa0d418-48e52945-578a9547-fbb8179e",
      "63831658-2ed313e4-bdd47183-6c1be4da-c0022bb4",
      "75c6d27e-9c7d0b29-ef99341d-b7507933-63d3057d",
      "bc61cc15-593581eb-104dd853-f8e2ae2f-19704638",
      "cad86111-996653c7-c7ca1820-b783c4c3-9ff6e63b",
      "dacc5f2c-4eb67b6e-62fe20be-08583e4b-f7285061",
      "fe9d11b9-08ca2a74-f27c7727-86fa6833-6b2583ab"
   ],
   "IsStable" : true,
   "Labels" : [],
   "LastUpdate" : "20250311T081323",
   "MainDicomTags" : 
   {
      "ContrastBolusAgent" : "CONT",
      "ImageOrientationPatient" : "1.0000\\0.0000\\0.0000\\0.0000\\1.0000\\0.0000",
      "Manufacturer" : "Philips Medical Systems",
      "Modality" : "CT",
      "ProtocolName" : "50",
      "SeriesInstanceUID" : "1.3.46.670589.10.900123.19970114.35056000060.3",
      "SeriesNumber" : " 1",
      "StationName" : "MVP"
   },
   "ParentStudy" : "200b3e41-4557e5ed-2b4a1771-a9e4ad06-cd1306c8",
   "Status" : "Unknown",
   "Type" : "Series"
}
[26-Apr-2025 17:17:32 Europe/Berlin] Requête proxy vers Orthanc (GET http://localhost:8042/studies/200b3e41-4557e5ed-2b4a1771-a9e4ad06-cd1306c8) - HTTP 200 : {
   "ID" : "200b3e41-4557e5ed-2b4a1771-a9e4ad06-cd1306c8",
   "IsStable" : true,
   "Labels" : [],
   "LastUpdate" : "20250311T081323",
   "MainDicomTags" : 
   {
      "AccessionNumber" : "",
      "InstitutionName" : "CHU St ROCH",
      "ReferringPhysicianName" : "",
      "StudyDate" : "19961014",
      "StudyID" : "2019",
      "StudyInstanceUID" : "1.3.46.670589.10.900123.19970114.35056000060.1",
      "StudyTime" : "145056.00000"
   },
   "ParentPatient" : "9b4d864d-a53a383a-44cdda8a-269b4eee-777c5729",
   "PatientMainDicomTags" : 
   {
      "PatientBirthDate" : "19781010",
      "PatientID" : "0000002019",
      "PatientName" : "AVE+ ABDOMEN",
      "PatientSex" : "M"
   },
   "Series" : 
   [
      "19b4c568-a95664f5-ad117914-3ccf7292-2a7ee3a0"
   ],
   "Type" : "Study"
}
[26-Apr-2025 17:18:10 Europe/Berlin] Requête proxy vers Orthanc (GET http://localhost:8042/instances/094563e4-74b821f1-120c8584-6236b3ba-05716a47) - HTTP 200 : {
   "FileSize" : 526336,
   "FileUuid" : "847455dd-9936-4c5a-9d73-29f225acd32b",
   "ID" : "094563e4-74b821f1-120c8584-6236b3ba-05716a47",
   "IndexInSeries" : 5003,
   "Labels" : [],
   "MainDicomTags" : 
   {
      "AcquisitionNumber" : " 5",
      "ImageComments" : "MD",
      "ImageOrientationPatient" : "1.0000\\0.0000\\0.0000\\0.0000\\1.0000\\0.0000",
      "ImagePositionPatient" : "-80.7000\\-75.1000\\-61.0000",
      "InstanceCreationDate" : "19970114",
      "InstanceCreationTime" : "035049.0005",
      "InstanceNumber" : "5003",
      "SOPInstanceUID" : "1.3.46.670589.10.900123.19970114.35049000050"
   },
   "ParentSeries" : "f623b033-c3bb9318-1ae62c1a-9fd5f247-24c86dea",
   "Type" : "Instance"
}
[26-Apr-2025 17:18:10 Europe/Berlin] Requête proxy vers Orthanc (GET http://localhost:8042/series/f623b033-c3bb9318-1ae62c1a-9fd5f247-24c86dea) - HTTP 200 : {
   "ExpectedNumberOfInstances" : null,
   "ID" : "f623b033-c3bb9318-1ae62c1a-9fd5f247-24c86dea",
   "Instances" : 
   [
      "094563e4-74b821f1-120c8584-6236b3ba-05716a47"
   ],
   "IsStable" : true,
   "Labels" : [],
   "LastUpdate" : "20250311T081322",
   "MainDicomTags" : 
   {
      "ContrastBolusAgent" : "NONE",
      "ImageOrientationPatient" : "1.0000\\0.0000\\0.0000\\0.0000\\1.0000\\0.0000",
      "Manufacturer" : "Philips Medical Systems",
      "Modality" : "CT",
      "ProtocolName" : " 1",
      "SeriesInstanceUID" : "1.3.46.670589.10.900123.19970114.35049000050.3",
      "SeriesNumber" : " 1",
      "StationName" : "MVP"
   },
   "ParentStudy" : "286789b1-82845a45-92d7dfc0-c6a8e286-27bc0129",
   "Status" : "Unknown",
   "Type" : "Series"
}
[26-Apr-2025 17:18:10 Europe/Berlin] Requête proxy vers Orthanc (GET http://localhost:8042/studies/286789b1-82845a45-92d7dfc0-c6a8e286-27bc0129) - HTTP 200 : {
   "ID" : "286789b1-82845a45-92d7dfc0-c6a8e286-27bc0129",
   "IsStable" : true,
   "Labels" : [],
   "LastUpdate" : "20250311T081322",
   "MainDicomTags" : 
   {
      "AccessionNumber" : "",
      "InstitutionName" : "CHU St ROCH",
      "ReferringPhysicianName" : "",
      "StudyDate" : "19961014",
      "StudyID" : "2011",
      "StudyInstanceUID" : "1.3.46.670589.10.900123.19970114.35049000050.1",
      "StudyTime" : "115421.00000"
   },
   "ParentPatient" : "10092b57-91bddc20-e68b74c7-8956c6df-49e00750",
   "PatientMainDicomTags" : 
   {
      "PatientBirthDate" : "19320918",
      "PatientID" : "0000002011",
      "PatientName" : "AVE+ KNEE",
      "PatientSex" : "F"
   },
   "Series" : 
   [
      "f623b033-c3bb9318-1ae62c1a-9fd5f247-24c86dea"
   ],
   "Type" : "Study"
}
[26-Apr-2025 17:22:48 Europe/Berlin] Requête proxy vers Orthanc (GET http://localhost:8042/instances) - HTTP 200 : [
   "094563e4-74b821f1-120c8584-6236b3ba-05716a47",
   "24e83fd1-ddd03175-beb6aa86-f4ce6432-4241b24f",
   "26952bd2-9569483f-e0549aca-a33b9065-69c33884",
   "2faf6dae-1e8dd60c-78fbca50-98cc48e7-66559504",
   "582dde1a-6ee0dcb1-dc2c0a3c-06a79b2f-211eda06",
   "5974bce8-dfa0d418-48e52945-578a9547-fbb8179e",
   "63831658-2ed313e4-bdd47183-6c1be4da-c0022bb4",
   "75c6d27e-9c7d0b29-ef99341d-b7507933-63d3057d",
   "b7fb1fb4-142e5a15-333ae197-298b1626-11f8833b",
   "bc61cc15-593581eb-104dd853-f8e2ae2f-19704638",
   "cad86111-996653c7-c7ca1820-b783c4c3-9ff6e63b",
   "dacc5f2c-4eb67b6e-62fe20be-08583e4b-f7285061",
   "e07efef8-4eba99da-e58dbc40-0173c1da-e2535081",
   "eb17dc02-607db0a6-1074ad73-79fb3688-f9a596db",
   "fe9d11b9-08ca2a74-f27c7727-86fa6833-6b2583ab",
   "feaf75ad-9548b055-4a7a21f5-3db18a07-9c6903d3"
]
[26-Apr-2025 17:22:51 Europe/Berlin] Requête proxy vers Orthanc (GET http://localhost:8042/instances/094563e4-74b821f1-120c8584-6236b3ba-05716a47) - HTTP 200 : {
   "FileSize" : 526336,
   "FileUuid" : "847455dd-9936-4c5a-9d73-29f225acd32b",
   "ID" : "094563e4-74b821f1-120c8584-6236b3ba-05716a47",
   "IndexInSeries" : 5003,
   "Labels" : [],
   "MainDicomTags" : 
   {
      "AcquisitionNumber" : " 5",
      "ImageComments" : "MD",
      "ImageOrientationPatient" : "1.0000\\0.0000\\0.0000\\0.0000\\1.0000\\0.0000",
      "ImagePositionPatient" : "-80.7000\\-75.1000\\-61.0000",
      "InstanceCreationDate" : "19970114",
      "InstanceCreationTime" : "035049.0005",
      "InstanceNumber" : "5003",
      "SOPInstanceUID" : "1.3.46.670589.10.900123.19970114.35049000050"
   },
   "ParentSeries" : "f623b033-c3bb9318-1ae62c1a-9fd5f247-24c86dea",
   "Type" : "Instance"
}
[26-Apr-2025 17:22:51 Europe/Berlin] Requête proxy vers Orthanc (GET http://localhost:8042/series/f623b033-c3bb9318-1ae62c1a-9fd5f247-24c86dea) - HTTP 200 : {
   "ExpectedNumberOfInstances" : null,
   "ID" : "f623b033-c3bb9318-1ae62c1a-9fd5f247-24c86dea",
   "Instances" : 
   [
      "094563e4-74b821f1-120c8584-6236b3ba-05716a47"
   ],
   "IsStable" : true,
   "Labels" : [],
   "LastUpdate" : "20250311T081322",
   "MainDicomTags" : 
   {
      "ContrastBolusAgent" : "NONE",
      "ImageOrientationPatient" : "1.0000\\0.0000\\0.0000\\0.0000\\1.0000\\0.0000",
      "Manufacturer" : "Philips Medical Systems",
      "Modality" : "CT",
      "ProtocolName" : " 1",
      "SeriesInstanceUID" : "1.3.46.670589.10.900123.19970114.35049000050.3",
      "SeriesNumber" : " 1",
      "StationName" : "MVP"
   },
   "ParentStudy" : "286789b1-82845a45-92d7dfc0-c6a8e286-27bc0129",
   "Status" : "Unknown",
   "Type" : "Series"
}
[26-Apr-2025 17:22:52 Europe/Berlin] Requête proxy vers Orthanc (GET http://localhost:8042/studies/286789b1-82845a45-92d7dfc0-c6a8e286-27bc0129) - HTTP 200 : {
   "ID" : "286789b1-82845a45-92d7dfc0-c6a8e286-27bc0129",
   "IsStable" : true,
   "Labels" : [],
   "LastUpdate" : "20250311T081322",
   "MainDicomTags" : 
   {
      "AccessionNumber" : "",
      "InstitutionName" : "CHU St ROCH",
      "ReferringPhysicianName" : "",
      "StudyDate" : "19961014",
      "StudyID" : "2011",
      "StudyInstanceUID" : "1.3.46.670589.10.900123.19970114.35049000050.1",
      "StudyTime" : "115421.00000"
   },
   "ParentPatient" : "10092b57-91bddc20-e68b74c7-8956c6df-49e00750",
   "PatientMainDicomTags" : 
   {
      "PatientBirthDate" : "19320918",
      "PatientID" : "0000002011",
      "PatientName" : "AVE+ KNEE",
      "PatientSex" : "F"
   },
   "Series" : 
   [
      "f623b033-c3bb9318-1ae62c1a-9fd5f247-24c86dea"
   ],
   "Type" : "Study"
}
[26-Apr-2025 17:23:02 Europe/Berlin] Requête proxy vers Orthanc (GET http://localhost:8042/instances/2faf6dae-1e8dd60c-78fbca50-98cc48e7-66559504) - HTTP 200 : {
   "FileSize" : 526336,
   "FileUuid" : "43af4eee-ad27-4654-b4a1-e5a62a718f5a",
   "ID" : "2faf6dae-1e8dd60c-78fbca50-98cc48e7-66559504",
   "IndexInSeries" : 20001,
   "Labels" : [],
   "MainDicomTags" : 
   {
      "AcquisitionNumber" : "20",
      "ImageComments" : "",
      "ImageOrientationPatient" : "1.0000\\0.0000\\0.0000\\0.0000\\1.0000\\0.0000",
      "ImagePositionPatient" : "-175.1000\\-175.1000\\-180.0000",
      "InstanceCreationDate" : "19970114",
      "InstanceCreationTime" : "035131.0013",
      "InstanceNumber" : " 20001",
      "SOPInstanceUID" : "1.3.46.670589.10.900123.19970114.35131000130"
   },
   "ParentSeries" : "19b4c568-a95664f5-ad117914-3ccf7292-2a7ee3a0",
   "Type" : "Instance"
}
[26-Apr-2025 17:23:02 Europe/Berlin] Requête proxy vers Orthanc (GET http://localhost:8042/series/19b4c568-a95664f5-ad117914-3ccf7292-2a7ee3a0) - HTTP 200 : {
   "ExpectedNumberOfInstances" : null,
   "ID" : "19b4c568-a95664f5-ad117914-3ccf7292-2a7ee3a0",
   "Instances" : 
   [
      "24e83fd1-ddd03175-beb6aa86-f4ce6432-4241b24f",
      "26952bd2-9569483f-e0549aca-a33b9065-69c33884",
      "2faf6dae-1e8dd60c-78fbca50-98cc48e7-66559504",
      "5974bce8-dfa0d418-48e52945-578a9547-fbb8179e",
      "63831658-2ed313e4-bdd47183-6c1be4da-c0022bb4",
      "75c6d27e-9c7d0b29-ef99341d-b7507933-63d3057d",
      "bc61cc15-593581eb-104dd853-f8e2ae2f-19704638",
      "cad86111-996653c7-c7ca1820-b783c4c3-9ff6e63b",
      "dacc5f2c-4eb67b6e-62fe20be-08583e4b-f7285061",
      "fe9d11b9-08ca2a74-f27c7727-86fa6833-6b2583ab"
   ],
   "IsStable" : true,
   "Labels" : [],
   "LastUpdate" : "20250311T081323",
   "MainDicomTags" : 
   {
      "ContrastBolusAgent" : "CONT",
      "ImageOrientationPatient" : "1.0000\\0.0000\\0.0000\\0.0000\\1.0000\\0.0000",
      "Manufacturer" : "Philips Medical Systems",
      "Modality" : "CT",
      "ProtocolName" : "50",
      "SeriesInstanceUID" : "1.3.46.670589.10.900123.19970114.35056000060.3",
      "SeriesNumber" : " 1",
      "StationName" : "MVP"
   },
   "ParentStudy" : "200b3e41-4557e5ed-2b4a1771-a9e4ad06-cd1306c8",
   "Status" : "Unknown",
   "Type" : "Series"
}
[26-Apr-2025 17:23:02 Europe/Berlin] Requête proxy vers Orthanc (GET http://localhost:8042/studies/200b3e41-4557e5ed-2b4a1771-a9e4ad06-cd1306c8) - HTTP 200 : {
   "ID" : "200b3e41-4557e5ed-2b4a1771-a9e4ad06-cd1306c8",
   "IsStable" : true,
   "Labels" : [],
   "LastUpdate" : "20250311T081323",
   "MainDicomTags" : 
   {
      "AccessionNumber" : "",
      "InstitutionName" : "CHU St ROCH",
      "ReferringPhysicianName" : "",
      "StudyDate" : "19961014",
      "StudyID" : "2019",
      "StudyInstanceUID" : "1.3.46.670589.10.900123.19970114.35056000060.1",
      "StudyTime" : "145056.00000"
   },
   "ParentPatient" : "9b4d864d-a53a383a-44cdda8a-269b4eee-777c5729",
   "PatientMainDicomTags" : 
   {
      "PatientBirthDate" : "19781010",
      "PatientID" : "0000002019",
      "PatientName" : "AVE+ ABDOMEN",
      "PatientSex" : "M"
   },
   "Series" : 
   [
      "19b4c568-a95664f5-ad117914-3ccf7292-2a7ee3a0"
   ],
   "Type" : "Study"
}
[26-Apr-2025 17:23:10 Europe/Berlin] Requête proxy vers Orthanc (GET http://localhost:8042/instances/feaf75ad-9548b055-4a7a21f5-3db18a07-9c6903d3) - HTTP 200 : {
   "FileSize" : 526336,
   "FileUuid" : "c415c430-c5a8-4afa-854f-af8e254144b8",
   "ID" : "feaf75ad-9548b055-4a7a21f5-3db18a07-9c6903d3",
   "IndexInSeries" : 5000,
   "Labels" : [],
   "MainDicomTags" : 
   {
      "AcquisitionNumber" : " 5",
      "ImageComments" : "",
      "ImageOrientationPatient" : "1.0000\\0.0000\\0.0000\\0.0000\\1.0000\\0.0000",
      "ImagePositionPatient" : "-124.9000\\-124.9000\\15.0000",
      "InstanceCreationDate" : "19970114",
      "InstanceCreationTime" : "035029.0002",
      "InstanceNumber" : "5000",
      "SOPInstanceUID" : "1.3.46.670589.10.900123.19970114.35029000020"
   },
   "ParentSeries" : "670d99fa-c4a853ca-52f7989e-f6df82a8-5123711c",
   "Type" : "Instance"
}
[26-Apr-2025 17:23:10 Europe/Berlin] Requête proxy vers Orthanc (GET http://localhost:8042/series/670d99fa-c4a853ca-52f7989e-f6df82a8-5123711c) - HTTP 200 : {
   "ExpectedNumberOfInstances" : null,
   "ID" : "670d99fa-c4a853ca-52f7989e-f6df82a8-5123711c",
   "Instances" : 
   [
      "feaf75ad-9548b055-4a7a21f5-3db18a07-9c6903d3"
   ],
   "IsStable" : true,
   "Labels" : [],
   "LastUpdate" : "20250311T081322",
   "MainDicomTags" : 
   {
      "ContrastBolusAgent" : "NONE",
      "ImageOrientationPatient" : "1.0000\\0.0000\\0.0000\\0.0000\\1.0000\\0.0000",
      "Manufacturer" : "Philips Medical Systems",
      "Modality" : "CT",
      "ProtocolName" : " 1",
      "SeriesInstanceUID" : "1.3.46.670589.10.900123.19970114.35029000020.3",
      "SeriesNumber" : " 1",
      "StationName" : "MVP"
   },
   "ParentStudy" : "0ba2c4af-c4286377-ed83307a-c4307d90-422eea83",
   "Status" : "Unknown",
   "Type" : "Series"
}
[26-Apr-2025 17:23:10 Europe/Berlin] Requête proxy vers Orthanc (GET http://localhost:8042/studies/0ba2c4af-c4286377-ed83307a-c4307d90-422eea83) - HTTP 200 : {
   "ID" : "0ba2c4af-c4286377-ed83307a-c4307d90-422eea83",
   "IsStable" : true,
   "Labels" : [],
   "LastUpdate" : "20250311T081322",
   "MainDicomTags" : 
   {
      "AccessionNumber" : "",
      "InstitutionName" : "CHU St ROCH",
      "ReferringPhysicianName" : "",
      "StudyDate" : "19961014",
      "StudyID" : "2014",
      "StudyInstanceUID" : "1.3.46.670589.10.900123.19970114.35029000020.1",
      "StudyTime" : "121625.00000"
   },
   "ParentPatient" : "8fff5df9-52cafc00-77071493-d6c9febb-c05b7e14",
   "PatientMainDicomTags" : 
   {
      "PatientBirthDate" : "19131220",
      "PatientID" : "0000002014",
      "PatientName" : "AVE+ BRAIN + POST FOS.",
      "PatientSex" : "F"
   },
   "Series" : 
   [
      "670d99fa-c4a853ca-52f7989e-f6df82a8-5123711c"
   ],
   "Type" : "Study"
}
[26-Apr-2025 17:23:29 Europe/Berlin] Requête proxy vers Orthanc (GET http://localhost:8042/instances) - HTTP 200 : [
   "094563e4-74b821f1-120c8584-6236b3ba-05716a47",
   "24e83fd1-ddd03175-beb6aa86-f4ce6432-4241b24f",
   "26952bd2-9569483f-e0549aca-a33b9065-69c33884",
   "2faf6dae-1e8dd60c-78fbca50-98cc48e7-66559504",
   "582dde1a-6ee0dcb1-dc2c0a3c-06a79b2f-211eda06",
   "5974bce8-dfa0d418-48e52945-578a9547-fbb8179e",
   "63831658-2ed313e4-bdd47183-6c1be4da-c0022bb4",
   "75c6d27e-9c7d0b29-ef99341d-b7507933-63d3057d",
   "b7fb1fb4-142e5a15-333ae197-298b1626-11f8833b",
   "bc61cc15-593581eb-104dd853-f8e2ae2f-19704638",
   "cad86111-996653c7-c7ca1820-b783c4c3-9ff6e63b",
   "dacc5f2c-4eb67b6e-62fe20be-08583e4b-f7285061",
   "e07efef8-4eba99da-e58dbc40-0173c1da-e2535081",
   "eb17dc02-607db0a6-1074ad73-79fb3688-f9a596db",
   "fe9d11b9-08ca2a74-f27c7727-86fa6833-6b2583ab",
   "feaf75ad-9548b055-4a7a21f5-3db18a07-9c6903d3"
]
[26-Apr-2025 17:31:28 Europe/Berlin] Requête proxy vers Orthanc (GET http://localhost:8042//instances) - HTTP 200 : [
   "094563e4-74b821f1-120c8584-6236b3ba-05716a47",
   "24e83fd1-ddd03175-beb6aa86-f4ce6432-4241b24f",
   "26952bd2-9569483f-e0549aca-a33b9065-69c33884",
   "2faf6dae-1e8dd60c-78fbca50-98cc48e7-66559504",
   "582dde1a-6ee0dcb1-dc2c0a3c-06a79b2f-211eda06",
   "5974bce8-dfa0d418-48e52945-578a9547-fbb8179e",
   "63831658-2ed313e4-bdd47183-6c1be4da-c0022bb4",
   "75c6d27e-9c7d0b29-ef99341d-b7507933-63d3057d",
   "b7fb1fb4-142e5a15-333ae197-298b1626-11f8833b",
   "bc61cc15-593581eb-104dd853-f8e2ae2f-19704638",
   "cad86111-996653c7-c7ca1820-b783c4c3-9ff6e63b",
   "dacc5f2c-4eb67b6e-62fe20be-08583e4b-f7285061",
   "e07efef8-4eba99da-e58dbc40-0173c1da-e2535081",
   "eb17dc02-607db0a6-1074ad73-79fb3688-f9a596db",
   "fe9d11b9-08ca2a74-f27c7727-86fa6833-6b2583ab",
   "feaf75ad-9548b055-4a7a21f5-3db18a07-9c6903d3"
]
[26-Apr-2025 17:31:28 Europe/Berlin] Requête proxy vers Orthanc (GET http://localhost:8042/instances/63831658-2ed313e4-bdd47183-6c1be4da-c0022bb4) - HTTP 200 : {
   "FileSize" : 526336,
   "FileUuid" : "18595efd-f373-4173-a048-6de33ca05bca",
   "ID" : "63831658-2ed313e4-bdd47183-6c1be4da-c0022bb4",
   "IndexInSeries" : 15001,
   "Labels" : [],
   "MainDicomTags" : 
   {
      "AcquisitionNumber" : "15",
      "ImageComments" : "",
      "ImageOrientationPatient" : "1.0000\\0.0000\\0.0000\\0.0000\\1.0000\\0.0000",
      "ImagePositionPatient" : "-175.1000\\-175.1000\\-130.0000",
      "InstanceCreationDate" : "19970114",
      "InstanceCreationTime" : "035105.0008",
      "InstanceNumber" : " 15001",
      "SOPInstanceUID" : "1.3.46.670589.10.900123.19970114.35105000080"
   },
   "ParentSeries" : "19b4c568-a95664f5-ad117914-3ccf7292-2a7ee3a0",
   "Type" : "Instance"
}
[26-Apr-2025 17:31:28 Europe/Berlin] Requête proxy vers Orthanc (GET http://localhost:8042/instances/cad86111-996653c7-c7ca1820-b783c4c3-9ff6e63b) - HTTP 200 : {
   "FileSize" : 526336,
   "FileUuid" : "644bcf08-beb7-4bb7-8f87-2a07dae77a9f",
   "ID" : "cad86111-996653c7-c7ca1820-b783c4c3-9ff6e63b",
   "IndexInSeries" : 22001,
   "Labels" : [],
   "MainDicomTags" : 
   {
      "AcquisitionNumber" : "22",
      "ImageComments" : "",
      "ImageOrientationPatient" : "1.0000\\0.0000\\0.0000\\0.0000\\1.0000\\0.0000",
      "ImagePositionPatient" : "-175.1000\\-175.1000\\-200.0000",
      "InstanceCreationDate" : "19970114",
      "InstanceCreationTime" : "035140.0015",
      "InstanceNumber" : " 22001",
      "SOPInstanceUID" : "1.3.46.670589.10.900123.19970114.35140000150"
   },
   "ParentSeries" : "19b4c568-a95664f5-ad117914-3ccf7292-2a7ee3a0",
   "Type" : "Instance"
}
[26-Apr-2025 17:31:28 Europe/Berlin] Requête proxy vers Orthanc (GET http://localhost:8042/instances/26952bd2-9569483f-e0549aca-a33b9065-69c33884) - HTTP 200 : {
   "FileSize" : 526336,
   "FileUuid" : "9702e94e-8902-4103-ae55-af77a92efc6a",
   "ID" : "26952bd2-9569483f-e0549aca-a33b9065-69c33884",
   "IndexInSeries" : 17001,
   "Labels" : [],
   "MainDicomTags" : 
   {
      "AcquisitionNumber" : "17",
      "ImageComments" : "",
      "ImageOrientationPatient" : "1.0000\\0.0000\\0.0000\\0.0000\\1.0000\\0.0000",
      "ImagePositionPatient" : "-175.1000\\-175.1000\\-150.0000",
      "InstanceCreationDate" : "19970114",
      "InstanceCreationTime" : "035115.0010",
      "InstanceNumber" : " 17001",
      "SOPInstanceUID" : "1.3.46.670589.10.900123.19970114.35115000100"
   },
   "ParentSeries" : "19b4c568-a95664f5-ad117914-3ccf7292-2a7ee3a0",
   "Type" : "Instance"
}
[26-Apr-2025 17:31:29 Europe/Berlin] Requête proxy vers Orthanc (GET http://localhost:8042/instances/2faf6dae-1e8dd60c-78fbca50-98cc48e7-66559504) - HTTP 200 : {
   "FileSize" : 526336,
   "FileUuid" : "43af4eee-ad27-4654-b4a1-e5a62a718f5a",
   "ID" : "2faf6dae-1e8dd60c-78fbca50-98cc48e7-66559504",
   "IndexInSeries" : 20001,
   "Labels" : [],
   "MainDicomTags" : 
   {
      "AcquisitionNumber" : "20",
      "ImageComments" : "",
      "ImageOrientationPatient" : "1.0000\\0.0000\\0.0000\\0.0000\\1.0000\\0.0000",
      "ImagePositionPatient" : "-175.1000\\-175.1000\\-180.0000",
      "InstanceCreationDate" : "19970114",
      "InstanceCreationTime" : "035131.0013",
      "InstanceNumber" : " 20001",
      "SOPInstanceUID" : "1.3.46.670589.10.900123.19970114.35131000130"
   },
   "ParentSeries" : "19b4c568-a95664f5-ad117914-3ccf7292-2a7ee3a0",
   "Type" : "Instance"
}
[26-Apr-2025 17:31:29 Europe/Berlin] Requête proxy vers Orthanc (GET http://localhost:8042/instances/dacc5f2c-4eb67b6e-62fe20be-08583e4b-f7285061) - HTTP 200 : {
   "FileSize" : 526336,
   "FileUuid" : "97a1c84b-5c67-4016-8405-2f71ae4af3de",
   "ID" : "dacc5f2c-4eb67b6e-62fe20be-08583e4b-f7285061",
   "IndexInSeries" : 19001,
   "Labels" : [],
   "MainDicomTags" : 
   {
      "AcquisitionNumber" : "19",
      "ImageComments" : "",
      "ImageOrientationPatient" : "1.0000\\0.0000\\0.0000\\0.0000\\1.0000\\0.0000",
      "ImagePositionPatient" : "-175.1000\\-175.1000\\-170.0000",
      "InstanceCreationDate" : "19970114",
      "InstanceCreationTime" : "035126.0012",
      "InstanceNumber" : " 19001",
      "SOPInstanceUID" : "1.3.46.670589.10.900123.19970114.35126000120"
   },
   "ParentSeries" : "19b4c568-a95664f5-ad117914-3ccf7292-2a7ee3a0",
   "Type" : "Instance"
}
[26-Apr-2025 17:31:29 Europe/Berlin] Requête proxy vers Orthanc (GET http://localhost:8042/instances/094563e4-74b821f1-120c8584-6236b3ba-05716a47) - HTTP 200 : {
   "FileSize" : 526336,
   "FileUuid" : "847455dd-9936-4c5a-9d73-29f225acd32b",
   "ID" : "094563e4-74b821f1-120c8584-6236b3ba-05716a47",
   "IndexInSeries" : 5003,
   "Labels" : [],
   "MainDicomTags" : 
   {
      "AcquisitionNumber" : " 5",
      "ImageComments" : "MD",
      "ImageOrientationPatient" : "1.0000\\0.0000\\0.0000\\0.0000\\1.0000\\0.0000",
      "ImagePositionPatient" : "-80.7000\\-75.1000\\-61.0000",
      "InstanceCreationDate" : "19970114",
      "InstanceCreationTime" : "035049.0005",
      "InstanceNumber" : "5003",
      "SOPInstanceUID" : "1.3.46.670589.10.900123.19970114.35049000050"
   },
   "ParentSeries" : "f623b033-c3bb9318-1ae62c1a-9fd5f247-24c86dea",
   "Type" : "Instance"
}
[26-Apr-2025 17:31:29 Europe/Berlin] Requête proxy vers Orthanc (GET http://localhost:8042/instances/eb17dc02-607db0a6-1074ad73-79fb3688-f9a596db) - HTTP 200 : {
   "FileSize" : 526336,
   "FileUuid" : "c426268c-e58d-4f99-814f-daad18c5a0b1",
   "ID" : "eb17dc02-607db0a6-1074ad73-79fb3688-f9a596db",
   "IndexInSeries" : 6000,
   "Labels" : [],
   "MainDicomTags" : 
   {
      "AcquisitionNumber" : " 6",
      "ImageComments" : "",
      "ImageOrientationPatient" : "1.0000\\0.0000\\0.0000\\0.0000\\0.9397\\-0.3420",
      "ImagePositionPatient" : "-124.9000\\-117.4000\\67.7000",
      "InstanceCreationDate" : "19970114",
      "InstanceCreationTime" : "035036.0003",
      "InstanceNumber" : "6000",
      "SOPInstanceUID" : "1.3.46.670589.10.900123.19970114.35036000030"
   },
   "ParentSeries" : "f6ebf659-c336b2b9-102a72e3-2cd836e9-a5662c26",
   "Type" : "Instance"
}
[26-Apr-2025 17:31:29 Europe/Berlin] Requête proxy vers Orthanc (GET http://localhost:8042/instances/24e83fd1-ddd03175-beb6aa86-f4ce6432-4241b24f) - HTTP 200 : {
   "FileSize" : 526336,
   "FileUuid" : "1b56fb91-ea25-44cc-8c18-5f24da876928",
   "ID" : "24e83fd1-ddd03175-beb6aa86-f4ce6432-4241b24f",
   "IndexInSeries" : 14001,
   "Labels" : [],
   "MainDicomTags" : 
   {
      "AcquisitionNumber" : "14",
      "ImageComments" : "",
      "ImageOrientationPatient" : "1.0000\\0.0000\\0.0000\\0.0000\\1.0000\\0.0000",
      "ImagePositionPatient" : "-175.1000\\-175.1000\\-120.0000",
      "InstanceCreationDate" : "19970114",
      "InstanceCreationTime" : "035100.0007",
      "InstanceNumber" : " 14001",
      "SOPInstanceUID" : "1.3.46.670589.10.900123.19970114.35100000070"
   },
   "ParentSeries" : "19b4c568-a95664f5-ad117914-3ccf7292-2a7ee3a0",
   "Type" : "Instance"
}
[26-Apr-2025 17:31:29 Europe/Berlin] Requête proxy vers Orthanc (GET http://localhost:8042/instances/582dde1a-6ee0dcb1-dc2c0a3c-06a79b2f-211eda06) - HTTP 200 : {
   "FileSize" : 527206,
   "FileUuid" : "795689db-f22a-4dce-b798-da7adabb6f0e",
   "ID" : "582dde1a-6ee0dcb1-dc2c0a3c-06a79b2f-211eda06",
   "IndexInSeries" : null,
   "Labels" : [],
   "MainDicomTags" : 
   {
      "InstanceCreationDate" : "20250421",
      "InstanceCreationTime" : "202125.000000",
      "SOPInstanceUID" : "1.2.276.0.7230010.3.1.4.1159938914.5836.1745266885.814"
   },
   "ParentSeries" : "4541c007-3ddcd5b2-6bf192fc-d28df38d-afe5c271",
   "Type" : "Instance"
}
[26-Apr-2025 17:31:29 Europe/Berlin] Requête proxy vers Orthanc (GET http://localhost:8042/instances/5974bce8-dfa0d418-48e52945-578a9547-fbb8179e) - HTTP 200 : {
   "FileSize" : 526336,
   "FileUuid" : "11a7f312-517f-42ad-a5f0-e749b0038b6c",
   "ID" : "5974bce8-dfa0d418-48e52945-578a9547-fbb8179e",
   "IndexInSeries" : 18001,
   "Labels" : [],
   "MainDicomTags" : 
   {
      "AcquisitionNumber" : "18",
      "ImageComments" : "",
      "ImageOrientationPatient" : "1.0000\\0.0000\\0.0000\\0.0000\\1.0000\\0.0000",
      "ImagePositionPatient" : "-175.1000\\-175.1000\\-160.0000",
      "InstanceCreationDate" : "19970114",
      "InstanceCreationTime" : "035120.0011",
      "InstanceNumber" : " 18001",
      "SOPInstanceUID" : "1.3.46.670589.10.900123.19970114.35120000110"
   },
   "ParentSeries" : "19b4c568-a95664f5-ad117914-3ccf7292-2a7ee3a0",
   "Type" : "Instance"
}
[26-Apr-2025 17:31:29 Europe/Berlin] Requête proxy vers Orthanc (GET http://localhost:8042/instances/75c6d27e-9c7d0b29-ef99341d-b7507933-63d3057d) - HTTP 200 : {
   "FileSize" : 526336,
   "FileUuid" : "7ef2cfb2-cd10-40ef-8012-0b6fd7578b13",
   "ID" : "75c6d27e-9c7d0b29-ef99341d-b7507933-63d3057d",
   "IndexInSeries" : 21001,
   "Labels" : [],
   "MainDicomTags" : 
   {
      "AcquisitionNumber" : "21",
      "ImageComments" : "",
      "ImageOrientationPatient" : "1.0000\\0.0000\\0.0000\\0.0000\\1.0000\\0.0000",
      "ImagePositionPatient" : "-175.1000\\-175.1000\\-190.0000",
      "InstanceCreationDate" : "19970114",
      "InstanceCreationTime" : "035135.0014",
      "InstanceNumber" : " 21001",
      "SOPInstanceUID" : "1.3.46.670589.10.900123.19970114.35135000140"
   },
   "ParentSeries" : "19b4c568-a95664f5-ad117914-3ccf7292-2a7ee3a0",
   "Type" : "Instance"
}
[26-Apr-2025 17:31:29 Europe/Berlin] Requête proxy vers Orthanc (GET http://localhost:8042/instances/b7fb1fb4-142e5a15-333ae197-298b1626-11f8833b) - HTTP 200 : {
   "FileSize" : 1702398,
   "FileUuid" : "9fa9d15a-988d-410e-9194-ddfde927c89a",
   "ID" : "b7fb1fb4-142e5a15-333ae197-298b1626-11f8833b",
   "IndexInSeries" : null,
   "Labels" : [],
   "MainDicomTags" : 
   {
      "InstanceNumber" : "",
      "NumberOfFrames" : "96",
      "SOPInstanceUID" : "1.3.12.2.1107.5.4.3.321890.19960124.162922.29"
   },
   "ParentSeries" : "62cc4f41-9b1679c0-6ad19a2e-71fccb6f-07a3d16d",
   "Type" : "Instance"
}
[26-Apr-2025 17:31:29 Europe/Berlin] Requête proxy vers Orthanc (GET http://localhost:8042/instances/bc61cc15-593581eb-104dd853-f8e2ae2f-19704638) - HTTP 200 : {
   "FileSize" : 526336,
   "FileUuid" : "9f80260d-18b9-46ce-ada1-00d0d866886d",
   "ID" : "bc61cc15-593581eb-104dd853-f8e2ae2f-19704638",
   "IndexInSeries" : 16001,
   "Labels" : [],
   "MainDicomTags" : 
   {
      "AcquisitionNumber" : "16",
      "ImageComments" : "",
      "ImageOrientationPatient" : "1.0000\\0.0000\\0.0000\\0.0000\\1.0000\\0.0000",
      "ImagePositionPatient" : "-175.1000\\-175.1000\\-140.0000",
      "InstanceCreationDate" : "19970114",
      "InstanceCreationTime" : "035110.0009",
      "InstanceNumber" : " 16001",
      "SOPInstanceUID" : "1.3.46.670589.10.900123.19970114.35110000090"
   },
   "ParentSeries" : "19b4c568-a95664f5-ad117914-3ccf7292-2a7ee3a0",
   "Type" : "Instance"
}
[26-Apr-2025 17:31:29 Europe/Berlin] Requête proxy vers Orthanc (GET http://localhost:8042/instances/e07efef8-4eba99da-e58dbc40-0173c1da-e2535081) - HTTP 200 : {
   "FileSize" : 531298,
   "FileUuid" : "937b172f-feb1-4efd-a3ab-432405774a56",
   "ID" : "e07efef8-4eba99da-e58dbc40-0173c1da-e2535081",
   "IndexInSeries" : 1,
   "Labels" : [],
   "MainDicomTags" : 
   {
      "AcquisitionNumber" : "1",
      "InstanceCreationDate" : "20210411",
      "InstanceCreationTime" : "213019.104784",
      "InstanceNumber" : "1",
      "NumberOfFrames" : "1",
      "SOPInstanceUID" : "1.3.12.2.1107.5.8.15.999999.30000021041121051996700000250"
   },
   "ParentSeries" : "11b7c563-ae504ced-e95ed300-7176b3e8-74f7e2f5",
   "Type" : "Instance"
}
[26-Apr-2025 17:31:29 Europe/Berlin] Requête proxy vers Orthanc (GET http://localhost:8042/instances/fe9d11b9-08ca2a74-f27c7727-86fa6833-6b2583ab) - HTTP 200 : {
   "FileSize" : 526336,
   "FileUuid" : "c147a823-c25b-4c74-a7fb-877198ac4ebe",
   "ID" : "fe9d11b9-08ca2a74-f27c7727-86fa6833-6b2583ab",
   "IndexInSeries" : 13001,
   "Labels" : [],
   "MainDicomTags" : 
   {
      "AcquisitionNumber" : "13",
      "ImageComments" : "",
      "ImageOrientationPatient" : "1.0000\\0.0000\\0.0000\\0.0000\\1.0000\\0.0000",
      "ImagePositionPatient" : "-175.1000\\-175.1000\\-110.0000",
      "InstanceCreationDate" : "19970114",
      "InstanceCreationTime" : "035056.0006",
      "InstanceNumber" : " 13001",
      "SOPInstanceUID" : "1.3.46.670589.10.900123.19970114.35056000060"
   },
   "ParentSeries" : "19b4c568-a95664f5-ad117914-3ccf7292-2a7ee3a0",
   "Type" : "Instance"
}
[26-Apr-2025 17:31:29 Europe/Berlin] Requête proxy vers Orthanc (GET http://localhost:8042/instances/feaf75ad-9548b055-4a7a21f5-3db18a07-9c6903d3) - HTTP 200 : {
   "FileSize" : 526336,
   "FileUuid" : "c415c430-c5a8-4afa-854f-af8e254144b8",
   "ID" : "feaf75ad-9548b055-4a7a21f5-3db18a07-9c6903d3",
   "IndexInSeries" : 5000,
   "Labels" : [],
   "MainDicomTags" : 
   {
      "AcquisitionNumber" : " 5",
      "ImageComments" : "",
      "ImageOrientationPatient" : "1.0000\\0.0000\\0.0000\\0.0000\\1.0000\\0.0000",
      "ImagePositionPatient" : "-124.9000\\-124.9000\\15.0000",
      "InstanceCreationDate" : "19970114",
      "InstanceCreationTime" : "035029.0002",
      "InstanceNumber" : "5000",
      "SOPInstanceUID" : "1.3.46.670589.10.900123.19970114.35029000020"
   },
   "ParentSeries" : "670d99fa-c4a853ca-52f7989e-f6df82a8-5123711c",
   "Type" : "Instance"
}
[26-Apr-2025 17:31:29 Europe/Berlin] Requête proxy vers Orthanc (GET http://localhost:8042/series/19b4c568-a95664f5-ad117914-3ccf7292-2a7ee3a0) - HTTP 200 : {
   "ExpectedNumberOfInstances" : null,
   "ID" : "19b4c568-a95664f5-ad117914-3ccf7292-2a7ee3a0",
   "Instances" : 
   [
      "24e83fd1-ddd03175-beb6aa86-f4ce6432-4241b24f",
      "26952bd2-9569483f-e0549aca-a33b9065-69c33884",
      "2faf6dae-1e8dd60c-78fbca50-98cc48e7-66559504",
      "5974bce8-dfa0d418-48e52945-578a9547-fbb8179e",
      "63831658-2ed313e4-bdd47183-6c1be4da-c0022bb4",
      "75c6d27e-9c7d0b29-ef99341d-b7507933-63d3057d",
      "bc61cc15-593581eb-104dd853-f8e2ae2f-19704638",
      "cad86111-996653c7-c7ca1820-b783c4c3-9ff6e63b",
      "dacc5f2c-4eb67b6e-62fe20be-08583e4b-f7285061",
      "fe9d11b9-08ca2a74-f27c7727-86fa6833-6b2583ab"
   ],
   "IsStable" : true,
   "Labels" : [],
   "LastUpdate" : "20250311T081323",
   "MainDicomTags" : 
   {
      "ContrastBolusAgent" : "CONT",
      "ImageOrientationPatient" : "1.0000\\0.0000\\0.0000\\0.0000\\1.0000\\0.0000",
      "Manufacturer" : "Philips Medical Systems",
      "Modality" : "CT",
      "ProtocolName" : "50",
      "SeriesInstanceUID" : "1.3.46.670589.10.900123.19970114.35056000060.3",
      "SeriesNumber" : " 1",
      "StationName" : "MVP"
   },
   "ParentStudy" : "200b3e41-4557e5ed-2b4a1771-a9e4ad06-cd1306c8",
   "Status" : "Unknown",
   "Type" : "Series"
}
[26-Apr-2025 17:31:29 Europe/Berlin] Requête proxy vers Orthanc (GET http://localhost:8042/series/f623b033-c3bb9318-1ae62c1a-9fd5f247-24c86dea) - HTTP 200 : {
   "ExpectedNumberOfInstances" : null,
   "ID" : "f623b033-c3bb9318-1ae62c1a-9fd5f247-24c86dea",
   "Instances" : 
   [
      "094563e4-74b821f1-120c8584-6236b3ba-05716a47"
   ],
   "IsStable" : true,
   "Labels" : [],
   "LastUpdate" : "20250311T081322",
   "MainDicomTags" : 
   {
      "ContrastBolusAgent" : "NONE",
      "ImageOrientationPatient" : "1.0000\\0.0000\\0.0000\\0.0000\\1.0000\\0.0000",
      "Manufacturer" : "Philips Medical Systems",
      "Modality" : "CT",
      "ProtocolName" : " 1",
      "SeriesInstanceUID" : "1.3.46.670589.10.900123.19970114.35049000050.3",
      "SeriesNumber" : " 1",
      "StationName" : "MVP"
   },
   "ParentStudy" : "286789b1-82845a45-92d7dfc0-c6a8e286-27bc0129",
   "Status" : "Unknown",
   "Type" : "Series"
}
[26-Apr-2025 17:31:29 Europe/Berlin] Requête proxy vers Orthanc (GET http://localhost:8042/series/f6ebf659-c336b2b9-102a72e3-2cd836e9-a5662c26) - HTTP 200 : {
   "ExpectedNumberOfInstances" : null,
   "ID" : "f6ebf659-c336b2b9-102a72e3-2cd836e9-a5662c26",
   "Instances" : 
   [
      "eb17dc02-607db0a6-1074ad73-79fb3688-f9a596db"
   ],
   "IsStable" : true,
   "Labels" : [],
   "LastUpdate" : "20250311T081322",
   "MainDicomTags" : 
   {
      "ContrastBolusAgent" : "NONE",
      "ImageOrientationPatient" : "1.0000\\0.0000\\0.0000\\0.0000\\0.9397\\-0.3420",
      "Manufacturer" : "Philips Medical Systems",
      "Modality" : "CT",
      "ProtocolName" : " 1",
      "SeriesInstanceUID" : "1.3.46.670589.10.900123.19970114.35036000030.3",
      "SeriesNumber" : " 1",
      "StationName" : "MVP"
   },
   "ParentStudy" : "8e51d8c2-c73f0a1e-57f97ca6-0fe69e66-c5e753eb",
   "Status" : "Unknown",
   "Type" : "Series"
}
[26-Apr-2025 17:31:29 Europe/Berlin] Requête proxy vers Orthanc (GET http://localhost:8042/series/4541c007-3ddcd5b2-6bf192fc-d28df38d-afe5c271) - HTTP 200 : {
   "ExpectedNumberOfInstances" : null,
   "ID" : "4541c007-3ddcd5b2-6bf192fc-d28df38d-afe5c271",
   "Instances" : 
   [
      "582dde1a-6ee0dcb1-dc2c0a3c-06a79b2f-211eda06"
   ],
   "IsStable" : true,
   "Labels" : [],
   "LastUpdate" : "20250421T202126",
   "MainDicomTags" : 
   {
      "Modality" : "M3D",
      "SeriesDate" : "20250421",
      "SeriesDescription" : "Model",
      "SeriesInstanceUID" : "1.2.276.0.7230010.3.1.3.1159938914.5836.1745266885.813",
      "SeriesTime" : "202125.000000"
   },
   "ParentStudy" : "8e51d8c2-c73f0a1e-57f97ca6-0fe69e66-c5e753eb",
   "Status" : "Unknown",
   "Type" : "Series"
}
[26-Apr-2025 17:31:29 Europe/Berlin] Requête proxy vers Orthanc (GET http://localhost:8042/series/62cc4f41-9b1679c0-6ad19a2e-71fccb6f-07a3d16d) - HTTP 200 : {
   "ExpectedNumberOfInstances" : null,
   "ID" : "62cc4f41-9b1679c0-6ad19a2e-71fccb6f-07a3d16d",
   "Instances" : 
   [
      "b7fb1fb4-142e5a15-333ae197-298b1626-11f8833b"
   ],
   "IsStable" : true,
   "Labels" : [],
   "LastUpdate" : "20250421T205945",
   "MainDicomTags" : 
   {
      "Manufacturer" : "",
      "Modality" : "XA",
      "SeriesInstanceUID" : "1.3.12.2.1107.5.4.3.123456789012345.19950922.121803.8",
      "SeriesNumber" : "1"
   },
   "ParentStudy" : "aa938400-09e9f0df-8ba95f68-e21f98dd-0c6e0cf0",
   "Status" : "Unknown",
   "Type" : "Series"
}
[26-Apr-2025 17:31:29 Europe/Berlin] Requête proxy vers Orthanc (GET http://localhost:8042/series/11b7c563-ae504ced-e95ed300-7176b3e8-74f7e2f5) - HTTP 200 : {
   "ExpectedNumberOfInstances" : null,
   "ID" : "11b7c563-ae504ced-e95ed300-7176b3e8-74f7e2f5",
   "Instances" : 
   [
      "e07efef8-4eba99da-e58dbc40-0173c1da-e2535081"
   ],
   "IsStable" : true,
   "Labels" : [],
   "LastUpdate" : "20250421T233940",
   "MainDicomTags" : 
   {
      "Manufacturer" : "Siemens Healthineers",
      "Modality" : "MR",
      "PerformedProcedureStepDescription" : "Osteo_2021 Cheville",
      "PerformedProcedureStepStartDate" : "20210113",
      "PerformedProcedureStepStartTime" : "130454.100000",
      "ProtocolName" : "t1_sag_tse REF",
      "SeriesDate" : "20210411",
      "SeriesDescription" : "Exported MR Basic Reading",
      "SeriesInstanceUID" : "1.3.12.2.1107.5.8.15.999999.30000021041121051996700000249",
      "SeriesNumber" : "1005",
      "SeriesTime" : "213018.573513",
      "StationName" : "MR-T10-MRC19-04"
   },
   "ParentStudy" : "ae9bf996-b6ab6a8b-eba1f35e-14600862-f9393ddd",
   "Status" : "Unknown",
   "Type" : "Series"
}
[26-Apr-2025 17:31:29 Europe/Berlin] Requête proxy vers Orthanc (GET http://localhost:8042/series/670d99fa-c4a853ca-52f7989e-f6df82a8-5123711c) - HTTP 200 : {
   "ExpectedNumberOfInstances" : null,
   "ID" : "670d99fa-c4a853ca-52f7989e-f6df82a8-5123711c",
   "Instances" : 
   [
      "feaf75ad-9548b055-4a7a21f5-3db18a07-9c6903d3"
   ],
   "IsStable" : true,
   "Labels" : [],
   "LastUpdate" : "20250311T081322",
   "MainDicomTags" : 
   {
      "ContrastBolusAgent" : "NONE",
      "ImageOrientationPatient" : "1.0000\\0.0000\\0.0000\\0.0000\\1.0000\\0.0000",
      "Manufacturer" : "Philips Medical Systems",
      "Modality" : "CT",
      "ProtocolName" : " 1",
      "SeriesInstanceUID" : "1.3.46.670589.10.900123.19970114.35029000020.3",
      "SeriesNumber" : " 1",
      "StationName" : "MVP"
   },
   "ParentStudy" : "0ba2c4af-c4286377-ed83307a-c4307d90-422eea83",
   "Status" : "Unknown",
   "Type" : "Series"
}
[26-Apr-2025 17:31:29 Europe/Berlin] Requête proxy vers Orthanc (GET http://localhost:8042/series/19b4c568-a95664f5-ad117914-3ccf7292-2a7ee3a0) - HTTP 200 : {
   "ExpectedNumberOfInstances" : null,
   "ID" : "19b4c568-a95664f5-ad117914-3ccf7292-2a7ee3a0",
   "Instances" : 
   [
      "24e83fd1-ddd03175-beb6aa86-f4ce6432-4241b24f",
      "26952bd2-9569483f-e0549aca-a33b9065-69c33884",
      "2faf6dae-1e8dd60c-78fbca50-98cc48e7-66559504",
      "5974bce8-dfa0d418-48e52945-578a9547-fbb8179e",
      "63831658-2ed313e4-bdd47183-6c1be4da-c0022bb4",
      "75c6d27e-9c7d0b29-ef99341d-b7507933-63d3057d",
      "bc61cc15-593581eb-104dd853-f8e2ae2f-19704638",
      "cad86111-996653c7-c7ca1820-b783c4c3-9ff6e63b",
      "dacc5f2c-4eb67b6e-62fe20be-08583e4b-f7285061",
      "fe9d11b9-08ca2a74-f27c7727-86fa6833-6b2583ab"
   ],
   "IsStable" : true,
   "Labels" : [],
   "LastUpdate" : "20250311T081323",
   "MainDicomTags" : 
   {
      "ContrastBolusAgent" : "CONT",
      "ImageOrientationPatient" : "1.0000\\0.0000\\0.0000\\0.0000\\1.0000\\0.0000",
      "Manufacturer" : "Philips Medical Systems",
      "Modality" : "CT",
      "ProtocolName" : "50",
      "SeriesInstanceUID" : "1.3.46.670589.10.900123.19970114.35056000060.3",
      "SeriesNumber" : " 1",
      "StationName" : "MVP"
   },
   "ParentStudy" : "200b3e41-4557e5ed-2b4a1771-a9e4ad06-cd1306c8",
   "Status" : "Unknown",
   "Type" : "Series"
}
[26-Apr-2025 17:31:29 Europe/Berlin] Requête proxy vers Orthanc (GET http://localhost:8042/studies/200b3e41-4557e5ed-2b4a1771-a9e4ad06-cd1306c8) - HTTP 200 : {
   "ID" : "200b3e41-4557e5ed-2b4a1771-a9e4ad06-cd1306c8",
   "IsStable" : true,
   "Labels" : [],
   "LastUpdate" : "20250311T081323",
   "MainDicomTags" : 
   {
      "AccessionNumber" : "",
      "InstitutionName" : "CHU St ROCH",
      "ReferringPhysicianName" : "",
      "StudyDate" : "19961014",
      "StudyID" : "2019",
      "StudyInstanceUID" : "1.3.46.670589.10.900123.19970114.35056000060.1",
      "StudyTime" : "145056.00000"
   },
   "ParentPatient" : "9b4d864d-a53a383a-44cdda8a-269b4eee-777c5729",
   "PatientMainDicomTags" : 
   {
      "PatientBirthDate" : "19781010",
      "PatientID" : "0000002019",
      "PatientName" : "AVE+ ABDOMEN",
      "PatientSex" : "M"
   },
   "Series" : 
   [
      "19b4c568-a95664f5-ad117914-3ccf7292-2a7ee3a0"
   ],
   "Type" : "Study"
}
[26-Apr-2025 17:31:29 Europe/Berlin] Requête proxy vers Orthanc (GET http://localhost:8042/studies/286789b1-82845a45-92d7dfc0-c6a8e286-27bc0129) - HTTP 200 : {
   "ID" : "286789b1-82845a45-92d7dfc0-c6a8e286-27bc0129",
   "IsStable" : true,
   "Labels" : [],
   "LastUpdate" : "20250311T081322",
   "MainDicomTags" : 
   {
      "AccessionNumber" : "",
      "InstitutionName" : "CHU St ROCH",
      "ReferringPhysicianName" : "",
      "StudyDate" : "19961014",
      "StudyID" : "2011",
      "StudyInstanceUID" : "1.3.46.670589.10.900123.19970114.35049000050.1",
      "StudyTime" : "115421.00000"
   },
   "ParentPatient" : "10092b57-91bddc20-e68b74c7-8956c6df-49e00750",
   "PatientMainDicomTags" : 
   {
      "PatientBirthDate" : "19320918",
      "PatientID" : "0000002011",
      "PatientName" : "AVE+ KNEE",
      "PatientSex" : "F"
   },
   "Series" : 
   [
      "f623b033-c3bb9318-1ae62c1a-9fd5f247-24c86dea"
   ],
   "Type" : "Study"
}
[26-Apr-2025 17:31:29 Europe/Berlin] Requête proxy vers Orthanc (GET http://localhost:8042/studies/8e51d8c2-c73f0a1e-57f97ca6-0fe69e66-c5e753eb) - HTTP 200 : {
   "ID" : "8e51d8c2-c73f0a1e-57f97ca6-0fe69e66-c5e753eb",
   "IsStable" : true,
   "Labels" : [],
   "LastUpdate" : "20250421T202126",
   "MainDicomTags" : 
   {
      "AccessionNumber" : "",
      "InstitutionName" : "CHU St ROCH",
      "ReferringPhysicianName" : "",
      "StudyDate" : "19961014",
      "StudyID" : "2018",
      "StudyInstanceUID" : "1.3.46.670589.10.900123.19970114.35036000030.1",
      "StudyTime" : "140735.00000"
   },
   "ParentPatient" : "62bc7cdd-8f5ae588-dea41879-6a8e18d1-d44362ee",
   "PatientMainDicomTags" : 
   {
      "PatientBirthDate" : "19240101",
      "PatientID" : "0000002018",
      "PatientName" : "AVE+ BRAIN + POST + SINUS",
      "PatientSex" : "M"
   },
   "Series" : 
   [
      "4541c007-3ddcd5b2-6bf192fc-d28df38d-afe5c271",
      "f6ebf659-c336b2b9-102a72e3-2cd836e9-a5662c26"
   ],
   "Type" : "Study"
}
[26-Apr-2025 17:31:29 Europe/Berlin] Requête proxy vers Orthanc (GET http://localhost:8042/studies/aa938400-09e9f0df-8ba95f68-e21f98dd-0c6e0cf0) - HTTP 200 : {
   "ID" : "aa938400-09e9f0df-8ba95f68-e21f98dd-0c6e0cf0",
   "IsStable" : true,
   "Labels" : [],
   "LastUpdate" : "20250421T205945",
   "MainDicomTags" : 
   {
      "AccessionNumber" : "",
      "InstitutionName" : "",
      "ReferringPhysicianName" : "",
      "StudyDate" : "19941013",
      "StudyDescription" : "",
      "StudyID" : "",
      "StudyInstanceUID" : "1.3.12.2.1107.5.4.3.123456789012345.19950922.121803.6",
      "StudyTime" : "141917"
   },
   "ParentPatient" : "1e6ca9a6-71d9b622-24e72d15-16251ee8-3735baf5",
   "PatientMainDicomTags" : 
   {
      "PatientBirthDate" : "19951025",
      "PatientID" : "556342B",
      "PatientName" : "Rubo DEMO",
      "PatientSex" : "M"
   },
   "Series" : 
   [
      "62cc4f41-9b1679c0-6ad19a2e-71fccb6f-07a3d16d"
   ],
   "Type" : "Study"
}
[26-Apr-2025 17:31:29 Europe/Berlin] Requête proxy vers Orthanc (GET http://localhost:8042/studies/ae9bf996-b6ab6a8b-eba1f35e-14600862-f9393ddd) - HTTP 200 : {
   "ID" : "ae9bf996-b6ab6a8b-eba1f35e-14600862-f9393ddd",
   "IsStable" : true,
   "Labels" : [],
   "LastUpdate" : "20250421T233940",
   "MainDicomTags" : 
   {
      "AccessionNumber" : "",
      "InstitutionName" : "",
      "ReferringPhysicianName" : "",
      "StudyDate" : "20210113",
      "StudyDescription" : "Osteo_2021 Cheville",
      "StudyID" : "b0513b81-3517-43",
      "StudyInstanceUID" : "1.3.12.2.1107.5.2.53.189501.30000021011309045077000000005",
      "StudyTime" : "130454.100000"
   },
   "ParentPatient" : "c5cc2652-d994a3cd-4c0b46e9-8aeb6e72-a0135eba",
   "PatientMainDicomTags" : 
   {
      "PatientBirthDate" : "19960205",
      "PatientID" : "2021.01.13-13:04:52-STD-1.3.12.2.1107.5.99.3",
      "PatientName" : "DeepResolve_Altea2",
      "PatientSex" : "M"
   },
   "Series" : 
   [
      "11b7c563-ae504ced-e95ed300-7176b3e8-74f7e2f5"
   ],
   "Type" : "Study"
}
[26-Apr-2025 17:31:29 Europe/Berlin] Requête proxy vers Orthanc (GET http://localhost:8042/studies/0ba2c4af-c4286377-ed83307a-c4307d90-422eea83) - HTTP 200 : {
   "ID" : "0ba2c4af-c4286377-ed83307a-c4307d90-422eea83",
   "IsStable" : true,
   "Labels" : [],
   "LastUpdate" : "20250311T081322",
   "MainDicomTags" : 
   {
      "AccessionNumber" : "",
      "InstitutionName" : "CHU St ROCH",
      "ReferringPhysicianName" : "",
      "StudyDate" : "19961014",
      "StudyID" : "2014",
      "StudyInstanceUID" : "1.3.46.670589.10.900123.19970114.35029000020.1",
      "StudyTime" : "121625.00000"
   },
   "ParentPatient" : "8fff5df9-52cafc00-77071493-d6c9febb-c05b7e14",
   "PatientMainDicomTags" : 
   {
      "PatientBirthDate" : "19131220",
      "PatientID" : "0000002014",
      "PatientName" : "AVE+ BRAIN + POST FOS.",
      "PatientSex" : "F"
   },
   "Series" : 
   [
      "670d99fa-c4a853ca-52f7989e-f6df82a8-5123711c"
   ],
   "Type" : "Study"
}
[26-Apr-2025 17:31:30 Europe/Berlin] Requête proxy vers Orthanc (GET http://localhost:8042/series/19b4c568-a95664f5-ad117914-3ccf7292-2a7ee3a0) - HTTP 200 : {
   "ExpectedNumberOfInstances" : null,
   "ID" : "19b4c568-a95664f5-ad117914-3ccf7292-2a7ee3a0",
   "Instances" : 
   [
      "24e83fd1-ddd03175-beb6aa86-f4ce6432-4241b24f",
      "26952bd2-9569483f-e0549aca-a33b9065-69c33884",
      "2faf6dae-1e8dd60c-78fbca50-98cc48e7-66559504",
      "5974bce8-dfa0d418-48e52945-578a9547-fbb8179e",
      "63831658-2ed313e4-bdd47183-6c1be4da-c0022bb4",
      "75c6d27e-9c7d0b29-ef99341d-b7507933-63d3057d",
      "bc61cc15-593581eb-104dd853-f8e2ae2f-19704638",
      "cad86111-996653c7-c7ca1820-b783c4c3-9ff6e63b",
      "dacc5f2c-4eb67b6e-62fe20be-08583e4b-f7285061",
      "fe9d11b9-08ca2a74-f27c7727-86fa6833-6b2583ab"
   ],
   "IsStable" : true,
   "Labels" : [],
   "LastUpdate" : "20250311T081323",
   "MainDicomTags" : 
   {
      "ContrastBolusAgent" : "CONT",
      "ImageOrientationPatient" : "1.0000\\0.0000\\0.0000\\0.0000\\1.0000\\0.0000",
      "Manufacturer" : "Philips Medical Systems",
      "Modality" : "CT",
      "ProtocolName" : "50",
      "SeriesInstanceUID" : "1.3.46.670589.10.900123.19970114.35056000060.3",
      "SeriesNumber" : " 1",
      "StationName" : "MVP"
   },
   "ParentStudy" : "200b3e41-4557e5ed-2b4a1771-a9e4ad06-cd1306c8",
   "Status" : "Unknown",
   "Type" : "Series"
}
[26-Apr-2025 17:31:30 Europe/Berlin] Requête proxy vers Orthanc (GET http://localhost:8042/studies/200b3e41-4557e5ed-2b4a1771-a9e4ad06-cd1306c8) - HTTP 200 : {
   "ID" : "200b3e41-4557e5ed-2b4a1771-a9e4ad06-cd1306c8",
   "IsStable" : true,
   "Labels" : [],
   "LastUpdate" : "20250311T081323",
   "MainDicomTags" : 
   {
      "AccessionNumber" : "",
      "InstitutionName" : "CHU St ROCH",
      "ReferringPhysicianName" : "",
      "StudyDate" : "19961014",
      "StudyID" : "2019",
      "StudyInstanceUID" : "1.3.46.670589.10.900123.19970114.35056000060.1",
      "StudyTime" : "145056.00000"
   },
   "ParentPatient" : "9b4d864d-a53a383a-44cdda8a-269b4eee-777c5729",
   "PatientMainDicomTags" : 
   {
      "PatientBirthDate" : "19781010",
      "PatientID" : "0000002019",
      "PatientName" : "AVE+ ABDOMEN",
      "PatientSex" : "M"
   },
   "Series" : 
   [
      "19b4c568-a95664f5-ad117914-3ccf7292-2a7ee3a0"
   ],
   "Type" : "Study"
}
[26-Apr-2025 17:31:30 Europe/Berlin] Requête proxy vers Orthanc (GET http://localhost:8042/studies/8e51d8c2-c73f0a1e-57f97ca6-0fe69e66-c5e753eb) - HTTP 200 : {
   "ID" : "8e51d8c2-c73f0a1e-57f97ca6-0fe69e66-c5e753eb",
   "IsStable" : true,
   "Labels" : [],
   "LastUpdate" : "20250421T202126",
   "MainDicomTags" : 
   {
      "AccessionNumber" : "",
      "InstitutionName" : "CHU St ROCH",
      "ReferringPhysicianName" : "",
      "StudyDate" : "19961014",
      "StudyID" : "2018",
      "StudyInstanceUID" : "1.3.46.670589.10.900123.19970114.35036000030.1",
      "StudyTime" : "140735.00000"
   },
   "ParentPatient" : "62bc7cdd-8f5ae588-dea41879-6a8e18d1-d44362ee",
   "PatientMainDicomTags" : 
   {
      "PatientBirthDate" : "19240101",
      "PatientID" : "0000002018",
      "PatientName" : "AVE+ BRAIN + POST + SINUS",
      "PatientSex" : "M"
   },
   "Series" : 
   [
      "4541c007-3ddcd5b2-6bf192fc-d28df38d-afe5c271",
      "f6ebf659-c336b2b9-102a72e3-2cd836e9-a5662c26"
   ],
   "Type" : "Study"
}
[26-Apr-2025 17:31:30 Europe/Berlin] Requête proxy vers Orthanc (GET http://localhost:8042/series/19b4c568-a95664f5-ad117914-3ccf7292-2a7ee3a0) - HTTP 200 : {
   "ExpectedNumberOfInstances" : null,
   "ID" : "19b4c568-a95664f5-ad117914-3ccf7292-2a7ee3a0",
   "Instances" : 
   [
      "24e83fd1-ddd03175-beb6aa86-f4ce6432-4241b24f",
      "26952bd2-9569483f-e0549aca-a33b9065-69c33884",
      "2faf6dae-1e8dd60c-78fbca50-98cc48e7-66559504",
      "5974bce8-dfa0d418-48e52945-578a9547-fbb8179e",
      "63831658-2ed313e4-bdd47183-6c1be4da-c0022bb4",
      "75c6d27e-9c7d0b29-ef99341d-b7507933-63d3057d",
      "bc61cc15-593581eb-104dd853-f8e2ae2f-19704638",
      "cad86111-996653c7-c7ca1820-b783c4c3-9ff6e63b",
      "dacc5f2c-4eb67b6e-62fe20be-08583e4b-f7285061",
      "fe9d11b9-08ca2a74-f27c7727-86fa6833-6b2583ab"
   ],
   "IsStable" : true,
   "Labels" : [],
   "LastUpdate" : "20250311T081323",
   "MainDicomTags" : 
   {
      "ContrastBolusAgent" : "CONT",
      "ImageOrientationPatient" : "1.0000\\0.0000\\0.0000\\0.0000\\1.0000\\0.0000",
      "Manufacturer" : "Philips Medical Systems",
      "Modality" : "CT",
      "ProtocolName" : "50",
      "SeriesInstanceUID" : "1.3.46.670589.10.900123.19970114.35056000060.3",
      "SeriesNumber" : " 1",
      "StationName" : "MVP"
   },
   "ParentStudy" : "200b3e41-4557e5ed-2b4a1771-a9e4ad06-cd1306c8",
   "Status" : "Unknown",
   "Type" : "Series"
}
[26-Apr-2025 17:31:30 Europe/Berlin] Requête proxy vers Orthanc (GET http://localhost:8042/studies/200b3e41-4557e5ed-2b4a1771-a9e4ad06-cd1306c8) - HTTP 200 : {
   "ID" : "200b3e41-4557e5ed-2b4a1771-a9e4ad06-cd1306c8",
   "IsStable" : true,
   "Labels" : [],
   "LastUpdate" : "20250311T081323",
   "MainDicomTags" : 
   {
      "AccessionNumber" : "",
      "InstitutionName" : "CHU St ROCH",
      "ReferringPhysicianName" : "",
      "StudyDate" : "19961014",
      "StudyID" : "2019",
      "StudyInstanceUID" : "1.3.46.670589.10.900123.19970114.35056000060.1",
      "StudyTime" : "145056.00000"
   },
   "ParentPatient" : "9b4d864d-a53a383a-44cdda8a-269b4eee-777c5729",
   "PatientMainDicomTags" : 
   {
      "PatientBirthDate" : "19781010",
      "PatientID" : "0000002019",
      "PatientName" : "AVE+ ABDOMEN",
      "PatientSex" : "M"
   },
   "Series" : 
   [
      "19b4c568-a95664f5-ad117914-3ccf7292-2a7ee3a0"
   ],
   "Type" : "Study"
}
[26-Apr-2025 17:31:30 Europe/Berlin] Requête proxy vers Orthanc (GET http://localhost:8042/series/19b4c568-a95664f5-ad117914-3ccf7292-2a7ee3a0) - HTTP 200 : {
   "ExpectedNumberOfInstances" : null,
   "ID" : "19b4c568-a95664f5-ad117914-3ccf7292-2a7ee3a0",
   "Instances" : 
   [
      "24e83fd1-ddd03175-beb6aa86-f4ce6432-4241b24f",
      "26952bd2-9569483f-e0549aca-a33b9065-69c33884",
      "2faf6dae-1e8dd60c-78fbca50-98cc48e7-66559504",
      "5974bce8-dfa0d418-48e52945-578a9547-fbb8179e",
      "63831658-2ed313e4-bdd47183-6c1be4da-c0022bb4",
      "75c6d27e-9c7d0b29-ef99341d-b7507933-63d3057d",
      "bc61cc15-593581eb-104dd853-f8e2ae2f-19704638",
      "cad86111-996653c7-c7ca1820-b783c4c3-9ff6e63b",
      "dacc5f2c-4eb67b6e-62fe20be-08583e4b-f7285061",
      "fe9d11b9-08ca2a74-f27c7727-86fa6833-6b2583ab"
   ],
   "IsStable" : true,
   "Labels" : [],
   "LastUpdate" : "20250311T081323",
   "MainDicomTags" : 
   {
      "ContrastBolusAgent" : "CONT",
      "ImageOrientationPatient" : "1.0000\\0.0000\\0.0000\\0.0000\\1.0000\\0.0000",
      "Manufacturer" : "Philips Medical Systems",
      "Modality" : "CT",
      "ProtocolName" : "50",
      "SeriesInstanceUID" : "1.3.46.670589.10.900123.19970114.35056000060.3",
      "SeriesNumber" : " 1",
      "StationName" : "MVP"
   },
   "ParentStudy" : "200b3e41-4557e5ed-2b4a1771-a9e4ad06-cd1306c8",
   "Status" : "Unknown",
   "Type" : "Series"
}
[26-Apr-2025 17:31:30 Europe/Berlin] Requête proxy vers Orthanc (GET http://localhost:8042/studies/200b3e41-4557e5ed-2b4a1771-a9e4ad06-cd1306c8) - HTTP 200 : {
   "ID" : "200b3e41-4557e5ed-2b4a1771-a9e4ad06-cd1306c8",
   "IsStable" : true,
   "Labels" : [],
   "LastUpdate" : "20250311T081323",
   "MainDicomTags" : 
   {
      "AccessionNumber" : "",
      "InstitutionName" : "CHU St ROCH",
      "ReferringPhysicianName" : "",
      "StudyDate" : "19961014",
      "StudyID" : "2019",
      "StudyInstanceUID" : "1.3.46.670589.10.900123.19970114.35056000060.1",
      "StudyTime" : "145056.00000"
   },
   "ParentPatient" : "9b4d864d-a53a383a-44cdda8a-269b4eee-777c5729",
   "PatientMainDicomTags" : 
   {
      "PatientBirthDate" : "19781010",
      "PatientID" : "0000002019",
      "PatientName" : "AVE+ ABDOMEN",
      "PatientSex" : "M"
   },
   "Series" : 
   [
      "19b4c568-a95664f5-ad117914-3ccf7292-2a7ee3a0"
   ],
   "Type" : "Study"
}
[26-Apr-2025 17:31:30 Europe/Berlin] Requête proxy vers Orthanc (GET http://localhost:8042/studies/200b3e41-4557e5ed-2b4a1771-a9e4ad06-cd1306c8) - HTTP 200 : {
   "ID" : "200b3e41-4557e5ed-2b4a1771-a9e4ad06-cd1306c8",
   "IsStable" : true,
   "Labels" : [],
   "LastUpdate" : "20250311T081323",
   "MainDicomTags" : 
   {
      "AccessionNumber" : "",
      "InstitutionName" : "CHU St ROCH",
      "ReferringPhysicianName" : "",
      "StudyDate" : "19961014",
      "StudyID" : "2019",
      "StudyInstanceUID" : "1.3.46.670589.10.900123.19970114.35056000060.1",
      "StudyTime" : "145056.00000"
   },
   "ParentPatient" : "9b4d864d-a53a383a-44cdda8a-269b4eee-777c5729",
   "PatientMainDicomTags" : 
   {
      "PatientBirthDate" : "19781010",
      "PatientID" : "0000002019",
      "PatientName" : "AVE+ ABDOMEN",
      "PatientSex" : "M"
   },
   "Series" : 
   [
      "19b4c568-a95664f5-ad117914-3ccf7292-2a7ee3a0"
   ],
   "Type" : "Study"
}
[26-Apr-2025 17:31:30 Europe/Berlin] Requête proxy vers Orthanc (GET http://localhost:8042/series/19b4c568-a95664f5-ad117914-3ccf7292-2a7ee3a0) - HTTP 200 : {
   "ExpectedNumberOfInstances" : null,
   "ID" : "19b4c568-a95664f5-ad117914-3ccf7292-2a7ee3a0",
   "Instances" : 
   [
      "24e83fd1-ddd03175-beb6aa86-f4ce6432-4241b24f",
      "26952bd2-9569483f-e0549aca-a33b9065-69c33884",
      "2faf6dae-1e8dd60c-78fbca50-98cc48e7-66559504",
      "5974bce8-dfa0d418-48e52945-578a9547-fbb8179e",
      "63831658-2ed313e4-bdd47183-6c1be4da-c0022bb4",
      "75c6d27e-9c7d0b29-ef99341d-b7507933-63d3057d",
      "bc61cc15-593581eb-104dd853-f8e2ae2f-19704638",
      "cad86111-996653c7-c7ca1820-b783c4c3-9ff6e63b",
      "dacc5f2c-4eb67b6e-62fe20be-08583e4b-f7285061",
      "fe9d11b9-08ca2a74-f27c7727-86fa6833-6b2583ab"
   ],
   "IsStable" : true,
   "Labels" : [],
   "LastUpdate" : "20250311T081323",
   "MainDicomTags" : 
   {
      "ContrastBolusAgent" : "CONT",
      "ImageOrientationPatient" : "1.0000\\0.0000\\0.0000\\0.0000\\1.0000\\0.0000",
      "Manufacturer" : "Philips Medical Systems",
      "Modality" : "CT",
      "ProtocolName" : "50",
      "SeriesInstanceUID" : "1.3.46.670589.10.900123.19970114.35056000060.3",
      "SeriesNumber" : " 1",
      "StationName" : "MVP"
   },
   "ParentStudy" : "200b3e41-4557e5ed-2b4a1771-a9e4ad06-cd1306c8",
   "Status" : "Unknown",
   "Type" : "Series"
}
[26-Apr-2025 17:31:30 Europe/Berlin] Requête proxy vers Orthanc (GET http://localhost:8042/series/19b4c568-a95664f5-ad117914-3ccf7292-2a7ee3a0) - HTTP 200 : {
   "ExpectedNumberOfInstances" : null,
   "ID" : "19b4c568-a95664f5-ad117914-3ccf7292-2a7ee3a0",
   "Instances" : 
   [
      "24e83fd1-ddd03175-beb6aa86-f4ce6432-4241b24f",
      "26952bd2-9569483f-e0549aca-a33b9065-69c33884",
      "2faf6dae-1e8dd60c-78fbca50-98cc48e7-66559504",
      "5974bce8-dfa0d418-48e52945-578a9547-fbb8179e",
      "63831658-2ed313e4-bdd47183-6c1be4da-c0022bb4",
      "75c6d27e-9c7d0b29-ef99341d-b7507933-63d3057d",
      "bc61cc15-593581eb-104dd853-f8e2ae2f-19704638",
      "cad86111-996653c7-c7ca1820-b783c4c3-9ff6e63b",
      "dacc5f2c-4eb67b6e-62fe20be-08583e4b-f7285061",
      "fe9d11b9-08ca2a74-f27c7727-86fa6833-6b2583ab"
   ],
   "IsStable" : true,
   "Labels" : [],
   "LastUpdate" : "20250311T081323",
   "MainDicomTags" : 
   {
      "ContrastBolusAgent" : "CONT",
      "ImageOrientationPatient" : "1.0000\\0.0000\\0.0000\\0.0000\\1.0000\\0.0000",
      "Manufacturer" : "Philips Medical Systems",
      "Modality" : "CT",
      "ProtocolName" : "50",
      "SeriesInstanceUID" : "1.3.46.670589.10.900123.19970114.35056000060.3",
      "SeriesNumber" : " 1",
      "StationName" : "MVP"
   },
   "ParentStudy" : "200b3e41-4557e5ed-2b4a1771-a9e4ad06-cd1306c8",
   "Status" : "Unknown",
   "Type" : "Series"
}
[26-Apr-2025 17:31:30 Europe/Berlin] Requête proxy vers Orthanc (GET http://localhost:8042/studies/200b3e41-4557e5ed-2b4a1771-a9e4ad06-cd1306c8) - HTTP 200 : {
   "ID" : "200b3e41-4557e5ed-2b4a1771-a9e4ad06-cd1306c8",
   "IsStable" : true,
   "Labels" : [],
   "LastUpdate" : "20250311T081323",
   "MainDicomTags" : 
   {
      "AccessionNumber" : "",
      "InstitutionName" : "CHU St ROCH",
      "ReferringPhysicianName" : "",
      "StudyDate" : "19961014",
      "StudyID" : "2019",
      "StudyInstanceUID" : "1.3.46.670589.10.900123.19970114.35056000060.1",
      "StudyTime" : "145056.00000"
   },
   "ParentPatient" : "9b4d864d-a53a383a-44cdda8a-269b4eee-777c5729",
   "PatientMainDicomTags" : 
   {
      "PatientBirthDate" : "19781010",
      "PatientID" : "0000002019",
      "PatientName" : "AVE+ ABDOMEN",
      "PatientSex" : "M"
   },
   "Series" : 
   [
      "19b4c568-a95664f5-ad117914-3ccf7292-2a7ee3a0"
   ],
   "Type" : "Study"
}
[26-Apr-2025 17:31:31 Europe/Berlin] Requête proxy vers Orthanc (GET http://localhost:8042/series/19b4c568-a95664f5-ad117914-3ccf7292-2a7ee3a0) - HTTP 200 : {
   "ExpectedNumberOfInstances" : null,
   "ID" : "19b4c568-a95664f5-ad117914-3ccf7292-2a7ee3a0",
   "Instances" : 
   [
      "24e83fd1-ddd03175-beb6aa86-f4ce6432-4241b24f",
      "26952bd2-9569483f-e0549aca-a33b9065-69c33884",
      "2faf6dae-1e8dd60c-78fbca50-98cc48e7-66559504",
      "5974bce8-dfa0d418-48e52945-578a9547-fbb8179e",
      "63831658-2ed313e4-bdd47183-6c1be4da-c0022bb4",
      "75c6d27e-9c7d0b29-ef99341d-b7507933-63d3057d",
      "bc61cc15-593581eb-104dd853-f8e2ae2f-19704638",
      "cad86111-996653c7-c7ca1820-b783c4c3-9ff6e63b",
      "dacc5f2c-4eb67b6e-62fe20be-08583e4b-f7285061",
      "fe9d11b9-08ca2a74-f27c7727-86fa6833-6b2583ab"
   ],
   "IsStable" : true,
   "Labels" : [],
   "LastUpdate" : "20250311T081323",
   "MainDicomTags" : 
   {
      "ContrastBolusAgent" : "CONT",
      "ImageOrientationPatient" : "1.0000\\0.0000\\0.0000\\0.0000\\1.0000\\0.0000",
      "Manufacturer" : "Philips Medical Systems",
      "Modality" : "CT",
      "ProtocolName" : "50",
      "SeriesInstanceUID" : "1.3.46.670589.10.900123.19970114.35056000060.3",
      "SeriesNumber" : " 1",
      "StationName" : "MVP"
   },
   "ParentStudy" : "200b3e41-4557e5ed-2b4a1771-a9e4ad06-cd1306c8",
   "Status" : "Unknown",
   "Type" : "Series"
}
[26-Apr-2025 17:31:31 Europe/Berlin] Requête proxy vers Orthanc (GET http://localhost:8042/studies/200b3e41-4557e5ed-2b4a1771-a9e4ad06-cd1306c8) - HTTP 200 : {
   "ID" : "200b3e41-4557e5ed-2b4a1771-a9e4ad06-cd1306c8",
   "IsStable" : true,
   "Labels" : [],
   "LastUpdate" : "20250311T081323",
   "MainDicomTags" : 
   {
      "AccessionNumber" : "",
      "InstitutionName" : "CHU St ROCH",
      "ReferringPhysicianName" : "",
      "StudyDate" : "19961014",
      "StudyID" : "2019",
      "StudyInstanceUID" : "1.3.46.670589.10.900123.19970114.35056000060.1",
      "StudyTime" : "145056.00000"
   },
   "ParentPatient" : "9b4d864d-a53a383a-44cdda8a-269b4eee-777c5729",
   "PatientMainDicomTags" : 
   {
      "PatientBirthDate" : "19781010",
      "PatientID" : "0000002019",
      "PatientName" : "AVE+ ABDOMEN",
      "PatientSex" : "M"
   },
   "Series" : 
   [
      "19b4c568-a95664f5-ad117914-3ccf7292-2a7ee3a0"
   ],
   "Type" : "Study"
}
[26-Apr-2025 17:31:31 Europe/Berlin] Requête proxy vers Orthanc (GET http://localhost:8042/series/19b4c568-a95664f5-ad117914-3ccf7292-2a7ee3a0) - HTTP 200 : {
   "ExpectedNumberOfInstances" : null,
   "ID" : "19b4c568-a95664f5-ad117914-3ccf7292-2a7ee3a0",
   "Instances" : 
   [
      "24e83fd1-ddd03175-beb6aa86-f4ce6432-4241b24f",
      "26952bd2-9569483f-e0549aca-a33b9065-69c33884",
      "2faf6dae-1e8dd60c-78fbca50-98cc48e7-66559504",
      "5974bce8-dfa0d418-48e52945-578a9547-fbb8179e",
      "63831658-2ed313e4-bdd47183-6c1be4da-c0022bb4",
      "75c6d27e-9c7d0b29-ef99341d-b7507933-63d3057d",
      "bc61cc15-593581eb-104dd853-f8e2ae2f-19704638",
      "cad86111-996653c7-c7ca1820-b783c4c3-9ff6e63b",
      "dacc5f2c-4eb67b6e-62fe20be-08583e4b-f7285061",
      "fe9d11b9-08ca2a74-f27c7727-86fa6833-6b2583ab"
   ],
   "IsStable" : true,
   "Labels" : [],
   "LastUpdate" : "20250311T081323",
   "MainDicomTags" : 
   {
      "ContrastBolusAgent" : "CONT",
      "ImageOrientationPatient" : "1.0000\\0.0000\\0.0000\\0.0000\\1.0000\\0.0000",
      "Manufacturer" : "Philips Medical Systems",
      "Modality" : "CT",
      "ProtocolName" : "50",
      "SeriesInstanceUID" : "1.3.46.670589.10.900123.19970114.35056000060.3",
      "SeriesNumber" : " 1",
      "StationName" : "MVP"
   },
   "ParentStudy" : "200b3e41-4557e5ed-2b4a1771-a9e4ad06-cd1306c8",
   "Status" : "Unknown",
   "Type" : "Series"
}
[26-Apr-2025 17:31:31 Europe/Berlin] Requête proxy vers Orthanc (GET http://localhost:8042/studies/200b3e41-4557e5ed-2b4a1771-a9e4ad06-cd1306c8) - HTTP 200 : {
   "ID" : "200b3e41-4557e5ed-2b4a1771-a9e4ad06-cd1306c8",
   "IsStable" : true,
   "Labels" : [],
   "LastUpdate" : "20250311T081323",
   "MainDicomTags" : 
   {
      "AccessionNumber" : "",
      "InstitutionName" : "CHU St ROCH",
      "ReferringPhysicianName" : "",
      "StudyDate" : "19961014",
      "StudyID" : "2019",
      "StudyInstanceUID" : "1.3.46.670589.10.900123.19970114.35056000060.1",
      "StudyTime" : "145056.00000"
   },
   "ParentPatient" : "9b4d864d-a53a383a-44cdda8a-269b4eee-777c5729",
   "PatientMainDicomTags" : 
   {
      "PatientBirthDate" : "19781010",
      "PatientID" : "0000002019",
      "PatientName" : "AVE+ ABDOMEN",
      "PatientSex" : "M"
   },
   "Series" : 
   [
      "19b4c568-a95664f5-ad117914-3ccf7292-2a7ee3a0"
   ],
   "Type" : "Study"
}
[26-Apr-2025 17:31:31 Europe/Berlin] Requête proxy vers Orthanc (GET http://localhost:8042/series/19b4c568-a95664f5-ad117914-3ccf7292-2a7ee3a0) - HTTP 200 : {
   "ExpectedNumberOfInstances" : null,
   "ID" : "19b4c568-a95664f5-ad117914-3ccf7292-2a7ee3a0",
   "Instances" : 
   [
      "24e83fd1-ddd03175-beb6aa86-f4ce6432-4241b24f",
      "26952bd2-9569483f-e0549aca-a33b9065-69c33884",
      "2faf6dae-1e8dd60c-78fbca50-98cc48e7-66559504",
      "5974bce8-dfa0d418-48e52945-578a9547-fbb8179e",
      "63831658-2ed313e4-bdd47183-6c1be4da-c0022bb4",
      "75c6d27e-9c7d0b29-ef99341d-b7507933-63d3057d",
      "bc61cc15-593581eb-104dd853-f8e2ae2f-19704638",
      "cad86111-996653c7-c7ca1820-b783c4c3-9ff6e63b",
      "dacc5f2c-4eb67b6e-62fe20be-08583e4b-f7285061",
      "fe9d11b9-08ca2a74-f27c7727-86fa6833-6b2583ab"
   ],
   "IsStable" : true,
   "Labels" : [],
   "LastUpdate" : "20250311T081323",
   "MainDicomTags" : 
   {
      "ContrastBolusAgent" : "CONT",
      "ImageOrientationPatient" : "1.0000\\0.0000\\0.0000\\0.0000\\1.0000\\0.0000",
      "Manufacturer" : "Philips Medical Systems",
      "Modality" : "CT",
      "ProtocolName" : "50",
      "SeriesInstanceUID" : "1.3.46.670589.10.900123.19970114.35056000060.3",
      "SeriesNumber" : " 1",
      "StationName" : "MVP"
   },
   "ParentStudy" : "200b3e41-4557e5ed-2b4a1771-a9e4ad06-cd1306c8",
   "Status" : "Unknown",
   "Type" : "Series"
}
[26-Apr-2025 17:31:31 Europe/Berlin] Requête proxy vers Orthanc (GET http://localhost:8042/studies/200b3e41-4557e5ed-2b4a1771-a9e4ad06-cd1306c8) - HTTP 200 : {
   "ID" : "200b3e41-4557e5ed-2b4a1771-a9e4ad06-cd1306c8",
   "IsStable" : true,
   "Labels" : [],
   "LastUpdate" : "20250311T081323",
   "MainDicomTags" : 
   {
      "AccessionNumber" : "",
      "InstitutionName" : "CHU St ROCH",
      "ReferringPhysicianName" : "",
      "StudyDate" : "19961014",
      "StudyID" : "2019",
      "StudyInstanceUID" : "1.3.46.670589.10.900123.19970114.35056000060.1",
      "StudyTime" : "145056.00000"
   },
   "ParentPatient" : "9b4d864d-a53a383a-44cdda8a-269b4eee-777c5729",
   "PatientMainDicomTags" : 
   {
      "PatientBirthDate" : "19781010",
      "PatientID" : "0000002019",
      "PatientName" : "AVE+ ABDOMEN",
      "PatientSex" : "M"
   },
   "Series" : 
   [
      "19b4c568-a95664f5-ad117914-3ccf7292-2a7ee3a0"
   ],
   "Type" : "Study"
}
[26-Apr-2025 17:31:31 Europe/Berlin] Requête proxy vers Orthanc (GET http://localhost:8042/studies/200b3e41-4557e5ed-2b4a1771-a9e4ad06-cd1306c8) - HTTP 200 : {
   "ID" : "200b3e41-4557e5ed-2b4a1771-a9e4ad06-cd1306c8",
   "IsStable" : true,
   "Labels" : [],
   "LastUpdate" : "20250311T081323",
   "MainDicomTags" : 
   {
      "AccessionNumber" : "",
      "InstitutionName" : "CHU St ROCH",
      "ReferringPhysicianName" : "",
      "StudyDate" : "19961014",
      "StudyID" : "2019",
      "StudyInstanceUID" : "1.3.46.670589.10.900123.19970114.35056000060.1",
      "StudyTime" : "145056.00000"
   },
   "ParentPatient" : "9b4d864d-a53a383a-44cdda8a-269b4eee-777c5729",
   "PatientMainDicomTags" : 
   {
      "PatientBirthDate" : "19781010",
      "PatientID" : "0000002019",
      "PatientName" : "AVE+ ABDOMEN",
      "PatientSex" : "M"
   },
   "Series" : 
   [
      "19b4c568-a95664f5-ad117914-3ccf7292-2a7ee3a0"
   ],
   "Type" : "Study"
}
[26-Apr-2025 17:32:39 Europe/Berlin] Requête proxy vers Orthanc (POST http://localhost:8042/instances) - HTTP 200 : {
   "ID" : "96548d6b-b87fefbd-78a3f7c5-c5abe181-0643a103",
   "ParentPatient" : "b6589fc6-ab0dc82c-f12099d1-c2d40ab9-94e8410c",
   "ParentSeries" : "98d367a5-58eeba8b-f3c2da4b-de7d8f6f-ede53eb2",
   "ParentStudy" : "3abaec0a-ebfaaa87-f830d52b-d62df074-6a692c12",
   "Path" : "/instances/96548d6b-b87fefbd-78a3f7c5-c5abe181-0643a103",
   "Status" : "Success"
}
[26-Apr-2025 17:32:40 Europe/Berlin] Requête proxy vers Orthanc (GET http://localhost:8042//instances) - HTTP 200 : [
   "094563e4-74b821f1-120c8584-6236b3ba-05716a47",
   "24e83fd1-ddd03175-beb6aa86-f4ce6432-4241b24f",
   "26952bd2-9569483f-e0549aca-a33b9065-69c33884",
   "2faf6dae-1e8dd60c-78fbca50-98cc48e7-66559504",
   "582dde1a-6ee0dcb1-dc2c0a3c-06a79b2f-211eda06",
   "5974bce8-dfa0d418-48e52945-578a9547-fbb8179e",
   "63831658-2ed313e4-bdd47183-6c1be4da-c0022bb4",
   "75c6d27e-9c7d0b29-ef99341d-b7507933-63d3057d",
   "96548d6b-b87fefbd-78a3f7c5-c5abe181-0643a103",
   "b7fb1fb4-142e5a15-333ae197-298b1626-11f8833b",
   "bc61cc15-593581eb-104dd853-f8e2ae2f-19704638",
   "cad86111-996653c7-c7ca1820-b783c4c3-9ff6e63b",
   "dacc5f2c-4eb67b6e-62fe20be-08583e4b-f7285061",
   "e07efef8-4eba99da-e58dbc40-0173c1da-e2535081",
   "eb17dc02-607db0a6-1074ad73-79fb3688-f9a596db",
   "fe9d11b9-08ca2a74-f27c7727-86fa6833-6b2583ab",
   "feaf75ad-9548b055-4a7a21f5-3db18a07-9c6903d3"
]
[26-Apr-2025 17:32:41 Europe/Berlin] Requête proxy vers Orthanc (GET http://localhost:8042/instances/26952bd2-9569483f-e0549aca-a33b9065-69c33884) - HTTP 200 : {
   "FileSize" : 526336,
   "FileUuid" : "9702e94e-8902-4103-ae55-af77a92efc6a",
   "ID" : "26952bd2-9569483f-e0549aca-a33b9065-69c33884",
   "IndexInSeries" : 17001,
   "Labels" : [],
   "MainDicomTags" : 
   {
      "AcquisitionNumber" : "17",
      "ImageComments" : "",
      "ImageOrientationPatient" : "1.0000\\0.0000\\0.0000\\0.0000\\1.0000\\0.0000",
      "ImagePositionPatient" : "-175.1000\\-175.1000\\-150.0000",
      "InstanceCreationDate" : "19970114",
      "InstanceCreationTime" : "035115.0010",
      "InstanceNumber" : " 17001",
      "SOPInstanceUID" : "1.3.46.670589.10.900123.19970114.35115000100"
   },
   "ParentSeries" : "19b4c568-a95664f5-ad117914-3ccf7292-2a7ee3a0",
   "Type" : "Instance"
}
[26-Apr-2025 17:32:41 Europe/Berlin] Requête proxy vers Orthanc (GET http://localhost:8042/instances/96548d6b-b87fefbd-78a3f7c5-c5abe181-0643a103) - HTTP 200 : {
   "FileSize" : 91264,
   "FileUuid" : "39819348-f7ea-4861-9842-83c4a4a8c13e",
   "ID" : "96548d6b-b87fefbd-78a3f7c5-c5abe181-0643a103",
   "IndexInSeries" : 5,
   "Labels" : [],
   "MainDicomTags" : 
   {
      "ImageComments" : "JPEG 2000 lossless - Version 4.0.2 (c) Image Devices GmbH",
      "ImageOrientationPatient" : "1\\0\\0\\0\\1\\0",
      "ImagePositionPatient" : "-151.493508\\-36.6564417\\1293",
      "InstanceCreationDate" : "20061012",
      "InstanceCreationTime" : "091607.000000",
      "InstanceNumber" : "5",
      "SOPInstanceUID" : "1.2.826.0.1.3680043.8.1055.1.20111102150759059.64998534.33344836"
   },
   "ParentSeries" : "98d367a5-58eeba8b-f3c2da4b-de7d8f6f-ede53eb2",
   "Type" : "Instance"
}
[26-Apr-2025 17:32:41 Europe/Berlin] Requête proxy vers Orthanc (GET http://localhost:8042/instances/24e83fd1-ddd03175-beb6aa86-f4ce6432-4241b24f) - HTTP 200 : {
   "FileSize" : 526336,
   "FileUuid" : "1b56fb91-ea25-44cc-8c18-5f24da876928",
   "ID" : "24e83fd1-ddd03175-beb6aa86-f4ce6432-4241b24f",
   "IndexInSeries" : 14001,
   "Labels" : [],
   "MainDicomTags" : 
   {
      "AcquisitionNumber" : "14",
      "ImageComments" : "",
      "ImageOrientationPatient" : "1.0000\\0.0000\\0.0000\\0.0000\\1.0000\\0.0000",
      "ImagePositionPatient" : "-175.1000\\-175.1000\\-120.0000",
      "InstanceCreationDate" : "19970114",
      "InstanceCreationTime" : "035100.0007",
      "InstanceNumber" : " 14001",
      "SOPInstanceUID" : "1.3.46.670589.10.900123.19970114.35100000070"
   },
   "ParentSeries" : "19b4c568-a95664f5-ad117914-3ccf7292-2a7ee3a0",
   "Type" : "Instance"
}
[26-Apr-2025 17:32:41 Europe/Berlin] Requête proxy vers Orthanc (GET http://localhost:8042/instances/094563e4-74b821f1-120c8584-6236b3ba-05716a47) - HTTP 200 : {
   "FileSize" : 526336,
   "FileUuid" : "847455dd-9936-4c5a-9d73-29f225acd32b",
   "ID" : "094563e4-74b821f1-120c8584-6236b3ba-05716a47",
   "IndexInSeries" : 5003,
   "Labels" : [],
   "MainDicomTags" : 
   {
      "AcquisitionNumber" : " 5",
      "ImageComments" : "MD",
      "ImageOrientationPatient" : "1.0000\\0.0000\\0.0000\\0.0000\\1.0000\\0.0000",
      "ImagePositionPatient" : "-80.7000\\-75.1000\\-61.0000",
      "InstanceCreationDate" : "19970114",
      "InstanceCreationTime" : "035049.0005",
      "InstanceNumber" : "5003",
      "SOPInstanceUID" : "1.3.46.670589.10.900123.19970114.35049000050"
   },
   "ParentSeries" : "f623b033-c3bb9318-1ae62c1a-9fd5f247-24c86dea",
   "Type" : "Instance"
}
[26-Apr-2025 17:32:41 Europe/Berlin] Requête proxy vers Orthanc (GET http://localhost:8042/instances/2faf6dae-1e8dd60c-78fbca50-98cc48e7-66559504) - HTTP 200 : {
   "FileSize" : 526336,
   "FileUuid" : "43af4eee-ad27-4654-b4a1-e5a62a718f5a",
   "ID" : "2faf6dae-1e8dd60c-78fbca50-98cc48e7-66559504",
   "IndexInSeries" : 20001,
   "Labels" : [],
   "MainDicomTags" : 
   {
      "AcquisitionNumber" : "20",
      "ImageComments" : "",
      "ImageOrientationPatient" : "1.0000\\0.0000\\0.0000\\0.0000\\1.0000\\0.0000",
      "ImagePositionPatient" : "-175.1000\\-175.1000\\-180.0000",
      "InstanceCreationDate" : "19970114",
      "InstanceCreationTime" : "035131.0013",
      "InstanceNumber" : " 20001",
      "SOPInstanceUID" : "1.3.46.670589.10.900123.19970114.35131000130"
   },
   "ParentSeries" : "19b4c568-a95664f5-ad117914-3ccf7292-2a7ee3a0",
   "Type" : "Instance"
}
[26-Apr-2025 17:32:41 Europe/Berlin] Requête proxy vers Orthanc (GET http://localhost:8042/instances/582dde1a-6ee0dcb1-dc2c0a3c-06a79b2f-211eda06) - HTTP 200 : {
   "FileSize" : 527206,
   "FileUuid" : "795689db-f22a-4dce-b798-da7adabb6f0e",
   "ID" : "582dde1a-6ee0dcb1-dc2c0a3c-06a79b2f-211eda06",
   "IndexInSeries" : null,
   "Labels" : [],
   "MainDicomTags" : 
   {
      "InstanceCreationDate" : "20250421",
      "InstanceCreationTime" : "202125.000000",
      "SOPInstanceUID" : "1.2.276.0.7230010.3.1.4.1159938914.5836.1745266885.814"
   },
   "ParentSeries" : "4541c007-3ddcd5b2-6bf192fc-d28df38d-afe5c271",
   "Type" : "Instance"
}
[26-Apr-2025 17:32:41 Europe/Berlin] Requête proxy vers Orthanc (GET http://localhost:8042/instances/b7fb1fb4-142e5a15-333ae197-298b1626-11f8833b) - HTTP 200 : {
   "FileSize" : 1702398,
   "FileUuid" : "9fa9d15a-988d-410e-9194-ddfde927c89a",
   "ID" : "b7fb1fb4-142e5a15-333ae197-298b1626-11f8833b",
   "IndexInSeries" : null,
   "Labels" : [],
   "MainDicomTags" : 
   {
      "InstanceNumber" : "",
      "NumberOfFrames" : "96",
      "SOPInstanceUID" : "1.3.12.2.1107.5.4.3.321890.19960124.162922.29"
   },
   "ParentSeries" : "62cc4f41-9b1679c0-6ad19a2e-71fccb6f-07a3d16d",
   "Type" : "Instance"
}
[26-Apr-2025 17:32:41 Europe/Berlin] Requête proxy vers Orthanc (GET http://localhost:8042/instances/63831658-2ed313e4-bdd47183-6c1be4da-c0022bb4) - HTTP 200 : {
   "FileSize" : 526336,
   "FileUuid" : "18595efd-f373-4173-a048-6de33ca05bca",
   "ID" : "63831658-2ed313e4-bdd47183-6c1be4da-c0022bb4",
   "IndexInSeries" : 15001,
   "Labels" : [],
   "MainDicomTags" : 
   {
      "AcquisitionNumber" : "15",
      "ImageComments" : "",
      "ImageOrientationPatient" : "1.0000\\0.0000\\0.0000\\0.0000\\1.0000\\0.0000",
      "ImagePositionPatient" : "-175.1000\\-175.1000\\-130.0000",
      "InstanceCreationDate" : "19970114",
      "InstanceCreationTime" : "035105.0008",
      "InstanceNumber" : " 15001",
      "SOPInstanceUID" : "1.3.46.670589.10.900123.19970114.35105000080"
   },
   "ParentSeries" : "19b4c568-a95664f5-ad117914-3ccf7292-2a7ee3a0",
   "Type" : "Instance"
}
[26-Apr-2025 17:32:41 Europe/Berlin] Requête proxy vers Orthanc (GET http://localhost:8042/instances/75c6d27e-9c7d0b29-ef99341d-b7507933-63d3057d) - HTTP 200 : {
   "FileSize" : 526336,
   "FileUuid" : "7ef2cfb2-cd10-40ef-8012-0b6fd7578b13",
   "ID" : "75c6d27e-9c7d0b29-ef99341d-b7507933-63d3057d",
   "IndexInSeries" : 21001,
   "Labels" : [],
   "MainDicomTags" : 
   {
      "AcquisitionNumber" : "21",
      "ImageComments" : "",
      "ImageOrientationPatient" : "1.0000\\0.0000\\0.0000\\0.0000\\1.0000\\0.0000",
      "ImagePositionPatient" : "-175.1000\\-175.1000\\-190.0000",
      "InstanceCreationDate" : "19970114",
      "InstanceCreationTime" : "035135.0014",
      "InstanceNumber" : " 21001",
      "SOPInstanceUID" : "1.3.46.670589.10.900123.19970114.35135000140"
   },
   "ParentSeries" : "19b4c568-a95664f5-ad117914-3ccf7292-2a7ee3a0",
   "Type" : "Instance"
}
[26-Apr-2025 17:32:41 Europe/Berlin] Requête proxy vers Orthanc (GET http://localhost:8042/instances/5974bce8-dfa0d418-48e52945-578a9547-fbb8179e) - HTTP 200 : {
   "FileSize" : 526336,
   "FileUuid" : "11a7f312-517f-42ad-a5f0-e749b0038b6c",
   "ID" : "5974bce8-dfa0d418-48e52945-578a9547-fbb8179e",
   "IndexInSeries" : 18001,
   "Labels" : [],
   "MainDicomTags" : 
   {
      "AcquisitionNumber" : "18",
      "ImageComments" : "",
      "ImageOrientationPatient" : "1.0000\\0.0000\\0.0000\\0.0000\\1.0000\\0.0000",
      "ImagePositionPatient" : "-175.1000\\-175.1000\\-160.0000",
      "InstanceCreationDate" : "19970114",
      "InstanceCreationTime" : "035120.0011",
      "InstanceNumber" : " 18001",
      "SOPInstanceUID" : "1.3.46.670589.10.900123.19970114.35120000110"
   },
   "ParentSeries" : "19b4c568-a95664f5-ad117914-3ccf7292-2a7ee3a0",
   "Type" : "Instance"
}
[26-Apr-2025 17:32:41 Europe/Berlin] Requête proxy vers Orthanc (GET http://localhost:8042/instances/bc61cc15-593581eb-104dd853-f8e2ae2f-19704638) - HTTP 200 : {
   "FileSize" : 526336,
   "FileUuid" : "9f80260d-18b9-46ce-ada1-00d0d866886d",
   "ID" : "bc61cc15-593581eb-104dd853-f8e2ae2f-19704638",
   "IndexInSeries" : 16001,
   "Labels" : [],
   "MainDicomTags" : 
   {
      "AcquisitionNumber" : "16",
      "ImageComments" : "",
      "ImageOrientationPatient" : "1.0000\\0.0000\\0.0000\\0.0000\\1.0000\\0.0000",
      "ImagePositionPatient" : "-175.1000\\-175.1000\\-140.0000",
      "InstanceCreationDate" : "19970114",
      "InstanceCreationTime" : "035110.0009",
      "InstanceNumber" : " 16001",
      "SOPInstanceUID" : "1.3.46.670589.10.900123.19970114.35110000090"
   },
   "ParentSeries" : "19b4c568-a95664f5-ad117914-3ccf7292-2a7ee3a0",
   "Type" : "Instance"
}
[26-Apr-2025 17:32:41 Europe/Berlin] Requête proxy vers Orthanc (GET http://localhost:8042/instances/cad86111-996653c7-c7ca1820-b783c4c3-9ff6e63b) - HTTP 200 : {
   "FileSize" : 526336,
   "FileUuid" : "644bcf08-beb7-4bb7-8f87-2a07dae77a9f",
   "ID" : "cad86111-996653c7-c7ca1820-b783c4c3-9ff6e63b",
   "IndexInSeries" : 22001,
   "Labels" : [],
   "MainDicomTags" : 
   {
      "AcquisitionNumber" : "22",
      "ImageComments" : "",
      "ImageOrientationPatient" : "1.0000\\0.0000\\0.0000\\0.0000\\1.0000\\0.0000",
      "ImagePositionPatient" : "-175.1000\\-175.1000\\-200.0000",
      "InstanceCreationDate" : "19970114",
      "InstanceCreationTime" : "035140.0015",
      "InstanceNumber" : " 22001",
      "SOPInstanceUID" : "1.3.46.670589.10.900123.19970114.35140000150"
   },
   "ParentSeries" : "19b4c568-a95664f5-ad117914-3ccf7292-2a7ee3a0",
   "Type" : "Instance"
}
[26-Apr-2025 17:32:41 Europe/Berlin] Requête proxy vers Orthanc (GET http://localhost:8042/instances/dacc5f2c-4eb67b6e-62fe20be-08583e4b-f7285061) - HTTP 200 : {
   "FileSize" : 526336,
   "FileUuid" : "97a1c84b-5c67-4016-8405-2f71ae4af3de",
   "ID" : "dacc5f2c-4eb67b6e-62fe20be-08583e4b-f7285061",
   "IndexInSeries" : 19001,
   "Labels" : [],
   "MainDicomTags" : 
   {
      "AcquisitionNumber" : "19",
      "ImageComments" : "",
      "ImageOrientationPatient" : "1.0000\\0.0000\\0.0000\\0.0000\\1.0000\\0.0000",
      "ImagePositionPatient" : "-175.1000\\-175.1000\\-170.0000",
      "InstanceCreationDate" : "19970114",
      "InstanceCreationTime" : "035126.0012",
      "InstanceNumber" : " 19001",
      "SOPInstanceUID" : "1.3.46.670589.10.900123.19970114.35126000120"
   },
   "ParentSeries" : "19b4c568-a95664f5-ad117914-3ccf7292-2a7ee3a0",
   "Type" : "Instance"
}
[26-Apr-2025 17:32:41 Europe/Berlin] Requête proxy vers Orthanc (GET http://localhost:8042/instances/e07efef8-4eba99da-e58dbc40-0173c1da-e2535081) - HTTP 200 : {
   "FileSize" : 531298,
   "FileUuid" : "937b172f-feb1-4efd-a3ab-432405774a56",
   "ID" : "e07efef8-4eba99da-e58dbc40-0173c1da-e2535081",
   "IndexInSeries" : 1,
   "Labels" : [],
   "MainDicomTags" : 
   {
      "AcquisitionNumber" : "1",
      "InstanceCreationDate" : "20210411",
      "InstanceCreationTime" : "213019.104784",
      "InstanceNumber" : "1",
      "NumberOfFrames" : "1",
      "SOPInstanceUID" : "1.3.12.2.1107.5.8.15.999999.30000021041121051996700000250"
   },
   "ParentSeries" : "11b7c563-ae504ced-e95ed300-7176b3e8-74f7e2f5",
   "Type" : "Instance"
}
[26-Apr-2025 17:32:41 Europe/Berlin] Requête proxy vers Orthanc (GET http://localhost:8042/instances/fe9d11b9-08ca2a74-f27c7727-86fa6833-6b2583ab) - HTTP 200 : {
   "FileSize" : 526336,
   "FileUuid" : "c147a823-c25b-4c74-a7fb-877198ac4ebe",
   "ID" : "fe9d11b9-08ca2a74-f27c7727-86fa6833-6b2583ab",
   "IndexInSeries" : 13001,
   "Labels" : [],
   "MainDicomTags" : 
   {
      "AcquisitionNumber" : "13",
      "ImageComments" : "",
      "ImageOrientationPatient" : "1.0000\\0.0000\\0.0000\\0.0000\\1.0000\\0.0000",
      "ImagePositionPatient" : "-175.1000\\-175.1000\\-110.0000",
      "InstanceCreationDate" : "19970114",
      "InstanceCreationTime" : "035056.0006",
      "InstanceNumber" : " 13001",
      "SOPInstanceUID" : "1.3.46.670589.10.900123.19970114.35056000060"
   },
   "ParentSeries" : "19b4c568-a95664f5-ad117914-3ccf7292-2a7ee3a0",
   "Type" : "Instance"
}
[26-Apr-2025 17:32:41 Europe/Berlin] Requête proxy vers Orthanc (GET http://localhost:8042/instances/feaf75ad-9548b055-4a7a21f5-3db18a07-9c6903d3) - HTTP 200 : {
   "FileSize" : 526336,
   "FileUuid" : "c415c430-c5a8-4afa-854f-af8e254144b8",
   "ID" : "feaf75ad-9548b055-4a7a21f5-3db18a07-9c6903d3",
   "IndexInSeries" : 5000,
   "Labels" : [],
   "MainDicomTags" : 
   {
      "AcquisitionNumber" : " 5",
      "ImageComments" : "",
      "ImageOrientationPatient" : "1.0000\\0.0000\\0.0000\\0.0000\\1.0000\\0.0000",
      "ImagePositionPatient" : "-124.9000\\-124.9000\\15.0000",
      "InstanceCreationDate" : "19970114",
      "InstanceCreationTime" : "035029.0002",
      "InstanceNumber" : "5000",
      "SOPInstanceUID" : "1.3.46.670589.10.900123.19970114.35029000020"
   },
   "ParentSeries" : "670d99fa-c4a853ca-52f7989e-f6df82a8-5123711c",
   "Type" : "Instance"
}
[26-Apr-2025 17:32:41 Europe/Berlin] Requête proxy vers Orthanc (GET http://localhost:8042/instances/eb17dc02-607db0a6-1074ad73-79fb3688-f9a596db) - HTTP 200 : {
   "FileSize" : 526336,
   "FileUuid" : "c426268c-e58d-4f99-814f-daad18c5a0b1",
   "ID" : "eb17dc02-607db0a6-1074ad73-79fb3688-f9a596db",
   "IndexInSeries" : 6000,
   "Labels" : [],
   "MainDicomTags" : 
   {
      "AcquisitionNumber" : " 6",
      "ImageComments" : "",
      "ImageOrientationPatient" : "1.0000\\0.0000\\0.0000\\0.0000\\0.9397\\-0.3420",
      "ImagePositionPatient" : "-124.9000\\-117.4000\\67.7000",
      "InstanceCreationDate" : "19970114",
      "InstanceCreationTime" : "035036.0003",
      "InstanceNumber" : "6000",
      "SOPInstanceUID" : "1.3.46.670589.10.900123.19970114.35036000030"
   },
   "ParentSeries" : "f6ebf659-c336b2b9-102a72e3-2cd836e9-a5662c26",
   "Type" : "Instance"
}
[26-Apr-2025 17:32:41 Europe/Berlin] Requête proxy vers Orthanc (GET http://localhost:8042/series/19b4c568-a95664f5-ad117914-3ccf7292-2a7ee3a0) - HTTP 200 : {
   "ExpectedNumberOfInstances" : null,
   "ID" : "19b4c568-a95664f5-ad117914-3ccf7292-2a7ee3a0",
   "Instances" : 
   [
      "24e83fd1-ddd03175-beb6aa86-f4ce6432-4241b24f",
      "26952bd2-9569483f-e0549aca-a33b9065-69c33884",
      "2faf6dae-1e8dd60c-78fbca50-98cc48e7-66559504",
      "5974bce8-dfa0d418-48e52945-578a9547-fbb8179e",
      "63831658-2ed313e4-bdd47183-6c1be4da-c0022bb4",
      "75c6d27e-9c7d0b29-ef99341d-b7507933-63d3057d",
      "bc61cc15-593581eb-104dd853-f8e2ae2f-19704638",
      "cad86111-996653c7-c7ca1820-b783c4c3-9ff6e63b",
      "dacc5f2c-4eb67b6e-62fe20be-08583e4b-f7285061",
      "fe9d11b9-08ca2a74-f27c7727-86fa6833-6b2583ab"
   ],
   "IsStable" : true,
   "Labels" : [],
   "LastUpdate" : "20250311T081323",
   "MainDicomTags" : 
   {
      "ContrastBolusAgent" : "CONT",
      "ImageOrientationPatient" : "1.0000\\0.0000\\0.0000\\0.0000\\1.0000\\0.0000",
      "Manufacturer" : "Philips Medical Systems",
      "Modality" : "CT",
      "ProtocolName" : "50",
      "SeriesInstanceUID" : "1.3.46.670589.10.900123.19970114.35056000060.3",
      "SeriesNumber" : " 1",
      "StationName" : "MVP"
   },
   "ParentStudy" : "200b3e41-4557e5ed-2b4a1771-a9e4ad06-cd1306c8",
   "Status" : "Unknown",
   "Type" : "Series"
}
[26-Apr-2025 17:32:41 Europe/Berlin] Requête proxy vers Orthanc (GET http://localhost:8042/series/98d367a5-58eeba8b-f3c2da4b-de7d8f6f-ede53eb2) - HTTP 200 : {
   "ExpectedNumberOfInstances" : null,
   "ID" : "98d367a5-58eeba8b-f3c2da4b-de7d8f6f-ede53eb2",
   "Instances" : 
   [
      "96548d6b-b87fefbd-78a3f7c5-c5abe181-0643a103"
   ],
   "IsStable" : false,
   "Labels" : [],
   "LastUpdate" : "20250426T153239",
   "MainDicomTags" : 
   {
      "ContrastBolusAgent" : "CONTRAST",
      "ImageOrientationPatient" : "1\\0\\0\\0\\1\\0",
      "Modality" : "CT",
      "PerformedProcedureStepDescription" : "CT1 abdomen",
      "ProtocolName" : "ART.RENALES 12/Abdomen/Hx",
      "RequestAttributesSequence" : 
      [
         {
            "RequestedProcedureID" : "A10026177757",
            "ScheduledProcedureStepDescription" : "CT1 abdomen",
            "ScheduledProcedureStepID" : "A10026177758",
            "ScheduledProtocolCodeSequence" : 
            [
               {
                  "CodeMeaning" : "CT1 abdomen",
                  "CodeValue" : "CTABDOM",
                  "CodingSchemeDesignator" : "XPLORE"
               }
            ]
         }
      ],
      "SeriesDescription" : "ARTERIELLE",
      "SeriesInstanceUID" : "1.2.826.0.1.3680043.8.1055.1.20111102150758591.96842950.07877442",
      "SeriesNumber" : "6168"
   },
   "ParentStudy" : "3abaec0a-ebfaaa87-f830d52b-d62df074-6a692c12",
   "Status" : "Unknown",
   "Type" : "Series"
}
[26-Apr-2025 17:32:42 Europe/Berlin] Requête proxy vers Orthanc (GET http://localhost:8042/series/4541c007-3ddcd5b2-6bf192fc-d28df38d-afe5c271) - HTTP 200 : {
   "ExpectedNumberOfInstances" : null,
   "ID" : "4541c007-3ddcd5b2-6bf192fc-d28df38d-afe5c271",
   "Instances" : 
   [
      "582dde1a-6ee0dcb1-dc2c0a3c-06a79b2f-211eda06"
   ],
   "IsStable" : true,
   "Labels" : [],
   "LastUpdate" : "20250421T202126",
   "MainDicomTags" : 
   {
      "Modality" : "M3D",
      "SeriesDate" : "20250421",
      "SeriesDescription" : "Model",
      "SeriesInstanceUID" : "1.2.276.0.7230010.3.1.3.1159938914.5836.1745266885.813",
      "SeriesTime" : "202125.000000"
   },
   "ParentStudy" : "8e51d8c2-c73f0a1e-57f97ca6-0fe69e66-c5e753eb",
   "Status" : "Unknown",
   "Type" : "Series"
}
[26-Apr-2025 17:32:42 Europe/Berlin] Requête proxy vers Orthanc (GET http://localhost:8042/series/f623b033-c3bb9318-1ae62c1a-9fd5f247-24c86dea) - HTTP 200 : {
   "ExpectedNumberOfInstances" : null,
   "ID" : "f623b033-c3bb9318-1ae62c1a-9fd5f247-24c86dea",
   "Instances" : 
   [
      "094563e4-74b821f1-120c8584-6236b3ba-05716a47"
   ],
   "IsStable" : true,
   "Labels" : [],
   "LastUpdate" : "20250311T081322",
   "MainDicomTags" : 
   {
      "ContrastBolusAgent" : "NONE",
      "ImageOrientationPatient" : "1.0000\\0.0000\\0.0000\\0.0000\\1.0000\\0.0000",
      "Manufacturer" : "Philips Medical Systems",
      "Modality" : "CT",
      "ProtocolName" : " 1",
      "SeriesInstanceUID" : "1.3.46.670589.10.900123.19970114.35049000050.3",
      "SeriesNumber" : " 1",
      "StationName" : "MVP"
   },
   "ParentStudy" : "286789b1-82845a45-92d7dfc0-c6a8e286-27bc0129",
   "Status" : "Unknown",
   "Type" : "Series"
}
[26-Apr-2025 17:32:42 Europe/Berlin] Requête proxy vers Orthanc (GET http://localhost:8042/series/62cc4f41-9b1679c0-6ad19a2e-71fccb6f-07a3d16d) - HTTP 200 : {
   "ExpectedNumberOfInstances" : null,
   "ID" : "62cc4f41-9b1679c0-6ad19a2e-71fccb6f-07a3d16d",
   "Instances" : 
   [
      "b7fb1fb4-142e5a15-333ae197-298b1626-11f8833b"
   ],
   "IsStable" : true,
   "Labels" : [],
   "LastUpdate" : "20250421T205945",
   "MainDicomTags" : 
   {
      "Manufacturer" : "",
      "Modality" : "XA",
      "SeriesInstanceUID" : "1.3.12.2.1107.5.4.3.123456789012345.19950922.121803.8",
      "SeriesNumber" : "1"
   },
   "ParentStudy" : "aa938400-09e9f0df-8ba95f68-e21f98dd-0c6e0cf0",
   "Status" : "Unknown",
   "Type" : "Series"
}
[26-Apr-2025 17:32:42 Europe/Berlin] Requête proxy vers Orthanc (GET http://localhost:8042/series/11b7c563-ae504ced-e95ed300-7176b3e8-74f7e2f5) - HTTP 200 : {
   "ExpectedNumberOfInstances" : null,
   "ID" : "11b7c563-ae504ced-e95ed300-7176b3e8-74f7e2f5",
   "Instances" : 
   [
      "e07efef8-4eba99da-e58dbc40-0173c1da-e2535081"
   ],
   "IsStable" : true,
   "Labels" : [],
   "LastUpdate" : "20250421T233940",
   "MainDicomTags" : 
   {
      "Manufacturer" : "Siemens Healthineers",
      "Modality" : "MR",
      "PerformedProcedureStepDescription" : "Osteo_2021 Cheville",
      "PerformedProcedureStepStartDate" : "20210113",
      "PerformedProcedureStepStartTime" : "130454.100000",
      "ProtocolName" : "t1_sag_tse REF",
      "SeriesDate" : "20210411",
      "SeriesDescription" : "Exported MR Basic Reading",
      "SeriesInstanceUID" : "1.3.12.2.1107.5.8.15.999999.30000021041121051996700000249",
      "SeriesNumber" : "1005",
      "SeriesTime" : "213018.573513",
      "StationName" : "MR-T10-MRC19-04"
   },
   "ParentStudy" : "ae9bf996-b6ab6a8b-eba1f35e-14600862-f9393ddd",
   "Status" : "Unknown",
   "Type" : "Series"
}
[26-Apr-2025 17:32:42 Europe/Berlin] Requête proxy vers Orthanc (GET http://localhost:8042/series/19b4c568-a95664f5-ad117914-3ccf7292-2a7ee3a0) - HTTP 200 : {
   "ExpectedNumberOfInstances" : null,
   "ID" : "19b4c568-a95664f5-ad117914-3ccf7292-2a7ee3a0",
   "Instances" : 
   [
      "24e83fd1-ddd03175-beb6aa86-f4ce6432-4241b24f",
      "26952bd2-9569483f-e0549aca-a33b9065-69c33884",
      "2faf6dae-1e8dd60c-78fbca50-98cc48e7-66559504",
      "5974bce8-dfa0d418-48e52945-578a9547-fbb8179e",
      "63831658-2ed313e4-bdd47183-6c1be4da-c0022bb4",
      "75c6d27e-9c7d0b29-ef99341d-b7507933-63d3057d",
      "bc61cc15-593581eb-104dd853-f8e2ae2f-19704638",
      "cad86111-996653c7-c7ca1820-b783c4c3-9ff6e63b",
      "dacc5f2c-4eb67b6e-62fe20be-08583e4b-f7285061",
      "fe9d11b9-08ca2a74-f27c7727-86fa6833-6b2583ab"
   ],
   "IsStable" : true,
   "Labels" : [],
   "LastUpdate" : "20250311T081323",
   "MainDicomTags" : 
   {
      "ContrastBolusAgent" : "CONT",
      "ImageOrientationPatient" : "1.0000\\0.0000\\0.0000\\0.0000\\1.0000\\0.0000",
      "Manufacturer" : "Philips Medical Systems",
      "Modality" : "CT",
      "ProtocolName" : "50",
      "SeriesInstanceUID" : "1.3.46.670589.10.900123.19970114.35056000060.3",
      "SeriesNumber" : " 1",
      "StationName" : "MVP"
   },
   "ParentStudy" : "200b3e41-4557e5ed-2b4a1771-a9e4ad06-cd1306c8",
   "Status" : "Unknown",
   "Type" : "Series"
}
[26-Apr-2025 17:32:42 Europe/Berlin] Requête proxy vers Orthanc (GET http://localhost:8042/studies/200b3e41-4557e5ed-2b4a1771-a9e4ad06-cd1306c8) - HTTP 200 : {
   "ID" : "200b3e41-4557e5ed-2b4a1771-a9e4ad06-cd1306c8",
   "IsStable" : true,
   "Labels" : [],
   "LastUpdate" : "20250311T081323",
   "MainDicomTags" : 
   {
      "AccessionNumber" : "",
      "InstitutionName" : "CHU St ROCH",
      "ReferringPhysicianName" : "",
      "StudyDate" : "19961014",
      "StudyID" : "2019",
      "StudyInstanceUID" : "1.3.46.670589.10.900123.19970114.35056000060.1",
      "StudyTime" : "145056.00000"
   },
   "ParentPatient" : "9b4d864d-a53a383a-44cdda8a-269b4eee-777c5729",
   "PatientMainDicomTags" : 
   {
      "PatientBirthDate" : "19781010",
      "PatientID" : "0000002019",
      "PatientName" : "AVE+ ABDOMEN",
      "PatientSex" : "M"
   },
   "Series" : 
   [
      "19b4c568-a95664f5-ad117914-3ccf7292-2a7ee3a0"
   ],
   "Type" : "Study"
}
[26-Apr-2025 17:32:42 Europe/Berlin] Requête proxy vers Orthanc (GET http://localhost:8042/series/670d99fa-c4a853ca-52f7989e-f6df82a8-5123711c) - HTTP 200 : {
   "ExpectedNumberOfInstances" : null,
   "ID" : "670d99fa-c4a853ca-52f7989e-f6df82a8-5123711c",
   "Instances" : 
   [
      "feaf75ad-9548b055-4a7a21f5-3db18a07-9c6903d3"
   ],
   "IsStable" : true,
   "Labels" : [],
   "LastUpdate" : "20250311T081322",
   "MainDicomTags" : 
   {
      "ContrastBolusAgent" : "NONE",
      "ImageOrientationPatient" : "1.0000\\0.0000\\0.0000\\0.0000\\1.0000\\0.0000",
      "Manufacturer" : "Philips Medical Systems",
      "Modality" : "CT",
      "ProtocolName" : " 1",
      "SeriesInstanceUID" : "1.3.46.670589.10.900123.19970114.35029000020.3",
      "SeriesNumber" : " 1",
      "StationName" : "MVP"
   },
   "ParentStudy" : "0ba2c4af-c4286377-ed83307a-c4307d90-422eea83",
   "Status" : "Unknown",
   "Type" : "Series"
}
[26-Apr-2025 17:32:42 Europe/Berlin] Requête proxy vers Orthanc (GET http://localhost:8042/series/f6ebf659-c336b2b9-102a72e3-2cd836e9-a5662c26) - HTTP 200 : {
   "ExpectedNumberOfInstances" : null,
   "ID" : "f6ebf659-c336b2b9-102a72e3-2cd836e9-a5662c26",
   "Instances" : 
   [
      "eb17dc02-607db0a6-1074ad73-79fb3688-f9a596db"
   ],
   "IsStable" : true,
   "Labels" : [],
   "LastUpdate" : "20250311T081322",
   "MainDicomTags" : 
   {
      "ContrastBolusAgent" : "NONE",
      "ImageOrientationPatient" : "1.0000\\0.0000\\0.0000\\0.0000\\0.9397\\-0.3420",
      "Manufacturer" : "Philips Medical Systems",
      "Modality" : "CT",
      "ProtocolName" : " 1",
      "SeriesInstanceUID" : "1.3.46.670589.10.900123.19970114.35036000030.3",
      "SeriesNumber" : " 1",
      "StationName" : "MVP"
   },
   "ParentStudy" : "8e51d8c2-c73f0a1e-57f97ca6-0fe69e66-c5e753eb",
   "Status" : "Unknown",
   "Type" : "Series"
}
[26-Apr-2025 17:32:42 Europe/Berlin] Requête proxy vers Orthanc (GET http://localhost:8042/studies/3abaec0a-ebfaaa87-f830d52b-d62df074-6a692c12) - HTTP 200 : {
   "ID" : "3abaec0a-ebfaaa87-f830d52b-d62df074-6a692c12",
   "IsStable" : false,
   "Labels" : [],
   "LastUpdate" : "20250426T153239",
   "MainDicomTags" : 
   {
      "StudyDate" : "20061012",
      "StudyDescription" : "CT1 abdomen",
      "StudyInstanceUID" : "1.2.826.0.1.3680043.8.1055.1.20111102150758591.92402465.76095170",
      "StudyTime" : "090258.000000"
   },
   "ParentPatient" : "b6589fc6-ab0dc82c-f12099d1-c2d40ab9-94e8410c",
   "PatientMainDicomTags" : 
   {
      "PatientID" : "0",
      "PatientName" : "Anonymized"
   },
   "Series" : 
   [
      "98d367a5-58eeba8b-f3c2da4b-de7d8f6f-ede53eb2"
   ],
   "Type" : "Study"
}
[26-Apr-2025 17:32:42 Europe/Berlin] Requête proxy vers Orthanc (GET http://localhost:8042/studies/286789b1-82845a45-92d7dfc0-c6a8e286-27bc0129) - HTTP 200 : {
   "ID" : "286789b1-82845a45-92d7dfc0-c6a8e286-27bc0129",
   "IsStable" : true,
   "Labels" : [],
   "LastUpdate" : "20250311T081322",
   "MainDicomTags" : 
   {
      "AccessionNumber" : "",
      "InstitutionName" : "CHU St ROCH",
      "ReferringPhysicianName" : "",
      "StudyDate" : "19961014",
      "StudyID" : "2011",
      "StudyInstanceUID" : "1.3.46.670589.10.900123.19970114.35049000050.1",
      "StudyTime" : "115421.00000"
   },
   "ParentPatient" : "10092b57-91bddc20-e68b74c7-8956c6df-49e00750",
   "PatientMainDicomTags" : 
   {
      "PatientBirthDate" : "19320918",
      "PatientID" : "0000002011",
      "PatientName" : "AVE+ KNEE",
      "PatientSex" : "F"
   },
   "Series" : 
   [
      "f623b033-c3bb9318-1ae62c1a-9fd5f247-24c86dea"
   ],
   "Type" : "Study"
}
[26-Apr-2025 17:32:42 Europe/Berlin] Requête proxy vers Orthanc (GET http://localhost:8042/studies/8e51d8c2-c73f0a1e-57f97ca6-0fe69e66-c5e753eb) - HTTP 200 : {
   "ID" : "8e51d8c2-c73f0a1e-57f97ca6-0fe69e66-c5e753eb",
   "IsStable" : true,
   "Labels" : [],
   "LastUpdate" : "20250421T202126",
   "MainDicomTags" : 
   {
      "AccessionNumber" : "",
      "InstitutionName" : "CHU St ROCH",
      "ReferringPhysicianName" : "",
      "StudyDate" : "19961014",
      "StudyID" : "2018",
      "StudyInstanceUID" : "1.3.46.670589.10.900123.19970114.35036000030.1",
      "StudyTime" : "140735.00000"
   },
   "ParentPatient" : "62bc7cdd-8f5ae588-dea41879-6a8e18d1-d44362ee",
   "PatientMainDicomTags" : 
   {
      "PatientBirthDate" : "19240101",
      "PatientID" : "0000002018",
      "PatientName" : "AVE+ BRAIN + POST + SINUS",
      "PatientSex" : "M"
   },
   "Series" : 
   [
      "4541c007-3ddcd5b2-6bf192fc-d28df38d-afe5c271",
      "f6ebf659-c336b2b9-102a72e3-2cd836e9-a5662c26"
   ],
   "Type" : "Study"
}
[26-Apr-2025 17:32:42 Europe/Berlin] Requête proxy vers Orthanc (GET http://localhost:8042/studies/aa938400-09e9f0df-8ba95f68-e21f98dd-0c6e0cf0) - HTTP 200 : {
   "ID" : "aa938400-09e9f0df-8ba95f68-e21f98dd-0c6e0cf0",
   "IsStable" : true,
   "Labels" : [],
   "LastUpdate" : "20250421T205945",
   "MainDicomTags" : 
   {
      "AccessionNumber" : "",
      "InstitutionName" : "",
      "ReferringPhysicianName" : "",
      "StudyDate" : "19941013",
      "StudyDescription" : "",
      "StudyID" : "",
      "StudyInstanceUID" : "1.3.12.2.1107.5.4.3.123456789012345.19950922.121803.6",
      "StudyTime" : "141917"
   },
   "ParentPatient" : "1e6ca9a6-71d9b622-24e72d15-16251ee8-3735baf5",
   "PatientMainDicomTags" : 
   {
      "PatientBirthDate" : "19951025",
      "PatientID" : "556342B",
      "PatientName" : "Rubo DEMO",
      "PatientSex" : "M"
   },
   "Series" : 
   [
      "62cc4f41-9b1679c0-6ad19a2e-71fccb6f-07a3d16d"
   ],
   "Type" : "Study"
}
[26-Apr-2025 17:32:42 Europe/Berlin] Requête proxy vers Orthanc (GET http://localhost:8042/studies/ae9bf996-b6ab6a8b-eba1f35e-14600862-f9393ddd) - HTTP 200 : {
   "ID" : "ae9bf996-b6ab6a8b-eba1f35e-14600862-f9393ddd",
   "IsStable" : true,
   "Labels" : [],
   "LastUpdate" : "20250421T233940",
   "MainDicomTags" : 
   {
      "AccessionNumber" : "",
      "InstitutionName" : "",
      "ReferringPhysicianName" : "",
      "StudyDate" : "20210113",
      "StudyDescription" : "Osteo_2021 Cheville",
      "StudyID" : "b0513b81-3517-43",
      "StudyInstanceUID" : "1.3.12.2.1107.5.2.53.189501.30000021011309045077000000005",
      "StudyTime" : "130454.100000"
   },
   "ParentPatient" : "c5cc2652-d994a3cd-4c0b46e9-8aeb6e72-a0135eba",
   "PatientMainDicomTags" : 
   {
      "PatientBirthDate" : "19960205",
      "PatientID" : "2021.01.13-13:04:52-STD-1.3.12.2.1107.5.99.3",
      "PatientName" : "DeepResolve_Altea2",
      "PatientSex" : "M"
   },
   "Series" : 
   [
      "11b7c563-ae504ced-e95ed300-7176b3e8-74f7e2f5"
   ],
   "Type" : "Study"
}
[26-Apr-2025 17:32:42 Europe/Berlin] Requête proxy vers Orthanc (GET http://localhost:8042/studies/200b3e41-4557e5ed-2b4a1771-a9e4ad06-cd1306c8) - HTTP 200 : {
   "ID" : "200b3e41-4557e5ed-2b4a1771-a9e4ad06-cd1306c8",
   "IsStable" : true,
   "Labels" : [],
   "LastUpdate" : "20250311T081323",
   "MainDicomTags" : 
   {
      "AccessionNumber" : "",
      "InstitutionName" : "CHU St ROCH",
      "ReferringPhysicianName" : "",
      "StudyDate" : "19961014",
      "StudyID" : "2019",
      "StudyInstanceUID" : "1.3.46.670589.10.900123.19970114.35056000060.1",
      "StudyTime" : "145056.00000"
   },
   "ParentPatient" : "9b4d864d-a53a383a-44cdda8a-269b4eee-777c5729",
   "PatientMainDicomTags" : 
   {
      "PatientBirthDate" : "19781010",
      "PatientID" : "0000002019",
      "PatientName" : "AVE+ ABDOMEN",
      "PatientSex" : "M"
   },
   "Series" : 
   [
      "19b4c568-a95664f5-ad117914-3ccf7292-2a7ee3a0"
   ],
   "Type" : "Study"
}
[26-Apr-2025 17:32:42 Europe/Berlin] Requête proxy vers Orthanc (GET http://localhost:8042/series/19b4c568-a95664f5-ad117914-3ccf7292-2a7ee3a0) - HTTP 200 : {
   "ExpectedNumberOfInstances" : null,
   "ID" : "19b4c568-a95664f5-ad117914-3ccf7292-2a7ee3a0",
   "Instances" : 
   [
      "24e83fd1-ddd03175-beb6aa86-f4ce6432-4241b24f",
      "26952bd2-9569483f-e0549aca-a33b9065-69c33884",
      "2faf6dae-1e8dd60c-78fbca50-98cc48e7-66559504",
      "5974bce8-dfa0d418-48e52945-578a9547-fbb8179e",
      "63831658-2ed313e4-bdd47183-6c1be4da-c0022bb4",
      "75c6d27e-9c7d0b29-ef99341d-b7507933-63d3057d",
      "bc61cc15-593581eb-104dd853-f8e2ae2f-19704638",
      "cad86111-996653c7-c7ca1820-b783c4c3-9ff6e63b",
      "dacc5f2c-4eb67b6e-62fe20be-08583e4b-f7285061",
      "fe9d11b9-08ca2a74-f27c7727-86fa6833-6b2583ab"
   ],
   "IsStable" : true,
   "Labels" : [],
   "LastUpdate" : "20250311T081323",
   "MainDicomTags" : 
   {
      "ContrastBolusAgent" : "CONT",
      "ImageOrientationPatient" : "1.0000\\0.0000\\0.0000\\0.0000\\1.0000\\0.0000",
      "Manufacturer" : "Philips Medical Systems",
      "Modality" : "CT",
      "ProtocolName" : "50",
      "SeriesInstanceUID" : "1.3.46.670589.10.900123.19970114.35056000060.3",
      "SeriesNumber" : " 1",
      "StationName" : "MVP"
   },
   "ParentStudy" : "200b3e41-4557e5ed-2b4a1771-a9e4ad06-cd1306c8",
   "Status" : "Unknown",
   "Type" : "Series"
}
[26-Apr-2025 17:32:42 Europe/Berlin] Requête proxy vers Orthanc (GET http://localhost:8042/studies/8e51d8c2-c73f0a1e-57f97ca6-0fe69e66-c5e753eb) - HTTP 200 : {
   "ID" : "8e51d8c2-c73f0a1e-57f97ca6-0fe69e66-c5e753eb",
   "IsStable" : true,
   "Labels" : [],
   "LastUpdate" : "20250421T202126",
   "MainDicomTags" : 
   {
      "AccessionNumber" : "",
      "InstitutionName" : "CHU St ROCH",
      "ReferringPhysicianName" : "",
      "StudyDate" : "19961014",
      "StudyID" : "2018",
      "StudyInstanceUID" : "1.3.46.670589.10.900123.19970114.35036000030.1",
      "StudyTime" : "140735.00000"
   },
   "ParentPatient" : "62bc7cdd-8f5ae588-dea41879-6a8e18d1-d44362ee",
   "PatientMainDicomTags" : 
   {
      "PatientBirthDate" : "19240101",
      "PatientID" : "0000002018",
      "PatientName" : "AVE+ BRAIN + POST + SINUS",
      "PatientSex" : "M"
   },
   "Series" : 
   [
      "4541c007-3ddcd5b2-6bf192fc-d28df38d-afe5c271",
      "f6ebf659-c336b2b9-102a72e3-2cd836e9-a5662c26"
   ],
   "Type" : "Study"
}
[26-Apr-2025 17:32:42 Europe/Berlin] Requête proxy vers Orthanc (GET http://localhost:8042/studies/0ba2c4af-c4286377-ed83307a-c4307d90-422eea83) - HTTP 200 : {
   "ID" : "0ba2c4af-c4286377-ed83307a-c4307d90-422eea83",
   "IsStable" : true,
   "Labels" : [],
   "LastUpdate" : "20250311T081322",
   "MainDicomTags" : 
   {
      "AccessionNumber" : "",
      "InstitutionName" : "CHU St ROCH",
      "ReferringPhysicianName" : "",
      "StudyDate" : "19961014",
      "StudyID" : "2014",
      "StudyInstanceUID" : "1.3.46.670589.10.900123.19970114.35029000020.1",
      "StudyTime" : "121625.00000"
   },
   "ParentPatient" : "8fff5df9-52cafc00-77071493-d6c9febb-c05b7e14",
   "PatientMainDicomTags" : 
   {
      "PatientBirthDate" : "19131220",
      "PatientID" : "0000002014",
      "PatientName" : "AVE+ BRAIN + POST FOS.",
      "PatientSex" : "F"
   },
   "Series" : 
   [
      "670d99fa-c4a853ca-52f7989e-f6df82a8-5123711c"
   ],
   "Type" : "Study"
}
[26-Apr-2025 17:32:42 Europe/Berlin] Requête proxy vers Orthanc (GET http://localhost:8042/series/19b4c568-a95664f5-ad117914-3ccf7292-2a7ee3a0) - HTTP 200 : {
   "ExpectedNumberOfInstances" : null,
   "ID" : "19b4c568-a95664f5-ad117914-3ccf7292-2a7ee3a0",
   "Instances" : 
   [
      "24e83fd1-ddd03175-beb6aa86-f4ce6432-4241b24f",
      "26952bd2-9569483f-e0549aca-a33b9065-69c33884",
      "2faf6dae-1e8dd60c-78fbca50-98cc48e7-66559504",
      "5974bce8-dfa0d418-48e52945-578a9547-fbb8179e",
      "63831658-2ed313e4-bdd47183-6c1be4da-c0022bb4",
      "75c6d27e-9c7d0b29-ef99341d-b7507933-63d3057d",
      "bc61cc15-593581eb-104dd853-f8e2ae2f-19704638",
      "cad86111-996653c7-c7ca1820-b783c4c3-9ff6e63b",
      "dacc5f2c-4eb67b6e-62fe20be-08583e4b-f7285061",
      "fe9d11b9-08ca2a74-f27c7727-86fa6833-6b2583ab"
   ],
   "IsStable" : true,
   "Labels" : [],
   "LastUpdate" : "20250311T081323",
   "MainDicomTags" : 
   {
      "ContrastBolusAgent" : "CONT",
      "ImageOrientationPatient" : "1.0000\\0.0000\\0.0000\\0.0000\\1.0000\\0.0000",
      "Manufacturer" : "Philips Medical Systems",
      "Modality" : "CT",
      "ProtocolName" : "50",
      "SeriesInstanceUID" : "1.3.46.670589.10.900123.19970114.35056000060.3",
      "SeriesNumber" : " 1",
      "StationName" : "MVP"
   },
   "ParentStudy" : "200b3e41-4557e5ed-2b4a1771-a9e4ad06-cd1306c8",
   "Status" : "Unknown",
   "Type" : "Series"
}
[26-Apr-2025 17:32:42 Europe/Berlin] Requête proxy vers Orthanc (GET http://localhost:8042/studies/200b3e41-4557e5ed-2b4a1771-a9e4ad06-cd1306c8) - HTTP 200 : {
   "ID" : "200b3e41-4557e5ed-2b4a1771-a9e4ad06-cd1306c8",
   "IsStable" : true,
   "Labels" : [],
   "LastUpdate" : "20250311T081323",
   "MainDicomTags" : 
   {
      "AccessionNumber" : "",
      "InstitutionName" : "CHU St ROCH",
      "ReferringPhysicianName" : "",
      "StudyDate" : "19961014",
      "StudyID" : "2019",
      "StudyInstanceUID" : "1.3.46.670589.10.900123.19970114.35056000060.1",
      "StudyTime" : "145056.00000"
   },
   "ParentPatient" : "9b4d864d-a53a383a-44cdda8a-269b4eee-777c5729",
   "PatientMainDicomTags" : 
   {
      "PatientBirthDate" : "19781010",
      "PatientID" : "0000002019",
      "PatientName" : "AVE+ ABDOMEN",
      "PatientSex" : "M"
   },
   "Series" : 
   [
      "19b4c568-a95664f5-ad117914-3ccf7292-2a7ee3a0"
   ],
   "Type" : "Study"
}
[26-Apr-2025 17:32:42 Europe/Berlin] Requête proxy vers Orthanc (GET http://localhost:8042/studies/200b3e41-4557e5ed-2b4a1771-a9e4ad06-cd1306c8) - HTTP 200 : {
   "ID" : "200b3e41-4557e5ed-2b4a1771-a9e4ad06-cd1306c8",
   "IsStable" : true,
   "Labels" : [],
   "LastUpdate" : "20250311T081323",
   "MainDicomTags" : 
   {
      "AccessionNumber" : "",
      "InstitutionName" : "CHU St ROCH",
      "ReferringPhysicianName" : "",
      "StudyDate" : "19961014",
      "StudyID" : "2019",
      "StudyInstanceUID" : "1.3.46.670589.10.900123.19970114.35056000060.1",
      "StudyTime" : "145056.00000"
   },
   "ParentPatient" : "9b4d864d-a53a383a-44cdda8a-269b4eee-777c5729",
   "PatientMainDicomTags" : 
   {
      "PatientBirthDate" : "19781010",
      "PatientID" : "0000002019",
      "PatientName" : "AVE+ ABDOMEN",
      "PatientSex" : "M"
   },
   "Series" : 
   [
      "19b4c568-a95664f5-ad117914-3ccf7292-2a7ee3a0"
   ],
   "Type" : "Study"
}
[26-Apr-2025 17:32:42 Europe/Berlin] Requête proxy vers Orthanc (GET http://localhost:8042/series/19b4c568-a95664f5-ad117914-3ccf7292-2a7ee3a0) - HTTP 200 : {
   "ExpectedNumberOfInstances" : null,
   "ID" : "19b4c568-a95664f5-ad117914-3ccf7292-2a7ee3a0",
   "Instances" : 
   [
      "24e83fd1-ddd03175-beb6aa86-f4ce6432-4241b24f",
      "26952bd2-9569483f-e0549aca-a33b9065-69c33884",
      "2faf6dae-1e8dd60c-78fbca50-98cc48e7-66559504",
      "5974bce8-dfa0d418-48e52945-578a9547-fbb8179e",
      "63831658-2ed313e4-bdd47183-6c1be4da-c0022bb4",
      "75c6d27e-9c7d0b29-ef99341d-b7507933-63d3057d",
      "bc61cc15-593581eb-104dd853-f8e2ae2f-19704638",
      "cad86111-996653c7-c7ca1820-b783c4c3-9ff6e63b",
      "dacc5f2c-4eb67b6e-62fe20be-08583e4b-f7285061",
      "fe9d11b9-08ca2a74-f27c7727-86fa6833-6b2583ab"
   ],
   "IsStable" : true,
   "Labels" : [],
   "LastUpdate" : "20250311T081323",
   "MainDicomTags" : 
   {
      "ContrastBolusAgent" : "CONT",
      "ImageOrientationPatient" : "1.0000\\0.0000\\0.0000\\0.0000\\1.0000\\0.0000",
      "Manufacturer" : "Philips Medical Systems",
      "Modality" : "CT",
      "ProtocolName" : "50",
      "SeriesInstanceUID" : "1.3.46.670589.10.900123.19970114.35056000060.3",
      "SeriesNumber" : " 1",
      "StationName" : "MVP"
   },
   "ParentStudy" : "200b3e41-4557e5ed-2b4a1771-a9e4ad06-cd1306c8",
   "Status" : "Unknown",
   "Type" : "Series"
}
[26-Apr-2025 17:32:43 Europe/Berlin] Requête proxy vers Orthanc (GET http://localhost:8042/studies/200b3e41-4557e5ed-2b4a1771-a9e4ad06-cd1306c8) - HTTP 200 : {
   "ID" : "200b3e41-4557e5ed-2b4a1771-a9e4ad06-cd1306c8",
   "IsStable" : true,
   "Labels" : [],
   "LastUpdate" : "20250311T081323",
   "MainDicomTags" : 
   {
      "AccessionNumber" : "",
      "InstitutionName" : "CHU St ROCH",
      "ReferringPhysicianName" : "",
      "StudyDate" : "19961014",
      "StudyID" : "2019",
      "StudyInstanceUID" : "1.3.46.670589.10.900123.19970114.35056000060.1",
      "StudyTime" : "145056.00000"
   },
   "ParentPatient" : "9b4d864d-a53a383a-44cdda8a-269b4eee-777c5729",
   "PatientMainDicomTags" : 
   {
      "PatientBirthDate" : "19781010",
      "PatientID" : "0000002019",
      "PatientName" : "AVE+ ABDOMEN",
      "PatientSex" : "M"
   },
   "Series" : 
   [
      "19b4c568-a95664f5-ad117914-3ccf7292-2a7ee3a0"
   ],
   "Type" : "Study"
}
[26-Apr-2025 17:32:43 Europe/Berlin] Requête proxy vers Orthanc (GET http://localhost:8042/series/19b4c568-a95664f5-ad117914-3ccf7292-2a7ee3a0) - HTTP 200 : {
   "ExpectedNumberOfInstances" : null,
   "ID" : "19b4c568-a95664f5-ad117914-3ccf7292-2a7ee3a0",
   "Instances" : 
   [
      "24e83fd1-ddd03175-beb6aa86-f4ce6432-4241b24f",
      "26952bd2-9569483f-e0549aca-a33b9065-69c33884",
      "2faf6dae-1e8dd60c-78fbca50-98cc48e7-66559504",
      "5974bce8-dfa0d418-48e52945-578a9547-fbb8179e",
      "63831658-2ed313e4-bdd47183-6c1be4da-c0022bb4",
      "75c6d27e-9c7d0b29-ef99341d-b7507933-63d3057d",
      "bc61cc15-593581eb-104dd853-f8e2ae2f-19704638",
      "cad86111-996653c7-c7ca1820-b783c4c3-9ff6e63b",
      "dacc5f2c-4eb67b6e-62fe20be-08583e4b-f7285061",
      "fe9d11b9-08ca2a74-f27c7727-86fa6833-6b2583ab"
   ],
   "IsStable" : true,
   "Labels" : [],
   "LastUpdate" : "20250311T081323",
   "MainDicomTags" : 
   {
      "ContrastBolusAgent" : "CONT",
      "ImageOrientationPatient" : "1.0000\\0.0000\\0.0000\\0.0000\\1.0000\\0.0000",
      "Manufacturer" : "Philips Medical Systems",
      "Modality" : "CT",
      "ProtocolName" : "50",
      "SeriesInstanceUID" : "1.3.46.670589.10.900123.19970114.35056000060.3",
      "SeriesNumber" : " 1",
      "StationName" : "MVP"
   },
   "ParentStudy" : "200b3e41-4557e5ed-2b4a1771-a9e4ad06-cd1306c8",
   "Status" : "Unknown",
   "Type" : "Series"
}
[26-Apr-2025 17:32:43 Europe/Berlin] Requête proxy vers Orthanc (GET http://localhost:8042/series/19b4c568-a95664f5-ad117914-3ccf7292-2a7ee3a0) - HTTP 200 : {
   "ExpectedNumberOfInstances" : null,
   "ID" : "19b4c568-a95664f5-ad117914-3ccf7292-2a7ee3a0",
   "Instances" : 
   [
      "24e83fd1-ddd03175-beb6aa86-f4ce6432-4241b24f",
      "26952bd2-9569483f-e0549aca-a33b9065-69c33884",
      "2faf6dae-1e8dd60c-78fbca50-98cc48e7-66559504",
      "5974bce8-dfa0d418-48e52945-578a9547-fbb8179e",
      "63831658-2ed313e4-bdd47183-6c1be4da-c0022bb4",
      "75c6d27e-9c7d0b29-ef99341d-b7507933-63d3057d",
      "bc61cc15-593581eb-104dd853-f8e2ae2f-19704638",
      "cad86111-996653c7-c7ca1820-b783c4c3-9ff6e63b",
      "dacc5f2c-4eb67b6e-62fe20be-08583e4b-f7285061",
      "fe9d11b9-08ca2a74-f27c7727-86fa6833-6b2583ab"
   ],
   "IsStable" : true,
   "Labels" : [],
   "LastUpdate" : "20250311T081323",
   "MainDicomTags" : 
   {
      "ContrastBolusAgent" : "CONT",
      "ImageOrientationPatient" : "1.0000\\0.0000\\0.0000\\0.0000\\1.0000\\0.0000",
      "Manufacturer" : "Philips Medical Systems",
      "Modality" : "CT",
      "ProtocolName" : "50",
      "SeriesInstanceUID" : "1.3.46.670589.10.900123.19970114.35056000060.3",
      "SeriesNumber" : " 1",
      "StationName" : "MVP"
   },
   "ParentStudy" : "200b3e41-4557e5ed-2b4a1771-a9e4ad06-cd1306c8",
   "Status" : "Unknown",
   "Type" : "Series"
}
[26-Apr-2025 17:32:43 Europe/Berlin] Requête proxy vers Orthanc (GET http://localhost:8042/studies/200b3e41-4557e5ed-2b4a1771-a9e4ad06-cd1306c8) - HTTP 200 : {
   "ID" : "200b3e41-4557e5ed-2b4a1771-a9e4ad06-cd1306c8",
   "IsStable" : true,
   "Labels" : [],
   "LastUpdate" : "20250311T081323",
   "MainDicomTags" : 
   {
      "AccessionNumber" : "",
      "InstitutionName" : "CHU St ROCH",
      "ReferringPhysicianName" : "",
      "StudyDate" : "19961014",
      "StudyID" : "2019",
      "StudyInstanceUID" : "1.3.46.670589.10.900123.19970114.35056000060.1",
      "StudyTime" : "145056.00000"
   },
   "ParentPatient" : "9b4d864d-a53a383a-44cdda8a-269b4eee-777c5729",
   "PatientMainDicomTags" : 
   {
      "PatientBirthDate" : "19781010",
      "PatientID" : "0000002019",
      "PatientName" : "AVE+ ABDOMEN",
      "PatientSex" : "M"
   },
   "Series" : 
   [
      "19b4c568-a95664f5-ad117914-3ccf7292-2a7ee3a0"
   ],
   "Type" : "Study"
}
[26-Apr-2025 17:32:43 Europe/Berlin] Requête proxy vers Orthanc (GET http://localhost:8042/series/19b4c568-a95664f5-ad117914-3ccf7292-2a7ee3a0) - HTTP 200 : {
   "ExpectedNumberOfInstances" : null,
   "ID" : "19b4c568-a95664f5-ad117914-3ccf7292-2a7ee3a0",
   "Instances" : 
   [
      "24e83fd1-ddd03175-beb6aa86-f4ce6432-4241b24f",
      "26952bd2-9569483f-e0549aca-a33b9065-69c33884",
      "2faf6dae-1e8dd60c-78fbca50-98cc48e7-66559504",
      "5974bce8-dfa0d418-48e52945-578a9547-fbb8179e",
      "63831658-2ed313e4-bdd47183-6c1be4da-c0022bb4",
      "75c6d27e-9c7d0b29-ef99341d-b7507933-63d3057d",
      "bc61cc15-593581eb-104dd853-f8e2ae2f-19704638",
      "cad86111-996653c7-c7ca1820-b783c4c3-9ff6e63b",
      "dacc5f2c-4eb67b6e-62fe20be-08583e4b-f7285061",
      "fe9d11b9-08ca2a74-f27c7727-86fa6833-6b2583ab"
   ],
   "IsStable" : true,
   "Labels" : [],
   "LastUpdate" : "20250311T081323",
   "MainDicomTags" : 
   {
      "ContrastBolusAgent" : "CONT",
      "ImageOrientationPatient" : "1.0000\\0.0000\\0.0000\\0.0000\\1.0000\\0.0000",
      "Manufacturer" : "Philips Medical Systems",
      "Modality" : "CT",
      "ProtocolName" : "50",
      "SeriesInstanceUID" : "1.3.46.670589.10.900123.19970114.35056000060.3",
      "SeriesNumber" : " 1",
      "StationName" : "MVP"
   },
   "ParentStudy" : "200b3e41-4557e5ed-2b4a1771-a9e4ad06-cd1306c8",
   "Status" : "Unknown",
   "Type" : "Series"
}
[26-Apr-2025 17:32:43 Europe/Berlin] Requête proxy vers Orthanc (GET http://localhost:8042/studies/200b3e41-4557e5ed-2b4a1771-a9e4ad06-cd1306c8) - HTTP 200 : {
   "ID" : "200b3e41-4557e5ed-2b4a1771-a9e4ad06-cd1306c8",
   "IsStable" : true,
   "Labels" : [],
   "LastUpdate" : "20250311T081323",
   "MainDicomTags" : 
   {
      "AccessionNumber" : "",
      "InstitutionName" : "CHU St ROCH",
      "ReferringPhysicianName" : "",
      "StudyDate" : "19961014",
      "StudyID" : "2019",
      "StudyInstanceUID" : "1.3.46.670589.10.900123.19970114.35056000060.1",
      "StudyTime" : "145056.00000"
   },
   "ParentPatient" : "9b4d864d-a53a383a-44cdda8a-269b4eee-777c5729",
   "PatientMainDicomTags" : 
   {
      "PatientBirthDate" : "19781010",
      "PatientID" : "0000002019",
      "PatientName" : "AVE+ ABDOMEN",
      "PatientSex" : "M"
   },
   "Series" : 
   [
      "19b4c568-a95664f5-ad117914-3ccf7292-2a7ee3a0"
   ],
   "Type" : "Study"
}
[26-Apr-2025 17:32:43 Europe/Berlin] Requête proxy vers Orthanc (GET http://localhost:8042/series/19b4c568-a95664f5-ad117914-3ccf7292-2a7ee3a0) - HTTP 200 : {
   "ExpectedNumberOfInstances" : null,
   "ID" : "19b4c568-a95664f5-ad117914-3ccf7292-2a7ee3a0",
   "Instances" : 
   [
      "24e83fd1-ddd03175-beb6aa86-f4ce6432-4241b24f",
      "26952bd2-9569483f-e0549aca-a33b9065-69c33884",
      "2faf6dae-1e8dd60c-78fbca50-98cc48e7-66559504",
      "5974bce8-dfa0d418-48e52945-578a9547-fbb8179e",
      "63831658-2ed313e4-bdd47183-6c1be4da-c0022bb4",
      "75c6d27e-9c7d0b29-ef99341d-b7507933-63d3057d",
      "bc61cc15-593581eb-104dd853-f8e2ae2f-19704638",
      "cad86111-996653c7-c7ca1820-b783c4c3-9ff6e63b",
      "dacc5f2c-4eb67b6e-62fe20be-08583e4b-f7285061",
      "fe9d11b9-08ca2a74-f27c7727-86fa6833-6b2583ab"
   ],
   "IsStable" : true,
   "Labels" : [],
   "LastUpdate" : "20250311T081323",
   "MainDicomTags" : 
   {
      "ContrastBolusAgent" : "CONT",
      "ImageOrientationPatient" : "1.0000\\0.0000\\0.0000\\0.0000\\1.0000\\0.0000",
      "Manufacturer" : "Philips Medical Systems",
      "Modality" : "CT",
      "ProtocolName" : "50",
      "SeriesInstanceUID" : "1.3.46.670589.10.900123.19970114.35056000060.3",
      "SeriesNumber" : " 1",
      "StationName" : "MVP"
   },
   "ParentStudy" : "200b3e41-4557e5ed-2b4a1771-a9e4ad06-cd1306c8",
   "Status" : "Unknown",
   "Type" : "Series"
}
[26-Apr-2025 17:32:43 Europe/Berlin] Requête proxy vers Orthanc (GET http://localhost:8042/studies/200b3e41-4557e5ed-2b4a1771-a9e4ad06-cd1306c8) - HTTP 200 : {
   "ID" : "200b3e41-4557e5ed-2b4a1771-a9e4ad06-cd1306c8",
   "IsStable" : true,
   "Labels" : [],
   "LastUpdate" : "20250311T081323",
   "MainDicomTags" : 
   {
      "AccessionNumber" : "",
      "InstitutionName" : "CHU St ROCH",
      "ReferringPhysicianName" : "",
      "StudyDate" : "19961014",
      "StudyID" : "2019",
      "StudyInstanceUID" : "1.3.46.670589.10.900123.19970114.35056000060.1",
      "StudyTime" : "145056.00000"
   },
   "ParentPatient" : "9b4d864d-a53a383a-44cdda8a-269b4eee-777c5729",
   "PatientMainDicomTags" : 
   {
      "PatientBirthDate" : "19781010",
      "PatientID" : "0000002019",
      "PatientName" : "AVE+ ABDOMEN",
      "PatientSex" : "M"
   },
   "Series" : 
   [
      "19b4c568-a95664f5-ad117914-3ccf7292-2a7ee3a0"
   ],
   "Type" : "Study"
}
[26-Apr-2025 17:32:43 Europe/Berlin] Requête proxy vers Orthanc (GET http://localhost:8042//instances) - HTTP 200 : [
   "094563e4-74b821f1-120c8584-6236b3ba-05716a47",
   "24e83fd1-ddd03175-beb6aa86-f4ce6432-4241b24f",
   "26952bd2-9569483f-e0549aca-a33b9065-69c33884",
   "2faf6dae-1e8dd60c-78fbca50-98cc48e7-66559504",
   "582dde1a-6ee0dcb1-dc2c0a3c-06a79b2f-211eda06",
   "5974bce8-dfa0d418-48e52945-578a9547-fbb8179e",
   "63831658-2ed313e4-bdd47183-6c1be4da-c0022bb4",
   "75c6d27e-9c7d0b29-ef99341d-b7507933-63d3057d",
   "96548d6b-b87fefbd-78a3f7c5-c5abe181-0643a103",
   "b7fb1fb4-142e5a15-333ae197-298b1626-11f8833b",
   "bc61cc15-593581eb-104dd853-f8e2ae2f-19704638",
   "cad86111-996653c7-c7ca1820-b783c4c3-9ff6e63b",
   "dacc5f2c-4eb67b6e-62fe20be-08583e4b-f7285061",
   "e07efef8-4eba99da-e58dbc40-0173c1da-e2535081",
   "eb17dc02-607db0a6-1074ad73-79fb3688-f9a596db",
   "fe9d11b9-08ca2a74-f27c7727-86fa6833-6b2583ab",
   "feaf75ad-9548b055-4a7a21f5-3db18a07-9c6903d3"
]
[26-Apr-2025 17:32:44 Europe/Berlin] Requête proxy vers Orthanc (GET http://localhost:8042/series/19b4c568-a95664f5-ad117914-3ccf7292-2a7ee3a0) - HTTP 200 : {
   "ExpectedNumberOfInstances" : null,
   "ID" : "19b4c568-a95664f5-ad117914-3ccf7292-2a7ee3a0",
   "Instances" : 
   [
      "24e83fd1-ddd03175-beb6aa86-f4ce6432-4241b24f",
      "26952bd2-9569483f-e0549aca-a33b9065-69c33884",
      "2faf6dae-1e8dd60c-78fbca50-98cc48e7-66559504",
      "5974bce8-dfa0d418-48e52945-578a9547-fbb8179e",
      "63831658-2ed313e4-bdd47183-6c1be4da-c0022bb4",
      "75c6d27e-9c7d0b29-ef99341d-b7507933-63d3057d",
      "bc61cc15-593581eb-104dd853-f8e2ae2f-19704638",
      "cad86111-996653c7-c7ca1820-b783c4c3-9ff6e63b",
      "dacc5f2c-4eb67b6e-62fe20be-08583e4b-f7285061",
      "fe9d11b9-08ca2a74-f27c7727-86fa6833-6b2583ab"
   ],
   "IsStable" : true,
   "Labels" : [],
   "LastUpdate" : "20250311T081323",
   "MainDicomTags" : 
   {
      "ContrastBolusAgent" : "CONT",
      "ImageOrientationPatient" : "1.0000\\0.0000\\0.0000\\0.0000\\1.0000\\0.0000",
      "Manufacturer" : "Philips Medical Systems",
      "Modality" : "CT",
      "ProtocolName" : "50",
      "SeriesInstanceUID" : "1.3.46.670589.10.900123.19970114.35056000060.3",
      "SeriesNumber" : " 1",
      "StationName" : "MVP"
   },
   "ParentStudy" : "200b3e41-4557e5ed-2b4a1771-a9e4ad06-cd1306c8",
   "Status" : "Unknown",
   "Type" : "Series"
}
[26-Apr-2025 17:32:44 Europe/Berlin] Requête proxy vers Orthanc (GET http://localhost:8042/studies/200b3e41-4557e5ed-2b4a1771-a9e4ad06-cd1306c8) - HTTP 200 : {
   "ID" : "200b3e41-4557e5ed-2b4a1771-a9e4ad06-cd1306c8",
   "IsStable" : true,
   "Labels" : [],
   "LastUpdate" : "20250311T081323",
   "MainDicomTags" : 
   {
      "AccessionNumber" : "",
      "InstitutionName" : "CHU St ROCH",
      "ReferringPhysicianName" : "",
      "StudyDate" : "19961014",
      "StudyID" : "2019",
      "StudyInstanceUID" : "1.3.46.670589.10.900123.19970114.35056000060.1",
      "StudyTime" : "145056.00000"
   },
   "ParentPatient" : "9b4d864d-a53a383a-44cdda8a-269b4eee-777c5729",
   "PatientMainDicomTags" : 
   {
      "PatientBirthDate" : "19781010",
      "PatientID" : "0000002019",
      "PatientName" : "AVE+ ABDOMEN",
      "PatientSex" : "M"
   },
   "Series" : 
   [
      "19b4c568-a95664f5-ad117914-3ccf7292-2a7ee3a0"
   ],
   "Type" : "Study"
}
[26-Apr-2025 17:32:44 Europe/Berlin] Requête proxy vers Orthanc (GET http://localhost:8042/instances/094563e4-74b821f1-120c8584-6236b3ba-05716a47) - HTTP 200 : {
   "FileSize" : 526336,
   "FileUuid" : "847455dd-9936-4c5a-9d73-29f225acd32b",
   "ID" : "094563e4-74b821f1-120c8584-6236b3ba-05716a47",
   "IndexInSeries" : 5003,
   "Labels" : [],
   "MainDicomTags" : 
   {
      "AcquisitionNumber" : " 5",
      "ImageComments" : "MD",
      "ImageOrientationPatient" : "1.0000\\0.0000\\0.0000\\0.0000\\1.0000\\0.0000",
      "ImagePositionPatient" : "-80.7000\\-75.1000\\-61.0000",
      "InstanceCreationDate" : "19970114",
      "InstanceCreationTime" : "035049.0005",
      "InstanceNumber" : "5003",
      "SOPInstanceUID" : "1.3.46.670589.10.900123.19970114.35049000050"
   },
   "ParentSeries" : "f623b033-c3bb9318-1ae62c1a-9fd5f247-24c86dea",
   "Type" : "Instance"
}
[26-Apr-2025 17:32:44 Europe/Berlin] Requête proxy vers Orthanc (GET http://localhost:8042/instances/24e83fd1-ddd03175-beb6aa86-f4ce6432-4241b24f) - HTTP 200 : {
   "FileSize" : 526336,
   "FileUuid" : "1b56fb91-ea25-44cc-8c18-5f24da876928",
   "ID" : "24e83fd1-ddd03175-beb6aa86-f4ce6432-4241b24f",
   "IndexInSeries" : 14001,
   "Labels" : [],
   "MainDicomTags" : 
   {
      "AcquisitionNumber" : "14",
      "ImageComments" : "",
      "ImageOrientationPatient" : "1.0000\\0.0000\\0.0000\\0.0000\\1.0000\\0.0000",
      "ImagePositionPatient" : "-175.1000\\-175.1000\\-120.0000",
      "InstanceCreationDate" : "19970114",
      "InstanceCreationTime" : "035100.0007",
      "InstanceNumber" : " 14001",
      "SOPInstanceUID" : "1.3.46.670589.10.900123.19970114.35100000070"
   },
   "ParentSeries" : "19b4c568-a95664f5-ad117914-3ccf7292-2a7ee3a0",
   "Type" : "Instance"
}
[26-Apr-2025 17:32:44 Europe/Berlin] Requête proxy vers Orthanc (GET http://localhost:8042/instances/2faf6dae-1e8dd60c-78fbca50-98cc48e7-66559504) - HTTP 200 : {
   "FileSize" : 526336,
   "FileUuid" : "43af4eee-ad27-4654-b4a1-e5a62a718f5a",
   "ID" : "2faf6dae-1e8dd60c-78fbca50-98cc48e7-66559504",
   "IndexInSeries" : 20001,
   "Labels" : [],
   "MainDicomTags" : 
   {
      "AcquisitionNumber" : "20",
      "ImageComments" : "",
      "ImageOrientationPatient" : "1.0000\\0.0000\\0.0000\\0.0000\\1.0000\\0.0000",
      "ImagePositionPatient" : "-175.1000\\-175.1000\\-180.0000",
      "InstanceCreationDate" : "19970114",
      "InstanceCreationTime" : "035131.0013",
      "InstanceNumber" : " 20001",
      "SOPInstanceUID" : "1.3.46.670589.10.900123.19970114.35131000130"
   },
   "ParentSeries" : "19b4c568-a95664f5-ad117914-3ccf7292-2a7ee3a0",
   "Type" : "Instance"
}
[26-Apr-2025 17:32:44 Europe/Berlin] Requête proxy vers Orthanc (GET http://localhost:8042/instances/26952bd2-9569483f-e0549aca-a33b9065-69c33884) - HTTP 200 : {
   "FileSize" : 526336,
   "FileUuid" : "9702e94e-8902-4103-ae55-af77a92efc6a",
   "ID" : "26952bd2-9569483f-e0549aca-a33b9065-69c33884",
   "IndexInSeries" : 17001,
   "Labels" : [],
   "MainDicomTags" : 
   {
      "AcquisitionNumber" : "17",
      "ImageComments" : "",
      "ImageOrientationPatient" : "1.0000\\0.0000\\0.0000\\0.0000\\1.0000\\0.0000",
      "ImagePositionPatient" : "-175.1000\\-175.1000\\-150.0000",
      "InstanceCreationDate" : "19970114",
      "InstanceCreationTime" : "035115.0010",
      "InstanceNumber" : " 17001",
      "SOPInstanceUID" : "1.3.46.670589.10.900123.19970114.35115000100"
   },
   "ParentSeries" : "19b4c568-a95664f5-ad117914-3ccf7292-2a7ee3a0",
   "Type" : "Instance"
}
[26-Apr-2025 17:32:44 Europe/Berlin] Requête proxy vers Orthanc (GET http://localhost:8042/instances/582dde1a-6ee0dcb1-dc2c0a3c-06a79b2f-211eda06) - HTTP 200 : {
   "FileSize" : 527206,
   "FileUuid" : "795689db-f22a-4dce-b798-da7adabb6f0e",
   "ID" : "582dde1a-6ee0dcb1-dc2c0a3c-06a79b2f-211eda06",
   "IndexInSeries" : null,
   "Labels" : [],
   "MainDicomTags" : 
   {
      "InstanceCreationDate" : "20250421",
      "InstanceCreationTime" : "202125.000000",
      "SOPInstanceUID" : "1.2.276.0.7230010.3.1.4.1159938914.5836.1745266885.814"
   },
   "ParentSeries" : "4541c007-3ddcd5b2-6bf192fc-d28df38d-afe5c271",
   "Type" : "Instance"
}
[26-Apr-2025 17:32:44 Europe/Berlin] Requête proxy vers Orthanc (GET http://localhost:8042/instances/5974bce8-dfa0d418-48e52945-578a9547-fbb8179e) - HTTP 200 : {
   "FileSize" : 526336,
   "FileUuid" : "11a7f312-517f-42ad-a5f0-e749b0038b6c",
   "ID" : "5974bce8-dfa0d418-48e52945-578a9547-fbb8179e",
   "IndexInSeries" : 18001,
   "Labels" : [],
   "MainDicomTags" : 
   {
      "AcquisitionNumber" : "18",
      "ImageComments" : "",
      "ImageOrientationPatient" : "1.0000\\0.0000\\0.0000\\0.0000\\1.0000\\0.0000",
      "ImagePositionPatient" : "-175.1000\\-175.1000\\-160.0000",
      "InstanceCreationDate" : "19970114",
      "InstanceCreationTime" : "035120.0011",
      "InstanceNumber" : " 18001",
      "SOPInstanceUID" : "1.3.46.670589.10.900123.19970114.35120000110"
   },
   "ParentSeries" : "19b4c568-a95664f5-ad117914-3ccf7292-2a7ee3a0",
   "Type" : "Instance"
}
[26-Apr-2025 17:32:44 Europe/Berlin] Requête proxy vers Orthanc (GET http://localhost:8042/instances/63831658-2ed313e4-bdd47183-6c1be4da-c0022bb4) - HTTP 200 : {
   "FileSize" : 526336,
   "FileUuid" : "18595efd-f373-4173-a048-6de33ca05bca",
   "ID" : "63831658-2ed313e4-bdd47183-6c1be4da-c0022bb4",
   "IndexInSeries" : 15001,
   "Labels" : [],
   "MainDicomTags" : 
   {
      "AcquisitionNumber" : "15",
      "ImageComments" : "",
      "ImageOrientationPatient" : "1.0000\\0.0000\\0.0000\\0.0000\\1.0000\\0.0000",
      "ImagePositionPatient" : "-175.1000\\-175.1000\\-130.0000",
      "InstanceCreationDate" : "19970114",
      "InstanceCreationTime" : "035105.0008",
      "InstanceNumber" : " 15001",
      "SOPInstanceUID" : "1.3.46.670589.10.900123.19970114.35105000080"
   },
   "ParentSeries" : "19b4c568-a95664f5-ad117914-3ccf7292-2a7ee3a0",
   "Type" : "Instance"
}
[26-Apr-2025 17:32:44 Europe/Berlin] Requête proxy vers Orthanc (GET http://localhost:8042/instances/96548d6b-b87fefbd-78a3f7c5-c5abe181-0643a103) - HTTP 200 : {
   "FileSize" : 91264,
   "FileUuid" : "39819348-f7ea-4861-9842-83c4a4a8c13e",
   "ID" : "96548d6b-b87fefbd-78a3f7c5-c5abe181-0643a103",
   "IndexInSeries" : 5,
   "Labels" : [],
   "MainDicomTags" : 
   {
      "ImageComments" : "JPEG 2000 lossless - Version 4.0.2 (c) Image Devices GmbH",
      "ImageOrientationPatient" : "1\\0\\0\\0\\1\\0",
      "ImagePositionPatient" : "-151.493508\\-36.6564417\\1293",
      "InstanceCreationDate" : "20061012",
      "InstanceCreationTime" : "091607.000000",
      "InstanceNumber" : "5",
      "SOPInstanceUID" : "1.2.826.0.1.3680043.8.1055.1.20111102150759059.64998534.33344836"
   },
   "ParentSeries" : "98d367a5-58eeba8b-f3c2da4b-de7d8f6f-ede53eb2",
   "Type" : "Instance"
}
[26-Apr-2025 17:32:44 Europe/Berlin] Requête proxy vers Orthanc (GET http://localhost:8042/instances/75c6d27e-9c7d0b29-ef99341d-b7507933-63d3057d) - HTTP 200 : {
   "FileSize" : 526336,
   "FileUuid" : "7ef2cfb2-cd10-40ef-8012-0b6fd7578b13",
   "ID" : "75c6d27e-9c7d0b29-ef99341d-b7507933-63d3057d",
   "IndexInSeries" : 21001,
   "Labels" : [],
   "MainDicomTags" : 
   {
      "AcquisitionNumber" : "21",
      "ImageComments" : "",
      "ImageOrientationPatient" : "1.0000\\0.0000\\0.0000\\0.0000\\1.0000\\0.0000",
      "ImagePositionPatient" : "-175.1000\\-175.1000\\-190.0000",
      "InstanceCreationDate" : "19970114",
      "InstanceCreationTime" : "035135.0014",
      "InstanceNumber" : " 21001",
      "SOPInstanceUID" : "1.3.46.670589.10.900123.19970114.35135000140"
   },
   "ParentSeries" : "19b4c568-a95664f5-ad117914-3ccf7292-2a7ee3a0",
   "Type" : "Instance"
}
[26-Apr-2025 17:32:44 Europe/Berlin] Requête proxy vers Orthanc (GET http://localhost:8042/instances/b7fb1fb4-142e5a15-333ae197-298b1626-11f8833b) - HTTP 200 : {
   "FileSize" : 1702398,
   "FileUuid" : "9fa9d15a-988d-410e-9194-ddfde927c89a",
   "ID" : "b7fb1fb4-142e5a15-333ae197-298b1626-11f8833b",
   "IndexInSeries" : null,
   "Labels" : [],
   "MainDicomTags" : 
   {
      "InstanceNumber" : "",
      "NumberOfFrames" : "96",
      "SOPInstanceUID" : "1.3.12.2.1107.5.4.3.321890.19960124.162922.29"
   },
   "ParentSeries" : "62cc4f41-9b1679c0-6ad19a2e-71fccb6f-07a3d16d",
   "Type" : "Instance"
}
[26-Apr-2025 17:32:44 Europe/Berlin] Requête proxy vers Orthanc (GET http://localhost:8042/instances/bc61cc15-593581eb-104dd853-f8e2ae2f-19704638) - HTTP 200 : {
   "FileSize" : 526336,
   "FileUuid" : "9f80260d-18b9-46ce-ada1-00d0d866886d",
   "ID" : "bc61cc15-593581eb-104dd853-f8e2ae2f-19704638",
   "IndexInSeries" : 16001,
   "Labels" : [],
   "MainDicomTags" : 
   {
      "AcquisitionNumber" : "16",
      "ImageComments" : "",
      "ImageOrientationPatient" : "1.0000\\0.0000\\0.0000\\0.0000\\1.0000\\0.0000",
      "ImagePositionPatient" : "-175.1000\\-175.1000\\-140.0000",
      "InstanceCreationDate" : "19970114",
      "InstanceCreationTime" : "035110.0009",
      "InstanceNumber" : " 16001",
      "SOPInstanceUID" : "1.3.46.670589.10.900123.19970114.35110000090"
   },
   "ParentSeries" : "19b4c568-a95664f5-ad117914-3ccf7292-2a7ee3a0",
   "Type" : "Instance"
}
[26-Apr-2025 17:32:44 Europe/Berlin] Requête proxy vers Orthanc (GET http://localhost:8042/instances/cad86111-996653c7-c7ca1820-b783c4c3-9ff6e63b) - HTTP 200 : {
   "FileSize" : 526336,
   "FileUuid" : "644bcf08-beb7-4bb7-8f87-2a07dae77a9f",
   "ID" : "cad86111-996653c7-c7ca1820-b783c4c3-9ff6e63b",
   "IndexInSeries" : 22001,
   "Labels" : [],
   "MainDicomTags" : 
   {
      "AcquisitionNumber" : "22",
      "ImageComments" : "",
      "ImageOrientationPatient" : "1.0000\\0.0000\\0.0000\\0.0000\\1.0000\\0.0000",
      "ImagePositionPatient" : "-175.1000\\-175.1000\\-200.0000",
      "InstanceCreationDate" : "19970114",
      "InstanceCreationTime" : "035140.0015",
      "InstanceNumber" : " 22001",
      "SOPInstanceUID" : "1.3.46.670589.10.900123.19970114.35140000150"
   },
   "ParentSeries" : "19b4c568-a95664f5-ad117914-3ccf7292-2a7ee3a0",
   "Type" : "Instance"
}
[26-Apr-2025 17:32:44 Europe/Berlin] Requête proxy vers Orthanc (GET http://localhost:8042/instances/dacc5f2c-4eb67b6e-62fe20be-08583e4b-f7285061) - HTTP 200 : {
   "FileSize" : 526336,
   "FileUuid" : "97a1c84b-5c67-4016-8405-2f71ae4af3de",
   "ID" : "dacc5f2c-4eb67b6e-62fe20be-08583e4b-f7285061",
   "IndexInSeries" : 19001,
   "Labels" : [],
   "MainDicomTags" : 
   {
      "AcquisitionNumber" : "19",
      "ImageComments" : "",
      "ImageOrientationPatient" : "1.0000\\0.0000\\0.0000\\0.0000\\1.0000\\0.0000",
      "ImagePositionPatient" : "-175.1000\\-175.1000\\-170.0000",
      "InstanceCreationDate" : "19970114",
      "InstanceCreationTime" : "035126.0012",
      "InstanceNumber" : " 19001",
      "SOPInstanceUID" : "1.3.46.670589.10.900123.19970114.35126000120"
   },
   "ParentSeries" : "19b4c568-a95664f5-ad117914-3ccf7292-2a7ee3a0",
   "Type" : "Instance"
}
[26-Apr-2025 17:32:44 Europe/Berlin] Requête proxy vers Orthanc (GET http://localhost:8042/instances/fe9d11b9-08ca2a74-f27c7727-86fa6833-6b2583ab) - HTTP 200 : {
   "FileSize" : 526336,
   "FileUuid" : "c147a823-c25b-4c74-a7fb-877198ac4ebe",
   "ID" : "fe9d11b9-08ca2a74-f27c7727-86fa6833-6b2583ab",
   "IndexInSeries" : 13001,
   "Labels" : [],
   "MainDicomTags" : 
   {
      "AcquisitionNumber" : "13",
      "ImageComments" : "",
      "ImageOrientationPatient" : "1.0000\\0.0000\\0.0000\\0.0000\\1.0000\\0.0000",
      "ImagePositionPatient" : "-175.1000\\-175.1000\\-110.0000",
      "InstanceCreationDate" : "19970114",
      "InstanceCreationTime" : "035056.0006",
      "InstanceNumber" : " 13001",
      "SOPInstanceUID" : "1.3.46.670589.10.900123.19970114.35056000060"
   },
   "ParentSeries" : "19b4c568-a95664f5-ad117914-3ccf7292-2a7ee3a0",
   "Type" : "Instance"
}
[26-Apr-2025 17:32:44 Europe/Berlin] Requête proxy vers Orthanc (GET http://localhost:8042/instances/eb17dc02-607db0a6-1074ad73-79fb3688-f9a596db) - HTTP 200 : {
   "FileSize" : 526336,
   "FileUuid" : "c426268c-e58d-4f99-814f-daad18c5a0b1",
   "ID" : "eb17dc02-607db0a6-1074ad73-79fb3688-f9a596db",
   "IndexInSeries" : 6000,
   "Labels" : [],
   "MainDicomTags" : 
   {
      "AcquisitionNumber" : " 6",
      "ImageComments" : "",
      "ImageOrientationPatient" : "1.0000\\0.0000\\0.0000\\0.0000\\0.9397\\-0.3420",
      "ImagePositionPatient" : "-124.9000\\-117.4000\\67.7000",
      "InstanceCreationDate" : "19970114",
      "InstanceCreationTime" : "035036.0003",
      "InstanceNumber" : "6000",
      "SOPInstanceUID" : "1.3.46.670589.10.900123.19970114.35036000030"
   },
   "ParentSeries" : "f6ebf659-c336b2b9-102a72e3-2cd836e9-a5662c26",
   "Type" : "Instance"
}
[26-Apr-2025 17:32:44 Europe/Berlin] Requête proxy vers Orthanc (GET http://localhost:8042/instances/e07efef8-4eba99da-e58dbc40-0173c1da-e2535081) - HTTP 200 : {
   "FileSize" : 531298,
   "FileUuid" : "937b172f-feb1-4efd-a3ab-432405774a56",
   "ID" : "e07efef8-4eba99da-e58dbc40-0173c1da-e2535081",
   "IndexInSeries" : 1,
   "Labels" : [],
   "MainDicomTags" : 
   {
      "AcquisitionNumber" : "1",
      "InstanceCreationDate" : "20210411",
      "InstanceCreationTime" : "213019.104784",
      "InstanceNumber" : "1",
      "NumberOfFrames" : "1",
      "SOPInstanceUID" : "1.3.12.2.1107.5.8.15.999999.30000021041121051996700000250"
   },
   "ParentSeries" : "11b7c563-ae504ced-e95ed300-7176b3e8-74f7e2f5",
   "Type" : "Instance"
}
[26-Apr-2025 17:32:44 Europe/Berlin] Requête proxy vers Orthanc (GET http://localhost:8042/instances/feaf75ad-9548b055-4a7a21f5-3db18a07-9c6903d3) - HTTP 200 : {
   "FileSize" : 526336,
   "FileUuid" : "c415c430-c5a8-4afa-854f-af8e254144b8",
   "ID" : "feaf75ad-9548b055-4a7a21f5-3db18a07-9c6903d3",
   "IndexInSeries" : 5000,
   "Labels" : [],
   "MainDicomTags" : 
   {
      "AcquisitionNumber" : " 5",
      "ImageComments" : "",
      "ImageOrientationPatient" : "1.0000\\0.0000\\0.0000\\0.0000\\1.0000\\0.0000",
      "ImagePositionPatient" : "-124.9000\\-124.9000\\15.0000",
      "InstanceCreationDate" : "19970114",
      "InstanceCreationTime" : "035029.0002",
      "InstanceNumber" : "5000",
      "SOPInstanceUID" : "1.3.46.670589.10.900123.19970114.35029000020"
   },
   "ParentSeries" : "670d99fa-c4a853ca-52f7989e-f6df82a8-5123711c",
   "Type" : "Instance"
}
[26-Apr-2025 17:32:44 Europe/Berlin] Requête proxy vers Orthanc (GET http://localhost:8042/studies/200b3e41-4557e5ed-2b4a1771-a9e4ad06-cd1306c8) - HTTP 200 : {
   "ID" : "200b3e41-4557e5ed-2b4a1771-a9e4ad06-cd1306c8",
   "IsStable" : true,
   "Labels" : [],
   "LastUpdate" : "20250311T081323",
   "MainDicomTags" : 
   {
      "AccessionNumber" : "",
      "InstitutionName" : "CHU St ROCH",
      "ReferringPhysicianName" : "",
      "StudyDate" : "19961014",
      "StudyID" : "2019",
      "StudyInstanceUID" : "1.3.46.670589.10.900123.19970114.35056000060.1",
      "StudyTime" : "145056.00000"
   },
   "ParentPatient" : "9b4d864d-a53a383a-44cdda8a-269b4eee-777c5729",
   "PatientMainDicomTags" : 
   {
      "PatientBirthDate" : "19781010",
      "PatientID" : "0000002019",
      "PatientName" : "AVE+ ABDOMEN",
      "PatientSex" : "M"
   },
   "Series" : 
   [
      "19b4c568-a95664f5-ad117914-3ccf7292-2a7ee3a0"
   ],
   "Type" : "Study"
}
[26-Apr-2025 17:32:44 Europe/Berlin] Requête proxy vers Orthanc (GET http://localhost:8042/series/f623b033-c3bb9318-1ae62c1a-9fd5f247-24c86dea) - HTTP 200 : {
   "ExpectedNumberOfInstances" : null,
   "ID" : "f623b033-c3bb9318-1ae62c1a-9fd5f247-24c86dea",
   "Instances" : 
   [
      "094563e4-74b821f1-120c8584-6236b3ba-05716a47"
   ],
   "IsStable" : true,
   "Labels" : [],
   "LastUpdate" : "20250311T081322",
   "MainDicomTags" : 
   {
      "ContrastBolusAgent" : "NONE",
      "ImageOrientationPatient" : "1.0000\\0.0000\\0.0000\\0.0000\\1.0000\\0.0000",
      "Manufacturer" : "Philips Medical Systems",
      "Modality" : "CT",
      "ProtocolName" : " 1",
      "SeriesInstanceUID" : "1.3.46.670589.10.900123.19970114.35049000050.3",
      "SeriesNumber" : " 1",
      "StationName" : "MVP"
   },
   "ParentStudy" : "286789b1-82845a45-92d7dfc0-c6a8e286-27bc0129",
   "Status" : "Unknown",
   "Type" : "Series"
}
[26-Apr-2025 17:32:44 Europe/Berlin] Requête proxy vers Orthanc (GET http://localhost:8042/series/4541c007-3ddcd5b2-6bf192fc-d28df38d-afe5c271) - HTTP 200 : {
   "ExpectedNumberOfInstances" : null,
   "ID" : "4541c007-3ddcd5b2-6bf192fc-d28df38d-afe5c271",
   "Instances" : 
   [
      "582dde1a-6ee0dcb1-dc2c0a3c-06a79b2f-211eda06"
   ],
   "IsStable" : true,
   "Labels" : [],
   "LastUpdate" : "20250421T202126",
   "MainDicomTags" : 
   {
      "Modality" : "M3D",
      "SeriesDate" : "20250421",
      "SeriesDescription" : "Model",
      "SeriesInstanceUID" : "1.2.276.0.7230010.3.1.3.1159938914.5836.1745266885.813",
      "SeriesTime" : "202125.000000"
   },
   "ParentStudy" : "8e51d8c2-c73f0a1e-57f97ca6-0fe69e66-c5e753eb",
   "Status" : "Unknown",
   "Type" : "Series"
}
[26-Apr-2025 17:32:44 Europe/Berlin] Requête proxy vers Orthanc (GET http://localhost:8042/series/98d367a5-58eeba8b-f3c2da4b-de7d8f6f-ede53eb2) - HTTP 200 : {
   "ExpectedNumberOfInstances" : null,
   "ID" : "98d367a5-58eeba8b-f3c2da4b-de7d8f6f-ede53eb2",
   "Instances" : 
   [
      "96548d6b-b87fefbd-78a3f7c5-c5abe181-0643a103"
   ],
   "IsStable" : false,
   "Labels" : [],
   "LastUpdate" : "20250426T153239",
   "MainDicomTags" : 
   {
      "ContrastBolusAgent" : "CONTRAST",
      "ImageOrientationPatient" : "1\\0\\0\\0\\1\\0",
      "Modality" : "CT",
      "PerformedProcedureStepDescription" : "CT1 abdomen",
      "ProtocolName" : "ART.RENALES 12/Abdomen/Hx",
      "RequestAttributesSequence" : 
      [
         {
            "RequestedProcedureID" : "A10026177757",
            "ScheduledProcedureStepDescription" : "CT1 abdomen",
            "ScheduledProcedureStepID" : "A10026177758",
            "ScheduledProtocolCodeSequence" : 
            [
               {
                  "CodeMeaning" : "CT1 abdomen",
                  "CodeValue" : "CTABDOM",
                  "CodingSchemeDesignator" : "XPLORE"
               }
            ]
         }
      ],
      "SeriesDescription" : "ARTERIELLE",
      "SeriesInstanceUID" : "1.2.826.0.1.3680043.8.1055.1.20111102150758591.96842950.07877442",
      "SeriesNumber" : "6168"
   },
   "ParentStudy" : "3abaec0a-ebfaaa87-f830d52b-d62df074-6a692c12",
   "Status" : "Unknown",
   "Type" : "Series"
}
[26-Apr-2025 17:32:44 Europe/Berlin] Requête proxy vers Orthanc (GET http://localhost:8042/series/19b4c568-a95664f5-ad117914-3ccf7292-2a7ee3a0) - HTTP 200 : {
   "ExpectedNumberOfInstances" : null,
   "ID" : "19b4c568-a95664f5-ad117914-3ccf7292-2a7ee3a0",
   "Instances" : 
   [
      "24e83fd1-ddd03175-beb6aa86-f4ce6432-4241b24f",
      "26952bd2-9569483f-e0549aca-a33b9065-69c33884",
      "2faf6dae-1e8dd60c-78fbca50-98cc48e7-66559504",
      "5974bce8-dfa0d418-48e52945-578a9547-fbb8179e",
      "63831658-2ed313e4-bdd47183-6c1be4da-c0022bb4",
      "75c6d27e-9c7d0b29-ef99341d-b7507933-63d3057d",
      "bc61cc15-593581eb-104dd853-f8e2ae2f-19704638",
      "cad86111-996653c7-c7ca1820-b783c4c3-9ff6e63b",
      "dacc5f2c-4eb67b6e-62fe20be-08583e4b-f7285061",
      "fe9d11b9-08ca2a74-f27c7727-86fa6833-6b2583ab"
   ],
   "IsStable" : true,
   "Labels" : [],
   "LastUpdate" : "20250311T081323",
   "MainDicomTags" : 
   {
      "ContrastBolusAgent" : "CONT",
      "ImageOrientationPatient" : "1.0000\\0.0000\\0.0000\\0.0000\\1.0000\\0.0000",
      "Manufacturer" : "Philips Medical Systems",
      "Modality" : "CT",
      "ProtocolName" : "50",
      "SeriesInstanceUID" : "1.3.46.670589.10.900123.19970114.35056000060.3",
      "SeriesNumber" : " 1",
      "StationName" : "MVP"
   },
   "ParentStudy" : "200b3e41-4557e5ed-2b4a1771-a9e4ad06-cd1306c8",
   "Status" : "Unknown",
   "Type" : "Series"
}
[26-Apr-2025 17:32:45 Europe/Berlin] Requête proxy vers Orthanc (GET http://localhost:8042/series/f6ebf659-c336b2b9-102a72e3-2cd836e9-a5662c26) - HTTP 200 : {
   "ExpectedNumberOfInstances" : null,
   "ID" : "f6ebf659-c336b2b9-102a72e3-2cd836e9-a5662c26",
   "Instances" : 
   [
      "eb17dc02-607db0a6-1074ad73-79fb3688-f9a596db"
   ],
   "IsStable" : true,
   "Labels" : [],
   "LastUpdate" : "20250311T081322",
   "MainDicomTags" : 
   {
      "ContrastBolusAgent" : "NONE",
      "ImageOrientationPatient" : "1.0000\\0.0000\\0.0000\\0.0000\\0.9397\\-0.3420",
      "Manufacturer" : "Philips Medical Systems",
      "Modality" : "CT",
      "ProtocolName" : " 1",
      "SeriesInstanceUID" : "1.3.46.670589.10.900123.19970114.35036000030.3",
      "SeriesNumber" : " 1",
      "StationName" : "MVP"
   },
   "ParentStudy" : "8e51d8c2-c73f0a1e-57f97ca6-0fe69e66-c5e753eb",
   "Status" : "Unknown",
   "Type" : "Series"
}
[26-Apr-2025 17:32:45 Europe/Berlin] Requête proxy vers Orthanc (GET http://localhost:8042/series/62cc4f41-9b1679c0-6ad19a2e-71fccb6f-07a3d16d) - HTTP 200 : {
   "ExpectedNumberOfInstances" : null,
   "ID" : "62cc4f41-9b1679c0-6ad19a2e-71fccb6f-07a3d16d",
   "Instances" : 
   [
      "b7fb1fb4-142e5a15-333ae197-298b1626-11f8833b"
   ],
   "IsStable" : true,
   "Labels" : [],
   "LastUpdate" : "20250421T205945",
   "MainDicomTags" : 
   {
      "Manufacturer" : "",
      "Modality" : "XA",
      "SeriesInstanceUID" : "1.3.12.2.1107.5.4.3.123456789012345.19950922.121803.8",
      "SeriesNumber" : "1"
   },
   "ParentStudy" : "aa938400-09e9f0df-8ba95f68-e21f98dd-0c6e0cf0",
   "Status" : "Unknown",
   "Type" : "Series"
}
[26-Apr-2025 17:32:45 Europe/Berlin] Requête proxy vers Orthanc (GET http://localhost:8042/series/11b7c563-ae504ced-e95ed300-7176b3e8-74f7e2f5) - HTTP 200 : {
   "ExpectedNumberOfInstances" : null,
   "ID" : "11b7c563-ae504ced-e95ed300-7176b3e8-74f7e2f5",
   "Instances" : 
   [
      "e07efef8-4eba99da-e58dbc40-0173c1da-e2535081"
   ],
   "IsStable" : true,
   "Labels" : [],
   "LastUpdate" : "20250421T233940",
   "MainDicomTags" : 
   {
      "Manufacturer" : "Siemens Healthineers",
      "Modality" : "MR",
      "PerformedProcedureStepDescription" : "Osteo_2021 Cheville",
      "PerformedProcedureStepStartDate" : "20210113",
      "PerformedProcedureStepStartTime" : "130454.100000",
      "ProtocolName" : "t1_sag_tse REF",
      "SeriesDate" : "20210411",
      "SeriesDescription" : "Exported MR Basic Reading",
      "SeriesInstanceUID" : "1.3.12.2.1107.5.8.15.999999.30000021041121051996700000249",
      "SeriesNumber" : "1005",
      "SeriesTime" : "213018.573513",
      "StationName" : "MR-T10-MRC19-04"
   },
   "ParentStudy" : "ae9bf996-b6ab6a8b-eba1f35e-14600862-f9393ddd",
   "Status" : "Unknown",
   "Type" : "Series"
}
[26-Apr-2025 17:32:45 Europe/Berlin] Requête proxy vers Orthanc (GET http://localhost:8042/series/19b4c568-a95664f5-ad117914-3ccf7292-2a7ee3a0) - HTTP 200 : {
   "ExpectedNumberOfInstances" : null,
   "ID" : "19b4c568-a95664f5-ad117914-3ccf7292-2a7ee3a0",
   "Instances" : 
   [
      "24e83fd1-ddd03175-beb6aa86-f4ce6432-4241b24f",
      "26952bd2-9569483f-e0549aca-a33b9065-69c33884",
      "2faf6dae-1e8dd60c-78fbca50-98cc48e7-66559504",
      "5974bce8-dfa0d418-48e52945-578a9547-fbb8179e",
      "63831658-2ed313e4-bdd47183-6c1be4da-c0022bb4",
      "75c6d27e-9c7d0b29-ef99341d-b7507933-63d3057d",
      "bc61cc15-593581eb-104dd853-f8e2ae2f-19704638",
      "cad86111-996653c7-c7ca1820-b783c4c3-9ff6e63b",
      "dacc5f2c-4eb67b6e-62fe20be-08583e4b-f7285061",
      "fe9d11b9-08ca2a74-f27c7727-86fa6833-6b2583ab"
   ],
   "IsStable" : true,
   "Labels" : [],
   "LastUpdate" : "20250311T081323",
   "MainDicomTags" : 
   {
      "ContrastBolusAgent" : "CONT",
      "ImageOrientationPatient" : "1.0000\\0.0000\\0.0000\\0.0000\\1.0000\\0.0000",
      "Manufacturer" : "Philips Medical Systems",
      "Modality" : "CT",
      "ProtocolName" : "50",
      "SeriesInstanceUID" : "1.3.46.670589.10.900123.19970114.35056000060.3",
      "SeriesNumber" : " 1",
      "StationName" : "MVP"
   },
   "ParentStudy" : "200b3e41-4557e5ed-2b4a1771-a9e4ad06-cd1306c8",
   "Status" : "Unknown",
   "Type" : "Series"
}
[26-Apr-2025 17:32:45 Europe/Berlin] Requête proxy vers Orthanc (GET http://localhost:8042/series/670d99fa-c4a853ca-52f7989e-f6df82a8-5123711c) - HTTP 200 : {
   "ExpectedNumberOfInstances" : null,
   "ID" : "670d99fa-c4a853ca-52f7989e-f6df82a8-5123711c",
   "Instances" : 
   [
      "feaf75ad-9548b055-4a7a21f5-3db18a07-9c6903d3"
   ],
   "IsStable" : true,
   "Labels" : [],
   "LastUpdate" : "20250311T081322",
   "MainDicomTags" : 
   {
      "ContrastBolusAgent" : "NONE",
      "ImageOrientationPatient" : "1.0000\\0.0000\\0.0000\\0.0000\\1.0000\\0.0000",
      "Manufacturer" : "Philips Medical Systems",
      "Modality" : "CT",
      "ProtocolName" : " 1",
      "SeriesInstanceUID" : "1.3.46.670589.10.900123.19970114.35029000020.3",
      "SeriesNumber" : " 1",
      "StationName" : "MVP"
   },
   "ParentStudy" : "0ba2c4af-c4286377-ed83307a-c4307d90-422eea83",
   "Status" : "Unknown",
   "Type" : "Series"
}
[26-Apr-2025 17:32:45 Europe/Berlin] Requête proxy vers Orthanc (GET http://localhost:8042/studies/286789b1-82845a45-92d7dfc0-c6a8e286-27bc0129) - HTTP 200 : {
   "ID" : "286789b1-82845a45-92d7dfc0-c6a8e286-27bc0129",
   "IsStable" : true,
   "Labels" : [],
   "LastUpdate" : "20250311T081322",
   "MainDicomTags" : 
   {
      "AccessionNumber" : "",
      "InstitutionName" : "CHU St ROCH",
      "ReferringPhysicianName" : "",
      "StudyDate" : "19961014",
      "StudyID" : "2011",
      "StudyInstanceUID" : "1.3.46.670589.10.900123.19970114.35049000050.1",
      "StudyTime" : "115421.00000"
   },
   "ParentPatient" : "10092b57-91bddc20-e68b74c7-8956c6df-49e00750",
   "PatientMainDicomTags" : 
   {
      "PatientBirthDate" : "19320918",
      "PatientID" : "0000002011",
      "PatientName" : "AVE+ KNEE",
      "PatientSex" : "F"
   },
   "Series" : 
   [
      "f623b033-c3bb9318-1ae62c1a-9fd5f247-24c86dea"
   ],
   "Type" : "Study"
}
[26-Apr-2025 17:32:45 Europe/Berlin] Requête proxy vers Orthanc (GET http://localhost:8042/studies/3abaec0a-ebfaaa87-f830d52b-d62df074-6a692c12) - HTTP 200 : {
   "ID" : "3abaec0a-ebfaaa87-f830d52b-d62df074-6a692c12",
   "IsStable" : false,
   "Labels" : [],
   "LastUpdate" : "20250426T153239",
   "MainDicomTags" : 
   {
      "StudyDate" : "20061012",
      "StudyDescription" : "CT1 abdomen",
      "StudyInstanceUID" : "1.2.826.0.1.3680043.8.1055.1.20111102150758591.92402465.76095170",
      "StudyTime" : "090258.000000"
   },
   "ParentPatient" : "b6589fc6-ab0dc82c-f12099d1-c2d40ab9-94e8410c",
   "PatientMainDicomTags" : 
   {
      "PatientID" : "0",
      "PatientName" : "Anonymized"
   },
   "Series" : 
   [
      "98d367a5-58eeba8b-f3c2da4b-de7d8f6f-ede53eb2"
   ],
   "Type" : "Study"
}
[26-Apr-2025 17:32:45 Europe/Berlin] Requête proxy vers Orthanc (GET http://localhost:8042/studies/200b3e41-4557e5ed-2b4a1771-a9e4ad06-cd1306c8) - HTTP 200 : {
   "ID" : "200b3e41-4557e5ed-2b4a1771-a9e4ad06-cd1306c8",
   "IsStable" : true,
   "Labels" : [],
   "LastUpdate" : "20250311T081323",
   "MainDicomTags" : 
   {
      "AccessionNumber" : "",
      "InstitutionName" : "CHU St ROCH",
      "ReferringPhysicianName" : "",
      "StudyDate" : "19961014",
      "StudyID" : "2019",
      "StudyInstanceUID" : "1.3.46.670589.10.900123.19970114.35056000060.1",
      "StudyTime" : "145056.00000"
   },
   "ParentPatient" : "9b4d864d-a53a383a-44cdda8a-269b4eee-777c5729",
   "PatientMainDicomTags" : 
   {
      "PatientBirthDate" : "19781010",
      "PatientID" : "0000002019",
      "PatientName" : "AVE+ ABDOMEN",
      "PatientSex" : "M"
   },
   "Series" : 
   [
      "19b4c568-a95664f5-ad117914-3ccf7292-2a7ee3a0"
   ],
   "Type" : "Study"
}
[26-Apr-2025 17:32:45 Europe/Berlin] Requête proxy vers Orthanc (GET http://localhost:8042/studies/8e51d8c2-c73f0a1e-57f97ca6-0fe69e66-c5e753eb) - HTTP 200 : {
   "ID" : "8e51d8c2-c73f0a1e-57f97ca6-0fe69e66-c5e753eb",
   "IsStable" : true,
   "Labels" : [],
   "LastUpdate" : "20250421T202126",
   "MainDicomTags" : 
   {
      "AccessionNumber" : "",
      "InstitutionName" : "CHU St ROCH",
      "ReferringPhysicianName" : "",
      "StudyDate" : "19961014",
      "StudyID" : "2018",
      "StudyInstanceUID" : "1.3.46.670589.10.900123.19970114.35036000030.1",
      "StudyTime" : "140735.00000"
   },
   "ParentPatient" : "62bc7cdd-8f5ae588-dea41879-6a8e18d1-d44362ee",
   "PatientMainDicomTags" : 
   {
      "PatientBirthDate" : "19240101",
      "PatientID" : "0000002018",
      "PatientName" : "AVE+ BRAIN + POST + SINUS",
      "PatientSex" : "M"
   },
   "Series" : 
   [
      "4541c007-3ddcd5b2-6bf192fc-d28df38d-afe5c271",
      "f6ebf659-c336b2b9-102a72e3-2cd836e9-a5662c26"
   ],
   "Type" : "Study"
}
[26-Apr-2025 17:32:45 Europe/Berlin] Requête proxy vers Orthanc (GET http://localhost:8042/studies/ae9bf996-b6ab6a8b-eba1f35e-14600862-f9393ddd) - HTTP 200 : {
   "ID" : "ae9bf996-b6ab6a8b-eba1f35e-14600862-f9393ddd",
   "IsStable" : true,
   "Labels" : [],
   "LastUpdate" : "20250421T233940",
   "MainDicomTags" : 
   {
      "AccessionNumber" : "",
      "InstitutionName" : "",
      "ReferringPhysicianName" : "",
      "StudyDate" : "20210113",
      "StudyDescription" : "Osteo_2021 Cheville",
      "StudyID" : "b0513b81-3517-43",
      "StudyInstanceUID" : "1.3.12.2.1107.5.2.53.189501.30000021011309045077000000005",
      "StudyTime" : "130454.100000"
   },
   "ParentPatient" : "c5cc2652-d994a3cd-4c0b46e9-8aeb6e72-a0135eba",
   "PatientMainDicomTags" : 
   {
      "PatientBirthDate" : "19960205",
      "PatientID" : "2021.01.13-13:04:52-STD-1.3.12.2.1107.5.99.3",
      "PatientName" : "DeepResolve_Altea2",
      "PatientSex" : "M"
   },
   "Series" : 
   [
      "11b7c563-ae504ced-e95ed300-7176b3e8-74f7e2f5"
   ],
   "Type" : "Study"
}
[26-Apr-2025 17:32:45 Europe/Berlin] Requête proxy vers Orthanc (GET http://localhost:8042/series/19b4c568-a95664f5-ad117914-3ccf7292-2a7ee3a0) - HTTP 200 : {
   "ExpectedNumberOfInstances" : null,
   "ID" : "19b4c568-a95664f5-ad117914-3ccf7292-2a7ee3a0",
   "Instances" : 
   [
      "24e83fd1-ddd03175-beb6aa86-f4ce6432-4241b24f",
      "26952bd2-9569483f-e0549aca-a33b9065-69c33884",
      "2faf6dae-1e8dd60c-78fbca50-98cc48e7-66559504",
      "5974bce8-dfa0d418-48e52945-578a9547-fbb8179e",
      "63831658-2ed313e4-bdd47183-6c1be4da-c0022bb4",
      "75c6d27e-9c7d0b29-ef99341d-b7507933-63d3057d",
      "bc61cc15-593581eb-104dd853-f8e2ae2f-19704638",
      "cad86111-996653c7-c7ca1820-b783c4c3-9ff6e63b",
      "dacc5f2c-4eb67b6e-62fe20be-08583e4b-f7285061",
      "fe9d11b9-08ca2a74-f27c7727-86fa6833-6b2583ab"
   ],
   "IsStable" : true,
   "Labels" : [],
   "LastUpdate" : "20250311T081323",
   "MainDicomTags" : 
   {
      "ContrastBolusAgent" : "CONT",
      "ImageOrientationPatient" : "1.0000\\0.0000\\0.0000\\0.0000\\1.0000\\0.0000",
      "Manufacturer" : "Philips Medical Systems",
      "Modality" : "CT",
      "ProtocolName" : "50",
      "SeriesInstanceUID" : "1.3.46.670589.10.900123.19970114.35056000060.3",
      "SeriesNumber" : " 1",
      "StationName" : "MVP"
   },
   "ParentStudy" : "200b3e41-4557e5ed-2b4a1771-a9e4ad06-cd1306c8",
   "Status" : "Unknown",
   "Type" : "Series"
}
[26-Apr-2025 17:32:45 Europe/Berlin] Requête proxy vers Orthanc (GET http://localhost:8042/studies/aa938400-09e9f0df-8ba95f68-e21f98dd-0c6e0cf0) - HTTP 200 : {
   "ID" : "aa938400-09e9f0df-8ba95f68-e21f98dd-0c6e0cf0",
   "IsStable" : true,
   "Labels" : [],
   "LastUpdate" : "20250421T205945",
   "MainDicomTags" : 
   {
      "AccessionNumber" : "",
      "InstitutionName" : "",
      "ReferringPhysicianName" : "",
      "StudyDate" : "19941013",
      "StudyDescription" : "",
      "StudyID" : "",
      "StudyInstanceUID" : "1.3.12.2.1107.5.4.3.123456789012345.19950922.121803.6",
      "StudyTime" : "141917"
   },
   "ParentPatient" : "1e6ca9a6-71d9b622-24e72d15-16251ee8-3735baf5",
   "PatientMainDicomTags" : 
   {
      "PatientBirthDate" : "19951025",
      "PatientID" : "556342B",
      "PatientName" : "Rubo DEMO",
      "PatientSex" : "M"
   },
   "Series" : 
   [
      "62cc4f41-9b1679c0-6ad19a2e-71fccb6f-07a3d16d"
   ],
   "Type" : "Study"
}
[26-Apr-2025 17:32:45 Europe/Berlin] Requête proxy vers Orthanc (GET http://localhost:8042/studies/200b3e41-4557e5ed-2b4a1771-a9e4ad06-cd1306c8) - HTTP 200 : {
   "ID" : "200b3e41-4557e5ed-2b4a1771-a9e4ad06-cd1306c8",
   "IsStable" : true,
   "Labels" : [],
   "LastUpdate" : "20250311T081323",
   "MainDicomTags" : 
   {
      "AccessionNumber" : "",
      "InstitutionName" : "CHU St ROCH",
      "ReferringPhysicianName" : "",
      "StudyDate" : "19961014",
      "StudyID" : "2019",
      "StudyInstanceUID" : "1.3.46.670589.10.900123.19970114.35056000060.1",
      "StudyTime" : "145056.00000"
   },
   "ParentPatient" : "9b4d864d-a53a383a-44cdda8a-269b4eee-777c5729",
   "PatientMainDicomTags" : 
   {
      "PatientBirthDate" : "19781010",
      "PatientID" : "0000002019",
      "PatientName" : "AVE+ ABDOMEN",
      "PatientSex" : "M"
   },
   "Series" : 
   [
      "19b4c568-a95664f5-ad117914-3ccf7292-2a7ee3a0"
   ],
   "Type" : "Study"
}
[26-Apr-2025 17:32:45 Europe/Berlin] Requête proxy vers Orthanc (GET http://localhost:8042/studies/0ba2c4af-c4286377-ed83307a-c4307d90-422eea83) - HTTP 200 : {
   "ID" : "0ba2c4af-c4286377-ed83307a-c4307d90-422eea83",
   "IsStable" : true,
   "Labels" : [],
   "LastUpdate" : "20250311T081322",
   "MainDicomTags" : 
   {
      "AccessionNumber" : "",
      "InstitutionName" : "CHU St ROCH",
      "ReferringPhysicianName" : "",
      "StudyDate" : "19961014",
      "StudyID" : "2014",
      "StudyInstanceUID" : "1.3.46.670589.10.900123.19970114.35029000020.1",
      "StudyTime" : "121625.00000"
   },
   "ParentPatient" : "8fff5df9-52cafc00-77071493-d6c9febb-c05b7e14",
   "PatientMainDicomTags" : 
   {
      "PatientBirthDate" : "19131220",
      "PatientID" : "0000002014",
      "PatientName" : "AVE+ BRAIN + POST FOS.",
      "PatientSex" : "F"
   },
   "Series" : 
   [
      "670d99fa-c4a853ca-52f7989e-f6df82a8-5123711c"
   ],
   "Type" : "Study"
}
[26-Apr-2025 17:32:45 Europe/Berlin] Requête proxy vers Orthanc (GET http://localhost:8042/studies/8e51d8c2-c73f0a1e-57f97ca6-0fe69e66-c5e753eb) - HTTP 200 : {
   "ID" : "8e51d8c2-c73f0a1e-57f97ca6-0fe69e66-c5e753eb",
   "IsStable" : true,
   "Labels" : [],
   "LastUpdate" : "20250421T202126",
   "MainDicomTags" : 
   {
      "AccessionNumber" : "",
      "InstitutionName" : "CHU St ROCH",
      "ReferringPhysicianName" : "",
      "StudyDate" : "19961014",
      "StudyID" : "2018",
      "StudyInstanceUID" : "1.3.46.670589.10.900123.19970114.35036000030.1",
      "StudyTime" : "140735.00000"
   },
   "ParentPatient" : "62bc7cdd-8f5ae588-dea41879-6a8e18d1-d44362ee",
   "PatientMainDicomTags" : 
   {
      "PatientBirthDate" : "19240101",
      "PatientID" : "0000002018",
      "PatientName" : "AVE+ BRAIN + POST + SINUS",
      "PatientSex" : "M"
   },
   "Series" : 
   [
      "4541c007-3ddcd5b2-6bf192fc-d28df38d-afe5c271",
      "f6ebf659-c336b2b9-102a72e3-2cd836e9-a5662c26"
   ],
   "Type" : "Study"
}
[26-Apr-2025 17:32:45 Europe/Berlin] Requête proxy vers Orthanc (GET http://localhost:8042/series/19b4c568-a95664f5-ad117914-3ccf7292-2a7ee3a0) - HTTP 200 : {
   "ExpectedNumberOfInstances" : null,
   "ID" : "19b4c568-a95664f5-ad117914-3ccf7292-2a7ee3a0",
   "Instances" : 
   [
      "24e83fd1-ddd03175-beb6aa86-f4ce6432-4241b24f",
      "26952bd2-9569483f-e0549aca-a33b9065-69c33884",
      "2faf6dae-1e8dd60c-78fbca50-98cc48e7-66559504",
      "5974bce8-dfa0d418-48e52945-578a9547-fbb8179e",
      "63831658-2ed313e4-bdd47183-6c1be4da-c0022bb4",
      "75c6d27e-9c7d0b29-ef99341d-b7507933-63d3057d",
      "bc61cc15-593581eb-104dd853-f8e2ae2f-19704638",
      "cad86111-996653c7-c7ca1820-b783c4c3-9ff6e63b",
      "dacc5f2c-4eb67b6e-62fe20be-08583e4b-f7285061",
      "fe9d11b9-08ca2a74-f27c7727-86fa6833-6b2583ab"
   ],
   "IsStable" : true,
   "Labels" : [],
   "LastUpdate" : "20250311T081323",
   "MainDicomTags" : 
   {
      "ContrastBolusAgent" : "CONT",
      "ImageOrientationPatient" : "1.0000\\0.0000\\0.0000\\0.0000\\1.0000\\0.0000",
      "Manufacturer" : "Philips Medical Systems",
      "Modality" : "CT",
      "ProtocolName" : "50",
      "SeriesInstanceUID" : "1.3.46.670589.10.900123.19970114.35056000060.3",
      "SeriesNumber" : " 1",
      "StationName" : "MVP"
   },
   "ParentStudy" : "200b3e41-4557e5ed-2b4a1771-a9e4ad06-cd1306c8",
   "Status" : "Unknown",
   "Type" : "Series"
}
[26-Apr-2025 17:32:45 Europe/Berlin] Requête proxy vers Orthanc (GET http://localhost:8042/series/19b4c568-a95664f5-ad117914-3ccf7292-2a7ee3a0) - HTTP 200 : {
   "ExpectedNumberOfInstances" : null,
   "ID" : "19b4c568-a95664f5-ad117914-3ccf7292-2a7ee3a0",
   "Instances" : 
   [
      "24e83fd1-ddd03175-beb6aa86-f4ce6432-4241b24f",
      "26952bd2-9569483f-e0549aca-a33b9065-69c33884",
      "2faf6dae-1e8dd60c-78fbca50-98cc48e7-66559504",
      "5974bce8-dfa0d418-48e52945-578a9547-fbb8179e",
      "63831658-2ed313e4-bdd47183-6c1be4da-c0022bb4",
      "75c6d27e-9c7d0b29-ef99341d-b7507933-63d3057d",
      "bc61cc15-593581eb-104dd853-f8e2ae2f-19704638",
      "cad86111-996653c7-c7ca1820-b783c4c3-9ff6e63b",
      "dacc5f2c-4eb67b6e-62fe20be-08583e4b-f7285061",
      "fe9d11b9-08ca2a74-f27c7727-86fa6833-6b2583ab"
   ],
   "IsStable" : true,
   "Labels" : [],
   "LastUpdate" : "20250311T081323",
   "MainDicomTags" : 
   {
      "ContrastBolusAgent" : "CONT",
      "ImageOrientationPatient" : "1.0000\\0.0000\\0.0000\\0.0000\\1.0000\\0.0000",
      "Manufacturer" : "Philips Medical Systems",
      "Modality" : "CT",
      "ProtocolName" : "50",
      "SeriesInstanceUID" : "1.3.46.670589.10.900123.19970114.35056000060.3",
      "SeriesNumber" : " 1",
      "StationName" : "MVP"
   },
   "ParentStudy" : "200b3e41-4557e5ed-2b4a1771-a9e4ad06-cd1306c8",
   "Status" : "Unknown",
   "Type" : "Series"
}
[26-Apr-2025 17:32:49 Europe/Berlin] Requête proxy vers Orthanc (GET http://localhost:8042//instances) - HTTP 200 : [
   "094563e4-74b821f1-120c8584-6236b3ba-05716a47",
   "24e83fd1-ddd03175-beb6aa86-f4ce6432-4241b24f",
   "26952bd2-9569483f-e0549aca-a33b9065-69c33884",
   "2faf6dae-1e8dd60c-78fbca50-98cc48e7-66559504",
   "582dde1a-6ee0dcb1-dc2c0a3c-06a79b2f-211eda06",
   "5974bce8-dfa0d418-48e52945-578a9547-fbb8179e",
   "63831658-2ed313e4-bdd47183-6c1be4da-c0022bb4",
   "75c6d27e-9c7d0b29-ef99341d-b7507933-63d3057d",
   "96548d6b-b87fefbd-78a3f7c5-c5abe181-0643a103",
   "b7fb1fb4-142e5a15-333ae197-298b1626-11f8833b",
   "bc61cc15-593581eb-104dd853-f8e2ae2f-19704638",
   "cad86111-996653c7-c7ca1820-b783c4c3-9ff6e63b",
   "dacc5f2c-4eb67b6e-62fe20be-08583e4b-f7285061",
   "e07efef8-4eba99da-e58dbc40-0173c1da-e2535081",
   "eb17dc02-607db0a6-1074ad73-79fb3688-f9a596db",
   "fe9d11b9-08ca2a74-f27c7727-86fa6833-6b2583ab",
   "feaf75ad-9548b055-4a7a21f5-3db18a07-9c6903d3"
]
[26-Apr-2025 17:32:49 Europe/Berlin] Requête proxy vers Orthanc (GET http://localhost:8042/instances/094563e4-74b821f1-120c8584-6236b3ba-05716a47) - HTTP 200 : {
   "FileSize" : 526336,
   "FileUuid" : "847455dd-9936-4c5a-9d73-29f225acd32b",
   "ID" : "094563e4-74b821f1-120c8584-6236b3ba-05716a47",
   "IndexInSeries" : 5003,
   "Labels" : [],
   "MainDicomTags" : 
   {
      "AcquisitionNumber" : " 5",
      "ImageComments" : "MD",
      "ImageOrientationPatient" : "1.0000\\0.0000\\0.0000\\0.0000\\1.0000\\0.0000",
      "ImagePositionPatient" : "-80.7000\\-75.1000\\-61.0000",
      "InstanceCreationDate" : "19970114",
      "InstanceCreationTime" : "035049.0005",
      "InstanceNumber" : "5003",
      "SOPInstanceUID" : "1.3.46.670589.10.900123.19970114.35049000050"
   },
   "ParentSeries" : "f623b033-c3bb9318-1ae62c1a-9fd5f247-24c86dea",
   "Type" : "Instance"
}
[26-Apr-2025 17:32:49 Europe/Berlin] Requête proxy vers Orthanc (GET http://localhost:8042/instances/24e83fd1-ddd03175-beb6aa86-f4ce6432-4241b24f) - HTTP 200 : {
   "FileSize" : 526336,
   "FileUuid" : "1b56fb91-ea25-44cc-8c18-5f24da876928",
   "ID" : "24e83fd1-ddd03175-beb6aa86-f4ce6432-4241b24f",
   "IndexInSeries" : 14001,
   "Labels" : [],
   "MainDicomTags" : 
   {
      "AcquisitionNumber" : "14",
      "ImageComments" : "",
      "ImageOrientationPatient" : "1.0000\\0.0000\\0.0000\\0.0000\\1.0000\\0.0000",
      "ImagePositionPatient" : "-175.1000\\-175.1000\\-120.0000",
      "InstanceCreationDate" : "19970114",
      "InstanceCreationTime" : "035100.0007",
      "InstanceNumber" : " 14001",
      "SOPInstanceUID" : "1.3.46.670589.10.900123.19970114.35100000070"
   },
   "ParentSeries" : "19b4c568-a95664f5-ad117914-3ccf7292-2a7ee3a0",
   "Type" : "Instance"
}
[26-Apr-2025 17:32:49 Europe/Berlin] Requête proxy vers Orthanc (GET http://localhost:8042/instances/2faf6dae-1e8dd60c-78fbca50-98cc48e7-66559504) - HTTP 200 : {
   "FileSize" : 526336,
   "FileUuid" : "43af4eee-ad27-4654-b4a1-e5a62a718f5a",
   "ID" : "2faf6dae-1e8dd60c-78fbca50-98cc48e7-66559504",
   "IndexInSeries" : 20001,
   "Labels" : [],
   "MainDicomTags" : 
   {
      "AcquisitionNumber" : "20",
      "ImageComments" : "",
      "ImageOrientationPatient" : "1.0000\\0.0000\\0.0000\\0.0000\\1.0000\\0.0000",
      "ImagePositionPatient" : "-175.1000\\-175.1000\\-180.0000",
      "InstanceCreationDate" : "19970114",
      "InstanceCreationTime" : "035131.0013",
      "InstanceNumber" : " 20001",
      "SOPInstanceUID" : "1.3.46.670589.10.900123.19970114.35131000130"
   },
   "ParentSeries" : "19b4c568-a95664f5-ad117914-3ccf7292-2a7ee3a0",
   "Type" : "Instance"
}
[26-Apr-2025 17:32:49 Europe/Berlin] Requête proxy vers Orthanc (GET http://localhost:8042/instances/26952bd2-9569483f-e0549aca-a33b9065-69c33884) - HTTP 200 : {
   "FileSize" : 526336,
   "FileUuid" : "9702e94e-8902-4103-ae55-af77a92efc6a",
   "ID" : "26952bd2-9569483f-e0549aca-a33b9065-69c33884",
   "IndexInSeries" : 17001,
   "Labels" : [],
   "MainDicomTags" : 
   {
      "AcquisitionNumber" : "17",
      "ImageComments" : "",
      "ImageOrientationPatient" : "1.0000\\0.0000\\0.0000\\0.0000\\1.0000\\0.0000",
      "ImagePositionPatient" : "-175.1000\\-175.1000\\-150.0000",
      "InstanceCreationDate" : "19970114",
      "InstanceCreationTime" : "035115.0010",
      "InstanceNumber" : " 17001",
      "SOPInstanceUID" : "1.3.46.670589.10.900123.19970114.35115000100"
   },
   "ParentSeries" : "19b4c568-a95664f5-ad117914-3ccf7292-2a7ee3a0",
   "Type" : "Instance"
}
[26-Apr-2025 17:32:49 Europe/Berlin] Requête proxy vers Orthanc (GET http://localhost:8042/instances/5974bce8-dfa0d418-48e52945-578a9547-fbb8179e) - HTTP 200 : {
   "FileSize" : 526336,
   "FileUuid" : "11a7f312-517f-42ad-a5f0-e749b0038b6c",
   "ID" : "5974bce8-dfa0d418-48e52945-578a9547-fbb8179e",
   "IndexInSeries" : 18001,
   "Labels" : [],
   "MainDicomTags" : 
   {
      "AcquisitionNumber" : "18",
      "ImageComments" : "",
      "ImageOrientationPatient" : "1.0000\\0.0000\\0.0000\\0.0000\\1.0000\\0.0000",
      "ImagePositionPatient" : "-175.1000\\-175.1000\\-160.0000",
      "InstanceCreationDate" : "19970114",
      "InstanceCreationTime" : "035120.0011",
      "InstanceNumber" : " 18001",
      "SOPInstanceUID" : "1.3.46.670589.10.900123.19970114.35120000110"
   },
   "ParentSeries" : "19b4c568-a95664f5-ad117914-3ccf7292-2a7ee3a0",
   "Type" : "Instance"
}
[26-Apr-2025 17:32:49 Europe/Berlin] Requête proxy vers Orthanc (GET http://localhost:8042/instances/582dde1a-6ee0dcb1-dc2c0a3c-06a79b2f-211eda06) - HTTP 200 : {
   "FileSize" : 527206,
   "FileUuid" : "795689db-f22a-4dce-b798-da7adabb6f0e",
   "ID" : "582dde1a-6ee0dcb1-dc2c0a3c-06a79b2f-211eda06",
   "IndexInSeries" : null,
   "Labels" : [],
   "MainDicomTags" : 
   {
      "InstanceCreationDate" : "20250421",
      "InstanceCreationTime" : "202125.000000",
      "SOPInstanceUID" : "1.2.276.0.7230010.3.1.4.1159938914.5836.1745266885.814"
   },
   "ParentSeries" : "4541c007-3ddcd5b2-6bf192fc-d28df38d-afe5c271",
   "Type" : "Instance"
}
[26-Apr-2025 17:32:49 Europe/Berlin] Requête proxy vers Orthanc (GET http://localhost:8042/instances/63831658-2ed313e4-bdd47183-6c1be4da-c0022bb4) - HTTP 200 : {
   "FileSize" : 526336,
   "FileUuid" : "18595efd-f373-4173-a048-6de33ca05bca",
   "ID" : "63831658-2ed313e4-bdd47183-6c1be4da-c0022bb4",
   "IndexInSeries" : 15001,
   "Labels" : [],
   "MainDicomTags" : 
   {
      "AcquisitionNumber" : "15",
      "ImageComments" : "",
      "ImageOrientationPatient" : "1.0000\\0.0000\\0.0000\\0.0000\\1.0000\\0.0000",
      "ImagePositionPatient" : "-175.1000\\-175.1000\\-130.0000",
      "InstanceCreationDate" : "19970114",
      "InstanceCreationTime" : "035105.0008",
      "InstanceNumber" : " 15001",
      "SOPInstanceUID" : "1.3.46.670589.10.900123.19970114.35105000080"
   },
   "ParentSeries" : "19b4c568-a95664f5-ad117914-3ccf7292-2a7ee3a0",
   "Type" : "Instance"
}
[26-Apr-2025 17:32:49 Europe/Berlin] Requête proxy vers Orthanc (GET http://localhost:8042/instances/75c6d27e-9c7d0b29-ef99341d-b7507933-63d3057d) - HTTP 200 : {
   "FileSize" : 526336,
   "FileUuid" : "7ef2cfb2-cd10-40ef-8012-0b6fd7578b13",
   "ID" : "75c6d27e-9c7d0b29-ef99341d-b7507933-63d3057d",
   "IndexInSeries" : 21001,
   "Labels" : [],
   "MainDicomTags" : 
   {
      "AcquisitionNumber" : "21",
      "ImageComments" : "",
      "ImageOrientationPatient" : "1.0000\\0.0000\\0.0000\\0.0000\\1.0000\\0.0000",
      "ImagePositionPatient" : "-175.1000\\-175.1000\\-190.0000",
      "InstanceCreationDate" : "19970114",
      "InstanceCreationTime" : "035135.0014",
      "InstanceNumber" : " 21001",
      "SOPInstanceUID" : "1.3.46.670589.10.900123.19970114.35135000140"
   },
   "ParentSeries" : "19b4c568-a95664f5-ad117914-3ccf7292-2a7ee3a0",
   "Type" : "Instance"
}
[26-Apr-2025 17:32:49 Europe/Berlin] Requête proxy vers Orthanc (GET http://localhost:8042/instances/b7fb1fb4-142e5a15-333ae197-298b1626-11f8833b) - HTTP 200 : {
   "FileSize" : 1702398,
   "FileUuid" : "9fa9d15a-988d-410e-9194-ddfde927c89a",
   "ID" : "b7fb1fb4-142e5a15-333ae197-298b1626-11f8833b",
   "IndexInSeries" : null,
   "Labels" : [],
   "MainDicomTags" : 
   {
      "InstanceNumber" : "",
      "NumberOfFrames" : "96",
      "SOPInstanceUID" : "1.3.12.2.1107.5.4.3.321890.19960124.162922.29"
   },
   "ParentSeries" : "62cc4f41-9b1679c0-6ad19a2e-71fccb6f-07a3d16d",
   "Type" : "Instance"
}
[26-Apr-2025 17:32:49 Europe/Berlin] Requête proxy vers Orthanc (GET http://localhost:8042/instances/96548d6b-b87fefbd-78a3f7c5-c5abe181-0643a103) - HTTP 200 : {
   "FileSize" : 91264,
   "FileUuid" : "39819348-f7ea-4861-9842-83c4a4a8c13e",
   "ID" : "96548d6b-b87fefbd-78a3f7c5-c5abe181-0643a103",
   "IndexInSeries" : 5,
   "Labels" : [],
   "MainDicomTags" : 
   {
      "ImageComments" : "JPEG 2000 lossless - Version 4.0.2 (c) Image Devices GmbH",
      "ImageOrientationPatient" : "1\\0\\0\\0\\1\\0",
      "ImagePositionPatient" : "-151.493508\\-36.6564417\\1293",
      "InstanceCreationDate" : "20061012",
      "InstanceCreationTime" : "091607.000000",
      "InstanceNumber" : "5",
      "SOPInstanceUID" : "1.2.826.0.1.3680043.8.1055.1.20111102150759059.64998534.33344836"
   },
   "ParentSeries" : "98d367a5-58eeba8b-f3c2da4b-de7d8f6f-ede53eb2",
   "Type" : "Instance"
}
[26-Apr-2025 17:32:49 Europe/Berlin] Requête proxy vers Orthanc (GET http://localhost:8042/instances/bc61cc15-593581eb-104dd853-f8e2ae2f-19704638) - HTTP 200 : {
   "FileSize" : 526336,
   "FileUuid" : "9f80260d-18b9-46ce-ada1-00d0d866886d",
   "ID" : "bc61cc15-593581eb-104dd853-f8e2ae2f-19704638",
   "IndexInSeries" : 16001,
   "Labels" : [],
   "MainDicomTags" : 
   {
      "AcquisitionNumber" : "16",
      "ImageComments" : "",
      "ImageOrientationPatient" : "1.0000\\0.0000\\0.0000\\0.0000\\1.0000\\0.0000",
      "ImagePositionPatient" : "-175.1000\\-175.1000\\-140.0000",
      "InstanceCreationDate" : "19970114",
      "InstanceCreationTime" : "035110.0009",
      "InstanceNumber" : " 16001",
      "SOPInstanceUID" : "1.3.46.670589.10.900123.19970114.35110000090"
   },
   "ParentSeries" : "19b4c568-a95664f5-ad117914-3ccf7292-2a7ee3a0",
   "Type" : "Instance"
}
[26-Apr-2025 17:32:49 Europe/Berlin] Requête proxy vers Orthanc (GET http://localhost:8042/instances/cad86111-996653c7-c7ca1820-b783c4c3-9ff6e63b) - HTTP 200 : {
   "FileSize" : 526336,
   "FileUuid" : "644bcf08-beb7-4bb7-8f87-2a07dae77a9f",
   "ID" : "cad86111-996653c7-c7ca1820-b783c4c3-9ff6e63b",
   "IndexInSeries" : 22001,
   "Labels" : [],
   "MainDicomTags" : 
   {
      "AcquisitionNumber" : "22",
      "ImageComments" : "",
      "ImageOrientationPatient" : "1.0000\\0.0000\\0.0000\\0.0000\\1.0000\\0.0000",
      "ImagePositionPatient" : "-175.1000\\-175.1000\\-200.0000",
      "InstanceCreationDate" : "19970114",
      "InstanceCreationTime" : "035140.0015",
      "InstanceNumber" : " 22001",
      "SOPInstanceUID" : "1.3.46.670589.10.900123.19970114.35140000150"
   },
   "ParentSeries" : "19b4c568-a95664f5-ad117914-3ccf7292-2a7ee3a0",
   "Type" : "Instance"
}
[26-Apr-2025 17:32:50 Europe/Berlin] Requête proxy vers Orthanc (GET http://localhost:8042/instances/feaf75ad-9548b055-4a7a21f5-3db18a07-9c6903d3) - HTTP 200 : {
   "FileSize" : 526336,
   "FileUuid" : "c415c430-c5a8-4afa-854f-af8e254144b8",
   "ID" : "feaf75ad-9548b055-4a7a21f5-3db18a07-9c6903d3",
   "IndexInSeries" : 5000,
   "Labels" : [],
   "MainDicomTags" : 
   {
      "AcquisitionNumber" : " 5",
      "ImageComments" : "",
      "ImageOrientationPatient" : "1.0000\\0.0000\\0.0000\\0.0000\\1.0000\\0.0000",
      "ImagePositionPatient" : "-124.9000\\-124.9000\\15.0000",
      "InstanceCreationDate" : "19970114",
      "InstanceCreationTime" : "035029.0002",
      "InstanceNumber" : "5000",
      "SOPInstanceUID" : "1.3.46.670589.10.900123.19970114.35029000020"
   },
   "ParentSeries" : "670d99fa-c4a853ca-52f7989e-f6df82a8-5123711c",
   "Type" : "Instance"
}
[26-Apr-2025 17:32:50 Europe/Berlin] Requête proxy vers Orthanc (GET http://localhost:8042/instances/dacc5f2c-4eb67b6e-62fe20be-08583e4b-f7285061) - HTTP 200 : {
   "FileSize" : 526336,
   "FileUuid" : "97a1c84b-5c67-4016-8405-2f71ae4af3de",
   "ID" : "dacc5f2c-4eb67b6e-62fe20be-08583e4b-f7285061",
   "IndexInSeries" : 19001,
   "Labels" : [],
   "MainDicomTags" : 
   {
      "AcquisitionNumber" : "19",
      "ImageComments" : "",
      "ImageOrientationPatient" : "1.0000\\0.0000\\0.0000\\0.0000\\1.0000\\0.0000",
      "ImagePositionPatient" : "-175.1000\\-175.1000\\-170.0000",
      "InstanceCreationDate" : "19970114",
      "InstanceCreationTime" : "035126.0012",
      "InstanceNumber" : " 19001",
      "SOPInstanceUID" : "1.3.46.670589.10.900123.19970114.35126000120"
   },
   "ParentSeries" : "19b4c568-a95664f5-ad117914-3ccf7292-2a7ee3a0",
   "Type" : "Instance"
}
[26-Apr-2025 17:32:50 Europe/Berlin] Requête proxy vers Orthanc (GET http://localhost:8042/instances/fe9d11b9-08ca2a74-f27c7727-86fa6833-6b2583ab) - HTTP 200 : {
   "FileSize" : 526336,
   "FileUuid" : "c147a823-c25b-4c74-a7fb-877198ac4ebe",
   "ID" : "fe9d11b9-08ca2a74-f27c7727-86fa6833-6b2583ab",
   "IndexInSeries" : 13001,
   "Labels" : [],
   "MainDicomTags" : 
   {
      "AcquisitionNumber" : "13",
      "ImageComments" : "",
      "ImageOrientationPatient" : "1.0000\\0.0000\\0.0000\\0.0000\\1.0000\\0.0000",
      "ImagePositionPatient" : "-175.1000\\-175.1000\\-110.0000",
      "InstanceCreationDate" : "19970114",
      "InstanceCreationTime" : "035056.0006",
      "InstanceNumber" : " 13001",
      "SOPInstanceUID" : "1.3.46.670589.10.900123.19970114.35056000060"
   },
   "ParentSeries" : "19b4c568-a95664f5-ad117914-3ccf7292-2a7ee3a0",
   "Type" : "Instance"
}
[26-Apr-2025 17:32:50 Europe/Berlin] Requête proxy vers Orthanc (GET http://localhost:8042/instances/e07efef8-4eba99da-e58dbc40-0173c1da-e2535081) - HTTP 200 : {
   "FileSize" : 531298,
   "FileUuid" : "937b172f-feb1-4efd-a3ab-432405774a56",
   "ID" : "e07efef8-4eba99da-e58dbc40-0173c1da-e2535081",
   "IndexInSeries" : 1,
   "Labels" : [],
   "MainDicomTags" : 
   {
      "AcquisitionNumber" : "1",
      "InstanceCreationDate" : "20210411",
      "InstanceCreationTime" : "213019.104784",
      "InstanceNumber" : "1",
      "NumberOfFrames" : "1",
      "SOPInstanceUID" : "1.3.12.2.1107.5.8.15.999999.30000021041121051996700000250"
   },
   "ParentSeries" : "11b7c563-ae504ced-e95ed300-7176b3e8-74f7e2f5",
   "Type" : "Instance"
}
[26-Apr-2025 17:32:50 Europe/Berlin] Requête proxy vers Orthanc (GET http://localhost:8042/series/19b4c568-a95664f5-ad117914-3ccf7292-2a7ee3a0) - HTTP 200 : {
   "ExpectedNumberOfInstances" : null,
   "ID" : "19b4c568-a95664f5-ad117914-3ccf7292-2a7ee3a0",
   "Instances" : 
   [
      "24e83fd1-ddd03175-beb6aa86-f4ce6432-4241b24f",
      "26952bd2-9569483f-e0549aca-a33b9065-69c33884",
      "2faf6dae-1e8dd60c-78fbca50-98cc48e7-66559504",
      "5974bce8-dfa0d418-48e52945-578a9547-fbb8179e",
      "63831658-2ed313e4-bdd47183-6c1be4da-c0022bb4",
      "75c6d27e-9c7d0b29-ef99341d-b7507933-63d3057d",
      "bc61cc15-593581eb-104dd853-f8e2ae2f-19704638",
      "cad86111-996653c7-c7ca1820-b783c4c3-9ff6e63b",
      "dacc5f2c-4eb67b6e-62fe20be-08583e4b-f7285061",
      "fe9d11b9-08ca2a74-f27c7727-86fa6833-6b2583ab"
   ],
   "IsStable" : true,
   "Labels" : [],
   "LastUpdate" : "20250311T081323",
   "MainDicomTags" : 
   {
      "ContrastBolusAgent" : "CONT",
      "ImageOrientationPatient" : "1.0000\\0.0000\\0.0000\\0.0000\\1.0000\\0.0000",
      "Manufacturer" : "Philips Medical Systems",
      "Modality" : "CT",
      "ProtocolName" : "50",
      "SeriesInstanceUID" : "1.3.46.670589.10.900123.19970114.35056000060.3",
      "SeriesNumber" : " 1",
      "StationName" : "MVP"
   },
   "ParentStudy" : "200b3e41-4557e5ed-2b4a1771-a9e4ad06-cd1306c8",
   "Status" : "Unknown",
   "Type" : "Series"
}
[26-Apr-2025 17:32:50 Europe/Berlin] Requête proxy vers Orthanc (GET http://localhost:8042/instances/eb17dc02-607db0a6-1074ad73-79fb3688-f9a596db) - HTTP 200 : {
   "FileSize" : 526336,
   "FileUuid" : "c426268c-e58d-4f99-814f-daad18c5a0b1",
   "ID" : "eb17dc02-607db0a6-1074ad73-79fb3688-f9a596db",
   "IndexInSeries" : 6000,
   "Labels" : [],
   "MainDicomTags" : 
   {
      "AcquisitionNumber" : " 6",
      "ImageComments" : "",
      "ImageOrientationPatient" : "1.0000\\0.0000\\0.0000\\0.0000\\0.9397\\-0.3420",
      "ImagePositionPatient" : "-124.9000\\-117.4000\\67.7000",
      "InstanceCreationDate" : "19970114",
      "InstanceCreationTime" : "035036.0003",
      "InstanceNumber" : "6000",
      "SOPInstanceUID" : "1.3.46.670589.10.900123.19970114.35036000030"
   },
   "ParentSeries" : "f6ebf659-c336b2b9-102a72e3-2cd836e9-a5662c26",
   "Type" : "Instance"
}
[26-Apr-2025 17:32:50 Europe/Berlin] Requête proxy vers Orthanc (GET http://localhost:8042/series/670d99fa-c4a853ca-52f7989e-f6df82a8-5123711c) - HTTP 200 : {
   "ExpectedNumberOfInstances" : null,
   "ID" : "670d99fa-c4a853ca-52f7989e-f6df82a8-5123711c",
   "Instances" : 
   [
      "feaf75ad-9548b055-4a7a21f5-3db18a07-9c6903d3"
   ],
   "IsStable" : true,
   "Labels" : [],
   "LastUpdate" : "20250311T081322",
   "MainDicomTags" : 
   {
      "ContrastBolusAgent" : "NONE",
      "ImageOrientationPatient" : "1.0000\\0.0000\\0.0000\\0.0000\\1.0000\\0.0000",
      "Manufacturer" : "Philips Medical Systems",
      "Modality" : "CT",
      "ProtocolName" : " 1",
      "SeriesInstanceUID" : "1.3.46.670589.10.900123.19970114.35029000020.3",
      "SeriesNumber" : " 1",
      "StationName" : "MVP"
   },
   "ParentStudy" : "0ba2c4af-c4286377-ed83307a-c4307d90-422eea83",
   "Status" : "Unknown",
   "Type" : "Series"
}
[26-Apr-2025 17:32:50 Europe/Berlin] Requête proxy vers Orthanc (GET http://localhost:8042/series/98d367a5-58eeba8b-f3c2da4b-de7d8f6f-ede53eb2) - HTTP 200 : {
   "ExpectedNumberOfInstances" : null,
   "ID" : "98d367a5-58eeba8b-f3c2da4b-de7d8f6f-ede53eb2",
   "Instances" : 
   [
      "96548d6b-b87fefbd-78a3f7c5-c5abe181-0643a103"
   ],
   "IsStable" : false,
   "Labels" : [],
   "LastUpdate" : "20250426T153239",
   "MainDicomTags" : 
   {
      "ContrastBolusAgent" : "CONTRAST",
      "ImageOrientationPatient" : "1\\0\\0\\0\\1\\0",
      "Modality" : "CT",
      "PerformedProcedureStepDescription" : "CT1 abdomen",
      "ProtocolName" : "ART.RENALES 12/Abdomen/Hx",
      "RequestAttributesSequence" : 
      [
         {
            "RequestedProcedureID" : "A10026177757",
            "ScheduledProcedureStepDescription" : "CT1 abdomen",
            "ScheduledProcedureStepID" : "A10026177758",
            "ScheduledProtocolCodeSequence" : 
            [
               {
                  "CodeMeaning" : "CT1 abdomen",
                  "CodeValue" : "CTABDOM",
                  "CodingSchemeDesignator" : "XPLORE"
               }
            ]
         }
      ],
      "SeriesDescription" : "ARTERIELLE",
      "SeriesInstanceUID" : "1.2.826.0.1.3680043.8.1055.1.20111102150758591.96842950.07877442",
      "SeriesNumber" : "6168"
   },
   "ParentStudy" : "3abaec0a-ebfaaa87-f830d52b-d62df074-6a692c12",
   "Status" : "Unknown",
   "Type" : "Series"
}
[26-Apr-2025 17:32:50 Europe/Berlin] Requête proxy vers Orthanc (GET http://localhost:8042/series/f623b033-c3bb9318-1ae62c1a-9fd5f247-24c86dea) - HTTP 200 : {
   "ExpectedNumberOfInstances" : null,
   "ID" : "f623b033-c3bb9318-1ae62c1a-9fd5f247-24c86dea",
   "Instances" : 
   [
      "094563e4-74b821f1-120c8584-6236b3ba-05716a47"
   ],
   "IsStable" : true,
   "Labels" : [],
   "LastUpdate" : "20250311T081322",
   "MainDicomTags" : 
   {
      "ContrastBolusAgent" : "NONE",
      "ImageOrientationPatient" : "1.0000\\0.0000\\0.0000\\0.0000\\1.0000\\0.0000",
      "Manufacturer" : "Philips Medical Systems",
      "Modality" : "CT",
      "ProtocolName" : " 1",
      "SeriesInstanceUID" : "1.3.46.670589.10.900123.19970114.35049000050.3",
      "SeriesNumber" : " 1",
      "StationName" : "MVP"
   },
   "ParentStudy" : "286789b1-82845a45-92d7dfc0-c6a8e286-27bc0129",
   "Status" : "Unknown",
   "Type" : "Series"
}
[26-Apr-2025 17:32:50 Europe/Berlin] Requête proxy vers Orthanc (GET http://localhost:8042/series/62cc4f41-9b1679c0-6ad19a2e-71fccb6f-07a3d16d) - HTTP 200 : {
   "ExpectedNumberOfInstances" : null,
   "ID" : "62cc4f41-9b1679c0-6ad19a2e-71fccb6f-07a3d16d",
   "Instances" : 
   [
      "b7fb1fb4-142e5a15-333ae197-298b1626-11f8833b"
   ],
   "IsStable" : true,
   "Labels" : [],
   "LastUpdate" : "20250421T205945",
   "MainDicomTags" : 
   {
      "Manufacturer" : "",
      "Modality" : "XA",
      "SeriesInstanceUID" : "1.3.12.2.1107.5.4.3.123456789012345.19950922.121803.8",
      "SeriesNumber" : "1"
   },
   "ParentStudy" : "aa938400-09e9f0df-8ba95f68-e21f98dd-0c6e0cf0",
   "Status" : "Unknown",
   "Type" : "Series"
}
[26-Apr-2025 17:32:50 Europe/Berlin] Requête proxy vers Orthanc (GET http://localhost:8042/series/19b4c568-a95664f5-ad117914-3ccf7292-2a7ee3a0) - HTTP 200 : {
   "ExpectedNumberOfInstances" : null,
   "ID" : "19b4c568-a95664f5-ad117914-3ccf7292-2a7ee3a0",
   "Instances" : 
   [
      "24e83fd1-ddd03175-beb6aa86-f4ce6432-4241b24f",
      "26952bd2-9569483f-e0549aca-a33b9065-69c33884",
      "2faf6dae-1e8dd60c-78fbca50-98cc48e7-66559504",
      "5974bce8-dfa0d418-48e52945-578a9547-fbb8179e",
      "63831658-2ed313e4-bdd47183-6c1be4da-c0022bb4",
      "75c6d27e-9c7d0b29-ef99341d-b7507933-63d3057d",
      "bc61cc15-593581eb-104dd853-f8e2ae2f-19704638",
      "cad86111-996653c7-c7ca1820-b783c4c3-9ff6e63b",
      "dacc5f2c-4eb67b6e-62fe20be-08583e4b-f7285061",
      "fe9d11b9-08ca2a74-f27c7727-86fa6833-6b2583ab"
   ],
   "IsStable" : true,
   "Labels" : [],
   "LastUpdate" : "20250311T081323",
   "MainDicomTags" : 
   {
      "ContrastBolusAgent" : "CONT",
      "ImageOrientationPatient" : "1.0000\\0.0000\\0.0000\\0.0000\\1.0000\\0.0000",
      "Manufacturer" : "Philips Medical Systems",
      "Modality" : "CT",
      "ProtocolName" : "50",
      "SeriesInstanceUID" : "1.3.46.670589.10.900123.19970114.35056000060.3",
      "SeriesNumber" : " 1",
      "StationName" : "MVP"
   },
   "ParentStudy" : "200b3e41-4557e5ed-2b4a1771-a9e4ad06-cd1306c8",
   "Status" : "Unknown",
   "Type" : "Series"
}
[26-Apr-2025 17:32:50 Europe/Berlin] Requête proxy vers Orthanc (GET http://localhost:8042/series/4541c007-3ddcd5b2-6bf192fc-d28df38d-afe5c271) - HTTP 200 : {
   "ExpectedNumberOfInstances" : null,
   "ID" : "4541c007-3ddcd5b2-6bf192fc-d28df38d-afe5c271",
   "Instances" : 
   [
      "582dde1a-6ee0dcb1-dc2c0a3c-06a79b2f-211eda06"
   ],
   "IsStable" : true,
   "Labels" : [],
   "LastUpdate" : "20250421T202126",
   "MainDicomTags" : 
   {
      "Modality" : "M3D",
      "SeriesDate" : "20250421",
      "SeriesDescription" : "Model",
      "SeriesInstanceUID" : "1.2.276.0.7230010.3.1.3.1159938914.5836.1745266885.813",
      "SeriesTime" : "202125.000000"
   },
   "ParentStudy" : "8e51d8c2-c73f0a1e-57f97ca6-0fe69e66-c5e753eb",
   "Status" : "Unknown",
   "Type" : "Series"
}
[26-Apr-2025 17:32:50 Europe/Berlin] Requête proxy vers Orthanc (GET http://localhost:8042/series/19b4c568-a95664f5-ad117914-3ccf7292-2a7ee3a0) - HTTP 200 : {
   "ExpectedNumberOfInstances" : null,
   "ID" : "19b4c568-a95664f5-ad117914-3ccf7292-2a7ee3a0",
   "Instances" : 
   [
      "24e83fd1-ddd03175-beb6aa86-f4ce6432-4241b24f",
      "26952bd2-9569483f-e0549aca-a33b9065-69c33884",
      "2faf6dae-1e8dd60c-78fbca50-98cc48e7-66559504",
      "5974bce8-dfa0d418-48e52945-578a9547-fbb8179e",
      "63831658-2ed313e4-bdd47183-6c1be4da-c0022bb4",
      "75c6d27e-9c7d0b29-ef99341d-b7507933-63d3057d",
      "bc61cc15-593581eb-104dd853-f8e2ae2f-19704638",
      "cad86111-996653c7-c7ca1820-b783c4c3-9ff6e63b",
      "dacc5f2c-4eb67b6e-62fe20be-08583e4b-f7285061",
      "fe9d11b9-08ca2a74-f27c7727-86fa6833-6b2583ab"
   ],
   "IsStable" : true,
   "Labels" : [],
   "LastUpdate" : "20250311T081323",
   "MainDicomTags" : 
   {
      "ContrastBolusAgent" : "CONT",
      "ImageOrientationPatient" : "1.0000\\0.0000\\0.0000\\0.0000\\1.0000\\0.0000",
      "Manufacturer" : "Philips Medical Systems",
      "Modality" : "CT",
      "ProtocolName" : "50",
      "SeriesInstanceUID" : "1.3.46.670589.10.900123.19970114.35056000060.3",
      "SeriesNumber" : " 1",
      "StationName" : "MVP"
   },
   "ParentStudy" : "200b3e41-4557e5ed-2b4a1771-a9e4ad06-cd1306c8",
   "Status" : "Unknown",
   "Type" : "Series"
}
[26-Apr-2025 17:32:50 Europe/Berlin] Requête proxy vers Orthanc (GET http://localhost:8042/studies/200b3e41-4557e5ed-2b4a1771-a9e4ad06-cd1306c8) - HTTP 200 : {
   "ID" : "200b3e41-4557e5ed-2b4a1771-a9e4ad06-cd1306c8",
   "IsStable" : true,
   "Labels" : [],
   "LastUpdate" : "20250311T081323",
   "MainDicomTags" : 
   {
      "AccessionNumber" : "",
      "InstitutionName" : "CHU St ROCH",
      "ReferringPhysicianName" : "",
      "StudyDate" : "19961014",
      "StudyID" : "2019",
      "StudyInstanceUID" : "1.3.46.670589.10.900123.19970114.35056000060.1",
      "StudyTime" : "145056.00000"
   },
   "ParentPatient" : "9b4d864d-a53a383a-44cdda8a-269b4eee-777c5729",
   "PatientMainDicomTags" : 
   {
      "PatientBirthDate" : "19781010",
      "PatientID" : "0000002019",
      "PatientName" : "AVE+ ABDOMEN",
      "PatientSex" : "M"
   },
   "Series" : 
   [
      "19b4c568-a95664f5-ad117914-3ccf7292-2a7ee3a0"
   ],
   "Type" : "Study"
}
[26-Apr-2025 17:32:50 Europe/Berlin] Requête proxy vers Orthanc (GET http://localhost:8042/series/11b7c563-ae504ced-e95ed300-7176b3e8-74f7e2f5) - HTTP 200 : {
   "ExpectedNumberOfInstances" : null,
   "ID" : "11b7c563-ae504ced-e95ed300-7176b3e8-74f7e2f5",
   "Instances" : 
   [
      "e07efef8-4eba99da-e58dbc40-0173c1da-e2535081"
   ],
   "IsStable" : true,
   "Labels" : [],
   "LastUpdate" : "20250421T233940",
   "MainDicomTags" : 
   {
      "Manufacturer" : "Siemens Healthineers",
      "Modality" : "MR",
      "PerformedProcedureStepDescription" : "Osteo_2021 Cheville",
      "PerformedProcedureStepStartDate" : "20210113",
      "PerformedProcedureStepStartTime" : "130454.100000",
      "ProtocolName" : "t1_sag_tse REF",
      "SeriesDate" : "20210411",
      "SeriesDescription" : "Exported MR Basic Reading",
      "SeriesInstanceUID" : "1.3.12.2.1107.5.8.15.999999.30000021041121051996700000249",
      "SeriesNumber" : "1005",
      "SeriesTime" : "213018.573513",
      "StationName" : "MR-T10-MRC19-04"
   },
   "ParentStudy" : "ae9bf996-b6ab6a8b-eba1f35e-14600862-f9393ddd",
   "Status" : "Unknown",
   "Type" : "Series"
}
[26-Apr-2025 17:32:50 Europe/Berlin] Requête proxy vers Orthanc (GET http://localhost:8042/series/f6ebf659-c336b2b9-102a72e3-2cd836e9-a5662c26) - HTTP 200 : {
   "ExpectedNumberOfInstances" : null,
   "ID" : "f6ebf659-c336b2b9-102a72e3-2cd836e9-a5662c26",
   "Instances" : 
   [
      "eb17dc02-607db0a6-1074ad73-79fb3688-f9a596db"
   ],
   "IsStable" : true,
   "Labels" : [],
   "LastUpdate" : "20250311T081322",
   "MainDicomTags" : 
   {
      "ContrastBolusAgent" : "NONE",
      "ImageOrientationPatient" : "1.0000\\0.0000\\0.0000\\0.0000\\0.9397\\-0.3420",
      "Manufacturer" : "Philips Medical Systems",
      "Modality" : "CT",
      "ProtocolName" : " 1",
      "SeriesInstanceUID" : "1.3.46.670589.10.900123.19970114.35036000030.3",
      "SeriesNumber" : " 1",
      "StationName" : "MVP"
   },
   "ParentStudy" : "8e51d8c2-c73f0a1e-57f97ca6-0fe69e66-c5e753eb",
   "Status" : "Unknown",
   "Type" : "Series"
}
[26-Apr-2025 17:32:50 Europe/Berlin] Requête proxy vers Orthanc (GET http://localhost:8042/studies/0ba2c4af-c4286377-ed83307a-c4307d90-422eea83) - HTTP 200 : {
   "ID" : "0ba2c4af-c4286377-ed83307a-c4307d90-422eea83",
   "IsStable" : true,
   "Labels" : [],
   "LastUpdate" : "20250311T081322",
   "MainDicomTags" : 
   {
      "AccessionNumber" : "",
      "InstitutionName" : "CHU St ROCH",
      "ReferringPhysicianName" : "",
      "StudyDate" : "19961014",
      "StudyID" : "2014",
      "StudyInstanceUID" : "1.3.46.670589.10.900123.19970114.35029000020.1",
      "StudyTime" : "121625.00000"
   },
   "ParentPatient" : "8fff5df9-52cafc00-77071493-d6c9febb-c05b7e14",
   "PatientMainDicomTags" : 
   {
      "PatientBirthDate" : "19131220",
      "PatientID" : "0000002014",
      "PatientName" : "AVE+ BRAIN + POST FOS.",
      "PatientSex" : "F"
   },
   "Series" : 
   [
      "670d99fa-c4a853ca-52f7989e-f6df82a8-5123711c"
   ],
   "Type" : "Study"
}
[26-Apr-2025 17:32:50 Europe/Berlin] Requête proxy vers Orthanc (GET http://localhost:8042/studies/3abaec0a-ebfaaa87-f830d52b-d62df074-6a692c12) - HTTP 200 : {
   "ID" : "3abaec0a-ebfaaa87-f830d52b-d62df074-6a692c12",
   "IsStable" : false,
   "Labels" : [],
   "LastUpdate" : "20250426T153239",
   "MainDicomTags" : 
   {
      "StudyDate" : "20061012",
      "StudyDescription" : "CT1 abdomen",
      "StudyInstanceUID" : "1.2.826.0.1.3680043.8.1055.1.20111102150758591.92402465.76095170",
      "StudyTime" : "090258.000000"
   },
   "ParentPatient" : "b6589fc6-ab0dc82c-f12099d1-c2d40ab9-94e8410c",
   "PatientMainDicomTags" : 
   {
      "PatientID" : "0",
      "PatientName" : "Anonymized"
   },
   "Series" : 
   [
      "98d367a5-58eeba8b-f3c2da4b-de7d8f6f-ede53eb2"
   ],
   "Type" : "Study"
}
[26-Apr-2025 17:32:50 Europe/Berlin] Requête proxy vers Orthanc (GET http://localhost:8042/studies/8e51d8c2-c73f0a1e-57f97ca6-0fe69e66-c5e753eb) - HTTP 200 : {
   "ID" : "8e51d8c2-c73f0a1e-57f97ca6-0fe69e66-c5e753eb",
   "IsStable" : true,
   "Labels" : [],
   "LastUpdate" : "20250421T202126",
   "MainDicomTags" : 
   {
      "AccessionNumber" : "",
      "InstitutionName" : "CHU St ROCH",
      "ReferringPhysicianName" : "",
      "StudyDate" : "19961014",
      "StudyID" : "2018",
      "StudyInstanceUID" : "1.3.46.670589.10.900123.19970114.35036000030.1",
      "StudyTime" : "140735.00000"
   },
   "ParentPatient" : "62bc7cdd-8f5ae588-dea41879-6a8e18d1-d44362ee",
   "PatientMainDicomTags" : 
   {
      "PatientBirthDate" : "19240101",
      "PatientID" : "0000002018",
      "PatientName" : "AVE+ BRAIN + POST + SINUS",
      "PatientSex" : "M"
   },
   "Series" : 
   [
      "4541c007-3ddcd5b2-6bf192fc-d28df38d-afe5c271",
      "f6ebf659-c336b2b9-102a72e3-2cd836e9-a5662c26"
   ],
   "Type" : "Study"
}
[26-Apr-2025 17:32:50 Europe/Berlin] Requête proxy vers Orthanc (GET http://localhost:8042/studies/286789b1-82845a45-92d7dfc0-c6a8e286-27bc0129) - HTTP 200 : {
   "ID" : "286789b1-82845a45-92d7dfc0-c6a8e286-27bc0129",
   "IsStable" : true,
   "Labels" : [],
   "LastUpdate" : "20250311T081322",
   "MainDicomTags" : 
   {
      "AccessionNumber" : "",
      "InstitutionName" : "CHU St ROCH",
      "ReferringPhysicianName" : "",
      "StudyDate" : "19961014",
      "StudyID" : "2011",
      "StudyInstanceUID" : "1.3.46.670589.10.900123.19970114.35049000050.1",
      "StudyTime" : "115421.00000"
   },
   "ParentPatient" : "10092b57-91bddc20-e68b74c7-8956c6df-49e00750",
   "PatientMainDicomTags" : 
   {
      "PatientBirthDate" : "19320918",
      "PatientID" : "0000002011",
      "PatientName" : "AVE+ KNEE",
      "PatientSex" : "F"
   },
   "Series" : 
   [
      "f623b033-c3bb9318-1ae62c1a-9fd5f247-24c86dea"
   ],
   "Type" : "Study"
}
[26-Apr-2025 17:32:50 Europe/Berlin] Requête proxy vers Orthanc (GET http://localhost:8042/studies/aa938400-09e9f0df-8ba95f68-e21f98dd-0c6e0cf0) - HTTP 200 : {
   "ID" : "aa938400-09e9f0df-8ba95f68-e21f98dd-0c6e0cf0",
   "IsStable" : true,
   "Labels" : [],
   "LastUpdate" : "20250421T205945",
   "MainDicomTags" : 
   {
      "AccessionNumber" : "",
      "InstitutionName" : "",
      "ReferringPhysicianName" : "",
      "StudyDate" : "19941013",
      "StudyDescription" : "",
      "StudyID" : "",
      "StudyInstanceUID" : "1.3.12.2.1107.5.4.3.123456789012345.19950922.121803.6",
      "StudyTime" : "141917"
   },
   "ParentPatient" : "1e6ca9a6-71d9b622-24e72d15-16251ee8-3735baf5",
   "PatientMainDicomTags" : 
   {
      "PatientBirthDate" : "19951025",
      "PatientID" : "556342B",
      "PatientName" : "Rubo DEMO",
      "PatientSex" : "M"
   },
   "Series" : 
   [
      "62cc4f41-9b1679c0-6ad19a2e-71fccb6f-07a3d16d"
   ],
   "Type" : "Study"
}
[26-Apr-2025 17:32:50 Europe/Berlin] Requête proxy vers Orthanc (GET http://localhost:8042/series/19b4c568-a95664f5-ad117914-3ccf7292-2a7ee3a0) - HTTP 200 : {
   "ExpectedNumberOfInstances" : null,
   "ID" : "19b4c568-a95664f5-ad117914-3ccf7292-2a7ee3a0",
   "Instances" : 
   [
      "24e83fd1-ddd03175-beb6aa86-f4ce6432-4241b24f",
      "26952bd2-9569483f-e0549aca-a33b9065-69c33884",
      "2faf6dae-1e8dd60c-78fbca50-98cc48e7-66559504",
      "5974bce8-dfa0d418-48e52945-578a9547-fbb8179e",
      "63831658-2ed313e4-bdd47183-6c1be4da-c0022bb4",
      "75c6d27e-9c7d0b29-ef99341d-b7507933-63d3057d",
      "bc61cc15-593581eb-104dd853-f8e2ae2f-19704638",
      "cad86111-996653c7-c7ca1820-b783c4c3-9ff6e63b",
      "dacc5f2c-4eb67b6e-62fe20be-08583e4b-f7285061",
      "fe9d11b9-08ca2a74-f27c7727-86fa6833-6b2583ab"
   ],
   "IsStable" : true,
   "Labels" : [],
   "LastUpdate" : "20250311T081323",
   "MainDicomTags" : 
   {
      "ContrastBolusAgent" : "CONT",
      "ImageOrientationPatient" : "1.0000\\0.0000\\0.0000\\0.0000\\1.0000\\0.0000",
      "Manufacturer" : "Philips Medical Systems",
      "Modality" : "CT",
      "ProtocolName" : "50",
      "SeriesInstanceUID" : "1.3.46.670589.10.900123.19970114.35056000060.3",
      "SeriesNumber" : " 1",
      "StationName" : "MVP"
   },
   "ParentStudy" : "200b3e41-4557e5ed-2b4a1771-a9e4ad06-cd1306c8",
   "Status" : "Unknown",
   "Type" : "Series"
}
[26-Apr-2025 17:32:50 Europe/Berlin] Requête proxy vers Orthanc (GET http://localhost:8042/studies/200b3e41-4557e5ed-2b4a1771-a9e4ad06-cd1306c8) - HTTP 200 : {
   "ID" : "200b3e41-4557e5ed-2b4a1771-a9e4ad06-cd1306c8",
   "IsStable" : true,
   "Labels" : [],
   "LastUpdate" : "20250311T081323",
   "MainDicomTags" : 
   {
      "AccessionNumber" : "",
      "InstitutionName" : "CHU St ROCH",
      "ReferringPhysicianName" : "",
      "StudyDate" : "19961014",
      "StudyID" : "2019",
      "StudyInstanceUID" : "1.3.46.670589.10.900123.19970114.35056000060.1",
      "StudyTime" : "145056.00000"
   },
   "ParentPatient" : "9b4d864d-a53a383a-44cdda8a-269b4eee-777c5729",
   "PatientMainDicomTags" : 
   {
      "PatientBirthDate" : "19781010",
      "PatientID" : "0000002019",
      "PatientName" : "AVE+ ABDOMEN",
      "PatientSex" : "M"
   },
   "Series" : 
   [
      "19b4c568-a95664f5-ad117914-3ccf7292-2a7ee3a0"
   ],
   "Type" : "Study"
}
[26-Apr-2025 17:32:50 Europe/Berlin] Requête proxy vers Orthanc (GET http://localhost:8042/studies/ae9bf996-b6ab6a8b-eba1f35e-14600862-f9393ddd) - HTTP 200 : {
   "ID" : "ae9bf996-b6ab6a8b-eba1f35e-14600862-f9393ddd",
   "IsStable" : true,
   "Labels" : [],
   "LastUpdate" : "20250421T233940",
   "MainDicomTags" : 
   {
      "AccessionNumber" : "",
      "InstitutionName" : "",
      "ReferringPhysicianName" : "",
      "StudyDate" : "20210113",
      "StudyDescription" : "Osteo_2021 Cheville",
      "StudyID" : "b0513b81-3517-43",
      "StudyInstanceUID" : "1.3.12.2.1107.5.2.53.189501.30000021011309045077000000005",
      "StudyTime" : "130454.100000"
   },
   "ParentPatient" : "c5cc2652-d994a3cd-4c0b46e9-8aeb6e72-a0135eba",
   "PatientMainDicomTags" : 
   {
      "PatientBirthDate" : "19960205",
      "PatientID" : "2021.01.13-13:04:52-STD-1.3.12.2.1107.5.99.3",
      "PatientName" : "DeepResolve_Altea2",
      "PatientSex" : "M"
   },
   "Series" : 
   [
      "11b7c563-ae504ced-e95ed300-7176b3e8-74f7e2f5"
   ],
   "Type" : "Study"
}
[26-Apr-2025 17:32:51 Europe/Berlin] Requête proxy vers Orthanc (GET http://localhost:8042/studies/200b3e41-4557e5ed-2b4a1771-a9e4ad06-cd1306c8) - HTTP 200 : {
   "ID" : "200b3e41-4557e5ed-2b4a1771-a9e4ad06-cd1306c8",
   "IsStable" : true,
   "Labels" : [],
   "LastUpdate" : "20250311T081323",
   "MainDicomTags" : 
   {
      "AccessionNumber" : "",
      "InstitutionName" : "CHU St ROCH",
      "ReferringPhysicianName" : "",
      "StudyDate" : "19961014",
      "StudyID" : "2019",
      "StudyInstanceUID" : "1.3.46.670589.10.900123.19970114.35056000060.1",
      "StudyTime" : "145056.00000"
   },
   "ParentPatient" : "9b4d864d-a53a383a-44cdda8a-269b4eee-777c5729",
   "PatientMainDicomTags" : 
   {
      "PatientBirthDate" : "19781010",
      "PatientID" : "0000002019",
      "PatientName" : "AVE+ ABDOMEN",
      "PatientSex" : "M"
   },
   "Series" : 
   [
      "19b4c568-a95664f5-ad117914-3ccf7292-2a7ee3a0"
   ],
   "Type" : "Study"
}
[26-Apr-2025 17:32:51 Europe/Berlin] Requête proxy vers Orthanc (GET http://localhost:8042/studies/8e51d8c2-c73f0a1e-57f97ca6-0fe69e66-c5e753eb) - HTTP 200 : {
   "ID" : "8e51d8c2-c73f0a1e-57f97ca6-0fe69e66-c5e753eb",
   "IsStable" : true,
   "Labels" : [],
   "LastUpdate" : "20250421T202126",
   "MainDicomTags" : 
   {
      "AccessionNumber" : "",
      "InstitutionName" : "CHU St ROCH",
      "ReferringPhysicianName" : "",
      "StudyDate" : "19961014",
      "StudyID" : "2018",
      "StudyInstanceUID" : "1.3.46.670589.10.900123.19970114.35036000030.1",
      "StudyTime" : "140735.00000"
   },
   "ParentPatient" : "62bc7cdd-8f5ae588-dea41879-6a8e18d1-d44362ee",
   "PatientMainDicomTags" : 
   {
      "PatientBirthDate" : "19240101",
      "PatientID" : "0000002018",
      "PatientName" : "AVE+ BRAIN + POST + SINUS",
      "PatientSex" : "M"
   },
   "Series" : 
   [
      "4541c007-3ddcd5b2-6bf192fc-d28df38d-afe5c271",
      "f6ebf659-c336b2b9-102a72e3-2cd836e9-a5662c26"
   ],
   "Type" : "Study"
}
[26-Apr-2025 17:32:51 Europe/Berlin] Requête proxy vers Orthanc (GET http://localhost:8042/series/19b4c568-a95664f5-ad117914-3ccf7292-2a7ee3a0) - HTTP 200 : {
   "ExpectedNumberOfInstances" : null,
   "ID" : "19b4c568-a95664f5-ad117914-3ccf7292-2a7ee3a0",
   "Instances" : 
   [
      "24e83fd1-ddd03175-beb6aa86-f4ce6432-4241b24f",
      "26952bd2-9569483f-e0549aca-a33b9065-69c33884",
      "2faf6dae-1e8dd60c-78fbca50-98cc48e7-66559504",
      "5974bce8-dfa0d418-48e52945-578a9547-fbb8179e",
      "63831658-2ed313e4-bdd47183-6c1be4da-c0022bb4",
      "75c6d27e-9c7d0b29-ef99341d-b7507933-63d3057d",
      "bc61cc15-593581eb-104dd853-f8e2ae2f-19704638",
      "cad86111-996653c7-c7ca1820-b783c4c3-9ff6e63b",
      "dacc5f2c-4eb67b6e-62fe20be-08583e4b-f7285061",
      "fe9d11b9-08ca2a74-f27c7727-86fa6833-6b2583ab"
   ],
   "IsStable" : true,
   "Labels" : [],
   "LastUpdate" : "20250311T081323",
   "MainDicomTags" : 
   {
      "ContrastBolusAgent" : "CONT",
      "ImageOrientationPatient" : "1.0000\\0.0000\\0.0000\\0.0000\\1.0000\\0.0000",
      "Manufacturer" : "Philips Medical Systems",
      "Modality" : "CT",
      "ProtocolName" : "50",
      "SeriesInstanceUID" : "1.3.46.670589.10.900123.19970114.35056000060.3",
      "SeriesNumber" : " 1",
      "StationName" : "MVP"
   },
   "ParentStudy" : "200b3e41-4557e5ed-2b4a1771-a9e4ad06-cd1306c8",
   "Status" : "Unknown",
   "Type" : "Series"
}
[26-Apr-2025 17:32:51 Europe/Berlin] Requête proxy vers Orthanc (GET http://localhost:8042/studies/200b3e41-4557e5ed-2b4a1771-a9e4ad06-cd1306c8) - HTTP 200 : {
   "ID" : "200b3e41-4557e5ed-2b4a1771-a9e4ad06-cd1306c8",
   "IsStable" : true,
   "Labels" : [],
   "LastUpdate" : "20250311T081323",
   "MainDicomTags" : 
   {
      "AccessionNumber" : "",
      "InstitutionName" : "CHU St ROCH",
      "ReferringPhysicianName" : "",
      "StudyDate" : "19961014",
      "StudyID" : "2019",
      "StudyInstanceUID" : "1.3.46.670589.10.900123.19970114.35056000060.1",
      "StudyTime" : "145056.00000"
   },
   "ParentPatient" : "9b4d864d-a53a383a-44cdda8a-269b4eee-777c5729",
   "PatientMainDicomTags" : 
   {
      "PatientBirthDate" : "19781010",
      "PatientID" : "0000002019",
      "PatientName" : "AVE+ ABDOMEN",
      "PatientSex" : "M"
   },
   "Series" : 
   [
      "19b4c568-a95664f5-ad117914-3ccf7292-2a7ee3a0"
   ],
   "Type" : "Study"
}
[26-Apr-2025 17:32:51 Europe/Berlin] Requête proxy vers Orthanc (GET http://localhost:8042/series/19b4c568-a95664f5-ad117914-3ccf7292-2a7ee3a0) - HTTP 200 : {
   "ExpectedNumberOfInstances" : null,
   "ID" : "19b4c568-a95664f5-ad117914-3ccf7292-2a7ee3a0",
   "Instances" : 
   [
      "24e83fd1-ddd03175-beb6aa86-f4ce6432-4241b24f",
      "26952bd2-9569483f-e0549aca-a33b9065-69c33884",
      "2faf6dae-1e8dd60c-78fbca50-98cc48e7-66559504",
      "5974bce8-dfa0d418-48e52945-578a9547-fbb8179e",
      "63831658-2ed313e4-bdd47183-6c1be4da-c0022bb4",
      "75c6d27e-9c7d0b29-ef99341d-b7507933-63d3057d",
      "bc61cc15-593581eb-104dd853-f8e2ae2f-19704638",
      "cad86111-996653c7-c7ca1820-b783c4c3-9ff6e63b",
      "dacc5f2c-4eb67b6e-62fe20be-08583e4b-f7285061",
      "fe9d11b9-08ca2a74-f27c7727-86fa6833-6b2583ab"
   ],
   "IsStable" : true,
   "Labels" : [],
   "LastUpdate" : "20250311T081323",
   "MainDicomTags" : 
   {
      "ContrastBolusAgent" : "CONT",
      "ImageOrientationPatient" : "1.0000\\0.0000\\0.0000\\0.0000\\1.0000\\0.0000",
      "Manufacturer" : "Philips Medical Systems",
      "Modality" : "CT",
      "ProtocolName" : "50",
      "SeriesInstanceUID" : "1.3.46.670589.10.900123.19970114.35056000060.3",
      "SeriesNumber" : " 1",
      "StationName" : "MVP"
   },
   "ParentStudy" : "200b3e41-4557e5ed-2b4a1771-a9e4ad06-cd1306c8",
   "Status" : "Unknown",
   "Type" : "Series"
}
[26-Apr-2025 17:32:51 Europe/Berlin] Requête proxy vers Orthanc (GET http://localhost:8042/studies/200b3e41-4557e5ed-2b4a1771-a9e4ad06-cd1306c8) - HTTP 200 : {
   "ID" : "200b3e41-4557e5ed-2b4a1771-a9e4ad06-cd1306c8",
   "IsStable" : true,
   "Labels" : [],
   "LastUpdate" : "20250311T081323",
   "MainDicomTags" : 
   {
      "AccessionNumber" : "",
      "InstitutionName" : "CHU St ROCH",
      "ReferringPhysicianName" : "",
      "StudyDate" : "19961014",
      "StudyID" : "2019",
      "StudyInstanceUID" : "1.3.46.670589.10.900123.19970114.35056000060.1",
      "StudyTime" : "145056.00000"
   },
   "ParentPatient" : "9b4d864d-a53a383a-44cdda8a-269b4eee-777c5729",
   "PatientMainDicomTags" : 
   {
      "PatientBirthDate" : "19781010",
      "PatientID" : "0000002019",
      "PatientName" : "AVE+ ABDOMEN",
      "PatientSex" : "M"
   },
   "Series" : 
   [
      "19b4c568-a95664f5-ad117914-3ccf7292-2a7ee3a0"
   ],
   "Type" : "Study"
}
[26-Apr-2025 17:32:51 Europe/Berlin] Requête proxy vers Orthanc (GET http://localhost:8042/series/19b4c568-a95664f5-ad117914-3ccf7292-2a7ee3a0) - HTTP 200 : {
   "ExpectedNumberOfInstances" : null,
   "ID" : "19b4c568-a95664f5-ad117914-3ccf7292-2a7ee3a0",
   "Instances" : 
   [
      "24e83fd1-ddd03175-beb6aa86-f4ce6432-4241b24f",
      "26952bd2-9569483f-e0549aca-a33b9065-69c33884",
      "2faf6dae-1e8dd60c-78fbca50-98cc48e7-66559504",
      "5974bce8-dfa0d418-48e52945-578a9547-fbb8179e",
      "63831658-2ed313e4-bdd47183-6c1be4da-c0022bb4",
      "75c6d27e-9c7d0b29-ef99341d-b7507933-63d3057d",
      "bc61cc15-593581eb-104dd853-f8e2ae2f-19704638",
      "cad86111-996653c7-c7ca1820-b783c4c3-9ff6e63b",
      "dacc5f2c-4eb67b6e-62fe20be-08583e4b-f7285061",
      "fe9d11b9-08ca2a74-f27c7727-86fa6833-6b2583ab"
   ],
   "IsStable" : true,
   "Labels" : [],
   "LastUpdate" : "20250311T081323",
   "MainDicomTags" : 
   {
      "ContrastBolusAgent" : "CONT",
      "ImageOrientationPatient" : "1.0000\\0.0000\\0.0000\\0.0000\\1.0000\\0.0000",
      "Manufacturer" : "Philips Medical Systems",
      "Modality" : "CT",
      "ProtocolName" : "50",
      "SeriesInstanceUID" : "1.3.46.670589.10.900123.19970114.35056000060.3",
      "SeriesNumber" : " 1",
      "StationName" : "MVP"
   },
   "ParentStudy" : "200b3e41-4557e5ed-2b4a1771-a9e4ad06-cd1306c8",
   "Status" : "Unknown",
   "Type" : "Series"
}
[26-Apr-2025 17:32:51 Europe/Berlin] Requête proxy vers Orthanc (GET http://localhost:8042/studies/200b3e41-4557e5ed-2b4a1771-a9e4ad06-cd1306c8) - HTTP 200 : {
   "ID" : "200b3e41-4557e5ed-2b4a1771-a9e4ad06-cd1306c8",
   "IsStable" : true,
   "Labels" : [],
   "LastUpdate" : "20250311T081323",
   "MainDicomTags" : 
   {
      "AccessionNumber" : "",
      "InstitutionName" : "CHU St ROCH",
      "ReferringPhysicianName" : "",
      "StudyDate" : "19961014",
      "StudyID" : "2019",
      "StudyInstanceUID" : "1.3.46.670589.10.900123.19970114.35056000060.1",
      "StudyTime" : "145056.00000"
   },
   "ParentPatient" : "9b4d864d-a53a383a-44cdda8a-269b4eee-777c5729",
   "PatientMainDicomTags" : 
   {
      "PatientBirthDate" : "19781010",
      "PatientID" : "0000002019",
      "PatientName" : "AVE+ ABDOMEN",
      "PatientSex" : "M"
   },
   "Series" : 
   [
      "19b4c568-a95664f5-ad117914-3ccf7292-2a7ee3a0"
   ],
   "Type" : "Study"
}
[26-Apr-2025 17:32:51 Europe/Berlin] Requête proxy vers Orthanc (GET http://localhost:8042/series/19b4c568-a95664f5-ad117914-3ccf7292-2a7ee3a0) - HTTP 200 : {
   "ExpectedNumberOfInstances" : null,
   "ID" : "19b4c568-a95664f5-ad117914-3ccf7292-2a7ee3a0",
   "Instances" : 
   [
      "24e83fd1-ddd03175-beb6aa86-f4ce6432-4241b24f",
      "26952bd2-9569483f-e0549aca-a33b9065-69c33884",
      "2faf6dae-1e8dd60c-78fbca50-98cc48e7-66559504",
      "5974bce8-dfa0d418-48e52945-578a9547-fbb8179e",
      "63831658-2ed313e4-bdd47183-6c1be4da-c0022bb4",
      "75c6d27e-9c7d0b29-ef99341d-b7507933-63d3057d",
      "bc61cc15-593581eb-104dd853-f8e2ae2f-19704638",
      "cad86111-996653c7-c7ca1820-b783c4c3-9ff6e63b",
      "dacc5f2c-4eb67b6e-62fe20be-08583e4b-f7285061",
      "fe9d11b9-08ca2a74-f27c7727-86fa6833-6b2583ab"
   ],
   "IsStable" : true,
   "Labels" : [],
   "LastUpdate" : "20250311T081323",
   "MainDicomTags" : 
   {
      "ContrastBolusAgent" : "CONT",
      "ImageOrientationPatient" : "1.0000\\0.0000\\0.0000\\0.0000\\1.0000\\0.0000",
      "Manufacturer" : "Philips Medical Systems",
      "Modality" : "CT",
      "ProtocolName" : "50",
      "SeriesInstanceUID" : "1.3.46.670589.10.900123.19970114.35056000060.3",
      "SeriesNumber" : " 1",
      "StationName" : "MVP"
   },
   "ParentStudy" : "200b3e41-4557e5ed-2b4a1771-a9e4ad06-cd1306c8",
   "Status" : "Unknown",
   "Type" : "Series"
}
[26-Apr-2025 17:32:52 Europe/Berlin] Requête proxy vers Orthanc (GET http://localhost:8042/studies/200b3e41-4557e5ed-2b4a1771-a9e4ad06-cd1306c8) - HTTP 200 : {
   "ID" : "200b3e41-4557e5ed-2b4a1771-a9e4ad06-cd1306c8",
   "IsStable" : true,
   "Labels" : [],
   "LastUpdate" : "20250311T081323",
   "MainDicomTags" : 
   {
      "AccessionNumber" : "",
      "InstitutionName" : "CHU St ROCH",
      "ReferringPhysicianName" : "",
      "StudyDate" : "19961014",
      "StudyID" : "2019",
      "StudyInstanceUID" : "1.3.46.670589.10.900123.19970114.35056000060.1",
      "StudyTime" : "145056.00000"
   },
   "ParentPatient" : "9b4d864d-a53a383a-44cdda8a-269b4eee-777c5729",
   "PatientMainDicomTags" : 
   {
      "PatientBirthDate" : "19781010",
      "PatientID" : "0000002019",
      "PatientName" : "AVE+ ABDOMEN",
      "PatientSex" : "M"
   },
   "Series" : 
   [
      "19b4c568-a95664f5-ad117914-3ccf7292-2a7ee3a0"
   ],
   "Type" : "Study"
}
[26-Apr-2025 17:32:52 Europe/Berlin] Requête proxy vers Orthanc (GET http://localhost:8042/series/19b4c568-a95664f5-ad117914-3ccf7292-2a7ee3a0) - HTTP 200 : {
   "ExpectedNumberOfInstances" : null,
   "ID" : "19b4c568-a95664f5-ad117914-3ccf7292-2a7ee3a0",
   "Instances" : 
   [
      "24e83fd1-ddd03175-beb6aa86-f4ce6432-4241b24f",
      "26952bd2-9569483f-e0549aca-a33b9065-69c33884",
      "2faf6dae-1e8dd60c-78fbca50-98cc48e7-66559504",
      "5974bce8-dfa0d418-48e52945-578a9547-fbb8179e",
      "63831658-2ed313e4-bdd47183-6c1be4da-c0022bb4",
      "75c6d27e-9c7d0b29-ef99341d-b7507933-63d3057d",
      "bc61cc15-593581eb-104dd853-f8e2ae2f-19704638",
      "cad86111-996653c7-c7ca1820-b783c4c3-9ff6e63b",
      "dacc5f2c-4eb67b6e-62fe20be-08583e4b-f7285061",
      "fe9d11b9-08ca2a74-f27c7727-86fa6833-6b2583ab"
   ],
   "IsStable" : true,
   "Labels" : [],
   "LastUpdate" : "20250311T081323",
   "MainDicomTags" : 
   {
      "ContrastBolusAgent" : "CONT",
      "ImageOrientationPatient" : "1.0000\\0.0000\\0.0000\\0.0000\\1.0000\\0.0000",
      "Manufacturer" : "Philips Medical Systems",
      "Modality" : "CT",
      "ProtocolName" : "50",
      "SeriesInstanceUID" : "1.3.46.670589.10.900123.19970114.35056000060.3",
      "SeriesNumber" : " 1",
      "StationName" : "MVP"
   },
   "ParentStudy" : "200b3e41-4557e5ed-2b4a1771-a9e4ad06-cd1306c8",
   "Status" : "Unknown",
   "Type" : "Series"
}
[26-Apr-2025 17:32:52 Europe/Berlin] Requête proxy vers Orthanc (GET http://localhost:8042/studies/200b3e41-4557e5ed-2b4a1771-a9e4ad06-cd1306c8) - HTTP 200 : {
   "ID" : "200b3e41-4557e5ed-2b4a1771-a9e4ad06-cd1306c8",
   "IsStable" : true,
   "Labels" : [],
   "LastUpdate" : "20250311T081323",
   "MainDicomTags" : 
   {
      "AccessionNumber" : "",
      "InstitutionName" : "CHU St ROCH",
      "ReferringPhysicianName" : "",
      "StudyDate" : "19961014",
      "StudyID" : "2019",
      "StudyInstanceUID" : "1.3.46.670589.10.900123.19970114.35056000060.1",
      "StudyTime" : "145056.00000"
   },
   "ParentPatient" : "9b4d864d-a53a383a-44cdda8a-269b4eee-777c5729",
   "PatientMainDicomTags" : 
   {
      "PatientBirthDate" : "19781010",
      "PatientID" : "0000002019",
      "PatientName" : "AVE+ ABDOMEN",
      "PatientSex" : "M"
   },
   "Series" : 
   [
      "19b4c568-a95664f5-ad117914-3ccf7292-2a7ee3a0"
   ],
   "Type" : "Study"
}
[26-Apr-2025 17:32:52 Europe/Berlin] Requête proxy vers Orthanc (GET http://localhost:8042/series/19b4c568-a95664f5-ad117914-3ccf7292-2a7ee3a0) - HTTP 200 : {
   "ExpectedNumberOfInstances" : null,
   "ID" : "19b4c568-a95664f5-ad117914-3ccf7292-2a7ee3a0",
   "Instances" : 
   [
      "24e83fd1-ddd03175-beb6aa86-f4ce6432-4241b24f",
      "26952bd2-9569483f-e0549aca-a33b9065-69c33884",
      "2faf6dae-1e8dd60c-78fbca50-98cc48e7-66559504",
      "5974bce8-dfa0d418-48e52945-578a9547-fbb8179e",
      "63831658-2ed313e4-bdd47183-6c1be4da-c0022bb4",
      "75c6d27e-9c7d0b29-ef99341d-b7507933-63d3057d",
      "bc61cc15-593581eb-104dd853-f8e2ae2f-19704638",
      "cad86111-996653c7-c7ca1820-b783c4c3-9ff6e63b",
      "dacc5f2c-4eb67b6e-62fe20be-08583e4b-f7285061",
      "fe9d11b9-08ca2a74-f27c7727-86fa6833-6b2583ab"
   ],
   "IsStable" : true,
   "Labels" : [],
   "LastUpdate" : "20250311T081323",
   "MainDicomTags" : 
   {
      "ContrastBolusAgent" : "CONT",
      "ImageOrientationPatient" : "1.0000\\0.0000\\0.0000\\0.0000\\1.0000\\0.0000",
      "Manufacturer" : "Philips Medical Systems",
      "Modality" : "CT",
      "ProtocolName" : "50",
      "SeriesInstanceUID" : "1.3.46.670589.10.900123.19970114.35056000060.3",
      "SeriesNumber" : " 1",
      "StationName" : "MVP"
   },
   "ParentStudy" : "200b3e41-4557e5ed-2b4a1771-a9e4ad06-cd1306c8",
   "Status" : "Unknown",
   "Type" : "Series"
}
[26-Apr-2025 17:32:52 Europe/Berlin] Requête proxy vers Orthanc (GET http://localhost:8042/studies/200b3e41-4557e5ed-2b4a1771-a9e4ad06-cd1306c8) - HTTP 200 : {
   "ID" : "200b3e41-4557e5ed-2b4a1771-a9e4ad06-cd1306c8",
   "IsStable" : true,
   "Labels" : [],
   "LastUpdate" : "20250311T081323",
   "MainDicomTags" : 
   {
      "AccessionNumber" : "",
      "InstitutionName" : "CHU St ROCH",
      "ReferringPhysicianName" : "",
      "StudyDate" : "19961014",
      "StudyID" : "2019",
      "StudyInstanceUID" : "1.3.46.670589.10.900123.19970114.35056000060.1",
      "StudyTime" : "145056.00000"
   },
   "ParentPatient" : "9b4d864d-a53a383a-44cdda8a-269b4eee-777c5729",
   "PatientMainDicomTags" : 
   {
      "PatientBirthDate" : "19781010",
      "PatientID" : "0000002019",
      "PatientName" : "AVE+ ABDOMEN",
      "PatientSex" : "M"
   },
   "Series" : 
   [
      "19b4c568-a95664f5-ad117914-3ccf7292-2a7ee3a0"
   ],
   "Type" : "Study"
}
[26-Apr-2025 17:32:52 Europe/Berlin] Requête proxy vers Orthanc (GET http://localhost:8042/studies/200b3e41-4557e5ed-2b4a1771-a9e4ad06-cd1306c8) - HTTP 200 : {
   "ID" : "200b3e41-4557e5ed-2b4a1771-a9e4ad06-cd1306c8",
   "IsStable" : true,
   "Labels" : [],
   "LastUpdate" : "20250311T081323",
   "MainDicomTags" : 
   {
      "AccessionNumber" : "",
      "InstitutionName" : "CHU St ROCH",
      "ReferringPhysicianName" : "",
      "StudyDate" : "19961014",
      "StudyID" : "2019",
      "StudyInstanceUID" : "1.3.46.670589.10.900123.19970114.35056000060.1",
      "StudyTime" : "145056.00000"
   },
   "ParentPatient" : "9b4d864d-a53a383a-44cdda8a-269b4eee-777c5729",
   "PatientMainDicomTags" : 
   {
      "PatientBirthDate" : "19781010",
      "PatientID" : "0000002019",
      "PatientName" : "AVE+ ABDOMEN",
      "PatientSex" : "M"
   },
   "Series" : 
   [
      "19b4c568-a95664f5-ad117914-3ccf7292-2a7ee3a0"
   ],
   "Type" : "Study"
}
[26-Apr-2025 17:33:25 Europe/Berlin] Requête proxy vers Orthanc (GET http://localhost:8042/instances/96548d6b-b87fefbd-78a3f7c5-c5abe181-0643a103) - HTTP 200 : {
   "FileSize" : 91264,
   "FileUuid" : "39819348-f7ea-4861-9842-83c4a4a8c13e",
   "ID" : "96548d6b-b87fefbd-78a3f7c5-c5abe181-0643a103",
   "IndexInSeries" : 5,
   "Labels" : [],
   "MainDicomTags" : 
   {
      "ImageComments" : "JPEG 2000 lossless - Version 4.0.2 (c) Image Devices GmbH",
      "ImageOrientationPatient" : "1\\0\\0\\0\\1\\0",
      "ImagePositionPatient" : "-151.493508\\-36.6564417\\1293",
      "InstanceCreationDate" : "20061012",
      "InstanceCreationTime" : "091607.000000",
      "InstanceNumber" : "5",
      "SOPInstanceUID" : "1.2.826.0.1.3680043.8.1055.1.20111102150759059.64998534.33344836"
   },
   "ParentSeries" : "98d367a5-58eeba8b-f3c2da4b-de7d8f6f-ede53eb2",
   "Type" : "Instance"
}
[26-Apr-2025 17:33:25 Europe/Berlin] Requête proxy vers Orthanc (GET http://localhost:8042/series/98d367a5-58eeba8b-f3c2da4b-de7d8f6f-ede53eb2) - HTTP 200 : {
   "ExpectedNumberOfInstances" : null,
   "ID" : "98d367a5-58eeba8b-f3c2da4b-de7d8f6f-ede53eb2",
   "Instances" : 
   [
      "96548d6b-b87fefbd-78a3f7c5-c5abe181-0643a103"
   ],
   "IsStable" : false,
   "Labels" : [],
   "LastUpdate" : "20250426T153239",
   "MainDicomTags" : 
   {
      "ContrastBolusAgent" : "CONTRAST",
      "ImageOrientationPatient" : "1\\0\\0\\0\\1\\0",
      "Modality" : "CT",
      "PerformedProcedureStepDescription" : "CT1 abdomen",
      "ProtocolName" : "ART.RENALES 12/Abdomen/Hx",
      "RequestAttributesSequence" : 
      [
         {
            "RequestedProcedureID" : "A10026177757",
            "ScheduledProcedureStepDescription" : "CT1 abdomen",
            "ScheduledProcedureStepID" : "A10026177758",
            "ScheduledProtocolCodeSequence" : 
            [
               {
                  "CodeMeaning" : "CT1 abdomen",
                  "CodeValue" : "CTABDOM",
                  "CodingSchemeDesignator" : "XPLORE"
               }
            ]
         }
      ],
      "SeriesDescription" : "ARTERIELLE",
      "SeriesInstanceUID" : "1.2.826.0.1.3680043.8.1055.1.20111102150758591.96842950.07877442",
      "SeriesNumber" : "6168"
   },
   "ParentStudy" : "3abaec0a-ebfaaa87-f830d52b-d62df074-6a692c12",
   "Status" : "Unknown",
   "Type" : "Series"
}
[26-Apr-2025 17:33:26 Europe/Berlin] Requête proxy vers Orthanc (GET http://localhost:8042/studies/3abaec0a-ebfaaa87-f830d52b-d62df074-6a692c12) - HTTP 200 : {
   "ID" : "3abaec0a-ebfaaa87-f830d52b-d62df074-6a692c12",
   "IsStable" : false,
   "Labels" : [],
   "LastUpdate" : "20250426T153239",
   "MainDicomTags" : 
   {
      "StudyDate" : "20061012",
      "StudyDescription" : "CT1 abdomen",
      "StudyInstanceUID" : "1.2.826.0.1.3680043.8.1055.1.20111102150758591.92402465.76095170",
      "StudyTime" : "090258.000000"
   },
   "ParentPatient" : "b6589fc6-ab0dc82c-f12099d1-c2d40ab9-94e8410c",
   "PatientMainDicomTags" : 
   {
      "PatientID" : "0",
      "PatientName" : "Anonymized"
   },
   "Series" : 
   [
      "98d367a5-58eeba8b-f3c2da4b-de7d8f6f-ede53eb2"
   ],
   "Type" : "Study"
}
[26-Apr-2025 17:34:20 Europe/Berlin] Requête proxy vers Orthanc (GET http://localhost:8042//instances) - HTTP 200 : [
   "094563e4-74b821f1-120c8584-6236b3ba-05716a47",
   "24e83fd1-ddd03175-beb6aa86-f4ce6432-4241b24f",
   "26952bd2-9569483f-e0549aca-a33b9065-69c33884",
   "2faf6dae-1e8dd60c-78fbca50-98cc48e7-66559504",
   "582dde1a-6ee0dcb1-dc2c0a3c-06a79b2f-211eda06",
   "5974bce8-dfa0d418-48e52945-578a9547-fbb8179e",
   "63831658-2ed313e4-bdd47183-6c1be4da-c0022bb4",
   "75c6d27e-9c7d0b29-ef99341d-b7507933-63d3057d",
   "96548d6b-b87fefbd-78a3f7c5-c5abe181-0643a103",
   "b7fb1fb4-142e5a15-333ae197-298b1626-11f8833b",
   "bc61cc15-593581eb-104dd853-f8e2ae2f-19704638",
   "cad86111-996653c7-c7ca1820-b783c4c3-9ff6e63b",
   "dacc5f2c-4eb67b6e-62fe20be-08583e4b-f7285061",
   "e07efef8-4eba99da-e58dbc40-0173c1da-e2535081",
   "eb17dc02-607db0a6-1074ad73-79fb3688-f9a596db",
   "fe9d11b9-08ca2a74-f27c7727-86fa6833-6b2583ab",
   "feaf75ad-9548b055-4a7a21f5-3db18a07-9c6903d3"
]
[26-Apr-2025 17:34:20 Europe/Berlin] Requête proxy vers Orthanc (GET http://localhost:8042/instances/094563e4-74b821f1-120c8584-6236b3ba-05716a47) - HTTP 200 : {
   "FileSize" : 526336,
   "FileUuid" : "847455dd-9936-4c5a-9d73-29f225acd32b",
   "ID" : "094563e4-74b821f1-120c8584-6236b3ba-05716a47",
   "IndexInSeries" : 5003,
   "Labels" : [],
   "MainDicomTags" : 
   {
      "AcquisitionNumber" : " 5",
      "ImageComments" : "MD",
      "ImageOrientationPatient" : "1.0000\\0.0000\\0.0000\\0.0000\\1.0000\\0.0000",
      "ImagePositionPatient" : "-80.7000\\-75.1000\\-61.0000",
      "InstanceCreationDate" : "19970114",
      "InstanceCreationTime" : "035049.0005",
      "InstanceNumber" : "5003",
      "SOPInstanceUID" : "1.3.46.670589.10.900123.19970114.35049000050"
   },
   "ParentSeries" : "f623b033-c3bb9318-1ae62c1a-9fd5f247-24c86dea",
   "Type" : "Instance"
}
[26-Apr-2025 17:34:20 Europe/Berlin] Requête proxy vers Orthanc (GET http://localhost:8042/instances/582dde1a-6ee0dcb1-dc2c0a3c-06a79b2f-211eda06) - HTTP 200 : {
   "FileSize" : 527206,
   "FileUuid" : "795689db-f22a-4dce-b798-da7adabb6f0e",
   "ID" : "582dde1a-6ee0dcb1-dc2c0a3c-06a79b2f-211eda06",
   "IndexInSeries" : null,
   "Labels" : [],
   "MainDicomTags" : 
   {
      "InstanceCreationDate" : "20250421",
      "InstanceCreationTime" : "202125.000000",
      "SOPInstanceUID" : "1.2.276.0.7230010.3.1.4.1159938914.5836.1745266885.814"
   },
   "ParentSeries" : "4541c007-3ddcd5b2-6bf192fc-d28df38d-afe5c271",
   "Type" : "Instance"
}
[26-Apr-2025 17:34:21 Europe/Berlin] Requête proxy vers Orthanc (GET http://localhost:8042/instances/24e83fd1-ddd03175-beb6aa86-f4ce6432-4241b24f) - HTTP 200 : {
   "FileSize" : 526336,
   "FileUuid" : "1b56fb91-ea25-44cc-8c18-5f24da876928",
   "ID" : "24e83fd1-ddd03175-beb6aa86-f4ce6432-4241b24f",
   "IndexInSeries" : 14001,
   "Labels" : [],
   "MainDicomTags" : 
   {
      "AcquisitionNumber" : "14",
      "ImageComments" : "",
      "ImageOrientationPatient" : "1.0000\\0.0000\\0.0000\\0.0000\\1.0000\\0.0000",
      "ImagePositionPatient" : "-175.1000\\-175.1000\\-120.0000",
      "InstanceCreationDate" : "19970114",
      "InstanceCreationTime" : "035100.0007",
      "InstanceNumber" : " 14001",
      "SOPInstanceUID" : "1.3.46.670589.10.900123.19970114.35100000070"
   },
   "ParentSeries" : "19b4c568-a95664f5-ad117914-3ccf7292-2a7ee3a0",
   "Type" : "Instance"
}
[26-Apr-2025 17:34:21 Europe/Berlin] Requête proxy vers Orthanc (GET http://localhost:8042/instances/2faf6dae-1e8dd60c-78fbca50-98cc48e7-66559504) - HTTP 200 : {
   "FileSize" : 526336,
   "FileUuid" : "43af4eee-ad27-4654-b4a1-e5a62a718f5a",
   "ID" : "2faf6dae-1e8dd60c-78fbca50-98cc48e7-66559504",
   "IndexInSeries" : 20001,
   "Labels" : [],
   "MainDicomTags" : 
   {
      "AcquisitionNumber" : "20",
      "ImageComments" : "",
      "ImageOrientationPatient" : "1.0000\\0.0000\\0.0000\\0.0000\\1.0000\\0.0000",
      "ImagePositionPatient" : "-175.1000\\-175.1000\\-180.0000",
      "InstanceCreationDate" : "19970114",
      "InstanceCreationTime" : "035131.0013",
      "InstanceNumber" : " 20001",
      "SOPInstanceUID" : "1.3.46.670589.10.900123.19970114.35131000130"
   },
   "ParentSeries" : "19b4c568-a95664f5-ad117914-3ccf7292-2a7ee3a0",
   "Type" : "Instance"
}
[26-Apr-2025 17:34:21 Europe/Berlin] Requête proxy vers Orthanc (GET http://localhost:8042/instances/5974bce8-dfa0d418-48e52945-578a9547-fbb8179e) - HTTP 200 : {
   "FileSize" : 526336,
   "FileUuid" : "11a7f312-517f-42ad-a5f0-e749b0038b6c",
   "ID" : "5974bce8-dfa0d418-48e52945-578a9547-fbb8179e",
   "IndexInSeries" : 18001,
   "Labels" : [],
   "MainDicomTags" : 
   {
      "AcquisitionNumber" : "18",
      "ImageComments" : "",
      "ImageOrientationPatient" : "1.0000\\0.0000\\0.0000\\0.0000\\1.0000\\0.0000",
      "ImagePositionPatient" : "-175.1000\\-175.1000\\-160.0000",
      "InstanceCreationDate" : "19970114",
      "InstanceCreationTime" : "035120.0011",
      "InstanceNumber" : " 18001",
      "SOPInstanceUID" : "1.3.46.670589.10.900123.19970114.35120000110"
   },
   "ParentSeries" : "19b4c568-a95664f5-ad117914-3ccf7292-2a7ee3a0",
   "Type" : "Instance"
}
[26-Apr-2025 17:34:21 Europe/Berlin] Requête proxy vers Orthanc (GET http://localhost:8042/instances/26952bd2-9569483f-e0549aca-a33b9065-69c33884) - HTTP 200 : {
   "FileSize" : 526336,
   "FileUuid" : "9702e94e-8902-4103-ae55-af77a92efc6a",
   "ID" : "26952bd2-9569483f-e0549aca-a33b9065-69c33884",
   "IndexInSeries" : 17001,
   "Labels" : [],
   "MainDicomTags" : 
   {
      "AcquisitionNumber" : "17",
      "ImageComments" : "",
      "ImageOrientationPatient" : "1.0000\\0.0000\\0.0000\\0.0000\\1.0000\\0.0000",
      "ImagePositionPatient" : "-175.1000\\-175.1000\\-150.0000",
      "InstanceCreationDate" : "19970114",
      "InstanceCreationTime" : "035115.0010",
      "InstanceNumber" : " 17001",
      "SOPInstanceUID" : "1.3.46.670589.10.900123.19970114.35115000100"
   },
   "ParentSeries" : "19b4c568-a95664f5-ad117914-3ccf7292-2a7ee3a0",
   "Type" : "Instance"
}
[26-Apr-2025 17:34:21 Europe/Berlin] Requête proxy vers Orthanc (GET http://localhost:8042/instances/63831658-2ed313e4-bdd47183-6c1be4da-c0022bb4) - HTTP 200 : {
   "FileSize" : 526336,
   "FileUuid" : "18595efd-f373-4173-a048-6de33ca05bca",
   "ID" : "63831658-2ed313e4-bdd47183-6c1be4da-c0022bb4",
   "IndexInSeries" : 15001,
   "Labels" : [],
   "MainDicomTags" : 
   {
      "AcquisitionNumber" : "15",
      "ImageComments" : "",
      "ImageOrientationPatient" : "1.0000\\0.0000\\0.0000\\0.0000\\1.0000\\0.0000",
      "ImagePositionPatient" : "-175.1000\\-175.1000\\-130.0000",
      "InstanceCreationDate" : "19970114",
      "InstanceCreationTime" : "035105.0008",
      "InstanceNumber" : " 15001",
      "SOPInstanceUID" : "1.3.46.670589.10.900123.19970114.35105000080"
   },
   "ParentSeries" : "19b4c568-a95664f5-ad117914-3ccf7292-2a7ee3a0",
   "Type" : "Instance"
}
[26-Apr-2025 17:34:21 Europe/Berlin] Requête proxy vers Orthanc (GET http://localhost:8042/instances/b7fb1fb4-142e5a15-333ae197-298b1626-11f8833b) - HTTP 200 : {
   "FileSize" : 1702398,
   "FileUuid" : "9fa9d15a-988d-410e-9194-ddfde927c89a",
   "ID" : "b7fb1fb4-142e5a15-333ae197-298b1626-11f8833b",
   "IndexInSeries" : null,
   "Labels" : [],
   "MainDicomTags" : 
   {
      "InstanceNumber" : "",
      "NumberOfFrames" : "96",
      "SOPInstanceUID" : "1.3.12.2.1107.5.4.3.321890.19960124.162922.29"
   },
   "ParentSeries" : "62cc4f41-9b1679c0-6ad19a2e-71fccb6f-07a3d16d",
   "Type" : "Instance"
}
[26-Apr-2025 17:34:21 Europe/Berlin] Requête proxy vers Orthanc (GET http://localhost:8042/instances/75c6d27e-9c7d0b29-ef99341d-b7507933-63d3057d) - HTTP 200 : {
   "FileSize" : 526336,
   "FileUuid" : "7ef2cfb2-cd10-40ef-8012-0b6fd7578b13",
   "ID" : "75c6d27e-9c7d0b29-ef99341d-b7507933-63d3057d",
   "IndexInSeries" : 21001,
   "Labels" : [],
   "MainDicomTags" : 
   {
      "AcquisitionNumber" : "21",
      "ImageComments" : "",
      "ImageOrientationPatient" : "1.0000\\0.0000\\0.0000\\0.0000\\1.0000\\0.0000",
      "ImagePositionPatient" : "-175.1000\\-175.1000\\-190.0000",
      "InstanceCreationDate" : "19970114",
      "InstanceCreationTime" : "035135.0014",
      "InstanceNumber" : " 21001",
      "SOPInstanceUID" : "1.3.46.670589.10.900123.19970114.35135000140"
   },
   "ParentSeries" : "19b4c568-a95664f5-ad117914-3ccf7292-2a7ee3a0",
   "Type" : "Instance"
}
[26-Apr-2025 17:34:21 Europe/Berlin] Requête proxy vers Orthanc (GET http://localhost:8042/instances/cad86111-996653c7-c7ca1820-b783c4c3-9ff6e63b) - HTTP 200 : {
   "FileSize" : 526336,
   "FileUuid" : "644bcf08-beb7-4bb7-8f87-2a07dae77a9f",
   "ID" : "cad86111-996653c7-c7ca1820-b783c4c3-9ff6e63b",
   "IndexInSeries" : 22001,
   "Labels" : [],
   "MainDicomTags" : 
   {
      "AcquisitionNumber" : "22",
      "ImageComments" : "",
      "ImageOrientationPatient" : "1.0000\\0.0000\\0.0000\\0.0000\\1.0000\\0.0000",
      "ImagePositionPatient" : "-175.1000\\-175.1000\\-200.0000",
      "InstanceCreationDate" : "19970114",
      "InstanceCreationTime" : "035140.0015",
      "InstanceNumber" : " 22001",
      "SOPInstanceUID" : "1.3.46.670589.10.900123.19970114.35140000150"
   },
   "ParentSeries" : "19b4c568-a95664f5-ad117914-3ccf7292-2a7ee3a0",
   "Type" : "Instance"
}
[26-Apr-2025 17:34:21 Europe/Berlin] Requête proxy vers Orthanc (GET http://localhost:8042/instances/bc61cc15-593581eb-104dd853-f8e2ae2f-19704638) - HTTP 200 : {
   "FileSize" : 526336,
   "FileUuid" : "9f80260d-18b9-46ce-ada1-00d0d866886d",
   "ID" : "bc61cc15-593581eb-104dd853-f8e2ae2f-19704638",
   "IndexInSeries" : 16001,
   "Labels" : [],
   "MainDicomTags" : 
   {
      "AcquisitionNumber" : "16",
      "ImageComments" : "",
      "ImageOrientationPatient" : "1.0000\\0.0000\\0.0000\\0.0000\\1.0000\\0.0000",
      "ImagePositionPatient" : "-175.1000\\-175.1000\\-140.0000",
      "InstanceCreationDate" : "19970114",
      "InstanceCreationTime" : "035110.0009",
      "InstanceNumber" : " 16001",
      "SOPInstanceUID" : "1.3.46.670589.10.900123.19970114.35110000090"
   },
   "ParentSeries" : "19b4c568-a95664f5-ad117914-3ccf7292-2a7ee3a0",
   "Type" : "Instance"
}
[26-Apr-2025 17:34:21 Europe/Berlin] Requête proxy vers Orthanc (GET http://localhost:8042/instances/96548d6b-b87fefbd-78a3f7c5-c5abe181-0643a103) - HTTP 200 : {
   "FileSize" : 91264,
   "FileUuid" : "39819348-f7ea-4861-9842-83c4a4a8c13e",
   "ID" : "96548d6b-b87fefbd-78a3f7c5-c5abe181-0643a103",
   "IndexInSeries" : 5,
   "Labels" : [],
   "MainDicomTags" : 
   {
      "ImageComments" : "JPEG 2000 lossless - Version 4.0.2 (c) Image Devices GmbH",
      "ImageOrientationPatient" : "1\\0\\0\\0\\1\\0",
      "ImagePositionPatient" : "-151.493508\\-36.6564417\\1293",
      "InstanceCreationDate" : "20061012",
      "InstanceCreationTime" : "091607.000000",
      "InstanceNumber" : "5",
      "SOPInstanceUID" : "1.2.826.0.1.3680043.8.1055.1.20111102150759059.64998534.33344836"
   },
   "ParentSeries" : "98d367a5-58eeba8b-f3c2da4b-de7d8f6f-ede53eb2",
   "Type" : "Instance"
}
[26-Apr-2025 17:34:21 Europe/Berlin] Requête proxy vers Orthanc (GET http://localhost:8042/instances/dacc5f2c-4eb67b6e-62fe20be-08583e4b-f7285061) - HTTP 200 : {
   "FileSize" : 526336,
   "FileUuid" : "97a1c84b-5c67-4016-8405-2f71ae4af3de",
   "ID" : "dacc5f2c-4eb67b6e-62fe20be-08583e4b-f7285061",
   "IndexInSeries" : 19001,
   "Labels" : [],
   "MainDicomTags" : 
   {
      "AcquisitionNumber" : "19",
      "ImageComments" : "",
      "ImageOrientationPatient" : "1.0000\\0.0000\\0.0000\\0.0000\\1.0000\\0.0000",
      "ImagePositionPatient" : "-175.1000\\-175.1000\\-170.0000",
      "InstanceCreationDate" : "19970114",
      "InstanceCreationTime" : "035126.0012",
      "InstanceNumber" : " 19001",
      "SOPInstanceUID" : "1.3.46.670589.10.900123.19970114.35126000120"
   },
   "ParentSeries" : "19b4c568-a95664f5-ad117914-3ccf7292-2a7ee3a0",
   "Type" : "Instance"
}
[26-Apr-2025 17:34:21 Europe/Berlin] Requête proxy vers Orthanc (GET http://localhost:8042/instances/e07efef8-4eba99da-e58dbc40-0173c1da-e2535081) - HTTP 200 : {
   "FileSize" : 531298,
   "FileUuid" : "937b172f-feb1-4efd-a3ab-432405774a56",
   "ID" : "e07efef8-4eba99da-e58dbc40-0173c1da-e2535081",
   "IndexInSeries" : 1,
   "Labels" : [],
   "MainDicomTags" : 
   {
      "AcquisitionNumber" : "1",
      "InstanceCreationDate" : "20210411",
      "InstanceCreationTime" : "213019.104784",
      "InstanceNumber" : "1",
      "NumberOfFrames" : "1",
      "SOPInstanceUID" : "1.3.12.2.1107.5.8.15.999999.30000021041121051996700000250"
   },
   "ParentSeries" : "11b7c563-ae504ced-e95ed300-7176b3e8-74f7e2f5",
   "Type" : "Instance"
}
[26-Apr-2025 17:34:21 Europe/Berlin] Requête proxy vers Orthanc (GET http://localhost:8042/instances/eb17dc02-607db0a6-1074ad73-79fb3688-f9a596db) - HTTP 200 : {
   "FileSize" : 526336,
   "FileUuid" : "c426268c-e58d-4f99-814f-daad18c5a0b1",
   "ID" : "eb17dc02-607db0a6-1074ad73-79fb3688-f9a596db",
   "IndexInSeries" : 6000,
   "Labels" : [],
   "MainDicomTags" : 
   {
      "AcquisitionNumber" : " 6",
      "ImageComments" : "",
      "ImageOrientationPatient" : "1.0000\\0.0000\\0.0000\\0.0000\\0.9397\\-0.3420",
      "ImagePositionPatient" : "-124.9000\\-117.4000\\67.7000",
      "InstanceCreationDate" : "19970114",
      "InstanceCreationTime" : "035036.0003",
      "InstanceNumber" : "6000",
      "SOPInstanceUID" : "1.3.46.670589.10.900123.19970114.35036000030"
   },
   "ParentSeries" : "f6ebf659-c336b2b9-102a72e3-2cd836e9-a5662c26",
   "Type" : "Instance"
}
[26-Apr-2025 17:34:21 Europe/Berlin] Requête proxy vers Orthanc (GET http://localhost:8042/series/f623b033-c3bb9318-1ae62c1a-9fd5f247-24c86dea) - HTTP 200 : {
   "ExpectedNumberOfInstances" : null,
   "ID" : "f623b033-c3bb9318-1ae62c1a-9fd5f247-24c86dea",
   "Instances" : 
   [
      "094563e4-74b821f1-120c8584-6236b3ba-05716a47"
   ],
   "IsStable" : true,
   "Labels" : [],
   "LastUpdate" : "20250311T081322",
   "MainDicomTags" : 
   {
      "ContrastBolusAgent" : "NONE",
      "ImageOrientationPatient" : "1.0000\\0.0000\\0.0000\\0.0000\\1.0000\\0.0000",
      "Manufacturer" : "Philips Medical Systems",
      "Modality" : "CT",
      "ProtocolName" : " 1",
      "SeriesInstanceUID" : "1.3.46.670589.10.900123.19970114.35049000050.3",
      "SeriesNumber" : " 1",
      "StationName" : "MVP"
   },
   "ParentStudy" : "286789b1-82845a45-92d7dfc0-c6a8e286-27bc0129",
   "Status" : "Unknown",
   "Type" : "Series"
}
[26-Apr-2025 17:34:21 Europe/Berlin] Requête proxy vers Orthanc (GET http://localhost:8042/instances/feaf75ad-9548b055-4a7a21f5-3db18a07-9c6903d3) - HTTP 200 : {
   "FileSize" : 526336,
   "FileUuid" : "c415c430-c5a8-4afa-854f-af8e254144b8",
   "ID" : "feaf75ad-9548b055-4a7a21f5-3db18a07-9c6903d3",
   "IndexInSeries" : 5000,
   "Labels" : [],
   "MainDicomTags" : 
   {
      "AcquisitionNumber" : " 5",
      "ImageComments" : "",
      "ImageOrientationPatient" : "1.0000\\0.0000\\0.0000\\0.0000\\1.0000\\0.0000",
      "ImagePositionPatient" : "-124.9000\\-124.9000\\15.0000",
      "InstanceCreationDate" : "19970114",
      "InstanceCreationTime" : "035029.0002",
      "InstanceNumber" : "5000",
      "SOPInstanceUID" : "1.3.46.670589.10.900123.19970114.35029000020"
   },
   "ParentSeries" : "670d99fa-c4a853ca-52f7989e-f6df82a8-5123711c",
   "Type" : "Instance"
}
[26-Apr-2025 17:34:21 Europe/Berlin] Requête proxy vers Orthanc (GET http://localhost:8042/instances/fe9d11b9-08ca2a74-f27c7727-86fa6833-6b2583ab) - HTTP 200 : {
   "FileSize" : 526336,
   "FileUuid" : "c147a823-c25b-4c74-a7fb-877198ac4ebe",
   "ID" : "fe9d11b9-08ca2a74-f27c7727-86fa6833-6b2583ab",
   "IndexInSeries" : 13001,
   "Labels" : [],
   "MainDicomTags" : 
   {
      "AcquisitionNumber" : "13",
      "ImageComments" : "",
      "ImageOrientationPatient" : "1.0000\\0.0000\\0.0000\\0.0000\\1.0000\\0.0000",
      "ImagePositionPatient" : "-175.1000\\-175.1000\\-110.0000",
      "InstanceCreationDate" : "19970114",
      "InstanceCreationTime" : "035056.0006",
      "InstanceNumber" : " 13001",
      "SOPInstanceUID" : "1.3.46.670589.10.900123.19970114.35056000060"
   },
   "ParentSeries" : "19b4c568-a95664f5-ad117914-3ccf7292-2a7ee3a0",
   "Type" : "Instance"
}
[26-Apr-2025 17:34:21 Europe/Berlin] Requête proxy vers Orthanc (GET http://localhost:8042/series/4541c007-3ddcd5b2-6bf192fc-d28df38d-afe5c271) - HTTP 200 : {
   "ExpectedNumberOfInstances" : null,
   "ID" : "4541c007-3ddcd5b2-6bf192fc-d28df38d-afe5c271",
   "Instances" : 
   [
      "582dde1a-6ee0dcb1-dc2c0a3c-06a79b2f-211eda06"
   ],
   "IsStable" : true,
   "Labels" : [],
   "LastUpdate" : "20250421T202126",
   "MainDicomTags" : 
   {
      "Modality" : "M3D",
      "SeriesDate" : "20250421",
      "SeriesDescription" : "Model",
      "SeriesInstanceUID" : "1.2.276.0.7230010.3.1.3.1159938914.5836.1745266885.813",
      "SeriesTime" : "202125.000000"
   },
   "ParentStudy" : "8e51d8c2-c73f0a1e-57f97ca6-0fe69e66-c5e753eb",
   "Status" : "Unknown",
   "Type" : "Series"
}
[26-Apr-2025 17:34:21 Europe/Berlin] Requête proxy vers Orthanc (GET http://localhost:8042/series/19b4c568-a95664f5-ad117914-3ccf7292-2a7ee3a0) - HTTP 200 : {
   "ExpectedNumberOfInstances" : null,
   "ID" : "19b4c568-a95664f5-ad117914-3ccf7292-2a7ee3a0",
   "Instances" : 
   [
      "24e83fd1-ddd03175-beb6aa86-f4ce6432-4241b24f",
      "26952bd2-9569483f-e0549aca-a33b9065-69c33884",
      "2faf6dae-1e8dd60c-78fbca50-98cc48e7-66559504",
      "5974bce8-dfa0d418-48e52945-578a9547-fbb8179e",
      "63831658-2ed313e4-bdd47183-6c1be4da-c0022bb4",
      "75c6d27e-9c7d0b29-ef99341d-b7507933-63d3057d",
      "bc61cc15-593581eb-104dd853-f8e2ae2f-19704638",
      "cad86111-996653c7-c7ca1820-b783c4c3-9ff6e63b",
      "dacc5f2c-4eb67b6e-62fe20be-08583e4b-f7285061",
      "fe9d11b9-08ca2a74-f27c7727-86fa6833-6b2583ab"
   ],
   "IsStable" : true,
   "Labels" : [],
   "LastUpdate" : "20250311T081323",
   "MainDicomTags" : 
   {
      "ContrastBolusAgent" : "CONT",
      "ImageOrientationPatient" : "1.0000\\0.0000\\0.0000\\0.0000\\1.0000\\0.0000",
      "Manufacturer" : "Philips Medical Systems",
      "Modality" : "CT",
      "ProtocolName" : "50",
      "SeriesInstanceUID" : "1.3.46.670589.10.900123.19970114.35056000060.3",
      "SeriesNumber" : " 1",
      "StationName" : "MVP"
   },
   "ParentStudy" : "200b3e41-4557e5ed-2b4a1771-a9e4ad06-cd1306c8",
   "Status" : "Unknown",
   "Type" : "Series"
}
[26-Apr-2025 17:34:21 Europe/Berlin] Requête proxy vers Orthanc (GET http://localhost:8042/series/98d367a5-58eeba8b-f3c2da4b-de7d8f6f-ede53eb2) - HTTP 200 : {
   "ExpectedNumberOfInstances" : null,
   "ID" : "98d367a5-58eeba8b-f3c2da4b-de7d8f6f-ede53eb2",
   "Instances" : 
   [
      "96548d6b-b87fefbd-78a3f7c5-c5abe181-0643a103"
   ],
   "IsStable" : true,
   "Labels" : [],
   "LastUpdate" : "20250426T153239",
   "MainDicomTags" : 
   {
      "ContrastBolusAgent" : "CONTRAST",
      "ImageOrientationPatient" : "1\\0\\0\\0\\1\\0",
      "Modality" : "CT",
      "PerformedProcedureStepDescription" : "CT1 abdomen",
      "ProtocolName" : "ART.RENALES 12/Abdomen/Hx",
      "RequestAttributesSequence" : 
      [
         {
            "RequestedProcedureID" : "A10026177757",
            "ScheduledProcedureStepDescription" : "CT1 abdomen",
            "ScheduledProcedureStepID" : "A10026177758",
            "ScheduledProtocolCodeSequence" : 
            [
               {
                  "CodeMeaning" : "CT1 abdomen",
                  "CodeValue" : "CTABDOM",
                  "CodingSchemeDesignator" : "XPLORE"
               }
            ]
         }
      ],
      "SeriesDescription" : "ARTERIELLE",
      "SeriesInstanceUID" : "1.2.826.0.1.3680043.8.1055.1.20111102150758591.96842950.07877442",
      "SeriesNumber" : "6168"
   },
   "ParentStudy" : "3abaec0a-ebfaaa87-f830d52b-d62df074-6a692c12",
   "Status" : "Unknown",
   "Type" : "Series"
}
[26-Apr-2025 17:34:21 Europe/Berlin] Requête proxy vers Orthanc (GET http://localhost:8042/series/f6ebf659-c336b2b9-102a72e3-2cd836e9-a5662c26) - HTTP 200 : {
   "ExpectedNumberOfInstances" : null,
   "ID" : "f6ebf659-c336b2b9-102a72e3-2cd836e9-a5662c26",
   "Instances" : 
   [
      "eb17dc02-607db0a6-1074ad73-79fb3688-f9a596db"
   ],
   "IsStable" : true,
   "Labels" : [],
   "LastUpdate" : "20250311T081322",
   "MainDicomTags" : 
   {
      "ContrastBolusAgent" : "NONE",
      "ImageOrientationPatient" : "1.0000\\0.0000\\0.0000\\0.0000\\0.9397\\-0.3420",
      "Manufacturer" : "Philips Medical Systems",
      "Modality" : "CT",
      "ProtocolName" : " 1",
      "SeriesInstanceUID" : "1.3.46.670589.10.900123.19970114.35036000030.3",
      "SeriesNumber" : " 1",
      "StationName" : "MVP"
   },
   "ParentStudy" : "8e51d8c2-c73f0a1e-57f97ca6-0fe69e66-c5e753eb",
   "Status" : "Unknown",
   "Type" : "Series"
}
[26-Apr-2025 17:34:21 Europe/Berlin] Requête proxy vers Orthanc (GET http://localhost:8042/series/62cc4f41-9b1679c0-6ad19a2e-71fccb6f-07a3d16d) - HTTP 200 : {
   "ExpectedNumberOfInstances" : null,
   "ID" : "62cc4f41-9b1679c0-6ad19a2e-71fccb6f-07a3d16d",
   "Instances" : 
   [
      "b7fb1fb4-142e5a15-333ae197-298b1626-11f8833b"
   ],
   "IsStable" : true,
   "Labels" : [],
   "LastUpdate" : "20250421T205945",
   "MainDicomTags" : 
   {
      "Manufacturer" : "",
      "Modality" : "XA",
      "SeriesInstanceUID" : "1.3.12.2.1107.5.4.3.123456789012345.19950922.121803.8",
      "SeriesNumber" : "1"
   },
   "ParentStudy" : "aa938400-09e9f0df-8ba95f68-e21f98dd-0c6e0cf0",
   "Status" : "Unknown",
   "Type" : "Series"
}
[26-Apr-2025 17:34:21 Europe/Berlin] Requête proxy vers Orthanc (GET http://localhost:8042/series/11b7c563-ae504ced-e95ed300-7176b3e8-74f7e2f5) - HTTP 200 : {
   "ExpectedNumberOfInstances" : null,
   "ID" : "11b7c563-ae504ced-e95ed300-7176b3e8-74f7e2f5",
   "Instances" : 
   [
      "e07efef8-4eba99da-e58dbc40-0173c1da-e2535081"
   ],
   "IsStable" : true,
   "Labels" : [],
   "LastUpdate" : "20250421T233940",
   "MainDicomTags" : 
   {
      "Manufacturer" : "Siemens Healthineers",
      "Modality" : "MR",
      "PerformedProcedureStepDescription" : "Osteo_2021 Cheville",
      "PerformedProcedureStepStartDate" : "20210113",
      "PerformedProcedureStepStartTime" : "130454.100000",
      "ProtocolName" : "t1_sag_tse REF",
      "SeriesDate" : "20210411",
      "SeriesDescription" : "Exported MR Basic Reading",
      "SeriesInstanceUID" : "1.3.12.2.1107.5.8.15.999999.30000021041121051996700000249",
      "SeriesNumber" : "1005",
      "SeriesTime" : "213018.573513",
      "StationName" : "MR-T10-MRC19-04"
   },
   "ParentStudy" : "ae9bf996-b6ab6a8b-eba1f35e-14600862-f9393ddd",
   "Status" : "Unknown",
   "Type" : "Series"
}
[26-Apr-2025 17:34:21 Europe/Berlin] Requête proxy vers Orthanc (GET http://localhost:8042/studies/286789b1-82845a45-92d7dfc0-c6a8e286-27bc0129) - HTTP 200 : {
   "ID" : "286789b1-82845a45-92d7dfc0-c6a8e286-27bc0129",
   "IsStable" : true,
   "Labels" : [],
   "LastUpdate" : "20250311T081322",
   "MainDicomTags" : 
   {
      "AccessionNumber" : "",
      "InstitutionName" : "CHU St ROCH",
      "ReferringPhysicianName" : "",
      "StudyDate" : "19961014",
      "StudyID" : "2011",
      "StudyInstanceUID" : "1.3.46.670589.10.900123.19970114.35049000050.1",
      "StudyTime" : "115421.00000"
   },
   "ParentPatient" : "10092b57-91bddc20-e68b74c7-8956c6df-49e00750",
   "PatientMainDicomTags" : 
   {
      "PatientBirthDate" : "19320918",
      "PatientID" : "0000002011",
      "PatientName" : "AVE+ KNEE",
      "PatientSex" : "F"
   },
   "Series" : 
   [
      "f623b033-c3bb9318-1ae62c1a-9fd5f247-24c86dea"
   ],
   "Type" : "Study"
}
[26-Apr-2025 17:34:21 Europe/Berlin] Requête proxy vers Orthanc (GET http://localhost:8042/series/670d99fa-c4a853ca-52f7989e-f6df82a8-5123711c) - HTTP 200 : {
   "ExpectedNumberOfInstances" : null,
   "ID" : "670d99fa-c4a853ca-52f7989e-f6df82a8-5123711c",
   "Instances" : 
   [
      "feaf75ad-9548b055-4a7a21f5-3db18a07-9c6903d3"
   ],
   "IsStable" : true,
   "Labels" : [],
   "LastUpdate" : "20250311T081322",
   "MainDicomTags" : 
   {
      "ContrastBolusAgent" : "NONE",
      "ImageOrientationPatient" : "1.0000\\0.0000\\0.0000\\0.0000\\1.0000\\0.0000",
      "Manufacturer" : "Philips Medical Systems",
      "Modality" : "CT",
      "ProtocolName" : " 1",
      "SeriesInstanceUID" : "1.3.46.670589.10.900123.19970114.35029000020.3",
      "SeriesNumber" : " 1",
      "StationName" : "MVP"
   },
   "ParentStudy" : "0ba2c4af-c4286377-ed83307a-c4307d90-422eea83",
   "Status" : "Unknown",
   "Type" : "Series"
}
[26-Apr-2025 17:34:22 Europe/Berlin] Requête proxy vers Orthanc (GET http://localhost:8042/studies/8e51d8c2-c73f0a1e-57f97ca6-0fe69e66-c5e753eb) - HTTP 200 : {
   "ID" : "8e51d8c2-c73f0a1e-57f97ca6-0fe69e66-c5e753eb",
   "IsStable" : true,
   "Labels" : [],
   "LastUpdate" : "20250421T202126",
   "MainDicomTags" : 
   {
      "AccessionNumber" : "",
      "InstitutionName" : "CHU St ROCH",
      "ReferringPhysicianName" : "",
      "StudyDate" : "19961014",
      "StudyID" : "2018",
      "StudyInstanceUID" : "1.3.46.670589.10.900123.19970114.35036000030.1",
      "StudyTime" : "140735.00000"
   },
   "ParentPatient" : "62bc7cdd-8f5ae588-dea41879-6a8e18d1-d44362ee",
   "PatientMainDicomTags" : 
   {
      "PatientBirthDate" : "19240101",
      "PatientID" : "0000002018",
      "PatientName" : "AVE+ BRAIN + POST + SINUS",
      "PatientSex" : "M"
   },
   "Series" : 
   [
      "4541c007-3ddcd5b2-6bf192fc-d28df38d-afe5c271",
      "f6ebf659-c336b2b9-102a72e3-2cd836e9-a5662c26"
   ],
   "Type" : "Study"
}
[26-Apr-2025 17:34:22 Europe/Berlin] Requête proxy vers Orthanc (GET http://localhost:8042/studies/3abaec0a-ebfaaa87-f830d52b-d62df074-6a692c12) - HTTP 200 : {
   "ID" : "3abaec0a-ebfaaa87-f830d52b-d62df074-6a692c12",
   "IsStable" : true,
   "Labels" : [],
   "LastUpdate" : "20250426T153239",
   "MainDicomTags" : 
   {
      "StudyDate" : "20061012",
      "StudyDescription" : "CT1 abdomen",
      "StudyInstanceUID" : "1.2.826.0.1.3680043.8.1055.1.20111102150758591.92402465.76095170",
      "StudyTime" : "090258.000000"
   },
   "ParentPatient" : "b6589fc6-ab0dc82c-f12099d1-c2d40ab9-94e8410c",
   "PatientMainDicomTags" : 
   {
      "PatientID" : "0",
      "PatientName" : "Anonymized"
   },
   "Series" : 
   [
      "98d367a5-58eeba8b-f3c2da4b-de7d8f6f-ede53eb2"
   ],
   "Type" : "Study"
}
[26-Apr-2025 17:34:22 Europe/Berlin] Requête proxy vers Orthanc (GET http://localhost:8042/series/19b4c568-a95664f5-ad117914-3ccf7292-2a7ee3a0) - HTTP 200 : {
   "ExpectedNumberOfInstances" : null,
   "ID" : "19b4c568-a95664f5-ad117914-3ccf7292-2a7ee3a0",
   "Instances" : 
   [
      "24e83fd1-ddd03175-beb6aa86-f4ce6432-4241b24f",
      "26952bd2-9569483f-e0549aca-a33b9065-69c33884",
      "2faf6dae-1e8dd60c-78fbca50-98cc48e7-66559504",
      "5974bce8-dfa0d418-48e52945-578a9547-fbb8179e",
      "63831658-2ed313e4-bdd47183-6c1be4da-c0022bb4",
      "75c6d27e-9c7d0b29-ef99341d-b7507933-63d3057d",
      "bc61cc15-593581eb-104dd853-f8e2ae2f-19704638",
      "cad86111-996653c7-c7ca1820-b783c4c3-9ff6e63b",
      "dacc5f2c-4eb67b6e-62fe20be-08583e4b-f7285061",
      "fe9d11b9-08ca2a74-f27c7727-86fa6833-6b2583ab"
   ],
   "IsStable" : true,
   "Labels" : [],
   "LastUpdate" : "20250311T081323",
   "MainDicomTags" : 
   {
      "ContrastBolusAgent" : "CONT",
      "ImageOrientationPatient" : "1.0000\\0.0000\\0.0000\\0.0000\\1.0000\\0.0000",
      "Manufacturer" : "Philips Medical Systems",
      "Modality" : "CT",
      "ProtocolName" : "50",
      "SeriesInstanceUID" : "1.3.46.670589.10.900123.19970114.35056000060.3",
      "SeriesNumber" : " 1",
      "StationName" : "MVP"
   },
   "ParentStudy" : "200b3e41-4557e5ed-2b4a1771-a9e4ad06-cd1306c8",
   "Status" : "Unknown",
   "Type" : "Series"
}
[26-Apr-2025 17:34:22 Europe/Berlin] Requête proxy vers Orthanc (GET http://localhost:8042/studies/200b3e41-4557e5ed-2b4a1771-a9e4ad06-cd1306c8) - HTTP 200 : {
   "ID" : "200b3e41-4557e5ed-2b4a1771-a9e4ad06-cd1306c8",
   "IsStable" : true,
   "Labels" : [],
   "LastUpdate" : "20250311T081323",
   "MainDicomTags" : 
   {
      "AccessionNumber" : "",
      "InstitutionName" : "CHU St ROCH",
      "ReferringPhysicianName" : "",
      "StudyDate" : "19961014",
      "StudyID" : "2019",
      "StudyInstanceUID" : "1.3.46.670589.10.900123.19970114.35056000060.1",
      "StudyTime" : "145056.00000"
   },
   "ParentPatient" : "9b4d864d-a53a383a-44cdda8a-269b4eee-777c5729",
   "PatientMainDicomTags" : 
   {
      "PatientBirthDate" : "19781010",
      "PatientID" : "0000002019",
      "PatientName" : "AVE+ ABDOMEN",
      "PatientSex" : "M"
   },
   "Series" : 
   [
      "19b4c568-a95664f5-ad117914-3ccf7292-2a7ee3a0"
   ],
   "Type" : "Study"
}
[26-Apr-2025 17:34:22 Europe/Berlin] Requête proxy vers Orthanc (GET http://localhost:8042/studies/aa938400-09e9f0df-8ba95f68-e21f98dd-0c6e0cf0) - HTTP 200 : {
   "ID" : "aa938400-09e9f0df-8ba95f68-e21f98dd-0c6e0cf0",
   "IsStable" : true,
   "Labels" : [],
   "LastUpdate" : "20250421T205945",
   "MainDicomTags" : 
   {
      "AccessionNumber" : "",
      "InstitutionName" : "",
      "ReferringPhysicianName" : "",
      "StudyDate" : "19941013",
      "StudyDescription" : "",
      "StudyID" : "",
      "StudyInstanceUID" : "1.3.12.2.1107.5.4.3.123456789012345.19950922.121803.6",
      "StudyTime" : "141917"
   },
   "ParentPatient" : "1e6ca9a6-71d9b622-24e72d15-16251ee8-3735baf5",
   "PatientMainDicomTags" : 
   {
      "PatientBirthDate" : "19951025",
      "PatientID" : "556342B",
      "PatientName" : "Rubo DEMO",
      "PatientSex" : "M"
   },
   "Series" : 
   [
      "62cc4f41-9b1679c0-6ad19a2e-71fccb6f-07a3d16d"
   ],
   "Type" : "Study"
}
[26-Apr-2025 17:34:22 Europe/Berlin] Requête proxy vers Orthanc (GET http://localhost:8042/studies/ae9bf996-b6ab6a8b-eba1f35e-14600862-f9393ddd) - HTTP 200 : {
   "ID" : "ae9bf996-b6ab6a8b-eba1f35e-14600862-f9393ddd",
   "IsStable" : true,
   "Labels" : [],
   "LastUpdate" : "20250421T233940",
   "MainDicomTags" : 
   {
      "AccessionNumber" : "",
      "InstitutionName" : "",
      "ReferringPhysicianName" : "",
      "StudyDate" : "20210113",
      "StudyDescription" : "Osteo_2021 Cheville",
      "StudyID" : "b0513b81-3517-43",
      "StudyInstanceUID" : "1.3.12.2.1107.5.2.53.189501.30000021011309045077000000005",
      "StudyTime" : "130454.100000"
   },
   "ParentPatient" : "c5cc2652-d994a3cd-4c0b46e9-8aeb6e72-a0135eba",
   "PatientMainDicomTags" : 
   {
      "PatientBirthDate" : "19960205",
      "PatientID" : "2021.01.13-13:04:52-STD-1.3.12.2.1107.5.99.3",
      "PatientName" : "DeepResolve_Altea2",
      "PatientSex" : "M"
   },
   "Series" : 
   [
      "11b7c563-ae504ced-e95ed300-7176b3e8-74f7e2f5"
   ],
   "Type" : "Study"
}
[26-Apr-2025 17:34:22 Europe/Berlin] Requête proxy vers Orthanc (GET http://localhost:8042/studies/0ba2c4af-c4286377-ed83307a-c4307d90-422eea83) - HTTP 200 : {
   "ID" : "0ba2c4af-c4286377-ed83307a-c4307d90-422eea83",
   "IsStable" : true,
   "Labels" : [],
   "LastUpdate" : "20250311T081322",
   "MainDicomTags" : 
   {
      "AccessionNumber" : "",
      "InstitutionName" : "CHU St ROCH",
      "ReferringPhysicianName" : "",
      "StudyDate" : "19961014",
      "StudyID" : "2014",
      "StudyInstanceUID" : "1.3.46.670589.10.900123.19970114.35029000020.1",
      "StudyTime" : "121625.00000"
   },
   "ParentPatient" : "8fff5df9-52cafc00-77071493-d6c9febb-c05b7e14",
   "PatientMainDicomTags" : 
   {
      "PatientBirthDate" : "19131220",
      "PatientID" : "0000002014",
      "PatientName" : "AVE+ BRAIN + POST FOS.",
      "PatientSex" : "F"
   },
   "Series" : 
   [
      "670d99fa-c4a853ca-52f7989e-f6df82a8-5123711c"
   ],
   "Type" : "Study"
}
[26-Apr-2025 17:34:22 Europe/Berlin] Requête proxy vers Orthanc (GET http://localhost:8042/studies/8e51d8c2-c73f0a1e-57f97ca6-0fe69e66-c5e753eb) - HTTP 200 : {
   "ID" : "8e51d8c2-c73f0a1e-57f97ca6-0fe69e66-c5e753eb",
   "IsStable" : true,
   "Labels" : [],
   "LastUpdate" : "20250421T202126",
   "MainDicomTags" : 
   {
      "AccessionNumber" : "",
      "InstitutionName" : "CHU St ROCH",
      "ReferringPhysicianName" : "",
      "StudyDate" : "19961014",
      "StudyID" : "2018",
      "StudyInstanceUID" : "1.3.46.670589.10.900123.19970114.35036000030.1",
      "StudyTime" : "140735.00000"
   },
   "ParentPatient" : "62bc7cdd-8f5ae588-dea41879-6a8e18d1-d44362ee",
   "PatientMainDicomTags" : 
   {
      "PatientBirthDate" : "19240101",
      "PatientID" : "0000002018",
      "PatientName" : "AVE+ BRAIN + POST + SINUS",
      "PatientSex" : "M"
   },
   "Series" : 
   [
      "4541c007-3ddcd5b2-6bf192fc-d28df38d-afe5c271",
      "f6ebf659-c336b2b9-102a72e3-2cd836e9-a5662c26"
   ],
   "Type" : "Study"
}
[26-Apr-2025 17:34:22 Europe/Berlin] Requête proxy vers Orthanc (GET http://localhost:8042/series/19b4c568-a95664f5-ad117914-3ccf7292-2a7ee3a0) - HTTP 200 : {
   "ExpectedNumberOfInstances" : null,
   "ID" : "19b4c568-a95664f5-ad117914-3ccf7292-2a7ee3a0",
   "Instances" : 
   [
      "24e83fd1-ddd03175-beb6aa86-f4ce6432-4241b24f",
      "26952bd2-9569483f-e0549aca-a33b9065-69c33884",
      "2faf6dae-1e8dd60c-78fbca50-98cc48e7-66559504",
      "5974bce8-dfa0d418-48e52945-578a9547-fbb8179e",
      "63831658-2ed313e4-bdd47183-6c1be4da-c0022bb4",
      "75c6d27e-9c7d0b29-ef99341d-b7507933-63d3057d",
      "bc61cc15-593581eb-104dd853-f8e2ae2f-19704638",
      "cad86111-996653c7-c7ca1820-b783c4c3-9ff6e63b",
      "dacc5f2c-4eb67b6e-62fe20be-08583e4b-f7285061",
      "fe9d11b9-08ca2a74-f27c7727-86fa6833-6b2583ab"
   ],
   "IsStable" : true,
   "Labels" : [],
   "LastUpdate" : "20250311T081323",
   "MainDicomTags" : 
   {
      "ContrastBolusAgent" : "CONT",
      "ImageOrientationPatient" : "1.0000\\0.0000\\0.0000\\0.0000\\1.0000\\0.0000",
      "Manufacturer" : "Philips Medical Systems",
      "Modality" : "CT",
      "ProtocolName" : "50",
      "SeriesInstanceUID" : "1.3.46.670589.10.900123.19970114.35056000060.3",
      "SeriesNumber" : " 1",
      "StationName" : "MVP"
   },
   "ParentStudy" : "200b3e41-4557e5ed-2b4a1771-a9e4ad06-cd1306c8",
   "Status" : "Unknown",
   "Type" : "Series"
}
[26-Apr-2025 17:34:22 Europe/Berlin] Requête proxy vers Orthanc (GET http://localhost:8042/studies/200b3e41-4557e5ed-2b4a1771-a9e4ad06-cd1306c8) - HTTP 200 : {
   "ID" : "200b3e41-4557e5ed-2b4a1771-a9e4ad06-cd1306c8",
   "IsStable" : true,
   "Labels" : [],
   "LastUpdate" : "20250311T081323",
   "MainDicomTags" : 
   {
      "AccessionNumber" : "",
      "InstitutionName" : "CHU St ROCH",
      "ReferringPhysicianName" : "",
      "StudyDate" : "19961014",
      "StudyID" : "2019",
      "StudyInstanceUID" : "1.3.46.670589.10.900123.19970114.35056000060.1",
      "StudyTime" : "145056.00000"
   },
   "ParentPatient" : "9b4d864d-a53a383a-44cdda8a-269b4eee-777c5729",
   "PatientMainDicomTags" : 
   {
      "PatientBirthDate" : "19781010",
      "PatientID" : "0000002019",
      "PatientName" : "AVE+ ABDOMEN",
      "PatientSex" : "M"
   },
   "Series" : 
   [
      "19b4c568-a95664f5-ad117914-3ccf7292-2a7ee3a0"
   ],
   "Type" : "Study"
}
[26-Apr-2025 17:34:22 Europe/Berlin] Requête proxy vers Orthanc (GET http://localhost:8042/studies/200b3e41-4557e5ed-2b4a1771-a9e4ad06-cd1306c8) - HTTP 200 : {
   "ID" : "200b3e41-4557e5ed-2b4a1771-a9e4ad06-cd1306c8",
   "IsStable" : true,
   "Labels" : [],
   "LastUpdate" : "20250311T081323",
   "MainDicomTags" : 
   {
      "AccessionNumber" : "",
      "InstitutionName" : "CHU St ROCH",
      "ReferringPhysicianName" : "",
      "StudyDate" : "19961014",
      "StudyID" : "2019",
      "StudyInstanceUID" : "1.3.46.670589.10.900123.19970114.35056000060.1",
      "StudyTime" : "145056.00000"
   },
   "ParentPatient" : "9b4d864d-a53a383a-44cdda8a-269b4eee-777c5729",
   "PatientMainDicomTags" : 
   {
      "PatientBirthDate" : "19781010",
      "PatientID" : "0000002019",
      "PatientName" : "AVE+ ABDOMEN",
      "PatientSex" : "M"
   },
   "Series" : 
   [
      "19b4c568-a95664f5-ad117914-3ccf7292-2a7ee3a0"
   ],
   "Type" : "Study"
}
[26-Apr-2025 17:34:22 Europe/Berlin] Requête proxy vers Orthanc (GET http://localhost:8042/series/19b4c568-a95664f5-ad117914-3ccf7292-2a7ee3a0) - HTTP 200 : {
   "ExpectedNumberOfInstances" : null,
   "ID" : "19b4c568-a95664f5-ad117914-3ccf7292-2a7ee3a0",
   "Instances" : 
   [
      "24e83fd1-ddd03175-beb6aa86-f4ce6432-4241b24f",
      "26952bd2-9569483f-e0549aca-a33b9065-69c33884",
      "2faf6dae-1e8dd60c-78fbca50-98cc48e7-66559504",
      "5974bce8-dfa0d418-48e52945-578a9547-fbb8179e",
      "63831658-2ed313e4-bdd47183-6c1be4da-c0022bb4",
      "75c6d27e-9c7d0b29-ef99341d-b7507933-63d3057d",
      "bc61cc15-593581eb-104dd853-f8e2ae2f-19704638",
      "cad86111-996653c7-c7ca1820-b783c4c3-9ff6e63b",
      "dacc5f2c-4eb67b6e-62fe20be-08583e4b-f7285061",
      "fe9d11b9-08ca2a74-f27c7727-86fa6833-6b2583ab"
   ],
   "IsStable" : true,
   "Labels" : [],
   "LastUpdate" : "20250311T081323",
   "MainDicomTags" : 
   {
      "ContrastBolusAgent" : "CONT",
      "ImageOrientationPatient" : "1.0000\\0.0000\\0.0000\\0.0000\\1.0000\\0.0000",
      "Manufacturer" : "Philips Medical Systems",
      "Modality" : "CT",
      "ProtocolName" : "50",
      "SeriesInstanceUID" : "1.3.46.670589.10.900123.19970114.35056000060.3",
      "SeriesNumber" : " 1",
      "StationName" : "MVP"
   },
   "ParentStudy" : "200b3e41-4557e5ed-2b4a1771-a9e4ad06-cd1306c8",
   "Status" : "Unknown",
   "Type" : "Series"
}
[26-Apr-2025 17:34:22 Europe/Berlin] Requête proxy vers Orthanc (GET http://localhost:8042/series/19b4c568-a95664f5-ad117914-3ccf7292-2a7ee3a0) - HTTP 200 : {
   "ExpectedNumberOfInstances" : null,
   "ID" : "19b4c568-a95664f5-ad117914-3ccf7292-2a7ee3a0",
   "Instances" : 
   [
      "24e83fd1-ddd03175-beb6aa86-f4ce6432-4241b24f",
      "26952bd2-9569483f-e0549aca-a33b9065-69c33884",
      "2faf6dae-1e8dd60c-78fbca50-98cc48e7-66559504",
      "5974bce8-dfa0d418-48e52945-578a9547-fbb8179e",
      "63831658-2ed313e4-bdd47183-6c1be4da-c0022bb4",
      "75c6d27e-9c7d0b29-ef99341d-b7507933-63d3057d",
      "bc61cc15-593581eb-104dd853-f8e2ae2f-19704638",
      "cad86111-996653c7-c7ca1820-b783c4c3-9ff6e63b",
      "dacc5f2c-4eb67b6e-62fe20be-08583e4b-f7285061",
      "fe9d11b9-08ca2a74-f27c7727-86fa6833-6b2583ab"
   ],
   "IsStable" : true,
   "Labels" : [],
   "LastUpdate" : "20250311T081323",
   "MainDicomTags" : 
   {
      "ContrastBolusAgent" : "CONT",
      "ImageOrientationPatient" : "1.0000\\0.0000\\0.0000\\0.0000\\1.0000\\0.0000",
      "Manufacturer" : "Philips Medical Systems",
      "Modality" : "CT",
      "ProtocolName" : "50",
      "SeriesInstanceUID" : "1.3.46.670589.10.900123.19970114.35056000060.3",
      "SeriesNumber" : " 1",
      "StationName" : "MVP"
   },
   "ParentStudy" : "200b3e41-4557e5ed-2b4a1771-a9e4ad06-cd1306c8",
   "Status" : "Unknown",
   "Type" : "Series"
}
[26-Apr-2025 17:34:22 Europe/Berlin] Requête proxy vers Orthanc (GET http://localhost:8042/studies/200b3e41-4557e5ed-2b4a1771-a9e4ad06-cd1306c8) - HTTP 200 : {
   "ID" : "200b3e41-4557e5ed-2b4a1771-a9e4ad06-cd1306c8",
   "IsStable" : true,
   "Labels" : [],
   "LastUpdate" : "20250311T081323",
   "MainDicomTags" : 
   {
      "AccessionNumber" : "",
      "InstitutionName" : "CHU St ROCH",
      "ReferringPhysicianName" : "",
      "StudyDate" : "19961014",
      "StudyID" : "2019",
      "StudyInstanceUID" : "1.3.46.670589.10.900123.19970114.35056000060.1",
      "StudyTime" : "145056.00000"
   },
   "ParentPatient" : "9b4d864d-a53a383a-44cdda8a-269b4eee-777c5729",
   "PatientMainDicomTags" : 
   {
      "PatientBirthDate" : "19781010",
      "PatientID" : "0000002019",
      "PatientName" : "AVE+ ABDOMEN",
      "PatientSex" : "M"
   },
   "Series" : 
   [
      "19b4c568-a95664f5-ad117914-3ccf7292-2a7ee3a0"
   ],
   "Type" : "Study"
}
[26-Apr-2025 17:34:22 Europe/Berlin] Requête proxy vers Orthanc (GET http://localhost:8042/series/19b4c568-a95664f5-ad117914-3ccf7292-2a7ee3a0) - HTTP 200 : {
   "ExpectedNumberOfInstances" : null,
   "ID" : "19b4c568-a95664f5-ad117914-3ccf7292-2a7ee3a0",
   "Instances" : 
   [
      "24e83fd1-ddd03175-beb6aa86-f4ce6432-4241b24f",
      "26952bd2-9569483f-e0549aca-a33b9065-69c33884",
      "2faf6dae-1e8dd60c-78fbca50-98cc48e7-66559504",
      "5974bce8-dfa0d418-48e52945-578a9547-fbb8179e",
      "63831658-2ed313e4-bdd47183-6c1be4da-c0022bb4",
      "75c6d27e-9c7d0b29-ef99341d-b7507933-63d3057d",
      "bc61cc15-593581eb-104dd853-f8e2ae2f-19704638",
      "cad86111-996653c7-c7ca1820-b783c4c3-9ff6e63b",
      "dacc5f2c-4eb67b6e-62fe20be-08583e4b-f7285061",
      "fe9d11b9-08ca2a74-f27c7727-86fa6833-6b2583ab"
   ],
   "IsStable" : true,
   "Labels" : [],
   "LastUpdate" : "20250311T081323",
   "MainDicomTags" : 
   {
      "ContrastBolusAgent" : "CONT",
      "ImageOrientationPatient" : "1.0000\\0.0000\\0.0000\\0.0000\\1.0000\\0.0000",
      "Manufacturer" : "Philips Medical Systems",
      "Modality" : "CT",
      "ProtocolName" : "50",
      "SeriesInstanceUID" : "1.3.46.670589.10.900123.19970114.35056000060.3",
      "SeriesNumber" : " 1",
      "StationName" : "MVP"
   },
   "ParentStudy" : "200b3e41-4557e5ed-2b4a1771-a9e4ad06-cd1306c8",
   "Status" : "Unknown",
   "Type" : "Series"
}
[26-Apr-2025 17:34:22 Europe/Berlin] Requête proxy vers Orthanc (GET http://localhost:8042/studies/200b3e41-4557e5ed-2b4a1771-a9e4ad06-cd1306c8) - HTTP 200 : {
   "ID" : "200b3e41-4557e5ed-2b4a1771-a9e4ad06-cd1306c8",
   "IsStable" : true,
   "Labels" : [],
   "LastUpdate" : "20250311T081323",
   "MainDicomTags" : 
   {
      "AccessionNumber" : "",
      "InstitutionName" : "CHU St ROCH",
      "ReferringPhysicianName" : "",
      "StudyDate" : "19961014",
      "StudyID" : "2019",
      "StudyInstanceUID" : "1.3.46.670589.10.900123.19970114.35056000060.1",
      "StudyTime" : "145056.00000"
   },
   "ParentPatient" : "9b4d864d-a53a383a-44cdda8a-269b4eee-777c5729",
   "PatientMainDicomTags" : 
   {
      "PatientBirthDate" : "19781010",
      "PatientID" : "0000002019",
      "PatientName" : "AVE+ ABDOMEN",
      "PatientSex" : "M"
   },
   "Series" : 
   [
      "19b4c568-a95664f5-ad117914-3ccf7292-2a7ee3a0"
   ],
   "Type" : "Study"
}
[26-Apr-2025 17:34:23 Europe/Berlin] Requête proxy vers Orthanc (GET http://localhost:8042/series/19b4c568-a95664f5-ad117914-3ccf7292-2a7ee3a0) - HTTP 200 : {
   "ExpectedNumberOfInstances" : null,
   "ID" : "19b4c568-a95664f5-ad117914-3ccf7292-2a7ee3a0",
   "Instances" : 
   [
      "24e83fd1-ddd03175-beb6aa86-f4ce6432-4241b24f",
      "26952bd2-9569483f-e0549aca-a33b9065-69c33884",
      "2faf6dae-1e8dd60c-78fbca50-98cc48e7-66559504",
      "5974bce8-dfa0d418-48e52945-578a9547-fbb8179e",
      "63831658-2ed313e4-bdd47183-6c1be4da-c0022bb4",
      "75c6d27e-9c7d0b29-ef99341d-b7507933-63d3057d",
      "bc61cc15-593581eb-104dd853-f8e2ae2f-19704638",
      "cad86111-996653c7-c7ca1820-b783c4c3-9ff6e63b",
      "dacc5f2c-4eb67b6e-62fe20be-08583e4b-f7285061",
      "fe9d11b9-08ca2a74-f27c7727-86fa6833-6b2583ab"
   ],
   "IsStable" : true,
   "Labels" : [],
   "LastUpdate" : "20250311T081323",
   "MainDicomTags" : 
   {
      "ContrastBolusAgent" : "CONT",
      "ImageOrientationPatient" : "1.0000\\0.0000\\0.0000\\0.0000\\1.0000\\0.0000",
      "Manufacturer" : "Philips Medical Systems",
      "Modality" : "CT",
      "ProtocolName" : "50",
      "SeriesInstanceUID" : "1.3.46.670589.10.900123.19970114.35056000060.3",
      "SeriesNumber" : " 1",
      "StationName" : "MVP"
   },
   "ParentStudy" : "200b3e41-4557e5ed-2b4a1771-a9e4ad06-cd1306c8",
   "Status" : "Unknown",
   "Type" : "Series"
}
[26-Apr-2025 17:34:23 Europe/Berlin] Requête proxy vers Orthanc (GET http://localhost:8042/studies/200b3e41-4557e5ed-2b4a1771-a9e4ad06-cd1306c8) - HTTP 200 : {
   "ID" : "200b3e41-4557e5ed-2b4a1771-a9e4ad06-cd1306c8",
   "IsStable" : true,
   "Labels" : [],
   "LastUpdate" : "20250311T081323",
   "MainDicomTags" : 
   {
      "AccessionNumber" : "",
      "InstitutionName" : "CHU St ROCH",
      "ReferringPhysicianName" : "",
      "StudyDate" : "19961014",
      "StudyID" : "2019",
      "StudyInstanceUID" : "1.3.46.670589.10.900123.19970114.35056000060.1",
      "StudyTime" : "145056.00000"
   },
   "ParentPatient" : "9b4d864d-a53a383a-44cdda8a-269b4eee-777c5729",
   "PatientMainDicomTags" : 
   {
      "PatientBirthDate" : "19781010",
      "PatientID" : "0000002019",
      "PatientName" : "AVE+ ABDOMEN",
      "PatientSex" : "M"
   },
   "Series" : 
   [
      "19b4c568-a95664f5-ad117914-3ccf7292-2a7ee3a0"
   ],
   "Type" : "Study"
}
[26-Apr-2025 17:34:23 Europe/Berlin] Requête proxy vers Orthanc (GET http://localhost:8042/series/19b4c568-a95664f5-ad117914-3ccf7292-2a7ee3a0) - HTTP 200 : {
   "ExpectedNumberOfInstances" : null,
   "ID" : "19b4c568-a95664f5-ad117914-3ccf7292-2a7ee3a0",
   "Instances" : 
   [
      "24e83fd1-ddd03175-beb6aa86-f4ce6432-4241b24f",
      "26952bd2-9569483f-e0549aca-a33b9065-69c33884",
      "2faf6dae-1e8dd60c-78fbca50-98cc48e7-66559504",
      "5974bce8-dfa0d418-48e52945-578a9547-fbb8179e",
      "63831658-2ed313e4-bdd47183-6c1be4da-c0022bb4",
      "75c6d27e-9c7d0b29-ef99341d-b7507933-63d3057d",
      "bc61cc15-593581eb-104dd853-f8e2ae2f-19704638",
      "cad86111-996653c7-c7ca1820-b783c4c3-9ff6e63b",
      "dacc5f2c-4eb67b6e-62fe20be-08583e4b-f7285061",
      "fe9d11b9-08ca2a74-f27c7727-86fa6833-6b2583ab"
   ],
   "IsStable" : true,
   "Labels" : [],
   "LastUpdate" : "20250311T081323",
   "MainDicomTags" : 
   {
      "ContrastBolusAgent" : "CONT",
      "ImageOrientationPatient" : "1.0000\\0.0000\\0.0000\\0.0000\\1.0000\\0.0000",
      "Manufacturer" : "Philips Medical Systems",
      "Modality" : "CT",
      "ProtocolName" : "50",
      "SeriesInstanceUID" : "1.3.46.670589.10.900123.19970114.35056000060.3",
      "SeriesNumber" : " 1",
      "StationName" : "MVP"
   },
   "ParentStudy" : "200b3e41-4557e5ed-2b4a1771-a9e4ad06-cd1306c8",
   "Status" : "Unknown",
   "Type" : "Series"
}
[26-Apr-2025 17:34:23 Europe/Berlin] Requête proxy vers Orthanc (GET http://localhost:8042/studies/200b3e41-4557e5ed-2b4a1771-a9e4ad06-cd1306c8) - HTTP 200 : {
   "ID" : "200b3e41-4557e5ed-2b4a1771-a9e4ad06-cd1306c8",
   "IsStable" : true,
   "Labels" : [],
   "LastUpdate" : "20250311T081323",
   "MainDicomTags" : 
   {
      "AccessionNumber" : "",
      "InstitutionName" : "CHU St ROCH",
      "ReferringPhysicianName" : "",
      "StudyDate" : "19961014",
      "StudyID" : "2019",
      "StudyInstanceUID" : "1.3.46.670589.10.900123.19970114.35056000060.1",
      "StudyTime" : "145056.00000"
   },
   "ParentPatient" : "9b4d864d-a53a383a-44cdda8a-269b4eee-777c5729",
   "PatientMainDicomTags" : 
   {
      "PatientBirthDate" : "19781010",
      "PatientID" : "0000002019",
      "PatientName" : "AVE+ ABDOMEN",
      "PatientSex" : "M"
   },
   "Series" : 
   [
      "19b4c568-a95664f5-ad117914-3ccf7292-2a7ee3a0"
   ],
   "Type" : "Study"
}
[26-Apr-2025 17:34:23 Europe/Berlin] Requête proxy vers Orthanc (GET http://localhost:8042/studies/200b3e41-4557e5ed-2b4a1771-a9e4ad06-cd1306c8) - HTTP 200 : {
   "ID" : "200b3e41-4557e5ed-2b4a1771-a9e4ad06-cd1306c8",
   "IsStable" : true,
   "Labels" : [],
   "LastUpdate" : "20250311T081323",
   "MainDicomTags" : 
   {
      "AccessionNumber" : "",
      "InstitutionName" : "CHU St ROCH",
      "ReferringPhysicianName" : "",
      "StudyDate" : "19961014",
      "StudyID" : "2019",
      "StudyInstanceUID" : "1.3.46.670589.10.900123.19970114.35056000060.1",
      "StudyTime" : "145056.00000"
   },
   "ParentPatient" : "9b4d864d-a53a383a-44cdda8a-269b4eee-777c5729",
   "PatientMainDicomTags" : 
   {
      "PatientBirthDate" : "19781010",
      "PatientID" : "0000002019",
      "PatientName" : "AVE+ ABDOMEN",
      "PatientSex" : "M"
   },
   "Series" : 
   [
      "19b4c568-a95664f5-ad117914-3ccf7292-2a7ee3a0"
   ],
   "Type" : "Study"
}
[26-Apr-2025 17:34:23 Europe/Berlin] Requête proxy vers Orthanc (GET http://localhost:8042/series/19b4c568-a95664f5-ad117914-3ccf7292-2a7ee3a0) - HTTP 200 : {
   "ExpectedNumberOfInstances" : null,
   "ID" : "19b4c568-a95664f5-ad117914-3ccf7292-2a7ee3a0",
   "Instances" : 
   [
      "24e83fd1-ddd03175-beb6aa86-f4ce6432-4241b24f",
      "26952bd2-9569483f-e0549aca-a33b9065-69c33884",
      "2faf6dae-1e8dd60c-78fbca50-98cc48e7-66559504",
      "5974bce8-dfa0d418-48e52945-578a9547-fbb8179e",
      "63831658-2ed313e4-bdd47183-6c1be4da-c0022bb4",
      "75c6d27e-9c7d0b29-ef99341d-b7507933-63d3057d",
      "bc61cc15-593581eb-104dd853-f8e2ae2f-19704638",
      "cad86111-996653c7-c7ca1820-b783c4c3-9ff6e63b",
      "dacc5f2c-4eb67b6e-62fe20be-08583e4b-f7285061",
      "fe9d11b9-08ca2a74-f27c7727-86fa6833-6b2583ab"
   ],
   "IsStable" : true,
   "Labels" : [],
   "LastUpdate" : "20250311T081323",
   "MainDicomTags" : 
   {
      "ContrastBolusAgent" : "CONT",
      "ImageOrientationPatient" : "1.0000\\0.0000\\0.0000\\0.0000\\1.0000\\0.0000",
      "Manufacturer" : "Philips Medical Systems",
      "Modality" : "CT",
      "ProtocolName" : "50",
      "SeriesInstanceUID" : "1.3.46.670589.10.900123.19970114.35056000060.3",
      "SeriesNumber" : " 1",
      "StationName" : "MVP"
   },
   "ParentStudy" : "200b3e41-4557e5ed-2b4a1771-a9e4ad06-cd1306c8",
   "Status" : "Unknown",
   "Type" : "Series"
}
[26-Apr-2025 17:34:23 Europe/Berlin] Requête proxy vers Orthanc (GET http://localhost:8042/series/19b4c568-a95664f5-ad117914-3ccf7292-2a7ee3a0) - HTTP 200 : {
   "ExpectedNumberOfInstances" : null,
   "ID" : "19b4c568-a95664f5-ad117914-3ccf7292-2a7ee3a0",
   "Instances" : 
   [
      "24e83fd1-ddd03175-beb6aa86-f4ce6432-4241b24f",
      "26952bd2-9569483f-e0549aca-a33b9065-69c33884",
      "2faf6dae-1e8dd60c-78fbca50-98cc48e7-66559504",
      "5974bce8-dfa0d418-48e52945-578a9547-fbb8179e",
      "63831658-2ed313e4-bdd47183-6c1be4da-c0022bb4",
      "75c6d27e-9c7d0b29-ef99341d-b7507933-63d3057d",
      "bc61cc15-593581eb-104dd853-f8e2ae2f-19704638",
      "cad86111-996653c7-c7ca1820-b783c4c3-9ff6e63b",
      "dacc5f2c-4eb67b6e-62fe20be-08583e4b-f7285061",
      "fe9d11b9-08ca2a74-f27c7727-86fa6833-6b2583ab"
   ],
   "IsStable" : true,
   "Labels" : [],
   "LastUpdate" : "20250311T081323",
   "MainDicomTags" : 
   {
      "ContrastBolusAgent" : "CONT",
      "ImageOrientationPatient" : "1.0000\\0.0000\\0.0000\\0.0000\\1.0000\\0.0000",
      "Manufacturer" : "Philips Medical Systems",
      "Modality" : "CT",
      "ProtocolName" : "50",
      "SeriesInstanceUID" : "1.3.46.670589.10.900123.19970114.35056000060.3",
      "SeriesNumber" : " 1",
      "StationName" : "MVP"
   },
   "ParentStudy" : "200b3e41-4557e5ed-2b4a1771-a9e4ad06-cd1306c8",
   "Status" : "Unknown",
   "Type" : "Series"
}
[26-Apr-2025 17:34:23 Europe/Berlin] Requête proxy vers Orthanc (GET http://localhost:8042/studies/200b3e41-4557e5ed-2b4a1771-a9e4ad06-cd1306c8) - HTTP 200 : {
   "ID" : "200b3e41-4557e5ed-2b4a1771-a9e4ad06-cd1306c8",
   "IsStable" : true,
   "Labels" : [],
   "LastUpdate" : "20250311T081323",
   "MainDicomTags" : 
   {
      "AccessionNumber" : "",
      "InstitutionName" : "CHU St ROCH",
      "ReferringPhysicianName" : "",
      "StudyDate" : "19961014",
      "StudyID" : "2019",
      "StudyInstanceUID" : "1.3.46.670589.10.900123.19970114.35056000060.1",
      "StudyTime" : "145056.00000"
   },
   "ParentPatient" : "9b4d864d-a53a383a-44cdda8a-269b4eee-777c5729",
   "PatientMainDicomTags" : 
   {
      "PatientBirthDate" : "19781010",
      "PatientID" : "0000002019",
      "PatientName" : "AVE+ ABDOMEN",
      "PatientSex" : "M"
   },
   "Series" : 
   [
      "19b4c568-a95664f5-ad117914-3ccf7292-2a7ee3a0"
   ],
   "Type" : "Study"
}
[26-Apr-2025 17:34:24 Europe/Berlin] Requête proxy vers Orthanc (GET http://localhost:8042/studies/200b3e41-4557e5ed-2b4a1771-a9e4ad06-cd1306c8) - HTTP 200 : {
   "ID" : "200b3e41-4557e5ed-2b4a1771-a9e4ad06-cd1306c8",
   "IsStable" : true,
   "Labels" : [],
   "LastUpdate" : "20250311T081323",
   "MainDicomTags" : 
   {
      "AccessionNumber" : "",
      "InstitutionName" : "CHU St ROCH",
      "ReferringPhysicianName" : "",
      "StudyDate" : "19961014",
      "StudyID" : "2019",
      "StudyInstanceUID" : "1.3.46.670589.10.900123.19970114.35056000060.1",
      "StudyTime" : "145056.00000"
   },
   "ParentPatient" : "9b4d864d-a53a383a-44cdda8a-269b4eee-777c5729",
   "PatientMainDicomTags" : 
   {
      "PatientBirthDate" : "19781010",
      "PatientID" : "0000002019",
      "PatientName" : "AVE+ ABDOMEN",
      "PatientSex" : "M"
   },
   "Series" : 
   [
      "19b4c568-a95664f5-ad117914-3ccf7292-2a7ee3a0"
   ],
   "Type" : "Study"
}
[26-Apr-2025 17:47:02 Europe/Berlin] Requête proxy vers Orthanc (GET http://localhost:8042//instances) - HTTP 200 : [
   "094563e4-74b821f1-120c8584-6236b3ba-05716a47",
   "24e83fd1-ddd03175-beb6aa86-f4ce6432-4241b24f",
   "26952bd2-9569483f-e0549aca-a33b9065-69c33884",
   "2faf6dae-1e8dd60c-78fbca50-98cc48e7-66559504",
   "582dde1a-6ee0dcb1-dc2c0a3c-06a79b2f-211eda06",
   "5974bce8-dfa0d418-48e52945-578a9547-fbb8179e",
   "63831658-2ed313e4-bdd47183-6c1be4da-c0022bb4",
   "75c6d27e-9c7d0b29-ef99341d-b7507933-63d3057d",
   "96548d6b-b87fefbd-78a3f7c5-c5abe181-0643a103",
   "b7fb1fb4-142e5a15-333ae197-298b1626-11f8833b",
   "bc61cc15-593581eb-104dd853-f8e2ae2f-19704638",
   "cad86111-996653c7-c7ca1820-b783c4c3-9ff6e63b",
   "dacc5f2c-4eb67b6e-62fe20be-08583e4b-f7285061",
   "e07efef8-4eba99da-e58dbc40-0173c1da-e2535081",
   "eb17dc02-607db0a6-1074ad73-79fb3688-f9a596db",
   "fe9d11b9-08ca2a74-f27c7727-86fa6833-6b2583ab",
   "feaf75ad-9548b055-4a7a21f5-3db18a07-9c6903d3"
]
[26-Apr-2025 17:47:03 Europe/Berlin] Requête proxy vers Orthanc (GET http://localhost:8042/instances/094563e4-74b821f1-120c8584-6236b3ba-05716a47) - HTTP 200 : {
   "FileSize" : 526336,
   "FileUuid" : "847455dd-9936-4c5a-9d73-29f225acd32b",
   "ID" : "094563e4-74b821f1-120c8584-6236b3ba-05716a47",
   "IndexInSeries" : 5003,
   "Labels" : [],
   "MainDicomTags" : 
   {
      "AcquisitionNumber" : " 5",
      "ImageComments" : "MD",
      "ImageOrientationPatient" : "1.0000\\0.0000\\0.0000\\0.0000\\1.0000\\0.0000",
      "ImagePositionPatient" : "-80.7000\\-75.1000\\-61.0000",
      "InstanceCreationDate" : "19970114",
      "InstanceCreationTime" : "035049.0005",
      "InstanceNumber" : "5003",
      "SOPInstanceUID" : "1.3.46.670589.10.900123.19970114.35049000050"
   },
   "ParentSeries" : "f623b033-c3bb9318-1ae62c1a-9fd5f247-24c86dea",
   "Type" : "Instance"
}
[26-Apr-2025 17:47:03 Europe/Berlin] Requête proxy vers Orthanc (GET http://localhost:8042/instances/2faf6dae-1e8dd60c-78fbca50-98cc48e7-66559504) - HTTP 200 : {
   "FileSize" : 526336,
   "FileUuid" : "43af4eee-ad27-4654-b4a1-e5a62a718f5a",
   "ID" : "2faf6dae-1e8dd60c-78fbca50-98cc48e7-66559504",
   "IndexInSeries" : 20001,
   "Labels" : [],
   "MainDicomTags" : 
   {
      "AcquisitionNumber" : "20",
      "ImageComments" : "",
      "ImageOrientationPatient" : "1.0000\\0.0000\\0.0000\\0.0000\\1.0000\\0.0000",
      "ImagePositionPatient" : "-175.1000\\-175.1000\\-180.0000",
      "InstanceCreationDate" : "19970114",
      "InstanceCreationTime" : "035131.0013",
      "InstanceNumber" : " 20001",
      "SOPInstanceUID" : "1.3.46.670589.10.900123.19970114.35131000130"
   },
   "ParentSeries" : "19b4c568-a95664f5-ad117914-3ccf7292-2a7ee3a0",
   "Type" : "Instance"
}
[26-Apr-2025 17:47:03 Europe/Berlin] Requête proxy vers Orthanc (GET http://localhost:8042/instances/24e83fd1-ddd03175-beb6aa86-f4ce6432-4241b24f) - HTTP 200 : {
   "FileSize" : 526336,
   "FileUuid" : "1b56fb91-ea25-44cc-8c18-5f24da876928",
   "ID" : "24e83fd1-ddd03175-beb6aa86-f4ce6432-4241b24f",
   "IndexInSeries" : 14001,
   "Labels" : [],
   "MainDicomTags" : 
   {
      "AcquisitionNumber" : "14",
      "ImageComments" : "",
      "ImageOrientationPatient" : "1.0000\\0.0000\\0.0000\\0.0000\\1.0000\\0.0000",
      "ImagePositionPatient" : "-175.1000\\-175.1000\\-120.0000",
      "InstanceCreationDate" : "19970114",
      "InstanceCreationTime" : "035100.0007",
      "InstanceNumber" : " 14001",
      "SOPInstanceUID" : "1.3.46.670589.10.900123.19970114.35100000070"
   },
   "ParentSeries" : "19b4c568-a95664f5-ad117914-3ccf7292-2a7ee3a0",
   "Type" : "Instance"
}
[26-Apr-2025 17:47:03 Europe/Berlin] Requête proxy vers Orthanc (GET http://localhost:8042/instances/26952bd2-9569483f-e0549aca-a33b9065-69c33884) - HTTP 200 : {
   "FileSize" : 526336,
   "FileUuid" : "9702e94e-8902-4103-ae55-af77a92efc6a",
   "ID" : "26952bd2-9569483f-e0549aca-a33b9065-69c33884",
   "IndexInSeries" : 17001,
   "Labels" : [],
   "MainDicomTags" : 
   {
      "AcquisitionNumber" : "17",
      "ImageComments" : "",
      "ImageOrientationPatient" : "1.0000\\0.0000\\0.0000\\0.0000\\1.0000\\0.0000",
      "ImagePositionPatient" : "-175.1000\\-175.1000\\-150.0000",
      "InstanceCreationDate" : "19970114",
      "InstanceCreationTime" : "035115.0010",
      "InstanceNumber" : " 17001",
      "SOPInstanceUID" : "1.3.46.670589.10.900123.19970114.35115000100"
   },
   "ParentSeries" : "19b4c568-a95664f5-ad117914-3ccf7292-2a7ee3a0",
   "Type" : "Instance"
}
[26-Apr-2025 17:47:03 Europe/Berlin] Requête proxy vers Orthanc (GET http://localhost:8042/instances/582dde1a-6ee0dcb1-dc2c0a3c-06a79b2f-211eda06) - HTTP 200 : {
   "FileSize" : 527206,
   "FileUuid" : "795689db-f22a-4dce-b798-da7adabb6f0e",
   "ID" : "582dde1a-6ee0dcb1-dc2c0a3c-06a79b2f-211eda06",
   "IndexInSeries" : null,
   "Labels" : [],
   "MainDicomTags" : 
   {
      "InstanceCreationDate" : "20250421",
      "InstanceCreationTime" : "202125.000000",
      "SOPInstanceUID" : "1.2.276.0.7230010.3.1.4.1159938914.5836.1745266885.814"
   },
   "ParentSeries" : "4541c007-3ddcd5b2-6bf192fc-d28df38d-afe5c271",
   "Type" : "Instance"
}
[26-Apr-2025 17:47:03 Europe/Berlin] Requête proxy vers Orthanc (GET http://localhost:8042/instances/5974bce8-dfa0d418-48e52945-578a9547-fbb8179e) - HTTP 200 : {
   "FileSize" : 526336,
   "FileUuid" : "11a7f312-517f-42ad-a5f0-e749b0038b6c",
   "ID" : "5974bce8-dfa0d418-48e52945-578a9547-fbb8179e",
   "IndexInSeries" : 18001,
   "Labels" : [],
   "MainDicomTags" : 
   {
      "AcquisitionNumber" : "18",
      "ImageComments" : "",
      "ImageOrientationPatient" : "1.0000\\0.0000\\0.0000\\0.0000\\1.0000\\0.0000",
      "ImagePositionPatient" : "-175.1000\\-175.1000\\-160.0000",
      "InstanceCreationDate" : "19970114",
      "InstanceCreationTime" : "035120.0011",
      "InstanceNumber" : " 18001",
      "SOPInstanceUID" : "1.3.46.670589.10.900123.19970114.35120000110"
   },
   "ParentSeries" : "19b4c568-a95664f5-ad117914-3ccf7292-2a7ee3a0",
   "Type" : "Instance"
}
[26-Apr-2025 17:47:04 Europe/Berlin] Requête proxy vers Orthanc (GET http://localhost:8042/instances/75c6d27e-9c7d0b29-ef99341d-b7507933-63d3057d) - HTTP 200 : {
   "FileSize" : 526336,
   "FileUuid" : "7ef2cfb2-cd10-40ef-8012-0b6fd7578b13",
   "ID" : "75c6d27e-9c7d0b29-ef99341d-b7507933-63d3057d",
   "IndexInSeries" : 21001,
   "Labels" : [],
   "MainDicomTags" : 
   {
      "AcquisitionNumber" : "21",
      "ImageComments" : "",
      "ImageOrientationPatient" : "1.0000\\0.0000\\0.0000\\0.0000\\1.0000\\0.0000",
      "ImagePositionPatient" : "-175.1000\\-175.1000\\-190.0000",
      "InstanceCreationDate" : "19970114",
      "InstanceCreationTime" : "035135.0014",
      "InstanceNumber" : " 21001",
      "SOPInstanceUID" : "1.3.46.670589.10.900123.19970114.35135000140"
   },
   "ParentSeries" : "19b4c568-a95664f5-ad117914-3ccf7292-2a7ee3a0",
   "Type" : "Instance"
}
[26-Apr-2025 17:47:04 Europe/Berlin] Requête proxy vers Orthanc (GET http://localhost:8042/instances/96548d6b-b87fefbd-78a3f7c5-c5abe181-0643a103) - HTTP 200 : {
   "FileSize" : 91264,
   "FileUuid" : "39819348-f7ea-4861-9842-83c4a4a8c13e",
   "ID" : "96548d6b-b87fefbd-78a3f7c5-c5abe181-0643a103",
   "IndexInSeries" : 5,
   "Labels" : [],
   "MainDicomTags" : 
   {
      "ImageComments" : "JPEG 2000 lossless - Version 4.0.2 (c) Image Devices GmbH",
      "ImageOrientationPatient" : "1\\0\\0\\0\\1\\0",
      "ImagePositionPatient" : "-151.493508\\-36.6564417\\1293",
      "InstanceCreationDate" : "20061012",
      "InstanceCreationTime" : "091607.000000",
      "InstanceNumber" : "5",
      "SOPInstanceUID" : "1.2.826.0.1.3680043.8.1055.1.20111102150759059.64998534.33344836"
   },
   "ParentSeries" : "98d367a5-58eeba8b-f3c2da4b-de7d8f6f-ede53eb2",
   "Type" : "Instance"
}
[26-Apr-2025 17:47:04 Europe/Berlin] Requête proxy vers Orthanc (GET http://localhost:8042/instances/bc61cc15-593581eb-104dd853-f8e2ae2f-19704638) - HTTP 200 : {
   "FileSize" : 526336,
   "FileUuid" : "9f80260d-18b9-46ce-ada1-00d0d866886d",
   "ID" : "bc61cc15-593581eb-104dd853-f8e2ae2f-19704638",
   "IndexInSeries" : 16001,
   "Labels" : [],
   "MainDicomTags" : 
   {
      "AcquisitionNumber" : "16",
      "ImageComments" : "",
      "ImageOrientationPatient" : "1.0000\\0.0000\\0.0000\\0.0000\\1.0000\\0.0000",
      "ImagePositionPatient" : "-175.1000\\-175.1000\\-140.0000",
      "InstanceCreationDate" : "19970114",
      "InstanceCreationTime" : "035110.0009",
      "InstanceNumber" : " 16001",
      "SOPInstanceUID" : "1.3.46.670589.10.900123.19970114.35110000090"
   },
   "ParentSeries" : "19b4c568-a95664f5-ad117914-3ccf7292-2a7ee3a0",
   "Type" : "Instance"
}
[26-Apr-2025 17:47:04 Europe/Berlin] Requête proxy vers Orthanc (GET http://localhost:8042/instances/63831658-2ed313e4-bdd47183-6c1be4da-c0022bb4) - HTTP 200 : {
   "FileSize" : 526336,
   "FileUuid" : "18595efd-f373-4173-a048-6de33ca05bca",
   "ID" : "63831658-2ed313e4-bdd47183-6c1be4da-c0022bb4",
   "IndexInSeries" : 15001,
   "Labels" : [],
   "MainDicomTags" : 
   {
      "AcquisitionNumber" : "15",
      "ImageComments" : "",
      "ImageOrientationPatient" : "1.0000\\0.0000\\0.0000\\0.0000\\1.0000\\0.0000",
      "ImagePositionPatient" : "-175.1000\\-175.1000\\-130.0000",
      "InstanceCreationDate" : "19970114",
      "InstanceCreationTime" : "035105.0008",
      "InstanceNumber" : " 15001",
      "SOPInstanceUID" : "1.3.46.670589.10.900123.19970114.35105000080"
   },
   "ParentSeries" : "19b4c568-a95664f5-ad117914-3ccf7292-2a7ee3a0",
   "Type" : "Instance"
}
[26-Apr-2025 17:47:04 Europe/Berlin] Requête proxy vers Orthanc (GET http://localhost:8042/instances/b7fb1fb4-142e5a15-333ae197-298b1626-11f8833b) - HTTP 200 : {
   "FileSize" : 1702398,
   "FileUuid" : "9fa9d15a-988d-410e-9194-ddfde927c89a",
   "ID" : "b7fb1fb4-142e5a15-333ae197-298b1626-11f8833b",
   "IndexInSeries" : null,
   "Labels" : [],
   "MainDicomTags" : 
   {
      "InstanceNumber" : "",
      "NumberOfFrames" : "96",
      "SOPInstanceUID" : "1.3.12.2.1107.5.4.3.321890.19960124.162922.29"
   },
   "ParentSeries" : "62cc4f41-9b1679c0-6ad19a2e-71fccb6f-07a3d16d",
   "Type" : "Instance"
}
[26-Apr-2025 17:47:04 Europe/Berlin] Requête proxy vers Orthanc (GET http://localhost:8042/instances/cad86111-996653c7-c7ca1820-b783c4c3-9ff6e63b) - HTTP 200 : {
   "FileSize" : 526336,
   "FileUuid" : "644bcf08-beb7-4bb7-8f87-2a07dae77a9f",
   "ID" : "cad86111-996653c7-c7ca1820-b783c4c3-9ff6e63b",
   "IndexInSeries" : 22001,
   "Labels" : [],
   "MainDicomTags" : 
   {
      "AcquisitionNumber" : "22",
      "ImageComments" : "",
      "ImageOrientationPatient" : "1.0000\\0.0000\\0.0000\\0.0000\\1.0000\\0.0000",
      "ImagePositionPatient" : "-175.1000\\-175.1000\\-200.0000",
      "InstanceCreationDate" : "19970114",
      "InstanceCreationTime" : "035140.0015",
      "InstanceNumber" : " 22001",
      "SOPInstanceUID" : "1.3.46.670589.10.900123.19970114.35140000150"
   },
   "ParentSeries" : "19b4c568-a95664f5-ad117914-3ccf7292-2a7ee3a0",
   "Type" : "Instance"
}
[26-Apr-2025 17:47:04 Europe/Berlin] Requête proxy vers Orthanc (GET http://localhost:8042/instances/fe9d11b9-08ca2a74-f27c7727-86fa6833-6b2583ab) - HTTP 200 : {
   "FileSize" : 526336,
   "FileUuid" : "c147a823-c25b-4c74-a7fb-877198ac4ebe",
   "ID" : "fe9d11b9-08ca2a74-f27c7727-86fa6833-6b2583ab",
   "IndexInSeries" : 13001,
   "Labels" : [],
   "MainDicomTags" : 
   {
      "AcquisitionNumber" : "13",
      "ImageComments" : "",
      "ImageOrientationPatient" : "1.0000\\0.0000\\0.0000\\0.0000\\1.0000\\0.0000",
      "ImagePositionPatient" : "-175.1000\\-175.1000\\-110.0000",
      "InstanceCreationDate" : "19970114",
      "InstanceCreationTime" : "035056.0006",
      "InstanceNumber" : " 13001",
      "SOPInstanceUID" : "1.3.46.670589.10.900123.19970114.35056000060"
   },
   "ParentSeries" : "19b4c568-a95664f5-ad117914-3ccf7292-2a7ee3a0",
   "Type" : "Instance"
}
[26-Apr-2025 17:47:04 Europe/Berlin] Requête proxy vers Orthanc (GET http://localhost:8042/instances/feaf75ad-9548b055-4a7a21f5-3db18a07-9c6903d3) - HTTP 200 : {
   "FileSize" : 526336,
   "FileUuid" : "c415c430-c5a8-4afa-854f-af8e254144b8",
   "ID" : "feaf75ad-9548b055-4a7a21f5-3db18a07-9c6903d3",
   "IndexInSeries" : 5000,
   "Labels" : [],
   "MainDicomTags" : 
   {
      "AcquisitionNumber" : " 5",
      "ImageComments" : "",
      "ImageOrientationPatient" : "1.0000\\0.0000\\0.0000\\0.0000\\1.0000\\0.0000",
      "ImagePositionPatient" : "-124.9000\\-124.9000\\15.0000",
      "InstanceCreationDate" : "19970114",
      "InstanceCreationTime" : "035029.0002",
      "InstanceNumber" : "5000",
      "SOPInstanceUID" : "1.3.46.670589.10.900123.19970114.35029000020"
   },
   "ParentSeries" : "670d99fa-c4a853ca-52f7989e-f6df82a8-5123711c",
   "Type" : "Instance"
}
[26-Apr-2025 17:47:04 Europe/Berlin] Requête proxy vers Orthanc (GET http://localhost:8042/instances/eb17dc02-607db0a6-1074ad73-79fb3688-f9a596db) - HTTP 200 : {
   "FileSize" : 526336,
   "FileUuid" : "c426268c-e58d-4f99-814f-daad18c5a0b1",
   "ID" : "eb17dc02-607db0a6-1074ad73-79fb3688-f9a596db",
   "IndexInSeries" : 6000,
   "Labels" : [],
   "MainDicomTags" : 
   {
      "AcquisitionNumber" : " 6",
      "ImageComments" : "",
      "ImageOrientationPatient" : "1.0000\\0.0000\\0.0000\\0.0000\\0.9397\\-0.3420",
      "ImagePositionPatient" : "-124.9000\\-117.4000\\67.7000",
      "InstanceCreationDate" : "19970114",
      "InstanceCreationTime" : "035036.0003",
      "InstanceNumber" : "6000",
      "SOPInstanceUID" : "1.3.46.670589.10.900123.19970114.35036000030"
   },
   "ParentSeries" : "f6ebf659-c336b2b9-102a72e3-2cd836e9-a5662c26",
   "Type" : "Instance"
}
[26-Apr-2025 17:47:04 Europe/Berlin] Requête proxy vers Orthanc (GET http://localhost:8042/instances/e07efef8-4eba99da-e58dbc40-0173c1da-e2535081) - HTTP 200 : {
   "FileSize" : 531298,
   "FileUuid" : "937b172f-feb1-4efd-a3ab-432405774a56",
   "ID" : "e07efef8-4eba99da-e58dbc40-0173c1da-e2535081",
   "IndexInSeries" : 1,
   "Labels" : [],
   "MainDicomTags" : 
   {
      "AcquisitionNumber" : "1",
      "InstanceCreationDate" : "20210411",
      "InstanceCreationTime" : "213019.104784",
      "InstanceNumber" : "1",
      "NumberOfFrames" : "1",
      "SOPInstanceUID" : "1.3.12.2.1107.5.8.15.999999.30000021041121051996700000250"
   },
   "ParentSeries" : "11b7c563-ae504ced-e95ed300-7176b3e8-74f7e2f5",
   "Type" : "Instance"
}
[26-Apr-2025 17:47:04 Europe/Berlin] Requête proxy vers Orthanc (GET http://localhost:8042/series/f623b033-c3bb9318-1ae62c1a-9fd5f247-24c86dea) - HTTP 200 : {
   "ExpectedNumberOfInstances" : null,
   "ID" : "f623b033-c3bb9318-1ae62c1a-9fd5f247-24c86dea",
   "Instances" : 
   [
      "094563e4-74b821f1-120c8584-6236b3ba-05716a47"
   ],
   "IsStable" : true,
   "Labels" : [],
   "LastUpdate" : "20250311T081322",
   "MainDicomTags" : 
   {
      "ContrastBolusAgent" : "NONE",
      "ImageOrientationPatient" : "1.0000\\0.0000\\0.0000\\0.0000\\1.0000\\0.0000",
      "Manufacturer" : "Philips Medical Systems",
      "Modality" : "CT",
      "ProtocolName" : " 1",
      "SeriesInstanceUID" : "1.3.46.670589.10.900123.19970114.35049000050.3",
      "SeriesNumber" : " 1",
      "StationName" : "MVP"
   },
   "ParentStudy" : "286789b1-82845a45-92d7dfc0-c6a8e286-27bc0129",
   "Status" : "Unknown",
   "Type" : "Series"
}
[26-Apr-2025 17:47:05 Europe/Berlin] Requête proxy vers Orthanc (GET http://localhost:8042/instances/dacc5f2c-4eb67b6e-62fe20be-08583e4b-f7285061) - HTTP 200 : {
   "FileSize" : 526336,
   "FileUuid" : "97a1c84b-5c67-4016-8405-2f71ae4af3de",
   "ID" : "dacc5f2c-4eb67b6e-62fe20be-08583e4b-f7285061",
   "IndexInSeries" : 19001,
   "Labels" : [],
   "MainDicomTags" : 
   {
      "AcquisitionNumber" : "19",
      "ImageComments" : "",
      "ImageOrientationPatient" : "1.0000\\0.0000\\0.0000\\0.0000\\1.0000\\0.0000",
      "ImagePositionPatient" : "-175.1000\\-175.1000\\-170.0000",
      "InstanceCreationDate" : "19970114",
      "InstanceCreationTime" : "035126.0012",
      "InstanceNumber" : " 19001",
      "SOPInstanceUID" : "1.3.46.670589.10.900123.19970114.35126000120"
   },
   "ParentSeries" : "19b4c568-a95664f5-ad117914-3ccf7292-2a7ee3a0",
   "Type" : "Instance"
}
[26-Apr-2025 17:47:05 Europe/Berlin] Requête proxy vers Orthanc (GET http://localhost:8042/series/4541c007-3ddcd5b2-6bf192fc-d28df38d-afe5c271) - HTTP 200 : {
   "ExpectedNumberOfInstances" : null,
   "ID" : "4541c007-3ddcd5b2-6bf192fc-d28df38d-afe5c271",
   "Instances" : 
   [
      "582dde1a-6ee0dcb1-dc2c0a3c-06a79b2f-211eda06"
   ],
   "IsStable" : true,
   "Labels" : [],
   "LastUpdate" : "20250421T202126",
   "MainDicomTags" : 
   {
      "Modality" : "M3D",
      "SeriesDate" : "20250421",
      "SeriesDescription" : "Model",
      "SeriesInstanceUID" : "1.2.276.0.7230010.3.1.3.1159938914.5836.1745266885.813",
      "SeriesTime" : "202125.000000"
   },
   "ParentStudy" : "8e51d8c2-c73f0a1e-57f97ca6-0fe69e66-c5e753eb",
   "Status" : "Unknown",
   "Type" : "Series"
}
[26-Apr-2025 17:47:05 Europe/Berlin] Requête proxy vers Orthanc (GET http://localhost:8042/series/670d99fa-c4a853ca-52f7989e-f6df82a8-5123711c) - HTTP 200 : {
   "ExpectedNumberOfInstances" : null,
   "ID" : "670d99fa-c4a853ca-52f7989e-f6df82a8-5123711c",
   "Instances" : 
   [
      "feaf75ad-9548b055-4a7a21f5-3db18a07-9c6903d3"
   ],
   "IsStable" : true,
   "Labels" : [],
   "LastUpdate" : "20250311T081322",
   "MainDicomTags" : 
   {
      "ContrastBolusAgent" : "NONE",
      "ImageOrientationPatient" : "1.0000\\0.0000\\0.0000\\0.0000\\1.0000\\0.0000",
      "Manufacturer" : "Philips Medical Systems",
      "Modality" : "CT",
      "ProtocolName" : " 1",
      "SeriesInstanceUID" : "1.3.46.670589.10.900123.19970114.35029000020.3",
      "SeriesNumber" : " 1",
      "StationName" : "MVP"
   },
   "ParentStudy" : "0ba2c4af-c4286377-ed83307a-c4307d90-422eea83",
   "Status" : "Unknown",
   "Type" : "Series"
}
[26-Apr-2025 17:47:05 Europe/Berlin] Requête proxy vers Orthanc (GET http://localhost:8042/series/f6ebf659-c336b2b9-102a72e3-2cd836e9-a5662c26) - HTTP 200 : {
   "ExpectedNumberOfInstances" : null,
   "ID" : "f6ebf659-c336b2b9-102a72e3-2cd836e9-a5662c26",
   "Instances" : 
   [
      "eb17dc02-607db0a6-1074ad73-79fb3688-f9a596db"
   ],
   "IsStable" : true,
   "Labels" : [],
   "LastUpdate" : "20250311T081322",
   "MainDicomTags" : 
   {
      "ContrastBolusAgent" : "NONE",
      "ImageOrientationPatient" : "1.0000\\0.0000\\0.0000\\0.0000\\0.9397\\-0.3420",
      "Manufacturer" : "Philips Medical Systems",
      "Modality" : "CT",
      "ProtocolName" : " 1",
      "SeriesInstanceUID" : "1.3.46.670589.10.900123.19970114.35036000030.3",
      "SeriesNumber" : " 1",
      "StationName" : "MVP"
   },
   "ParentStudy" : "8e51d8c2-c73f0a1e-57f97ca6-0fe69e66-c5e753eb",
   "Status" : "Unknown",
   "Type" : "Series"
}
[26-Apr-2025 17:47:05 Europe/Berlin] Requête proxy vers Orthanc (GET http://localhost:8042/series/62cc4f41-9b1679c0-6ad19a2e-71fccb6f-07a3d16d) - HTTP 200 : {
   "ExpectedNumberOfInstances" : null,
   "ID" : "62cc4f41-9b1679c0-6ad19a2e-71fccb6f-07a3d16d",
   "Instances" : 
   [
      "b7fb1fb4-142e5a15-333ae197-298b1626-11f8833b"
   ],
   "IsStable" : true,
   "Labels" : [],
   "LastUpdate" : "20250421T205945",
   "MainDicomTags" : 
   {
      "Manufacturer" : "",
      "Modality" : "XA",
      "SeriesInstanceUID" : "1.3.12.2.1107.5.4.3.123456789012345.19950922.121803.8",
      "SeriesNumber" : "1"
   },
   "ParentStudy" : "aa938400-09e9f0df-8ba95f68-e21f98dd-0c6e0cf0",
   "Status" : "Unknown",
   "Type" : "Series"
}
[26-Apr-2025 17:47:05 Europe/Berlin] Requête proxy vers Orthanc (GET http://localhost:8042/series/19b4c568-a95664f5-ad117914-3ccf7292-2a7ee3a0) - HTTP 200 : {
   "ExpectedNumberOfInstances" : null,
   "ID" : "19b4c568-a95664f5-ad117914-3ccf7292-2a7ee3a0",
   "Instances" : 
   [
      "24e83fd1-ddd03175-beb6aa86-f4ce6432-4241b24f",
      "26952bd2-9569483f-e0549aca-a33b9065-69c33884",
      "2faf6dae-1e8dd60c-78fbca50-98cc48e7-66559504",
      "5974bce8-dfa0d418-48e52945-578a9547-fbb8179e",
      "63831658-2ed313e4-bdd47183-6c1be4da-c0022bb4",
      "75c6d27e-9c7d0b29-ef99341d-b7507933-63d3057d",
      "bc61cc15-593581eb-104dd853-f8e2ae2f-19704638",
      "cad86111-996653c7-c7ca1820-b783c4c3-9ff6e63b",
      "dacc5f2c-4eb67b6e-62fe20be-08583e4b-f7285061",
      "fe9d11b9-08ca2a74-f27c7727-86fa6833-6b2583ab"
   ],
   "IsStable" : true,
   "Labels" : [],
   "LastUpdate" : "20250311T081323",
   "MainDicomTags" : 
   {
      "ContrastBolusAgent" : "CONT",
      "ImageOrientationPatient" : "1.0000\\0.0000\\0.0000\\0.0000\\1.0000\\0.0000",
      "Manufacturer" : "Philips Medical Systems",
      "Modality" : "CT",
      "ProtocolName" : "50",
      "SeriesInstanceUID" : "1.3.46.670589.10.900123.19970114.35056000060.3",
      "SeriesNumber" : " 1",
      "StationName" : "MVP"
   },
   "ParentStudy" : "200b3e41-4557e5ed-2b4a1771-a9e4ad06-cd1306c8",
   "Status" : "Unknown",
   "Type" : "Series"
}
[26-Apr-2025 17:47:05 Europe/Berlin] Requête proxy vers Orthanc (GET http://localhost:8042/series/98d367a5-58eeba8b-f3c2da4b-de7d8f6f-ede53eb2) - HTTP 200 : {
   "ExpectedNumberOfInstances" : null,
   "ID" : "98d367a5-58eeba8b-f3c2da4b-de7d8f6f-ede53eb2",
   "Instances" : 
   [
      "96548d6b-b87fefbd-78a3f7c5-c5abe181-0643a103"
   ],
   "IsStable" : true,
   "Labels" : [],
   "LastUpdate" : "20250426T153239",
   "MainDicomTags" : 
   {
      "ContrastBolusAgent" : "CONTRAST",
      "ImageOrientationPatient" : "1\\0\\0\\0\\1\\0",
      "Modality" : "CT",
      "PerformedProcedureStepDescription" : "CT1 abdomen",
      "ProtocolName" : "ART.RENALES 12/Abdomen/Hx",
      "RequestAttributesSequence" : 
      [
         {
            "RequestedProcedureID" : "A10026177757",
            "ScheduledProcedureStepDescription" : "CT1 abdomen",
            "ScheduledProcedureStepID" : "A10026177758",
            "ScheduledProtocolCodeSequence" : 
            [
               {
                  "CodeMeaning" : "CT1 abdomen",
                  "CodeValue" : "CTABDOM",
                  "CodingSchemeDesignator" : "XPLORE"
               }
            ]
         }
      ],
      "SeriesDescription" : "ARTERIELLE",
      "SeriesInstanceUID" : "1.2.826.0.1.3680043.8.1055.1.20111102150758591.96842950.07877442",
      "SeriesNumber" : "6168"
   },
   "ParentStudy" : "3abaec0a-ebfaaa87-f830d52b-d62df074-6a692c12",
   "Status" : "Unknown",
   "Type" : "Series"
}
[26-Apr-2025 17:47:06 Europe/Berlin] Requête proxy vers Orthanc (GET http://localhost:8042/series/11b7c563-ae504ced-e95ed300-7176b3e8-74f7e2f5) - HTTP 200 : {
   "ExpectedNumberOfInstances" : null,
   "ID" : "11b7c563-ae504ced-e95ed300-7176b3e8-74f7e2f5",
   "Instances" : 
   [
      "e07efef8-4eba99da-e58dbc40-0173c1da-e2535081"
   ],
   "IsStable" : true,
   "Labels" : [],
   "LastUpdate" : "20250421T233940",
   "MainDicomTags" : 
   {
      "Manufacturer" : "Siemens Healthineers",
      "Modality" : "MR",
      "PerformedProcedureStepDescription" : "Osteo_2021 Cheville",
      "PerformedProcedureStepStartDate" : "20210113",
      "PerformedProcedureStepStartTime" : "130454.100000",
      "ProtocolName" : "t1_sag_tse REF",
      "SeriesDate" : "20210411",
      "SeriesDescription" : "Exported MR Basic Reading",
      "SeriesInstanceUID" : "1.3.12.2.1107.5.8.15.999999.30000021041121051996700000249",
      "SeriesNumber" : "1005",
      "SeriesTime" : "213018.573513",
      "StationName" : "MR-T10-MRC19-04"
   },
   "ParentStudy" : "ae9bf996-b6ab6a8b-eba1f35e-14600862-f9393ddd",
   "Status" : "Unknown",
   "Type" : "Series"
}
[26-Apr-2025 17:47:06 Europe/Berlin] Requête proxy vers Orthanc (GET http://localhost:8042/studies/286789b1-82845a45-92d7dfc0-c6a8e286-27bc0129) - HTTP 200 : {
   "ID" : "286789b1-82845a45-92d7dfc0-c6a8e286-27bc0129",
   "IsStable" : true,
   "Labels" : [],
   "LastUpdate" : "20250311T081322",
   "MainDicomTags" : 
   {
      "AccessionNumber" : "",
      "InstitutionName" : "CHU St ROCH",
      "ReferringPhysicianName" : "",
      "StudyDate" : "19961014",
      "StudyID" : "2011",
      "StudyInstanceUID" : "1.3.46.670589.10.900123.19970114.35049000050.1",
      "StudyTime" : "115421.00000"
   },
   "ParentPatient" : "10092b57-91bddc20-e68b74c7-8956c6df-49e00750",
   "PatientMainDicomTags" : 
   {
      "PatientBirthDate" : "19320918",
      "PatientID" : "0000002011",
      "PatientName" : "AVE+ KNEE",
      "PatientSex" : "F"
   },
   "Series" : 
   [
      "f623b033-c3bb9318-1ae62c1a-9fd5f247-24c86dea"
   ],
   "Type" : "Study"
}
[26-Apr-2025 17:47:06 Europe/Berlin] Requête proxy vers Orthanc (GET http://localhost:8042/studies/0ba2c4af-c4286377-ed83307a-c4307d90-422eea83) - HTTP 200 : {
   "ID" : "0ba2c4af-c4286377-ed83307a-c4307d90-422eea83",
   "IsStable" : true,
   "Labels" : [],
   "LastUpdate" : "20250311T081322",
   "MainDicomTags" : 
   {
      "AccessionNumber" : "",
      "InstitutionName" : "CHU St ROCH",
      "ReferringPhysicianName" : "",
      "StudyDate" : "19961014",
      "StudyID" : "2014",
      "StudyInstanceUID" : "1.3.46.670589.10.900123.19970114.35029000020.1",
      "StudyTime" : "121625.00000"
   },
   "ParentPatient" : "8fff5df9-52cafc00-77071493-d6c9febb-c05b7e14",
   "PatientMainDicomTags" : 
   {
      "PatientBirthDate" : "19131220",
      "PatientID" : "0000002014",
      "PatientName" : "AVE+ BRAIN + POST FOS.",
      "PatientSex" : "F"
   },
   "Series" : 
   [
      "670d99fa-c4a853ca-52f7989e-f6df82a8-5123711c"
   ],
   "Type" : "Study"
}
[26-Apr-2025 17:47:06 Europe/Berlin] Requête proxy vers Orthanc (GET http://localhost:8042/series/19b4c568-a95664f5-ad117914-3ccf7292-2a7ee3a0) - HTTP 200 : {
   "ExpectedNumberOfInstances" : null,
   "ID" : "19b4c568-a95664f5-ad117914-3ccf7292-2a7ee3a0",
   "Instances" : 
   [
      "24e83fd1-ddd03175-beb6aa86-f4ce6432-4241b24f",
      "26952bd2-9569483f-e0549aca-a33b9065-69c33884",
      "2faf6dae-1e8dd60c-78fbca50-98cc48e7-66559504",
      "5974bce8-dfa0d418-48e52945-578a9547-fbb8179e",
      "63831658-2ed313e4-bdd47183-6c1be4da-c0022bb4",
      "75c6d27e-9c7d0b29-ef99341d-b7507933-63d3057d",
      "bc61cc15-593581eb-104dd853-f8e2ae2f-19704638",
      "cad86111-996653c7-c7ca1820-b783c4c3-9ff6e63b",
      "dacc5f2c-4eb67b6e-62fe20be-08583e4b-f7285061",
      "fe9d11b9-08ca2a74-f27c7727-86fa6833-6b2583ab"
   ],
   "IsStable" : true,
   "Labels" : [],
   "LastUpdate" : "20250311T081323",
   "MainDicomTags" : 
   {
      "ContrastBolusAgent" : "CONT",
      "ImageOrientationPatient" : "1.0000\\0.0000\\0.0000\\0.0000\\1.0000\\0.0000",
      "Manufacturer" : "Philips Medical Systems",
      "Modality" : "CT",
      "ProtocolName" : "50",
      "SeriesInstanceUID" : "1.3.46.670589.10.900123.19970114.35056000060.3",
      "SeriesNumber" : " 1",
      "StationName" : "MVP"
   },
   "ParentStudy" : "200b3e41-4557e5ed-2b4a1771-a9e4ad06-cd1306c8",
   "Status" : "Unknown",
   "Type" : "Series"
}
[26-Apr-2025 17:47:06 Europe/Berlin] Requête proxy vers Orthanc (GET http://localhost:8042/studies/8e51d8c2-c73f0a1e-57f97ca6-0fe69e66-c5e753eb) - HTTP 200 : {
   "ID" : "8e51d8c2-c73f0a1e-57f97ca6-0fe69e66-c5e753eb",
   "IsStable" : true,
   "Labels" : [],
   "LastUpdate" : "20250421T202126",
   "MainDicomTags" : 
   {
      "AccessionNumber" : "",
      "InstitutionName" : "CHU St ROCH",
      "ReferringPhysicianName" : "",
      "StudyDate" : "19961014",
      "StudyID" : "2018",
      "StudyInstanceUID" : "1.3.46.670589.10.900123.19970114.35036000030.1",
      "StudyTime" : "140735.00000"
   },
   "ParentPatient" : "62bc7cdd-8f5ae588-dea41879-6a8e18d1-d44362ee",
   "PatientMainDicomTags" : 
   {
      "PatientBirthDate" : "19240101",
      "PatientID" : "0000002018",
      "PatientName" : "AVE+ BRAIN + POST + SINUS",
      "PatientSex" : "M"
   },
   "Series" : 
   [
      "4541c007-3ddcd5b2-6bf192fc-d28df38d-afe5c271",
      "f6ebf659-c336b2b9-102a72e3-2cd836e9-a5662c26"
   ],
   "Type" : "Study"
}
[26-Apr-2025 17:47:07 Europe/Berlin] Requête proxy vers Orthanc (GET http://localhost:8042/studies/aa938400-09e9f0df-8ba95f68-e21f98dd-0c6e0cf0) - HTTP 200 : {
   "ID" : "aa938400-09e9f0df-8ba95f68-e21f98dd-0c6e0cf0",
   "IsStable" : true,
   "Labels" : [],
   "LastUpdate" : "20250421T205945",
   "MainDicomTags" : 
   {
      "AccessionNumber" : "",
      "InstitutionName" : "",
      "ReferringPhysicianName" : "",
      "StudyDate" : "19941013",
      "StudyDescription" : "",
      "StudyID" : "",
      "StudyInstanceUID" : "1.3.12.2.1107.5.4.3.123456789012345.19950922.121803.6",
      "StudyTime" : "141917"
   },
   "ParentPatient" : "1e6ca9a6-71d9b622-24e72d15-16251ee8-3735baf5",
   "PatientMainDicomTags" : 
   {
      "PatientBirthDate" : "19951025",
      "PatientID" : "556342B",
      "PatientName" : "Rubo DEMO",
      "PatientSex" : "M"
   },
   "Series" : 
   [
      "62cc4f41-9b1679c0-6ad19a2e-71fccb6f-07a3d16d"
   ],
   "Type" : "Study"
}
[26-Apr-2025 17:47:07 Europe/Berlin] Requête proxy vers Orthanc (GET http://localhost:8042/studies/3abaec0a-ebfaaa87-f830d52b-d62df074-6a692c12) - HTTP 200 : {
   "ID" : "3abaec0a-ebfaaa87-f830d52b-d62df074-6a692c12",
   "IsStable" : true,
   "Labels" : [],
   "LastUpdate" : "20250426T153239",
   "MainDicomTags" : 
   {
      "StudyDate" : "20061012",
      "StudyDescription" : "CT1 abdomen",
      "StudyInstanceUID" : "1.2.826.0.1.3680043.8.1055.1.20111102150758591.92402465.76095170",
      "StudyTime" : "090258.000000"
   },
   "ParentPatient" : "b6589fc6-ab0dc82c-f12099d1-c2d40ab9-94e8410c",
   "PatientMainDicomTags" : 
   {
      "PatientID" : "0",
      "PatientName" : "Anonymized"
   },
   "Series" : 
   [
      "98d367a5-58eeba8b-f3c2da4b-de7d8f6f-ede53eb2"
   ],
   "Type" : "Study"
}
[26-Apr-2025 17:47:07 Europe/Berlin] Requête proxy vers Orthanc (GET http://localhost:8042/studies/200b3e41-4557e5ed-2b4a1771-a9e4ad06-cd1306c8) - HTTP 200 : {
   "ID" : "200b3e41-4557e5ed-2b4a1771-a9e4ad06-cd1306c8",
   "IsStable" : true,
   "Labels" : [],
   "LastUpdate" : "20250311T081323",
   "MainDicomTags" : 
   {
      "AccessionNumber" : "",
      "InstitutionName" : "CHU St ROCH",
      "ReferringPhysicianName" : "",
      "StudyDate" : "19961014",
      "StudyID" : "2019",
      "StudyInstanceUID" : "1.3.46.670589.10.900123.19970114.35056000060.1",
      "StudyTime" : "145056.00000"
   },
   "ParentPatient" : "9b4d864d-a53a383a-44cdda8a-269b4eee-777c5729",
   "PatientMainDicomTags" : 
   {
      "PatientBirthDate" : "19781010",
      "PatientID" : "0000002019",
      "PatientName" : "AVE+ ABDOMEN",
      "PatientSex" : "M"
   },
   "Series" : 
   [
      "19b4c568-a95664f5-ad117914-3ccf7292-2a7ee3a0"
   ],
   "Type" : "Study"
}
[26-Apr-2025 17:47:07 Europe/Berlin] Requête proxy vers Orthanc (GET http://localhost:8042/series/19b4c568-a95664f5-ad117914-3ccf7292-2a7ee3a0) - HTTP 200 : {
   "ExpectedNumberOfInstances" : null,
   "ID" : "19b4c568-a95664f5-ad117914-3ccf7292-2a7ee3a0",
   "Instances" : 
   [
      "24e83fd1-ddd03175-beb6aa86-f4ce6432-4241b24f",
      "26952bd2-9569483f-e0549aca-a33b9065-69c33884",
      "2faf6dae-1e8dd60c-78fbca50-98cc48e7-66559504",
      "5974bce8-dfa0d418-48e52945-578a9547-fbb8179e",
      "63831658-2ed313e4-bdd47183-6c1be4da-c0022bb4",
      "75c6d27e-9c7d0b29-ef99341d-b7507933-63d3057d",
      "bc61cc15-593581eb-104dd853-f8e2ae2f-19704638",
      "cad86111-996653c7-c7ca1820-b783c4c3-9ff6e63b",
      "dacc5f2c-4eb67b6e-62fe20be-08583e4b-f7285061",
      "fe9d11b9-08ca2a74-f27c7727-86fa6833-6b2583ab"
   ],
   "IsStable" : true,
   "Labels" : [],
   "LastUpdate" : "20250311T081323",
   "MainDicomTags" : 
   {
      "ContrastBolusAgent" : "CONT",
      "ImageOrientationPatient" : "1.0000\\0.0000\\0.0000\\0.0000\\1.0000\\0.0000",
      "Manufacturer" : "Philips Medical Systems",
      "Modality" : "CT",
      "ProtocolName" : "50",
      "SeriesInstanceUID" : "1.3.46.670589.10.900123.19970114.35056000060.3",
      "SeriesNumber" : " 1",
      "StationName" : "MVP"
   },
   "ParentStudy" : "200b3e41-4557e5ed-2b4a1771-a9e4ad06-cd1306c8",
   "Status" : "Unknown",
   "Type" : "Series"
}
[26-Apr-2025 17:47:07 Europe/Berlin] Requête proxy vers Orthanc (GET http://localhost:8042/studies/ae9bf996-b6ab6a8b-eba1f35e-14600862-f9393ddd) - HTTP 200 : {
   "ID" : "ae9bf996-b6ab6a8b-eba1f35e-14600862-f9393ddd",
   "IsStable" : true,
   "Labels" : [],
   "LastUpdate" : "20250421T233940",
   "MainDicomTags" : 
   {
      "AccessionNumber" : "",
      "InstitutionName" : "",
      "ReferringPhysicianName" : "",
      "StudyDate" : "20210113",
      "StudyDescription" : "Osteo_2021 Cheville",
      "StudyID" : "b0513b81-3517-43",
      "StudyInstanceUID" : "1.3.12.2.1107.5.2.53.189501.30000021011309045077000000005",
      "StudyTime" : "130454.100000"
   },
   "ParentPatient" : "c5cc2652-d994a3cd-4c0b46e9-8aeb6e72-a0135eba",
   "PatientMainDicomTags" : 
   {
      "PatientBirthDate" : "19960205",
      "PatientID" : "2021.01.13-13:04:52-STD-1.3.12.2.1107.5.99.3",
      "PatientName" : "DeepResolve_Altea2",
      "PatientSex" : "M"
   },
   "Series" : 
   [
      "11b7c563-ae504ced-e95ed300-7176b3e8-74f7e2f5"
   ],
   "Type" : "Study"
}
[26-Apr-2025 17:47:07 Europe/Berlin] Requête proxy vers Orthanc (GET http://localhost:8042/studies/8e51d8c2-c73f0a1e-57f97ca6-0fe69e66-c5e753eb) - HTTP 200 : {
   "ID" : "8e51d8c2-c73f0a1e-57f97ca6-0fe69e66-c5e753eb",
   "IsStable" : true,
   "Labels" : [],
   "LastUpdate" : "20250421T202126",
   "MainDicomTags" : 
   {
      "AccessionNumber" : "",
      "InstitutionName" : "CHU St ROCH",
      "ReferringPhysicianName" : "",
      "StudyDate" : "19961014",
      "StudyID" : "2018",
      "StudyInstanceUID" : "1.3.46.670589.10.900123.19970114.35036000030.1",
      "StudyTime" : "140735.00000"
   },
   "ParentPatient" : "62bc7cdd-8f5ae588-dea41879-6a8e18d1-d44362ee",
   "PatientMainDicomTags" : 
   {
      "PatientBirthDate" : "19240101",
      "PatientID" : "0000002018",
      "PatientName" : "AVE+ BRAIN + POST + SINUS",
      "PatientSex" : "M"
   },
   "Series" : 
   [
      "4541c007-3ddcd5b2-6bf192fc-d28df38d-afe5c271",
      "f6ebf659-c336b2b9-102a72e3-2cd836e9-a5662c26"
   ],
   "Type" : "Study"
}
[26-Apr-2025 17:47:08 Europe/Berlin] Requête proxy vers Orthanc (GET http://localhost:8042/series/19b4c568-a95664f5-ad117914-3ccf7292-2a7ee3a0) - HTTP 200 : {
   "ExpectedNumberOfInstances" : null,
   "ID" : "19b4c568-a95664f5-ad117914-3ccf7292-2a7ee3a0",
   "Instances" : 
   [
      "24e83fd1-ddd03175-beb6aa86-f4ce6432-4241b24f",
      "26952bd2-9569483f-e0549aca-a33b9065-69c33884",
      "2faf6dae-1e8dd60c-78fbca50-98cc48e7-66559504",
      "5974bce8-dfa0d418-48e52945-578a9547-fbb8179e",
      "63831658-2ed313e4-bdd47183-6c1be4da-c0022bb4",
      "75c6d27e-9c7d0b29-ef99341d-b7507933-63d3057d",
      "bc61cc15-593581eb-104dd853-f8e2ae2f-19704638",
      "cad86111-996653c7-c7ca1820-b783c4c3-9ff6e63b",
      "dacc5f2c-4eb67b6e-62fe20be-08583e4b-f7285061",
      "fe9d11b9-08ca2a74-f27c7727-86fa6833-6b2583ab"
   ],
   "IsStable" : true,
   "Labels" : [],
   "LastUpdate" : "20250311T081323",
   "MainDicomTags" : 
   {
      "ContrastBolusAgent" : "CONT",
      "ImageOrientationPatient" : "1.0000\\0.0000\\0.0000\\0.0000\\1.0000\\0.0000",
      "Manufacturer" : "Philips Medical Systems",
      "Modality" : "CT",
      "ProtocolName" : "50",
      "SeriesInstanceUID" : "1.3.46.670589.10.900123.19970114.35056000060.3",
      "SeriesNumber" : " 1",
      "StationName" : "MVP"
   },
   "ParentStudy" : "200b3e41-4557e5ed-2b4a1771-a9e4ad06-cd1306c8",
   "Status" : "Unknown",
   "Type" : "Series"
}
[26-Apr-2025 17:47:08 Europe/Berlin] Requête proxy vers Orthanc (GET http://localhost:8042/studies/200b3e41-4557e5ed-2b4a1771-a9e4ad06-cd1306c8) - HTTP 200 : {
   "ID" : "200b3e41-4557e5ed-2b4a1771-a9e4ad06-cd1306c8",
   "IsStable" : true,
   "Labels" : [],
   "LastUpdate" : "20250311T081323",
   "MainDicomTags" : 
   {
      "AccessionNumber" : "",
      "InstitutionName" : "CHU St ROCH",
      "ReferringPhysicianName" : "",
      "StudyDate" : "19961014",
      "StudyID" : "2019",
      "StudyInstanceUID" : "1.3.46.670589.10.900123.19970114.35056000060.1",
      "StudyTime" : "145056.00000"
   },
   "ParentPatient" : "9b4d864d-a53a383a-44cdda8a-269b4eee-777c5729",
   "PatientMainDicomTags" : 
   {
      "PatientBirthDate" : "19781010",
      "PatientID" : "0000002019",
      "PatientName" : "AVE+ ABDOMEN",
      "PatientSex" : "M"
   },
   "Series" : 
   [
      "19b4c568-a95664f5-ad117914-3ccf7292-2a7ee3a0"
   ],
   "Type" : "Study"
}
[26-Apr-2025 17:47:09 Europe/Berlin] Requête proxy vers Orthanc (GET http://localhost:8042/studies/200b3e41-4557e5ed-2b4a1771-a9e4ad06-cd1306c8) - HTTP 200 : {
   "ID" : "200b3e41-4557e5ed-2b4a1771-a9e4ad06-cd1306c8",
   "IsStable" : true,
   "Labels" : [],
   "LastUpdate" : "20250311T081323",
   "MainDicomTags" : 
   {
      "AccessionNumber" : "",
      "InstitutionName" : "CHU St ROCH",
      "ReferringPhysicianName" : "",
      "StudyDate" : "19961014",
      "StudyID" : "2019",
      "StudyInstanceUID" : "1.3.46.670589.10.900123.19970114.35056000060.1",
      "StudyTime" : "145056.00000"
   },
   "ParentPatient" : "9b4d864d-a53a383a-44cdda8a-269b4eee-777c5729",
   "PatientMainDicomTags" : 
   {
      "PatientBirthDate" : "19781010",
      "PatientID" : "0000002019",
      "PatientName" : "AVE+ ABDOMEN",
      "PatientSex" : "M"
   },
   "Series" : 
   [
      "19b4c568-a95664f5-ad117914-3ccf7292-2a7ee3a0"
   ],
   "Type" : "Study"
}
[26-Apr-2025 17:47:09 Europe/Berlin] Requête proxy vers Orthanc (GET http://localhost:8042/series/19b4c568-a95664f5-ad117914-3ccf7292-2a7ee3a0) - HTTP 200 : {
   "ExpectedNumberOfInstances" : null,
   "ID" : "19b4c568-a95664f5-ad117914-3ccf7292-2a7ee3a0",
   "Instances" : 
   [
      "24e83fd1-ddd03175-beb6aa86-f4ce6432-4241b24f",
      "26952bd2-9569483f-e0549aca-a33b9065-69c33884",
      "2faf6dae-1e8dd60c-78fbca50-98cc48e7-66559504",
      "5974bce8-dfa0d418-48e52945-578a9547-fbb8179e",
      "63831658-2ed313e4-bdd47183-6c1be4da-c0022bb4",
      "75c6d27e-9c7d0b29-ef99341d-b7507933-63d3057d",
      "bc61cc15-593581eb-104dd853-f8e2ae2f-19704638",
      "cad86111-996653c7-c7ca1820-b783c4c3-9ff6e63b",
      "dacc5f2c-4eb67b6e-62fe20be-08583e4b-f7285061",
      "fe9d11b9-08ca2a74-f27c7727-86fa6833-6b2583ab"
   ],
   "IsStable" : true,
   "Labels" : [],
   "LastUpdate" : "20250311T081323",
   "MainDicomTags" : 
   {
      "ContrastBolusAgent" : "CONT",
      "ImageOrientationPatient" : "1.0000\\0.0000\\0.0000\\0.0000\\1.0000\\0.0000",
      "Manufacturer" : "Philips Medical Systems",
      "Modality" : "CT",
      "ProtocolName" : "50",
      "SeriesInstanceUID" : "1.3.46.670589.10.900123.19970114.35056000060.3",
      "SeriesNumber" : " 1",
      "StationName" : "MVP"
   },
   "ParentStudy" : "200b3e41-4557e5ed-2b4a1771-a9e4ad06-cd1306c8",
   "Status" : "Unknown",
   "Type" : "Series"
}
[26-Apr-2025 17:47:10 Europe/Berlin] Requête proxy vers Orthanc (GET http://localhost:8042/series/19b4c568-a95664f5-ad117914-3ccf7292-2a7ee3a0) - HTTP 200 : {
   "ExpectedNumberOfInstances" : null,
   "ID" : "19b4c568-a95664f5-ad117914-3ccf7292-2a7ee3a0",
   "Instances" : 
   [
      "24e83fd1-ddd03175-beb6aa86-f4ce6432-4241b24f",
      "26952bd2-9569483f-e0549aca-a33b9065-69c33884",
      "2faf6dae-1e8dd60c-78fbca50-98cc48e7-66559504",
      "5974bce8-dfa0d418-48e52945-578a9547-fbb8179e",
      "63831658-2ed313e4-bdd47183-6c1be4da-c0022bb4",
      "75c6d27e-9c7d0b29-ef99341d-b7507933-63d3057d",
      "bc61cc15-593581eb-104dd853-f8e2ae2f-19704638",
      "cad86111-996653c7-c7ca1820-b783c4c3-9ff6e63b",
      "dacc5f2c-4eb67b6e-62fe20be-08583e4b-f7285061",
      "fe9d11b9-08ca2a74-f27c7727-86fa6833-6b2583ab"
   ],
   "IsStable" : true,
   "Labels" : [],
   "LastUpdate" : "20250311T081323",
   "MainDicomTags" : 
   {
      "ContrastBolusAgent" : "CONT",
      "ImageOrientationPatient" : "1.0000\\0.0000\\0.0000\\0.0000\\1.0000\\0.0000",
      "Manufacturer" : "Philips Medical Systems",
      "Modality" : "CT",
      "ProtocolName" : "50",
      "SeriesInstanceUID" : "1.3.46.670589.10.900123.19970114.35056000060.3",
      "SeriesNumber" : " 1",
      "StationName" : "MVP"
   },
   "ParentStudy" : "200b3e41-4557e5ed-2b4a1771-a9e4ad06-cd1306c8",
   "Status" : "Unknown",
   "Type" : "Series"
}
[26-Apr-2025 17:47:10 Europe/Berlin] Requête proxy vers Orthanc (GET http://localhost:8042/studies/200b3e41-4557e5ed-2b4a1771-a9e4ad06-cd1306c8) - HTTP 200 : {
   "ID" : "200b3e41-4557e5ed-2b4a1771-a9e4ad06-cd1306c8",
   "IsStable" : true,
   "Labels" : [],
   "LastUpdate" : "20250311T081323",
   "MainDicomTags" : 
   {
      "AccessionNumber" : "",
      "InstitutionName" : "CHU St ROCH",
      "ReferringPhysicianName" : "",
      "StudyDate" : "19961014",
      "StudyID" : "2019",
      "StudyInstanceUID" : "1.3.46.670589.10.900123.19970114.35056000060.1",
      "StudyTime" : "145056.00000"
   },
   "ParentPatient" : "9b4d864d-a53a383a-44cdda8a-269b4eee-777c5729",
   "PatientMainDicomTags" : 
   {
      "PatientBirthDate" : "19781010",
      "PatientID" : "0000002019",
      "PatientName" : "AVE+ ABDOMEN",
      "PatientSex" : "M"
   },
   "Series" : 
   [
      "19b4c568-a95664f5-ad117914-3ccf7292-2a7ee3a0"
   ],
   "Type" : "Study"
}
[26-Apr-2025 17:47:11 Europe/Berlin] Requête proxy vers Orthanc (GET http://localhost:8042/series/19b4c568-a95664f5-ad117914-3ccf7292-2a7ee3a0) - HTTP 200 : {
   "ExpectedNumberOfInstances" : null,
   "ID" : "19b4c568-a95664f5-ad117914-3ccf7292-2a7ee3a0",
   "Instances" : 
   [
      "24e83fd1-ddd03175-beb6aa86-f4ce6432-4241b24f",
      "26952bd2-9569483f-e0549aca-a33b9065-69c33884",
      "2faf6dae-1e8dd60c-78fbca50-98cc48e7-66559504",
      "5974bce8-dfa0d418-48e52945-578a9547-fbb8179e",
      "63831658-2ed313e4-bdd47183-6c1be4da-c0022bb4",
      "75c6d27e-9c7d0b29-ef99341d-b7507933-63d3057d",
      "bc61cc15-593581eb-104dd853-f8e2ae2f-19704638",
      "cad86111-996653c7-c7ca1820-b783c4c3-9ff6e63b",
      "dacc5f2c-4eb67b6e-62fe20be-08583e4b-f7285061",
      "fe9d11b9-08ca2a74-f27c7727-86fa6833-6b2583ab"
   ],
   "IsStable" : true,
   "Labels" : [],
   "LastUpdate" : "20250311T081323",
   "MainDicomTags" : 
   {
      "ContrastBolusAgent" : "CONT",
      "ImageOrientationPatient" : "1.0000\\0.0000\\0.0000\\0.0000\\1.0000\\0.0000",
      "Manufacturer" : "Philips Medical Systems",
      "Modality" : "CT",
      "ProtocolName" : "50",
      "SeriesInstanceUID" : "1.3.46.670589.10.900123.19970114.35056000060.3",
      "SeriesNumber" : " 1",
      "StationName" : "MVP"
   },
   "ParentStudy" : "200b3e41-4557e5ed-2b4a1771-a9e4ad06-cd1306c8",
   "Status" : "Unknown",
   "Type" : "Series"
}
[26-Apr-2025 17:47:11 Europe/Berlin] Requête proxy vers Orthanc (GET http://localhost:8042/studies/200b3e41-4557e5ed-2b4a1771-a9e4ad06-cd1306c8) - HTTP 200 : {
   "ID" : "200b3e41-4557e5ed-2b4a1771-a9e4ad06-cd1306c8",
   "IsStable" : true,
   "Labels" : [],
   "LastUpdate" : "20250311T081323",
   "MainDicomTags" : 
   {
      "AccessionNumber" : "",
      "InstitutionName" : "CHU St ROCH",
      "ReferringPhysicianName" : "",
      "StudyDate" : "19961014",
      "StudyID" : "2019",
      "StudyInstanceUID" : "1.3.46.670589.10.900123.19970114.35056000060.1",
      "StudyTime" : "145056.00000"
   },
   "ParentPatient" : "9b4d864d-a53a383a-44cdda8a-269b4eee-777c5729",
   "PatientMainDicomTags" : 
   {
      "PatientBirthDate" : "19781010",
      "PatientID" : "0000002019",
      "PatientName" : "AVE+ ABDOMEN",
      "PatientSex" : "M"
   },
   "Series" : 
   [
      "19b4c568-a95664f5-ad117914-3ccf7292-2a7ee3a0"
   ],
   "Type" : "Study"
}
[26-Apr-2025 17:47:12 Europe/Berlin] Requête proxy vers Orthanc (GET http://localhost:8042/series/19b4c568-a95664f5-ad117914-3ccf7292-2a7ee3a0) - HTTP 200 : {
   "ExpectedNumberOfInstances" : null,
   "ID" : "19b4c568-a95664f5-ad117914-3ccf7292-2a7ee3a0",
   "Instances" : 
   [
      "24e83fd1-ddd03175-beb6aa86-f4ce6432-4241b24f",
      "26952bd2-9569483f-e0549aca-a33b9065-69c33884",
      "2faf6dae-1e8dd60c-78fbca50-98cc48e7-66559504",
      "5974bce8-dfa0d418-48e52945-578a9547-fbb8179e",
      "63831658-2ed313e4-bdd47183-6c1be4da-c0022bb4",
      "75c6d27e-9c7d0b29-ef99341d-b7507933-63d3057d",
      "bc61cc15-593581eb-104dd853-f8e2ae2f-19704638",
      "cad86111-996653c7-c7ca1820-b783c4c3-9ff6e63b",
      "dacc5f2c-4eb67b6e-62fe20be-08583e4b-f7285061",
      "fe9d11b9-08ca2a74-f27c7727-86fa6833-6b2583ab"
   ],
   "IsStable" : true,
   "Labels" : [],
   "LastUpdate" : "20250311T081323",
   "MainDicomTags" : 
   {
      "ContrastBolusAgent" : "CONT",
      "ImageOrientationPatient" : "1.0000\\0.0000\\0.0000\\0.0000\\1.0000\\0.0000",
      "Manufacturer" : "Philips Medical Systems",
      "Modality" : "CT",
      "ProtocolName" : "50",
      "SeriesInstanceUID" : "1.3.46.670589.10.900123.19970114.35056000060.3",
      "SeriesNumber" : " 1",
      "StationName" : "MVP"
   },
   "ParentStudy" : "200b3e41-4557e5ed-2b4a1771-a9e4ad06-cd1306c8",
   "Status" : "Unknown",
   "Type" : "Series"
}
[26-Apr-2025 17:47:12 Europe/Berlin] Requête proxy vers Orthanc (GET http://localhost:8042/studies/200b3e41-4557e5ed-2b4a1771-a9e4ad06-cd1306c8) - HTTP 200 : {
   "ID" : "200b3e41-4557e5ed-2b4a1771-a9e4ad06-cd1306c8",
   "IsStable" : true,
   "Labels" : [],
   "LastUpdate" : "20250311T081323",
   "MainDicomTags" : 
   {
      "AccessionNumber" : "",
      "InstitutionName" : "CHU St ROCH",
      "ReferringPhysicianName" : "",
      "StudyDate" : "19961014",
      "StudyID" : "2019",
      "StudyInstanceUID" : "1.3.46.670589.10.900123.19970114.35056000060.1",
      "StudyTime" : "145056.00000"
   },
   "ParentPatient" : "9b4d864d-a53a383a-44cdda8a-269b4eee-777c5729",
   "PatientMainDicomTags" : 
   {
      "PatientBirthDate" : "19781010",
      "PatientID" : "0000002019",
      "PatientName" : "AVE+ ABDOMEN",
      "PatientSex" : "M"
   },
   "Series" : 
   [
      "19b4c568-a95664f5-ad117914-3ccf7292-2a7ee3a0"
   ],
   "Type" : "Study"
}
[26-Apr-2025 17:47:12 Europe/Berlin] Requête proxy vers Orthanc (GET http://localhost:8042/series/19b4c568-a95664f5-ad117914-3ccf7292-2a7ee3a0) - HTTP 200 : {
   "ExpectedNumberOfInstances" : null,
   "ID" : "19b4c568-a95664f5-ad117914-3ccf7292-2a7ee3a0",
   "Instances" : 
   [
      "24e83fd1-ddd03175-beb6aa86-f4ce6432-4241b24f",
      "26952bd2-9569483f-e0549aca-a33b9065-69c33884",
      "2faf6dae-1e8dd60c-78fbca50-98cc48e7-66559504",
      "5974bce8-dfa0d418-48e52945-578a9547-fbb8179e",
      "63831658-2ed313e4-bdd47183-6c1be4da-c0022bb4",
      "75c6d27e-9c7d0b29-ef99341d-b7507933-63d3057d",
      "bc61cc15-593581eb-104dd853-f8e2ae2f-19704638",
      "cad86111-996653c7-c7ca1820-b783c4c3-9ff6e63b",
      "dacc5f2c-4eb67b6e-62fe20be-08583e4b-f7285061",
      "fe9d11b9-08ca2a74-f27c7727-86fa6833-6b2583ab"
   ],
   "IsStable" : true,
   "Labels" : [],
   "LastUpdate" : "20250311T081323",
   "MainDicomTags" : 
   {
      "ContrastBolusAgent" : "CONT",
      "ImageOrientationPatient" : "1.0000\\0.0000\\0.0000\\0.0000\\1.0000\\0.0000",
      "Manufacturer" : "Philips Medical Systems",
      "Modality" : "CT",
      "ProtocolName" : "50",
      "SeriesInstanceUID" : "1.3.46.670589.10.900123.19970114.35056000060.3",
      "SeriesNumber" : " 1",
      "StationName" : "MVP"
   },
   "ParentStudy" : "200b3e41-4557e5ed-2b4a1771-a9e4ad06-cd1306c8",
   "Status" : "Unknown",
   "Type" : "Series"
}
[26-Apr-2025 17:47:12 Europe/Berlin] Requête proxy vers Orthanc (GET http://localhost:8042/studies/200b3e41-4557e5ed-2b4a1771-a9e4ad06-cd1306c8) - HTTP 200 : {
   "ID" : "200b3e41-4557e5ed-2b4a1771-a9e4ad06-cd1306c8",
   "IsStable" : true,
   "Labels" : [],
   "LastUpdate" : "20250311T081323",
   "MainDicomTags" : 
   {
      "AccessionNumber" : "",
      "InstitutionName" : "CHU St ROCH",
      "ReferringPhysicianName" : "",
      "StudyDate" : "19961014",
      "StudyID" : "2019",
      "StudyInstanceUID" : "1.3.46.670589.10.900123.19970114.35056000060.1",
      "StudyTime" : "145056.00000"
   },
   "ParentPatient" : "9b4d864d-a53a383a-44cdda8a-269b4eee-777c5729",
   "PatientMainDicomTags" : 
   {
      "PatientBirthDate" : "19781010",
      "PatientID" : "0000002019",
      "PatientName" : "AVE+ ABDOMEN",
      "PatientSex" : "M"
   },
   "Series" : 
   [
      "19b4c568-a95664f5-ad117914-3ccf7292-2a7ee3a0"
   ],
   "Type" : "Study"
}
[26-Apr-2025 17:47:13 Europe/Berlin] Requête proxy vers Orthanc (GET http://localhost:8042/series/19b4c568-a95664f5-ad117914-3ccf7292-2a7ee3a0) - HTTP 200 : {
   "ExpectedNumberOfInstances" : null,
   "ID" : "19b4c568-a95664f5-ad117914-3ccf7292-2a7ee3a0",
   "Instances" : 
   [
      "24e83fd1-ddd03175-beb6aa86-f4ce6432-4241b24f",
      "26952bd2-9569483f-e0549aca-a33b9065-69c33884",
      "2faf6dae-1e8dd60c-78fbca50-98cc48e7-66559504",
      "5974bce8-dfa0d418-48e52945-578a9547-fbb8179e",
      "63831658-2ed313e4-bdd47183-6c1be4da-c0022bb4",
      "75c6d27e-9c7d0b29-ef99341d-b7507933-63d3057d",
      "bc61cc15-593581eb-104dd853-f8e2ae2f-19704638",
      "cad86111-996653c7-c7ca1820-b783c4c3-9ff6e63b",
      "dacc5f2c-4eb67b6e-62fe20be-08583e4b-f7285061",
      "fe9d11b9-08ca2a74-f27c7727-86fa6833-6b2583ab"
   ],
   "IsStable" : true,
   "Labels" : [],
   "LastUpdate" : "20250311T081323",
   "MainDicomTags" : 
   {
      "ContrastBolusAgent" : "CONT",
      "ImageOrientationPatient" : "1.0000\\0.0000\\0.0000\\0.0000\\1.0000\\0.0000",
      "Manufacturer" : "Philips Medical Systems",
      "Modality" : "CT",
      "ProtocolName" : "50",
      "SeriesInstanceUID" : "1.3.46.670589.10.900123.19970114.35056000060.3",
      "SeriesNumber" : " 1",
      "StationName" : "MVP"
   },
   "ParentStudy" : "200b3e41-4557e5ed-2b4a1771-a9e4ad06-cd1306c8",
   "Status" : "Unknown",
   "Type" : "Series"
}
[26-Apr-2025 17:47:13 Europe/Berlin] Requête proxy vers Orthanc (GET http://localhost:8042/studies/200b3e41-4557e5ed-2b4a1771-a9e4ad06-cd1306c8) - HTTP 200 : {
   "ID" : "200b3e41-4557e5ed-2b4a1771-a9e4ad06-cd1306c8",
   "IsStable" : true,
   "Labels" : [],
   "LastUpdate" : "20250311T081323",
   "MainDicomTags" : 
   {
      "AccessionNumber" : "",
      "InstitutionName" : "CHU St ROCH",
      "ReferringPhysicianName" : "",
      "StudyDate" : "19961014",
      "StudyID" : "2019",
      "StudyInstanceUID" : "1.3.46.670589.10.900123.19970114.35056000060.1",
      "StudyTime" : "145056.00000"
   },
   "ParentPatient" : "9b4d864d-a53a383a-44cdda8a-269b4eee-777c5729",
   "PatientMainDicomTags" : 
   {
      "PatientBirthDate" : "19781010",
      "PatientID" : "0000002019",
      "PatientName" : "AVE+ ABDOMEN",
      "PatientSex" : "M"
   },
   "Series" : 
   [
      "19b4c568-a95664f5-ad117914-3ccf7292-2a7ee3a0"
   ],
   "Type" : "Study"
}
[26-Apr-2025 17:47:14 Europe/Berlin] Requête proxy vers Orthanc (GET http://localhost:8042/studies/200b3e41-4557e5ed-2b4a1771-a9e4ad06-cd1306c8) - HTTP 200 : {
   "ID" : "200b3e41-4557e5ed-2b4a1771-a9e4ad06-cd1306c8",
   "IsStable" : true,
   "Labels" : [],
   "LastUpdate" : "20250311T081323",
   "MainDicomTags" : 
   {
      "AccessionNumber" : "",
      "InstitutionName" : "CHU St ROCH",
      "ReferringPhysicianName" : "",
      "StudyDate" : "19961014",
      "StudyID" : "2019",
      "StudyInstanceUID" : "1.3.46.670589.10.900123.19970114.35056000060.1",
      "StudyTime" : "145056.00000"
   },
   "ParentPatient" : "9b4d864d-a53a383a-44cdda8a-269b4eee-777c5729",
   "PatientMainDicomTags" : 
   {
      "PatientBirthDate" : "19781010",
      "PatientID" : "0000002019",
      "PatientName" : "AVE+ ABDOMEN",
      "PatientSex" : "M"
   },
   "Series" : 
   [
      "19b4c568-a95664f5-ad117914-3ccf7292-2a7ee3a0"
   ],
   "Type" : "Study"
}
[26-Apr-2025 17:47:14 Europe/Berlin] Requête proxy vers Orthanc (GET http://localhost:8042/studies/200b3e41-4557e5ed-2b4a1771-a9e4ad06-cd1306c8) - HTTP 200 : {
   "ID" : "200b3e41-4557e5ed-2b4a1771-a9e4ad06-cd1306c8",
   "IsStable" : true,
   "Labels" : [],
   "LastUpdate" : "20250311T081323",
   "MainDicomTags" : 
   {
      "AccessionNumber" : "",
      "InstitutionName" : "CHU St ROCH",
      "ReferringPhysicianName" : "",
      "StudyDate" : "19961014",
      "StudyID" : "2019",
      "StudyInstanceUID" : "1.3.46.670589.10.900123.19970114.35056000060.1",
      "StudyTime" : "145056.00000"
   },
   "ParentPatient" : "9b4d864d-a53a383a-44cdda8a-269b4eee-777c5729",
   "PatientMainDicomTags" : 
   {
      "PatientBirthDate" : "19781010",
      "PatientID" : "0000002019",
      "PatientName" : "AVE+ ABDOMEN",
      "PatientSex" : "M"
   },
   "Series" : 
   [
      "19b4c568-a95664f5-ad117914-3ccf7292-2a7ee3a0"
   ],
   "Type" : "Study"
}
[26-Apr-2025 17:47:38 Europe/Berlin] Requête proxy vers Orthanc (GET http://localhost:8042/instances/094563e4-74b821f1-120c8584-6236b3ba-05716a47) - HTTP 200 : {
   "FileSize" : 526336,
   "FileUuid" : "847455dd-9936-4c5a-9d73-29f225acd32b",
   "ID" : "094563e4-74b821f1-120c8584-6236b3ba-05716a47",
   "IndexInSeries" : 5003,
   "Labels" : [],
   "MainDicomTags" : 
   {
      "AcquisitionNumber" : " 5",
      "ImageComments" : "MD",
      "ImageOrientationPatient" : "1.0000\\0.0000\\0.0000\\0.0000\\1.0000\\0.0000",
      "ImagePositionPatient" : "-80.7000\\-75.1000\\-61.0000",
      "InstanceCreationDate" : "19970114",
      "InstanceCreationTime" : "035049.0005",
      "InstanceNumber" : "5003",
      "SOPInstanceUID" : "1.3.46.670589.10.900123.19970114.35049000050"
   },
   "ParentSeries" : "f623b033-c3bb9318-1ae62c1a-9fd5f247-24c86dea",
   "Type" : "Instance"
}
[26-Apr-2025 17:47:39 Europe/Berlin] Requête proxy vers Orthanc (GET http://localhost:8042/series/f623b033-c3bb9318-1ae62c1a-9fd5f247-24c86dea) - HTTP 200 : {
   "ExpectedNumberOfInstances" : null,
   "ID" : "f623b033-c3bb9318-1ae62c1a-9fd5f247-24c86dea",
   "Instances" : 
   [
      "094563e4-74b821f1-120c8584-6236b3ba-05716a47"
   ],
   "IsStable" : true,
   "Labels" : [],
   "LastUpdate" : "20250311T081322",
   "MainDicomTags" : 
   {
      "ContrastBolusAgent" : "NONE",
      "ImageOrientationPatient" : "1.0000\\0.0000\\0.0000\\0.0000\\1.0000\\0.0000",
      "Manufacturer" : "Philips Medical Systems",
      "Modality" : "CT",
      "ProtocolName" : " 1",
      "SeriesInstanceUID" : "1.3.46.670589.10.900123.19970114.35049000050.3",
      "SeriesNumber" : " 1",
      "StationName" : "MVP"
   },
   "ParentStudy" : "286789b1-82845a45-92d7dfc0-c6a8e286-27bc0129",
   "Status" : "Unknown",
   "Type" : "Series"
}
[26-Apr-2025 17:47:39 Europe/Berlin] Requête proxy vers Orthanc (GET http://localhost:8042/studies/286789b1-82845a45-92d7dfc0-c6a8e286-27bc0129) - HTTP 200 : {
   "ID" : "286789b1-82845a45-92d7dfc0-c6a8e286-27bc0129",
   "IsStable" : true,
   "Labels" : [],
   "LastUpdate" : "20250311T081322",
   "MainDicomTags" : 
   {
      "AccessionNumber" : "",
      "InstitutionName" : "CHU St ROCH",
      "ReferringPhysicianName" : "",
      "StudyDate" : "19961014",
      "StudyID" : "2011",
      "StudyInstanceUID" : "1.3.46.670589.10.900123.19970114.35049000050.1",
      "StudyTime" : "115421.00000"
   },
   "ParentPatient" : "10092b57-91bddc20-e68b74c7-8956c6df-49e00750",
   "PatientMainDicomTags" : 
   {
      "PatientBirthDate" : "19320918",
      "PatientID" : "0000002011",
      "PatientName" : "AVE+ KNEE",
      "PatientSex" : "F"
   },
   "Series" : 
   [
      "f623b033-c3bb9318-1ae62c1a-9fd5f247-24c86dea"
   ],
   "Type" : "Study"
}
[26-Apr-2025 17:52:54 Europe/Berlin] Requête proxy vers Orthanc (GET http://localhost:8042//instances) - HTTP 200 : [
   "094563e4-74b821f1-120c8584-6236b3ba-05716a47",
   "24e83fd1-ddd03175-beb6aa86-f4ce6432-4241b24f",
   "26952bd2-9569483f-e0549aca-a33b9065-69c33884",
   "2faf6dae-1e8dd60c-78fbca50-98cc48e7-66559504",
   "582dde1a-6ee0dcb1-dc2c0a3c-06a79b2f-211eda06",
   "5974bce8-dfa0d418-48e52945-578a9547-fbb8179e",
   "63831658-2ed313e4-bdd47183-6c1be4da-c0022bb4",
   "75c6d27e-9c7d0b29-ef99341d-b7507933-63d3057d",
   "96548d6b-b87fefbd-78a3f7c5-c5abe181-0643a103",
   "b7fb1fb4-142e5a15-333ae197-298b1626-11f8833b",
   "bc61cc15-593581eb-104dd853-f8e2ae2f-19704638",
   "cad86111-996653c7-c7ca1820-b783c4c3-9ff6e63b",
   "dacc5f2c-4eb67b6e-62fe20be-08583e4b-f7285061",
   "e07efef8-4eba99da-e58dbc40-0173c1da-e2535081",
   "eb17dc02-607db0a6-1074ad73-79fb3688-f9a596db",
   "fe9d11b9-08ca2a74-f27c7727-86fa6833-6b2583ab",
   "feaf75ad-9548b055-4a7a21f5-3db18a07-9c6903d3"
]
[26-Apr-2025 17:52:55 Europe/Berlin] Requête proxy vers Orthanc (GET http://localhost:8042/instances/5974bce8-dfa0d418-48e52945-578a9547-fbb8179e) - HTTP 200 : {
   "FileSize" : 526336,
   "FileUuid" : "11a7f312-517f-42ad-a5f0-e749b0038b6c",
   "ID" : "5974bce8-dfa0d418-48e52945-578a9547-fbb8179e",
   "IndexInSeries" : 18001,
   "Labels" : [],
   "MainDicomTags" : 
   {
      "AcquisitionNumber" : "18",
      "ImageComments" : "",
      "ImageOrientationPatient" : "1.0000\\0.0000\\0.0000\\0.0000\\1.0000\\0.0000",
      "ImagePositionPatient" : "-175.1000\\-175.1000\\-160.0000",
      "InstanceCreationDate" : "19970114",
      "InstanceCreationTime" : "035120.0011",
      "InstanceNumber" : " 18001",
      "SOPInstanceUID" : "1.3.46.670589.10.900123.19970114.35120000110"
   },
   "ParentSeries" : "19b4c568-a95664f5-ad117914-3ccf7292-2a7ee3a0",
   "Type" : "Instance"
}
[26-Apr-2025 17:52:55 Europe/Berlin] Requête proxy vers Orthanc (GET http://localhost:8042/instances/582dde1a-6ee0dcb1-dc2c0a3c-06a79b2f-211eda06) - HTTP 200 : {
   "FileSize" : 527206,
   "FileUuid" : "795689db-f22a-4dce-b798-da7adabb6f0e",
   "ID" : "582dde1a-6ee0dcb1-dc2c0a3c-06a79b2f-211eda06",
   "IndexInSeries" : null,
   "Labels" : [],
   "MainDicomTags" : 
   {
      "InstanceCreationDate" : "20250421",
      "InstanceCreationTime" : "202125.000000",
      "SOPInstanceUID" : "1.2.276.0.7230010.3.1.4.1159938914.5836.1745266885.814"
   },
   "ParentSeries" : "4541c007-3ddcd5b2-6bf192fc-d28df38d-afe5c271",
   "Type" : "Instance"
}
[26-Apr-2025 17:52:55 Europe/Berlin] Requête proxy vers Orthanc (GET http://localhost:8042/instances/2faf6dae-1e8dd60c-78fbca50-98cc48e7-66559504) - HTTP 200 : {
   "FileSize" : 526336,
   "FileUuid" : "43af4eee-ad27-4654-b4a1-e5a62a718f5a",
   "ID" : "2faf6dae-1e8dd60c-78fbca50-98cc48e7-66559504",
   "IndexInSeries" : 20001,
   "Labels" : [],
   "MainDicomTags" : 
   {
      "AcquisitionNumber" : "20",
      "ImageComments" : "",
      "ImageOrientationPatient" : "1.0000\\0.0000\\0.0000\\0.0000\\1.0000\\0.0000",
      "ImagePositionPatient" : "-175.1000\\-175.1000\\-180.0000",
      "InstanceCreationDate" : "19970114",
      "InstanceCreationTime" : "035131.0013",
      "InstanceNumber" : " 20001",
      "SOPInstanceUID" : "1.3.46.670589.10.900123.19970114.35131000130"
   },
   "ParentSeries" : "19b4c568-a95664f5-ad117914-3ccf7292-2a7ee3a0",
   "Type" : "Instance"
}
[26-Apr-2025 17:52:55 Europe/Berlin] Requête proxy vers Orthanc (GET http://localhost:8042/instances/26952bd2-9569483f-e0549aca-a33b9065-69c33884) - HTTP 200 : {
   "FileSize" : 526336,
   "FileUuid" : "9702e94e-8902-4103-ae55-af77a92efc6a",
   "ID" : "26952bd2-9569483f-e0549aca-a33b9065-69c33884",
   "IndexInSeries" : 17001,
   "Labels" : [],
   "MainDicomTags" : 
   {
      "AcquisitionNumber" : "17",
      "ImageComments" : "",
      "ImageOrientationPatient" : "1.0000\\0.0000\\0.0000\\0.0000\\1.0000\\0.0000",
      "ImagePositionPatient" : "-175.1000\\-175.1000\\-150.0000",
      "InstanceCreationDate" : "19970114",
      "InstanceCreationTime" : "035115.0010",
      "InstanceNumber" : " 17001",
      "SOPInstanceUID" : "1.3.46.670589.10.900123.19970114.35115000100"
   },
   "ParentSeries" : "19b4c568-a95664f5-ad117914-3ccf7292-2a7ee3a0",
   "Type" : "Instance"
}
[26-Apr-2025 17:52:55 Europe/Berlin] Requête proxy vers Orthanc (GET http://localhost:8042/instances/24e83fd1-ddd03175-beb6aa86-f4ce6432-4241b24f) - HTTP 200 : {
   "FileSize" : 526336,
   "FileUuid" : "1b56fb91-ea25-44cc-8c18-5f24da876928",
   "ID" : "24e83fd1-ddd03175-beb6aa86-f4ce6432-4241b24f",
   "IndexInSeries" : 14001,
   "Labels" : [],
   "MainDicomTags" : 
   {
      "AcquisitionNumber" : "14",
      "ImageComments" : "",
      "ImageOrientationPatient" : "1.0000\\0.0000\\0.0000\\0.0000\\1.0000\\0.0000",
      "ImagePositionPatient" : "-175.1000\\-175.1000\\-120.0000",
      "InstanceCreationDate" : "19970114",
      "InstanceCreationTime" : "035100.0007",
      "InstanceNumber" : " 14001",
      "SOPInstanceUID" : "1.3.46.670589.10.900123.19970114.35100000070"
   },
   "ParentSeries" : "19b4c568-a95664f5-ad117914-3ccf7292-2a7ee3a0",
   "Type" : "Instance"
}
[26-Apr-2025 17:52:55 Europe/Berlin] Requête proxy vers Orthanc (GET http://localhost:8042/instances/094563e4-74b821f1-120c8584-6236b3ba-05716a47) - HTTP 200 : {
   "FileSize" : 526336,
   "FileUuid" : "847455dd-9936-4c5a-9d73-29f225acd32b",
   "ID" : "094563e4-74b821f1-120c8584-6236b3ba-05716a47",
   "IndexInSeries" : 5003,
   "Labels" : [],
   "MainDicomTags" : 
   {
      "AcquisitionNumber" : " 5",
      "ImageComments" : "MD",
      "ImageOrientationPatient" : "1.0000\\0.0000\\0.0000\\0.0000\\1.0000\\0.0000",
      "ImagePositionPatient" : "-80.7000\\-75.1000\\-61.0000",
      "InstanceCreationDate" : "19970114",
      "InstanceCreationTime" : "035049.0005",
      "InstanceNumber" : "5003",
      "SOPInstanceUID" : "1.3.46.670589.10.900123.19970114.35049000050"
   },
   "ParentSeries" : "f623b033-c3bb9318-1ae62c1a-9fd5f247-24c86dea",
   "Type" : "Instance"
}
[26-Apr-2025 17:52:55 Europe/Berlin] Requête proxy vers Orthanc (GET http://localhost:8042/instances/bc61cc15-593581eb-104dd853-f8e2ae2f-19704638) - HTTP 200 : {
   "FileSize" : 526336,
   "FileUuid" : "9f80260d-18b9-46ce-ada1-00d0d866886d",
   "ID" : "bc61cc15-593581eb-104dd853-f8e2ae2f-19704638",
   "IndexInSeries" : 16001,
   "Labels" : [],
   "MainDicomTags" : 
   {
      "AcquisitionNumber" : "16",
      "ImageComments" : "",
      "ImageOrientationPatient" : "1.0000\\0.0000\\0.0000\\0.0000\\1.0000\\0.0000",
      "ImagePositionPatient" : "-175.1000\\-175.1000\\-140.0000",
      "InstanceCreationDate" : "19970114",
      "InstanceCreationTime" : "035110.0009",
      "InstanceNumber" : " 16001",
      "SOPInstanceUID" : "1.3.46.670589.10.900123.19970114.35110000090"
   },
   "ParentSeries" : "19b4c568-a95664f5-ad117914-3ccf7292-2a7ee3a0",
   "Type" : "Instance"
}
[26-Apr-2025 17:52:55 Europe/Berlin] Requête proxy vers Orthanc (GET http://localhost:8042/instances/b7fb1fb4-142e5a15-333ae197-298b1626-11f8833b) - HTTP 200 : {
   "FileSize" : 1702398,
   "FileUuid" : "9fa9d15a-988d-410e-9194-ddfde927c89a",
   "ID" : "b7fb1fb4-142e5a15-333ae197-298b1626-11f8833b",
   "IndexInSeries" : null,
   "Labels" : [],
   "MainDicomTags" : 
   {
      "InstanceNumber" : "",
      "NumberOfFrames" : "96",
      "SOPInstanceUID" : "1.3.12.2.1107.5.4.3.321890.19960124.162922.29"
   },
   "ParentSeries" : "62cc4f41-9b1679c0-6ad19a2e-71fccb6f-07a3d16d",
   "Type" : "Instance"
}
[26-Apr-2025 17:52:55 Europe/Berlin] Requête proxy vers Orthanc (GET http://localhost:8042/instances/cad86111-996653c7-c7ca1820-b783c4c3-9ff6e63b) - HTTP 200 : {
   "FileSize" : 526336,
   "FileUuid" : "644bcf08-beb7-4bb7-8f87-2a07dae77a9f",
   "ID" : "cad86111-996653c7-c7ca1820-b783c4c3-9ff6e63b",
   "IndexInSeries" : 22001,
   "Labels" : [],
   "MainDicomTags" : 
   {
      "AcquisitionNumber" : "22",
      "ImageComments" : "",
      "ImageOrientationPatient" : "1.0000\\0.0000\\0.0000\\0.0000\\1.0000\\0.0000",
      "ImagePositionPatient" : "-175.1000\\-175.1000\\-200.0000",
      "InstanceCreationDate" : "19970114",
      "InstanceCreationTime" : "035140.0015",
      "InstanceNumber" : " 22001",
      "SOPInstanceUID" : "1.3.46.670589.10.900123.19970114.35140000150"
   },
   "ParentSeries" : "19b4c568-a95664f5-ad117914-3ccf7292-2a7ee3a0",
   "Type" : "Instance"
}
[26-Apr-2025 17:52:55 Europe/Berlin] Requête proxy vers Orthanc (GET http://localhost:8042/instances/96548d6b-b87fefbd-78a3f7c5-c5abe181-0643a103) - HTTP 200 : {
   "FileSize" : 91264,
   "FileUuid" : "39819348-f7ea-4861-9842-83c4a4a8c13e",
   "ID" : "96548d6b-b87fefbd-78a3f7c5-c5abe181-0643a103",
   "IndexInSeries" : 5,
   "Labels" : [],
   "MainDicomTags" : 
   {
      "ImageComments" : "JPEG 2000 lossless - Version 4.0.2 (c) Image Devices GmbH",
      "ImageOrientationPatient" : "1\\0\\0\\0\\1\\0",
      "ImagePositionPatient" : "-151.493508\\-36.6564417\\1293",
      "InstanceCreationDate" : "20061012",
      "InstanceCreationTime" : "091607.000000",
      "InstanceNumber" : "5",
      "SOPInstanceUID" : "1.2.826.0.1.3680043.8.1055.1.20111102150759059.64998534.33344836"
   },
   "ParentSeries" : "98d367a5-58eeba8b-f3c2da4b-de7d8f6f-ede53eb2",
   "Type" : "Instance"
}
[26-Apr-2025 17:52:55 Europe/Berlin] Requête proxy vers Orthanc (GET http://localhost:8042/instances/63831658-2ed313e4-bdd47183-6c1be4da-c0022bb4) - HTTP 200 : {
   "FileSize" : 526336,
   "FileUuid" : "18595efd-f373-4173-a048-6de33ca05bca",
   "ID" : "63831658-2ed313e4-bdd47183-6c1be4da-c0022bb4",
   "IndexInSeries" : 15001,
   "Labels" : [],
   "MainDicomTags" : 
   {
      "AcquisitionNumber" : "15",
      "ImageComments" : "",
      "ImageOrientationPatient" : "1.0000\\0.0000\\0.0000\\0.0000\\1.0000\\0.0000",
      "ImagePositionPatient" : "-175.1000\\-175.1000\\-130.0000",
      "InstanceCreationDate" : "19970114",
      "InstanceCreationTime" : "035105.0008",
      "InstanceNumber" : " 15001",
      "SOPInstanceUID" : "1.3.46.670589.10.900123.19970114.35105000080"
   },
   "ParentSeries" : "19b4c568-a95664f5-ad117914-3ccf7292-2a7ee3a0",
   "Type" : "Instance"
}
[26-Apr-2025 17:52:55 Europe/Berlin] Requête proxy vers Orthanc (GET http://localhost:8042/instances/75c6d27e-9c7d0b29-ef99341d-b7507933-63d3057d) - HTTP 200 : {
   "FileSize" : 526336,
   "FileUuid" : "7ef2cfb2-cd10-40ef-8012-0b6fd7578b13",
   "ID" : "75c6d27e-9c7d0b29-ef99341d-b7507933-63d3057d",
   "IndexInSeries" : 21001,
   "Labels" : [],
   "MainDicomTags" : 
   {
      "AcquisitionNumber" : "21",
      "ImageComments" : "",
      "ImageOrientationPatient" : "1.0000\\0.0000\\0.0000\\0.0000\\1.0000\\0.0000",
      "ImagePositionPatient" : "-175.1000\\-175.1000\\-190.0000",
      "InstanceCreationDate" : "19970114",
      "InstanceCreationTime" : "035135.0014",
      "InstanceNumber" : " 21001",
      "SOPInstanceUID" : "1.3.46.670589.10.900123.19970114.35135000140"
   },
   "ParentSeries" : "19b4c568-a95664f5-ad117914-3ccf7292-2a7ee3a0",
   "Type" : "Instance"
}
[26-Apr-2025 17:52:55 Europe/Berlin] Requête proxy vers Orthanc (GET http://localhost:8042/instances/dacc5f2c-4eb67b6e-62fe20be-08583e4b-f7285061) - HTTP 200 : {
   "FileSize" : 526336,
   "FileUuid" : "97a1c84b-5c67-4016-8405-2f71ae4af3de",
   "ID" : "dacc5f2c-4eb67b6e-62fe20be-08583e4b-f7285061",
   "IndexInSeries" : 19001,
   "Labels" : [],
   "MainDicomTags" : 
   {
      "AcquisitionNumber" : "19",
      "ImageComments" : "",
      "ImageOrientationPatient" : "1.0000\\0.0000\\0.0000\\0.0000\\1.0000\\0.0000",
      "ImagePositionPatient" : "-175.1000\\-175.1000\\-170.0000",
      "InstanceCreationDate" : "19970114",
      "InstanceCreationTime" : "035126.0012",
      "InstanceNumber" : " 19001",
      "SOPInstanceUID" : "1.3.46.670589.10.900123.19970114.35126000120"
   },
   "ParentSeries" : "19b4c568-a95664f5-ad117914-3ccf7292-2a7ee3a0",
   "Type" : "Instance"
}
[26-Apr-2025 17:52:55 Europe/Berlin] Requête proxy vers Orthanc (GET http://localhost:8042/instances/eb17dc02-607db0a6-1074ad73-79fb3688-f9a596db) - HTTP 200 : {
   "FileSize" : 526336,
   "FileUuid" : "c426268c-e58d-4f99-814f-daad18c5a0b1",
   "ID" : "eb17dc02-607db0a6-1074ad73-79fb3688-f9a596db",
   "IndexInSeries" : 6000,
   "Labels" : [],
   "MainDicomTags" : 
   {
      "AcquisitionNumber" : " 6",
      "ImageComments" : "",
      "ImageOrientationPatient" : "1.0000\\0.0000\\0.0000\\0.0000\\0.9397\\-0.3420",
      "ImagePositionPatient" : "-124.9000\\-117.4000\\67.7000",
      "InstanceCreationDate" : "19970114",
      "InstanceCreationTime" : "035036.0003",
      "InstanceNumber" : "6000",
      "SOPInstanceUID" : "1.3.46.670589.10.900123.19970114.35036000030"
   },
   "ParentSeries" : "f6ebf659-c336b2b9-102a72e3-2cd836e9-a5662c26",
   "Type" : "Instance"
}
[26-Apr-2025 17:52:55 Europe/Berlin] Requête proxy vers Orthanc (GET http://localhost:8042/series/19b4c568-a95664f5-ad117914-3ccf7292-2a7ee3a0) - HTTP 200 : {
   "ExpectedNumberOfInstances" : null,
   "ID" : "19b4c568-a95664f5-ad117914-3ccf7292-2a7ee3a0",
   "Instances" : 
   [
      "24e83fd1-ddd03175-beb6aa86-f4ce6432-4241b24f",
      "26952bd2-9569483f-e0549aca-a33b9065-69c33884",
      "2faf6dae-1e8dd60c-78fbca50-98cc48e7-66559504",
      "5974bce8-dfa0d418-48e52945-578a9547-fbb8179e",
      "63831658-2ed313e4-bdd47183-6c1be4da-c0022bb4",
      "75c6d27e-9c7d0b29-ef99341d-b7507933-63d3057d",
      "bc61cc15-593581eb-104dd853-f8e2ae2f-19704638",
      "cad86111-996653c7-c7ca1820-b783c4c3-9ff6e63b",
      "dacc5f2c-4eb67b6e-62fe20be-08583e4b-f7285061",
      "fe9d11b9-08ca2a74-f27c7727-86fa6833-6b2583ab"
   ],
   "IsStable" : true,
   "Labels" : [],
   "LastUpdate" : "20250311T081323",
   "MainDicomTags" : 
   {
      "ContrastBolusAgent" : "CONT",
      "ImageOrientationPatient" : "1.0000\\0.0000\\0.0000\\0.0000\\1.0000\\0.0000",
      "Manufacturer" : "Philips Medical Systems",
      "Modality" : "CT",
      "ProtocolName" : "50",
      "SeriesInstanceUID" : "1.3.46.670589.10.900123.19970114.35056000060.3",
      "SeriesNumber" : " 1",
      "StationName" : "MVP"
   },
   "ParentStudy" : "200b3e41-4557e5ed-2b4a1771-a9e4ad06-cd1306c8",
   "Status" : "Unknown",
   "Type" : "Series"
}
[26-Apr-2025 17:52:55 Europe/Berlin] Requête proxy vers Orthanc (GET http://localhost:8042/instances/e07efef8-4eba99da-e58dbc40-0173c1da-e2535081) - HTTP 200 : {
   "FileSize" : 531298,
   "FileUuid" : "937b172f-feb1-4efd-a3ab-432405774a56",
   "ID" : "e07efef8-4eba99da-e58dbc40-0173c1da-e2535081",
   "IndexInSeries" : 1,
   "Labels" : [],
   "MainDicomTags" : 
   {
      "AcquisitionNumber" : "1",
      "InstanceCreationDate" : "20210411",
      "InstanceCreationTime" : "213019.104784",
      "InstanceNumber" : "1",
      "NumberOfFrames" : "1",
      "SOPInstanceUID" : "1.3.12.2.1107.5.8.15.999999.30000021041121051996700000250"
   },
   "ParentSeries" : "11b7c563-ae504ced-e95ed300-7176b3e8-74f7e2f5",
   "Type" : "Instance"
}
[26-Apr-2025 17:52:55 Europe/Berlin] Requête proxy vers Orthanc (GET http://localhost:8042/instances/fe9d11b9-08ca2a74-f27c7727-86fa6833-6b2583ab) - HTTP 200 : {
   "FileSize" : 526336,
   "FileUuid" : "c147a823-c25b-4c74-a7fb-877198ac4ebe",
   "ID" : "fe9d11b9-08ca2a74-f27c7727-86fa6833-6b2583ab",
   "IndexInSeries" : 13001,
   "Labels" : [],
   "MainDicomTags" : 
   {
      "AcquisitionNumber" : "13",
      "ImageComments" : "",
      "ImageOrientationPatient" : "1.0000\\0.0000\\0.0000\\0.0000\\1.0000\\0.0000",
      "ImagePositionPatient" : "-175.1000\\-175.1000\\-110.0000",
      "InstanceCreationDate" : "19970114",
      "InstanceCreationTime" : "035056.0006",
      "InstanceNumber" : " 13001",
      "SOPInstanceUID" : "1.3.46.670589.10.900123.19970114.35056000060"
   },
   "ParentSeries" : "19b4c568-a95664f5-ad117914-3ccf7292-2a7ee3a0",
   "Type" : "Instance"
}
[26-Apr-2025 17:52:55 Europe/Berlin] Requête proxy vers Orthanc (GET http://localhost:8042/instances/feaf75ad-9548b055-4a7a21f5-3db18a07-9c6903d3) - HTTP 200 : {
   "FileSize" : 526336,
   "FileUuid" : "c415c430-c5a8-4afa-854f-af8e254144b8",
   "ID" : "feaf75ad-9548b055-4a7a21f5-3db18a07-9c6903d3",
   "IndexInSeries" : 5000,
   "Labels" : [],
   "MainDicomTags" : 
   {
      "AcquisitionNumber" : " 5",
      "ImageComments" : "",
      "ImageOrientationPatient" : "1.0000\\0.0000\\0.0000\\0.0000\\1.0000\\0.0000",
      "ImagePositionPatient" : "-124.9000\\-124.9000\\15.0000",
      "InstanceCreationDate" : "19970114",
      "InstanceCreationTime" : "035029.0002",
      "InstanceNumber" : "5000",
      "SOPInstanceUID" : "1.3.46.670589.10.900123.19970114.35029000020"
   },
   "ParentSeries" : "670d99fa-c4a853ca-52f7989e-f6df82a8-5123711c",
   "Type" : "Instance"
}
[26-Apr-2025 17:52:56 Europe/Berlin] Requête proxy vers Orthanc (GET http://localhost:8042/series/19b4c568-a95664f5-ad117914-3ccf7292-2a7ee3a0) - HTTP 200 : {
   "ExpectedNumberOfInstances" : null,
   "ID" : "19b4c568-a95664f5-ad117914-3ccf7292-2a7ee3a0",
   "Instances" : 
   [
      "24e83fd1-ddd03175-beb6aa86-f4ce6432-4241b24f",
      "26952bd2-9569483f-e0549aca-a33b9065-69c33884",
      "2faf6dae-1e8dd60c-78fbca50-98cc48e7-66559504",
      "5974bce8-dfa0d418-48e52945-578a9547-fbb8179e",
      "63831658-2ed313e4-bdd47183-6c1be4da-c0022bb4",
      "75c6d27e-9c7d0b29-ef99341d-b7507933-63d3057d",
      "bc61cc15-593581eb-104dd853-f8e2ae2f-19704638",
      "cad86111-996653c7-c7ca1820-b783c4c3-9ff6e63b",
      "dacc5f2c-4eb67b6e-62fe20be-08583e4b-f7285061",
      "fe9d11b9-08ca2a74-f27c7727-86fa6833-6b2583ab"
   ],
   "IsStable" : true,
   "Labels" : [],
   "LastUpdate" : "20250311T081323",
   "MainDicomTags" : 
   {
      "ContrastBolusAgent" : "CONT",
      "ImageOrientationPatient" : "1.0000\\0.0000\\0.0000\\0.0000\\1.0000\\0.0000",
      "Manufacturer" : "Philips Medical Systems",
      "Modality" : "CT",
      "ProtocolName" : "50",
      "SeriesInstanceUID" : "1.3.46.670589.10.900123.19970114.35056000060.3",
      "SeriesNumber" : " 1",
      "StationName" : "MVP"
   },
   "ParentStudy" : "200b3e41-4557e5ed-2b4a1771-a9e4ad06-cd1306c8",
   "Status" : "Unknown",
   "Type" : "Series"
}
[26-Apr-2025 17:52:56 Europe/Berlin] Requête proxy vers Orthanc (GET http://localhost:8042/series/62cc4f41-9b1679c0-6ad19a2e-71fccb6f-07a3d16d) - HTTP 200 : {
   "ExpectedNumberOfInstances" : null,
   "ID" : "62cc4f41-9b1679c0-6ad19a2e-71fccb6f-07a3d16d",
   "Instances" : 
   [
      "b7fb1fb4-142e5a15-333ae197-298b1626-11f8833b"
   ],
   "IsStable" : true,
   "Labels" : [],
   "LastUpdate" : "20250421T205945",
   "MainDicomTags" : 
   {
      "Manufacturer" : "",
      "Modality" : "XA",
      "SeriesInstanceUID" : "1.3.12.2.1107.5.4.3.123456789012345.19950922.121803.8",
      "SeriesNumber" : "1"
   },
   "ParentStudy" : "aa938400-09e9f0df-8ba95f68-e21f98dd-0c6e0cf0",
   "Status" : "Unknown",
   "Type" : "Series"
}
[26-Apr-2025 17:52:56 Europe/Berlin] Requête proxy vers Orthanc (GET http://localhost:8042/series/98d367a5-58eeba8b-f3c2da4b-de7d8f6f-ede53eb2) - HTTP 200 : {
   "ExpectedNumberOfInstances" : null,
   "ID" : "98d367a5-58eeba8b-f3c2da4b-de7d8f6f-ede53eb2",
   "Instances" : 
   [
      "96548d6b-b87fefbd-78a3f7c5-c5abe181-0643a103"
   ],
   "IsStable" : true,
   "Labels" : [],
   "LastUpdate" : "20250426T153239",
   "MainDicomTags" : 
   {
      "ContrastBolusAgent" : "CONTRAST",
      "ImageOrientationPatient" : "1\\0\\0\\0\\1\\0",
      "Modality" : "CT",
      "PerformedProcedureStepDescription" : "CT1 abdomen",
      "ProtocolName" : "ART.RENALES 12/Abdomen/Hx",
      "RequestAttributesSequence" : 
      [
         {
            "RequestedProcedureID" : "A10026177757",
            "ScheduledProcedureStepDescription" : "CT1 abdomen",
            "ScheduledProcedureStepID" : "A10026177758",
            "ScheduledProtocolCodeSequence" : 
            [
               {
                  "CodeMeaning" : "CT1 abdomen",
                  "CodeValue" : "CTABDOM",
                  "CodingSchemeDesignator" : "XPLORE"
               }
            ]
         }
      ],
      "SeriesDescription" : "ARTERIELLE",
      "SeriesInstanceUID" : "1.2.826.0.1.3680043.8.1055.1.20111102150758591.96842950.07877442",
      "SeriesNumber" : "6168"
   },
   "ParentStudy" : "3abaec0a-ebfaaa87-f830d52b-d62df074-6a692c12",
   "Status" : "Unknown",
   "Type" : "Series"
}
[26-Apr-2025 17:52:56 Europe/Berlin] Requête proxy vers Orthanc (GET http://localhost:8042/series/4541c007-3ddcd5b2-6bf192fc-d28df38d-afe5c271) - HTTP 200 : {
   "ExpectedNumberOfInstances" : null,
   "ID" : "4541c007-3ddcd5b2-6bf192fc-d28df38d-afe5c271",
   "Instances" : 
   [
      "582dde1a-6ee0dcb1-dc2c0a3c-06a79b2f-211eda06"
   ],
   "IsStable" : true,
   "Labels" : [],
   "LastUpdate" : "20250421T202126",
   "MainDicomTags" : 
   {
      "Modality" : "M3D",
      "SeriesDate" : "20250421",
      "SeriesDescription" : "Model",
      "SeriesInstanceUID" : "1.2.276.0.7230010.3.1.3.1159938914.5836.1745266885.813",
      "SeriesTime" : "202125.000000"
   },
   "ParentStudy" : "8e51d8c2-c73f0a1e-57f97ca6-0fe69e66-c5e753eb",
   "Status" : "Unknown",
   "Type" : "Series"
}
[26-Apr-2025 17:52:56 Europe/Berlin] Requête proxy vers Orthanc (GET http://localhost:8042/series/f623b033-c3bb9318-1ae62c1a-9fd5f247-24c86dea) - HTTP 200 : {
   "ExpectedNumberOfInstances" : null,
   "ID" : "f623b033-c3bb9318-1ae62c1a-9fd5f247-24c86dea",
   "Instances" : 
   [
      "094563e4-74b821f1-120c8584-6236b3ba-05716a47"
   ],
   "IsStable" : true,
   "Labels" : [],
   "LastUpdate" : "20250311T081322",
   "MainDicomTags" : 
   {
      "ContrastBolusAgent" : "NONE",
      "ImageOrientationPatient" : "1.0000\\0.0000\\0.0000\\0.0000\\1.0000\\0.0000",
      "Manufacturer" : "Philips Medical Systems",
      "Modality" : "CT",
      "ProtocolName" : " 1",
      "SeriesInstanceUID" : "1.3.46.670589.10.900123.19970114.35049000050.3",
      "SeriesNumber" : " 1",
      "StationName" : "MVP"
   },
   "ParentStudy" : "286789b1-82845a45-92d7dfc0-c6a8e286-27bc0129",
   "Status" : "Unknown",
   "Type" : "Series"
}
[26-Apr-2025 17:52:56 Europe/Berlin] Requête proxy vers Orthanc (GET http://localhost:8042/series/f6ebf659-c336b2b9-102a72e3-2cd836e9-a5662c26) - HTTP 200 : {
   "ExpectedNumberOfInstances" : null,
   "ID" : "f6ebf659-c336b2b9-102a72e3-2cd836e9-a5662c26",
   "Instances" : 
   [
      "eb17dc02-607db0a6-1074ad73-79fb3688-f9a596db"
   ],
   "IsStable" : true,
   "Labels" : [],
   "LastUpdate" : "20250311T081322",
   "MainDicomTags" : 
   {
      "ContrastBolusAgent" : "NONE",
      "ImageOrientationPatient" : "1.0000\\0.0000\\0.0000\\0.0000\\0.9397\\-0.3420",
      "Manufacturer" : "Philips Medical Systems",
      "Modality" : "CT",
      "ProtocolName" : " 1",
      "SeriesInstanceUID" : "1.3.46.670589.10.900123.19970114.35036000030.3",
      "SeriesNumber" : " 1",
      "StationName" : "MVP"
   },
   "ParentStudy" : "8e51d8c2-c73f0a1e-57f97ca6-0fe69e66-c5e753eb",
   "Status" : "Unknown",
   "Type" : "Series"
}
[26-Apr-2025 17:52:56 Europe/Berlin] Requête proxy vers Orthanc (GET http://localhost:8042/series/670d99fa-c4a853ca-52f7989e-f6df82a8-5123711c) - HTTP 200 : {
   "ExpectedNumberOfInstances" : null,
   "ID" : "670d99fa-c4a853ca-52f7989e-f6df82a8-5123711c",
   "Instances" : 
   [
      "feaf75ad-9548b055-4a7a21f5-3db18a07-9c6903d3"
   ],
   "IsStable" : true,
   "Labels" : [],
   "LastUpdate" : "20250311T081322",
   "MainDicomTags" : 
   {
      "ContrastBolusAgent" : "NONE",
      "ImageOrientationPatient" : "1.0000\\0.0000\\0.0000\\0.0000\\1.0000\\0.0000",
      "Manufacturer" : "Philips Medical Systems",
      "Modality" : "CT",
      "ProtocolName" : " 1",
      "SeriesInstanceUID" : "1.3.46.670589.10.900123.19970114.35029000020.3",
      "SeriesNumber" : " 1",
      "StationName" : "MVP"
   },
   "ParentStudy" : "0ba2c4af-c4286377-ed83307a-c4307d90-422eea83",
   "Status" : "Unknown",
   "Type" : "Series"
}
[26-Apr-2025 17:52:56 Europe/Berlin] Requête proxy vers Orthanc (GET http://localhost:8042/studies/200b3e41-4557e5ed-2b4a1771-a9e4ad06-cd1306c8) - HTTP 200 : {
   "ID" : "200b3e41-4557e5ed-2b4a1771-a9e4ad06-cd1306c8",
   "IsStable" : true,
   "Labels" : [],
   "LastUpdate" : "20250311T081323",
   "MainDicomTags" : 
   {
      "AccessionNumber" : "",
      "InstitutionName" : "CHU St ROCH",
      "ReferringPhysicianName" : "",
      "StudyDate" : "19961014",
      "StudyID" : "2019",
      "StudyInstanceUID" : "1.3.46.670589.10.900123.19970114.35056000060.1",
      "StudyTime" : "145056.00000"
   },
   "ParentPatient" : "9b4d864d-a53a383a-44cdda8a-269b4eee-777c5729",
   "PatientMainDicomTags" : 
   {
      "PatientBirthDate" : "19781010",
      "PatientID" : "0000002019",
      "PatientName" : "AVE+ ABDOMEN",
      "PatientSex" : "M"
   },
   "Series" : 
   [
      "19b4c568-a95664f5-ad117914-3ccf7292-2a7ee3a0"
   ],
   "Type" : "Study"
}
[26-Apr-2025 17:52:56 Europe/Berlin] Requête proxy vers Orthanc (GET http://localhost:8042/series/11b7c563-ae504ced-e95ed300-7176b3e8-74f7e2f5) - HTTP 200 : {
   "ExpectedNumberOfInstances" : null,
   "ID" : "11b7c563-ae504ced-e95ed300-7176b3e8-74f7e2f5",
   "Instances" : 
   [
      "e07efef8-4eba99da-e58dbc40-0173c1da-e2535081"
   ],
   "IsStable" : true,
   "Labels" : [],
   "LastUpdate" : "20250421T233940",
   "MainDicomTags" : 
   {
      "Manufacturer" : "Siemens Healthineers",
      "Modality" : "MR",
      "PerformedProcedureStepDescription" : "Osteo_2021 Cheville",
      "PerformedProcedureStepStartDate" : "20210113",
      "PerformedProcedureStepStartTime" : "130454.100000",
      "ProtocolName" : "t1_sag_tse REF",
      "SeriesDate" : "20210411",
      "SeriesDescription" : "Exported MR Basic Reading",
      "SeriesInstanceUID" : "1.3.12.2.1107.5.8.15.999999.30000021041121051996700000249",
      "SeriesNumber" : "1005",
      "SeriesTime" : "213018.573513",
      "StationName" : "MR-T10-MRC19-04"
   },
   "ParentStudy" : "ae9bf996-b6ab6a8b-eba1f35e-14600862-f9393ddd",
   "Status" : "Unknown",
   "Type" : "Series"
}
[26-Apr-2025 17:52:56 Europe/Berlin] Requête proxy vers Orthanc (GET http://localhost:8042/series/19b4c568-a95664f5-ad117914-3ccf7292-2a7ee3a0) - HTTP 200 : {
   "ExpectedNumberOfInstances" : null,
   "ID" : "19b4c568-a95664f5-ad117914-3ccf7292-2a7ee3a0",
   "Instances" : 
   [
      "24e83fd1-ddd03175-beb6aa86-f4ce6432-4241b24f",
      "26952bd2-9569483f-e0549aca-a33b9065-69c33884",
      "2faf6dae-1e8dd60c-78fbca50-98cc48e7-66559504",
      "5974bce8-dfa0d418-48e52945-578a9547-fbb8179e",
      "63831658-2ed313e4-bdd47183-6c1be4da-c0022bb4",
      "75c6d27e-9c7d0b29-ef99341d-b7507933-63d3057d",
      "bc61cc15-593581eb-104dd853-f8e2ae2f-19704638",
      "cad86111-996653c7-c7ca1820-b783c4c3-9ff6e63b",
      "dacc5f2c-4eb67b6e-62fe20be-08583e4b-f7285061",
      "fe9d11b9-08ca2a74-f27c7727-86fa6833-6b2583ab"
   ],
   "IsStable" : true,
   "Labels" : [],
   "LastUpdate" : "20250311T081323",
   "MainDicomTags" : 
   {
      "ContrastBolusAgent" : "CONT",
      "ImageOrientationPatient" : "1.0000\\0.0000\\0.0000\\0.0000\\1.0000\\0.0000",
      "Manufacturer" : "Philips Medical Systems",
      "Modality" : "CT",
      "ProtocolName" : "50",
      "SeriesInstanceUID" : "1.3.46.670589.10.900123.19970114.35056000060.3",
      "SeriesNumber" : " 1",
      "StationName" : "MVP"
   },
   "ParentStudy" : "200b3e41-4557e5ed-2b4a1771-a9e4ad06-cd1306c8",
   "Status" : "Unknown",
   "Type" : "Series"
}
[26-Apr-2025 17:52:56 Europe/Berlin] Requête proxy vers Orthanc (GET http://localhost:8042/studies/aa938400-09e9f0df-8ba95f68-e21f98dd-0c6e0cf0) - HTTP 200 : {
   "ID" : "aa938400-09e9f0df-8ba95f68-e21f98dd-0c6e0cf0",
   "IsStable" : true,
   "Labels" : [],
   "LastUpdate" : "20250421T205945",
   "MainDicomTags" : 
   {
      "AccessionNumber" : "",
      "InstitutionName" : "",
      "ReferringPhysicianName" : "",
      "StudyDate" : "19941013",
      "StudyDescription" : "",
      "StudyID" : "",
      "StudyInstanceUID" : "1.3.12.2.1107.5.4.3.123456789012345.19950922.121803.6",
      "StudyTime" : "141917"
   },
   "ParentPatient" : "1e6ca9a6-71d9b622-24e72d15-16251ee8-3735baf5",
   "PatientMainDicomTags" : 
   {
      "PatientBirthDate" : "19951025",
      "PatientID" : "556342B",
      "PatientName" : "Rubo DEMO",
      "PatientSex" : "M"
   },
   "Series" : 
   [
      "62cc4f41-9b1679c0-6ad19a2e-71fccb6f-07a3d16d"
   ],
   "Type" : "Study"
}
[26-Apr-2025 17:52:56 Europe/Berlin] Requête proxy vers Orthanc (GET http://localhost:8042/studies/3abaec0a-ebfaaa87-f830d52b-d62df074-6a692c12) - HTTP 200 : {
   "ID" : "3abaec0a-ebfaaa87-f830d52b-d62df074-6a692c12",
   "IsStable" : true,
   "Labels" : [],
   "LastUpdate" : "20250426T153239",
   "MainDicomTags" : 
   {
      "StudyDate" : "20061012",
      "StudyDescription" : "CT1 abdomen",
      "StudyInstanceUID" : "1.2.826.0.1.3680043.8.1055.1.20111102150758591.92402465.76095170",
      "StudyTime" : "090258.000000"
   },
   "ParentPatient" : "b6589fc6-ab0dc82c-f12099d1-c2d40ab9-94e8410c",
   "PatientMainDicomTags" : 
   {
      "PatientID" : "0",
      "PatientName" : "Anonymized"
   },
   "Series" : 
   [
      "98d367a5-58eeba8b-f3c2da4b-de7d8f6f-ede53eb2"
   ],
   "Type" : "Study"
}
[26-Apr-2025 17:52:56 Europe/Berlin] Requête proxy vers Orthanc (GET http://localhost:8042/studies/8e51d8c2-c73f0a1e-57f97ca6-0fe69e66-c5e753eb) - HTTP 200 : {
   "ID" : "8e51d8c2-c73f0a1e-57f97ca6-0fe69e66-c5e753eb",
   "IsStable" : true,
   "Labels" : [],
   "LastUpdate" : "20250421T202126",
   "MainDicomTags" : 
   {
      "AccessionNumber" : "",
      "InstitutionName" : "CHU St ROCH",
      "ReferringPhysicianName" : "",
      "StudyDate" : "19961014",
      "StudyID" : "2018",
      "StudyInstanceUID" : "1.3.46.670589.10.900123.19970114.35036000030.1",
      "StudyTime" : "140735.00000"
   },
   "ParentPatient" : "62bc7cdd-8f5ae588-dea41879-6a8e18d1-d44362ee",
   "PatientMainDicomTags" : 
   {
      "PatientBirthDate" : "19240101",
      "PatientID" : "0000002018",
      "PatientName" : "AVE+ BRAIN + POST + SINUS",
      "PatientSex" : "M"
   },
   "Series" : 
   [
      "4541c007-3ddcd5b2-6bf192fc-d28df38d-afe5c271",
      "f6ebf659-c336b2b9-102a72e3-2cd836e9-a5662c26"
   ],
   "Type" : "Study"
}
[26-Apr-2025 17:52:56 Europe/Berlin] Requête proxy vers Orthanc (GET http://localhost:8042/studies/286789b1-82845a45-92d7dfc0-c6a8e286-27bc0129) - HTTP 200 : {
   "ID" : "286789b1-82845a45-92d7dfc0-c6a8e286-27bc0129",
   "IsStable" : true,
   "Labels" : [],
   "LastUpdate" : "20250311T081322",
   "MainDicomTags" : 
   {
      "AccessionNumber" : "",
      "InstitutionName" : "CHU St ROCH",
      "ReferringPhysicianName" : "",
      "StudyDate" : "19961014",
      "StudyID" : "2011",
      "StudyInstanceUID" : "1.3.46.670589.10.900123.19970114.35049000050.1",
      "StudyTime" : "115421.00000"
   },
   "ParentPatient" : "10092b57-91bddc20-e68b74c7-8956c6df-49e00750",
   "PatientMainDicomTags" : 
   {
      "PatientBirthDate" : "19320918",
      "PatientID" : "0000002011",
      "PatientName" : "AVE+ KNEE",
      "PatientSex" : "F"
   },
   "Series" : 
   [
      "f623b033-c3bb9318-1ae62c1a-9fd5f247-24c86dea"
   ],
   "Type" : "Study"
}
[26-Apr-2025 17:52:56 Europe/Berlin] Requête proxy vers Orthanc (GET http://localhost:8042/studies/ae9bf996-b6ab6a8b-eba1f35e-14600862-f9393ddd) - HTTP 200 : {
   "ID" : "ae9bf996-b6ab6a8b-eba1f35e-14600862-f9393ddd",
   "IsStable" : true,
   "Labels" : [],
   "LastUpdate" : "20250421T233940",
   "MainDicomTags" : 
   {
      "AccessionNumber" : "",
      "InstitutionName" : "",
      "ReferringPhysicianName" : "",
      "StudyDate" : "20210113",
      "StudyDescription" : "Osteo_2021 Cheville",
      "StudyID" : "b0513b81-3517-43",
      "StudyInstanceUID" : "1.3.12.2.1107.5.2.53.189501.30000021011309045077000000005",
      "StudyTime" : "130454.100000"
   },
   "ParentPatient" : "c5cc2652-d994a3cd-4c0b46e9-8aeb6e72-a0135eba",
   "PatientMainDicomTags" : 
   {
      "PatientBirthDate" : "19960205",
      "PatientID" : "2021.01.13-13:04:52-STD-1.3.12.2.1107.5.99.3",
      "PatientName" : "DeepResolve_Altea2",
      "PatientSex" : "M"
   },
   "Series" : 
   [
      "11b7c563-ae504ced-e95ed300-7176b3e8-74f7e2f5"
   ],
   "Type" : "Study"
}
[26-Apr-2025 17:52:56 Europe/Berlin] Requête proxy vers Orthanc (GET http://localhost:8042/studies/0ba2c4af-c4286377-ed83307a-c4307d90-422eea83) - HTTP 200 : {
   "ID" : "0ba2c4af-c4286377-ed83307a-c4307d90-422eea83",
   "IsStable" : true,
   "Labels" : [],
   "LastUpdate" : "20250311T081322",
   "MainDicomTags" : 
   {
      "AccessionNumber" : "",
      "InstitutionName" : "CHU St ROCH",
      "ReferringPhysicianName" : "",
      "StudyDate" : "19961014",
      "StudyID" : "2014",
      "StudyInstanceUID" : "1.3.46.670589.10.900123.19970114.35029000020.1",
      "StudyTime" : "121625.00000"
   },
   "ParentPatient" : "8fff5df9-52cafc00-77071493-d6c9febb-c05b7e14",
   "PatientMainDicomTags" : 
   {
      "PatientBirthDate" : "19131220",
      "PatientID" : "0000002014",
      "PatientName" : "AVE+ BRAIN + POST FOS.",
      "PatientSex" : "F"
   },
   "Series" : 
   [
      "670d99fa-c4a853ca-52f7989e-f6df82a8-5123711c"
   ],
   "Type" : "Study"
}
[26-Apr-2025 17:52:56 Europe/Berlin] Requête proxy vers Orthanc (GET http://localhost:8042/series/19b4c568-a95664f5-ad117914-3ccf7292-2a7ee3a0) - HTTP 200 : {
   "ExpectedNumberOfInstances" : null,
   "ID" : "19b4c568-a95664f5-ad117914-3ccf7292-2a7ee3a0",
   "Instances" : 
   [
      "24e83fd1-ddd03175-beb6aa86-f4ce6432-4241b24f",
      "26952bd2-9569483f-e0549aca-a33b9065-69c33884",
      "2faf6dae-1e8dd60c-78fbca50-98cc48e7-66559504",
      "5974bce8-dfa0d418-48e52945-578a9547-fbb8179e",
      "63831658-2ed313e4-bdd47183-6c1be4da-c0022bb4",
      "75c6d27e-9c7d0b29-ef99341d-b7507933-63d3057d",
      "bc61cc15-593581eb-104dd853-f8e2ae2f-19704638",
      "cad86111-996653c7-c7ca1820-b783c4c3-9ff6e63b",
      "dacc5f2c-4eb67b6e-62fe20be-08583e4b-f7285061",
      "fe9d11b9-08ca2a74-f27c7727-86fa6833-6b2583ab"
   ],
   "IsStable" : true,
   "Labels" : [],
   "LastUpdate" : "20250311T081323",
   "MainDicomTags" : 
   {
      "ContrastBolusAgent" : "CONT",
      "ImageOrientationPatient" : "1.0000\\0.0000\\0.0000\\0.0000\\1.0000\\0.0000",
      "Manufacturer" : "Philips Medical Systems",
      "Modality" : "CT",
      "ProtocolName" : "50",
      "SeriesInstanceUID" : "1.3.46.670589.10.900123.19970114.35056000060.3",
      "SeriesNumber" : " 1",
      "StationName" : "MVP"
   },
   "ParentStudy" : "200b3e41-4557e5ed-2b4a1771-a9e4ad06-cd1306c8",
   "Status" : "Unknown",
   "Type" : "Series"
}
[26-Apr-2025 17:52:56 Europe/Berlin] Requête proxy vers Orthanc (GET http://localhost:8042/studies/200b3e41-4557e5ed-2b4a1771-a9e4ad06-cd1306c8) - HTTP 200 : {
   "ID" : "200b3e41-4557e5ed-2b4a1771-a9e4ad06-cd1306c8",
   "IsStable" : true,
   "Labels" : [],
   "LastUpdate" : "20250311T081323",
   "MainDicomTags" : 
   {
      "AccessionNumber" : "",
      "InstitutionName" : "CHU St ROCH",
      "ReferringPhysicianName" : "",
      "StudyDate" : "19961014",
      "StudyID" : "2019",
      "StudyInstanceUID" : "1.3.46.670589.10.900123.19970114.35056000060.1",
      "StudyTime" : "145056.00000"
   },
   "ParentPatient" : "9b4d864d-a53a383a-44cdda8a-269b4eee-777c5729",
   "PatientMainDicomTags" : 
   {
      "PatientBirthDate" : "19781010",
      "PatientID" : "0000002019",
      "PatientName" : "AVE+ ABDOMEN",
      "PatientSex" : "M"
   },
   "Series" : 
   [
      "19b4c568-a95664f5-ad117914-3ccf7292-2a7ee3a0"
   ],
   "Type" : "Study"
}
[26-Apr-2025 17:52:56 Europe/Berlin] Requête proxy vers Orthanc (GET http://localhost:8042/studies/8e51d8c2-c73f0a1e-57f97ca6-0fe69e66-c5e753eb) - HTTP 200 : {
   "ID" : "8e51d8c2-c73f0a1e-57f97ca6-0fe69e66-c5e753eb",
   "IsStable" : true,
   "Labels" : [],
   "LastUpdate" : "20250421T202126",
   "MainDicomTags" : 
   {
      "AccessionNumber" : "",
      "InstitutionName" : "CHU St ROCH",
      "ReferringPhysicianName" : "",
      "StudyDate" : "19961014",
      "StudyID" : "2018",
      "StudyInstanceUID" : "1.3.46.670589.10.900123.19970114.35036000030.1",
      "StudyTime" : "140735.00000"
   },
   "ParentPatient" : "62bc7cdd-8f5ae588-dea41879-6a8e18d1-d44362ee",
   "PatientMainDicomTags" : 
   {
      "PatientBirthDate" : "19240101",
      "PatientID" : "0000002018",
      "PatientName" : "AVE+ BRAIN + POST + SINUS",
      "PatientSex" : "M"
   },
   "Series" : 
   [
      "4541c007-3ddcd5b2-6bf192fc-d28df38d-afe5c271",
      "f6ebf659-c336b2b9-102a72e3-2cd836e9-a5662c26"
   ],
   "Type" : "Study"
}
[26-Apr-2025 17:52:56 Europe/Berlin] Requête proxy vers Orthanc (GET http://localhost:8042/studies/200b3e41-4557e5ed-2b4a1771-a9e4ad06-cd1306c8) - HTTP 200 : {
   "ID" : "200b3e41-4557e5ed-2b4a1771-a9e4ad06-cd1306c8",
   "IsStable" : true,
   "Labels" : [],
   "LastUpdate" : "20250311T081323",
   "MainDicomTags" : 
   {
      "AccessionNumber" : "",
      "InstitutionName" : "CHU St ROCH",
      "ReferringPhysicianName" : "",
      "StudyDate" : "19961014",
      "StudyID" : "2019",
      "StudyInstanceUID" : "1.3.46.670589.10.900123.19970114.35056000060.1",
      "StudyTime" : "145056.00000"
   },
   "ParentPatient" : "9b4d864d-a53a383a-44cdda8a-269b4eee-777c5729",
   "PatientMainDicomTags" : 
   {
      "PatientBirthDate" : "19781010",
      "PatientID" : "0000002019",
      "PatientName" : "AVE+ ABDOMEN",
      "PatientSex" : "M"
   },
   "Series" : 
   [
      "19b4c568-a95664f5-ad117914-3ccf7292-2a7ee3a0"
   ],
   "Type" : "Study"
}
[26-Apr-2025 17:52:56 Europe/Berlin] Requête proxy vers Orthanc (GET http://localhost:8042/series/19b4c568-a95664f5-ad117914-3ccf7292-2a7ee3a0) - HTTP 200 : {
   "ExpectedNumberOfInstances" : null,
   "ID" : "19b4c568-a95664f5-ad117914-3ccf7292-2a7ee3a0",
   "Instances" : 
   [
      "24e83fd1-ddd03175-beb6aa86-f4ce6432-4241b24f",
      "26952bd2-9569483f-e0549aca-a33b9065-69c33884",
      "2faf6dae-1e8dd60c-78fbca50-98cc48e7-66559504",
      "5974bce8-dfa0d418-48e52945-578a9547-fbb8179e",
      "63831658-2ed313e4-bdd47183-6c1be4da-c0022bb4",
      "75c6d27e-9c7d0b29-ef99341d-b7507933-63d3057d",
      "bc61cc15-593581eb-104dd853-f8e2ae2f-19704638",
      "cad86111-996653c7-c7ca1820-b783c4c3-9ff6e63b",
      "dacc5f2c-4eb67b6e-62fe20be-08583e4b-f7285061",
      "fe9d11b9-08ca2a74-f27c7727-86fa6833-6b2583ab"
   ],
   "IsStable" : true,
   "Labels" : [],
   "LastUpdate" : "20250311T081323",
   "MainDicomTags" : 
   {
      "ContrastBolusAgent" : "CONT",
      "ImageOrientationPatient" : "1.0000\\0.0000\\0.0000\\0.0000\\1.0000\\0.0000",
      "Manufacturer" : "Philips Medical Systems",
      "Modality" : "CT",
      "ProtocolName" : "50",
      "SeriesInstanceUID" : "1.3.46.670589.10.900123.19970114.35056000060.3",
      "SeriesNumber" : " 1",
      "StationName" : "MVP"
   },
   "ParentStudy" : "200b3e41-4557e5ed-2b4a1771-a9e4ad06-cd1306c8",
   "Status" : "Unknown",
   "Type" : "Series"
}
[26-Apr-2025 17:52:57 Europe/Berlin] Requête proxy vers Orthanc (GET http://localhost:8042/studies/200b3e41-4557e5ed-2b4a1771-a9e4ad06-cd1306c8) - HTTP 200 : {
   "ID" : "200b3e41-4557e5ed-2b4a1771-a9e4ad06-cd1306c8",
   "IsStable" : true,
   "Labels" : [],
   "LastUpdate" : "20250311T081323",
   "MainDicomTags" : 
   {
      "AccessionNumber" : "",
      "InstitutionName" : "CHU St ROCH",
      "ReferringPhysicianName" : "",
      "StudyDate" : "19961014",
      "StudyID" : "2019",
      "StudyInstanceUID" : "1.3.46.670589.10.900123.19970114.35056000060.1",
      "StudyTime" : "145056.00000"
   },
   "ParentPatient" : "9b4d864d-a53a383a-44cdda8a-269b4eee-777c5729",
   "PatientMainDicomTags" : 
   {
      "PatientBirthDate" : "19781010",
      "PatientID" : "0000002019",
      "PatientName" : "AVE+ ABDOMEN",
      "PatientSex" : "M"
   },
   "Series" : 
   [
      "19b4c568-a95664f5-ad117914-3ccf7292-2a7ee3a0"
   ],
   "Type" : "Study"
}
[26-Apr-2025 17:52:57 Europe/Berlin] Requête proxy vers Orthanc (GET http://localhost:8042/series/19b4c568-a95664f5-ad117914-3ccf7292-2a7ee3a0) - HTTP 200 : {
   "ExpectedNumberOfInstances" : null,
   "ID" : "19b4c568-a95664f5-ad117914-3ccf7292-2a7ee3a0",
   "Instances" : 
   [
      "24e83fd1-ddd03175-beb6aa86-f4ce6432-4241b24f",
      "26952bd2-9569483f-e0549aca-a33b9065-69c33884",
      "2faf6dae-1e8dd60c-78fbca50-98cc48e7-66559504",
      "5974bce8-dfa0d418-48e52945-578a9547-fbb8179e",
      "63831658-2ed313e4-bdd47183-6c1be4da-c0022bb4",
      "75c6d27e-9c7d0b29-ef99341d-b7507933-63d3057d",
      "bc61cc15-593581eb-104dd853-f8e2ae2f-19704638",
      "cad86111-996653c7-c7ca1820-b783c4c3-9ff6e63b",
      "dacc5f2c-4eb67b6e-62fe20be-08583e4b-f7285061",
      "fe9d11b9-08ca2a74-f27c7727-86fa6833-6b2583ab"
   ],
   "IsStable" : true,
   "Labels" : [],
   "LastUpdate" : "20250311T081323",
   "MainDicomTags" : 
   {
      "ContrastBolusAgent" : "CONT",
      "ImageOrientationPatient" : "1.0000\\0.0000\\0.0000\\0.0000\\1.0000\\0.0000",
      "Manufacturer" : "Philips Medical Systems",
      "Modality" : "CT",
      "ProtocolName" : "50",
      "SeriesInstanceUID" : "1.3.46.670589.10.900123.19970114.35056000060.3",
      "SeriesNumber" : " 1",
      "StationName" : "MVP"
   },
   "ParentStudy" : "200b3e41-4557e5ed-2b4a1771-a9e4ad06-cd1306c8",
   "Status" : "Unknown",
   "Type" : "Series"
}
[26-Apr-2025 17:52:57 Europe/Berlin] Requête proxy vers Orthanc (GET http://localhost:8042/studies/200b3e41-4557e5ed-2b4a1771-a9e4ad06-cd1306c8) - HTTP 200 : {
   "ID" : "200b3e41-4557e5ed-2b4a1771-a9e4ad06-cd1306c8",
   "IsStable" : true,
   "Labels" : [],
   "LastUpdate" : "20250311T081323",
   "MainDicomTags" : 
   {
      "AccessionNumber" : "",
      "InstitutionName" : "CHU St ROCH",
      "ReferringPhysicianName" : "",
      "StudyDate" : "19961014",
      "StudyID" : "2019",
      "StudyInstanceUID" : "1.3.46.670589.10.900123.19970114.35056000060.1",
      "StudyTime" : "145056.00000"
   },
   "ParentPatient" : "9b4d864d-a53a383a-44cdda8a-269b4eee-777c5729",
   "PatientMainDicomTags" : 
   {
      "PatientBirthDate" : "19781010",
      "PatientID" : "0000002019",
      "PatientName" : "AVE+ ABDOMEN",
      "PatientSex" : "M"
   },
   "Series" : 
   [
      "19b4c568-a95664f5-ad117914-3ccf7292-2a7ee3a0"
   ],
   "Type" : "Study"
}
[26-Apr-2025 17:52:57 Europe/Berlin] Requête proxy vers Orthanc (GET http://localhost:8042/series/19b4c568-a95664f5-ad117914-3ccf7292-2a7ee3a0) - HTTP 200 : {
   "ExpectedNumberOfInstances" : null,
   "ID" : "19b4c568-a95664f5-ad117914-3ccf7292-2a7ee3a0",
   "Instances" : 
   [
      "24e83fd1-ddd03175-beb6aa86-f4ce6432-4241b24f",
      "26952bd2-9569483f-e0549aca-a33b9065-69c33884",
      "2faf6dae-1e8dd60c-78fbca50-98cc48e7-66559504",
      "5974bce8-dfa0d418-48e52945-578a9547-fbb8179e",
      "63831658-2ed313e4-bdd47183-6c1be4da-c0022bb4",
      "75c6d27e-9c7d0b29-ef99341d-b7507933-63d3057d",
      "bc61cc15-593581eb-104dd853-f8e2ae2f-19704638",
      "cad86111-996653c7-c7ca1820-b783c4c3-9ff6e63b",
      "dacc5f2c-4eb67b6e-62fe20be-08583e4b-f7285061",
      "fe9d11b9-08ca2a74-f27c7727-86fa6833-6b2583ab"
   ],
   "IsStable" : true,
   "Labels" : [],
   "LastUpdate" : "20250311T081323",
   "MainDicomTags" : 
   {
      "ContrastBolusAgent" : "CONT",
      "ImageOrientationPatient" : "1.0000\\0.0000\\0.0000\\0.0000\\1.0000\\0.0000",
      "Manufacturer" : "Philips Medical Systems",
      "Modality" : "CT",
      "ProtocolName" : "50",
      "SeriesInstanceUID" : "1.3.46.670589.10.900123.19970114.35056000060.3",
      "SeriesNumber" : " 1",
      "StationName" : "MVP"
   },
   "ParentStudy" : "200b3e41-4557e5ed-2b4a1771-a9e4ad06-cd1306c8",
   "Status" : "Unknown",
   "Type" : "Series"
}
[26-Apr-2025 17:52:57 Europe/Berlin] Requête proxy vers Orthanc (GET http://localhost:8042/studies/200b3e41-4557e5ed-2b4a1771-a9e4ad06-cd1306c8) - HTTP 200 : {
   "ID" : "200b3e41-4557e5ed-2b4a1771-a9e4ad06-cd1306c8",
   "IsStable" : true,
   "Labels" : [],
   "LastUpdate" : "20250311T081323",
   "MainDicomTags" : 
   {
      "AccessionNumber" : "",
      "InstitutionName" : "CHU St ROCH",
      "ReferringPhysicianName" : "",
      "StudyDate" : "19961014",
      "StudyID" : "2019",
      "StudyInstanceUID" : "1.3.46.670589.10.900123.19970114.35056000060.1",
      "StudyTime" : "145056.00000"
   },
   "ParentPatient" : "9b4d864d-a53a383a-44cdda8a-269b4eee-777c5729",
   "PatientMainDicomTags" : 
   {
      "PatientBirthDate" : "19781010",
      "PatientID" : "0000002019",
      "PatientName" : "AVE+ ABDOMEN",
      "PatientSex" : "M"
   },
   "Series" : 
   [
      "19b4c568-a95664f5-ad117914-3ccf7292-2a7ee3a0"
   ],
   "Type" : "Study"
}
[26-Apr-2025 17:52:57 Europe/Berlin] Requête proxy vers Orthanc (GET http://localhost:8042/series/19b4c568-a95664f5-ad117914-3ccf7292-2a7ee3a0) - HTTP 200 : {
   "ExpectedNumberOfInstances" : null,
   "ID" : "19b4c568-a95664f5-ad117914-3ccf7292-2a7ee3a0",
   "Instances" : 
   [
      "24e83fd1-ddd03175-beb6aa86-f4ce6432-4241b24f",
      "26952bd2-9569483f-e0549aca-a33b9065-69c33884",
      "2faf6dae-1e8dd60c-78fbca50-98cc48e7-66559504",
      "5974bce8-dfa0d418-48e52945-578a9547-fbb8179e",
      "63831658-2ed313e4-bdd47183-6c1be4da-c0022bb4",
      "75c6d27e-9c7d0b29-ef99341d-b7507933-63d3057d",
      "bc61cc15-593581eb-104dd853-f8e2ae2f-19704638",
      "cad86111-996653c7-c7ca1820-b783c4c3-9ff6e63b",
      "dacc5f2c-4eb67b6e-62fe20be-08583e4b-f7285061",
      "fe9d11b9-08ca2a74-f27c7727-86fa6833-6b2583ab"
   ],
   "IsStable" : true,
   "Labels" : [],
   "LastUpdate" : "20250311T081323",
   "MainDicomTags" : 
   {
      "ContrastBolusAgent" : "CONT",
      "ImageOrientationPatient" : "1.0000\\0.0000\\0.0000\\0.0000\\1.0000\\0.0000",
      "Manufacturer" : "Philips Medical Systems",
      "Modality" : "CT",
      "ProtocolName" : "50",
      "SeriesInstanceUID" : "1.3.46.670589.10.900123.19970114.35056000060.3",
      "SeriesNumber" : " 1",
      "StationName" : "MVP"
   },
   "ParentStudy" : "200b3e41-4557e5ed-2b4a1771-a9e4ad06-cd1306c8",
   "Status" : "Unknown",
   "Type" : "Series"
}
[26-Apr-2025 17:52:57 Europe/Berlin] Requête proxy vers Orthanc (GET http://localhost:8042/studies/200b3e41-4557e5ed-2b4a1771-a9e4ad06-cd1306c8) - HTTP 200 : {
   "ID" : "200b3e41-4557e5ed-2b4a1771-a9e4ad06-cd1306c8",
   "IsStable" : true,
   "Labels" : [],
   "LastUpdate" : "20250311T081323",
   "MainDicomTags" : 
   {
      "AccessionNumber" : "",
      "InstitutionName" : "CHU St ROCH",
      "ReferringPhysicianName" : "",
      "StudyDate" : "19961014",
      "StudyID" : "2019",
      "StudyInstanceUID" : "1.3.46.670589.10.900123.19970114.35056000060.1",
      "StudyTime" : "145056.00000"
   },
   "ParentPatient" : "9b4d864d-a53a383a-44cdda8a-269b4eee-777c5729",
   "PatientMainDicomTags" : 
   {
      "PatientBirthDate" : "19781010",
      "PatientID" : "0000002019",
      "PatientName" : "AVE+ ABDOMEN",
      "PatientSex" : "M"
   },
   "Series" : 
   [
      "19b4c568-a95664f5-ad117914-3ccf7292-2a7ee3a0"
   ],
   "Type" : "Study"
}
[26-Apr-2025 17:52:57 Europe/Berlin] Requête proxy vers Orthanc (GET http://localhost:8042/series/19b4c568-a95664f5-ad117914-3ccf7292-2a7ee3a0) - HTTP 200 : {
   "ExpectedNumberOfInstances" : null,
   "ID" : "19b4c568-a95664f5-ad117914-3ccf7292-2a7ee3a0",
   "Instances" : 
   [
      "24e83fd1-ddd03175-beb6aa86-f4ce6432-4241b24f",
      "26952bd2-9569483f-e0549aca-a33b9065-69c33884",
      "2faf6dae-1e8dd60c-78fbca50-98cc48e7-66559504",
      "5974bce8-dfa0d418-48e52945-578a9547-fbb8179e",
      "63831658-2ed313e4-bdd47183-6c1be4da-c0022bb4",
      "75c6d27e-9c7d0b29-ef99341d-b7507933-63d3057d",
      "bc61cc15-593581eb-104dd853-f8e2ae2f-19704638",
      "cad86111-996653c7-c7ca1820-b783c4c3-9ff6e63b",
      "dacc5f2c-4eb67b6e-62fe20be-08583e4b-f7285061",
      "fe9d11b9-08ca2a74-f27c7727-86fa6833-6b2583ab"
   ],
   "IsStable" : true,
   "Labels" : [],
   "LastUpdate" : "20250311T081323",
   "MainDicomTags" : 
   {
      "ContrastBolusAgent" : "CONT",
      "ImageOrientationPatient" : "1.0000\\0.0000\\0.0000\\0.0000\\1.0000\\0.0000",
      "Manufacturer" : "Philips Medical Systems",
      "Modality" : "CT",
      "ProtocolName" : "50",
      "SeriesInstanceUID" : "1.3.46.670589.10.900123.19970114.35056000060.3",
      "SeriesNumber" : " 1",
      "StationName" : "MVP"
   },
   "ParentStudy" : "200b3e41-4557e5ed-2b4a1771-a9e4ad06-cd1306c8",
   "Status" : "Unknown",
   "Type" : "Series"
}
[26-Apr-2025 17:53:01 Europe/Berlin] Requête proxy vers Orthanc (GET http://localhost:8042/series/19b4c568-a95664f5-ad117914-3ccf7292-2a7ee3a0) - HTTP 200 : {
   "ExpectedNumberOfInstances" : null,
   "ID" : "19b4c568-a95664f5-ad117914-3ccf7292-2a7ee3a0",
   "Instances" : 
   [
      "24e83fd1-ddd03175-beb6aa86-f4ce6432-4241b24f",
      "26952bd2-9569483f-e0549aca-a33b9065-69c33884",
      "2faf6dae-1e8dd60c-78fbca50-98cc48e7-66559504",
      "5974bce8-dfa0d418-48e52945-578a9547-fbb8179e",
      "63831658-2ed313e4-bdd47183-6c1be4da-c0022bb4",
      "75c6d27e-9c7d0b29-ef99341d-b7507933-63d3057d",
      "bc61cc15-593581eb-104dd853-f8e2ae2f-19704638",
      "cad86111-996653c7-c7ca1820-b783c4c3-9ff6e63b",
      "dacc5f2c-4eb67b6e-62fe20be-08583e4b-f7285061",
      "fe9d11b9-08ca2a74-f27c7727-86fa6833-6b2583ab"
   ],
   "IsStable" : true,
   "Labels" : [],
   "LastUpdate" : "20250311T081323",
   "MainDicomTags" : 
   {
      "ContrastBolusAgent" : "CONT",
      "ImageOrientationPatient" : "1.0000\\0.0000\\0.0000\\0.0000\\1.0000\\0.0000",
      "Manufacturer" : "Philips Medical Systems",
      "Modality" : "CT",
      "ProtocolName" : "50",
      "SeriesInstanceUID" : "1.3.46.670589.10.900123.19970114.35056000060.3",
      "SeriesNumber" : " 1",
      "StationName" : "MVP"
   },
   "ParentStudy" : "200b3e41-4557e5ed-2b4a1771-a9e4ad06-cd1306c8",
   "Status" : "Unknown",
   "Type" : "Series"
}
[26-Apr-2025 17:53:01 Europe/Berlin] Requête proxy vers Orthanc (GET http://localhost:8042/studies/200b3e41-4557e5ed-2b4a1771-a9e4ad06-cd1306c8) - HTTP 200 : {
   "ID" : "200b3e41-4557e5ed-2b4a1771-a9e4ad06-cd1306c8",
   "IsStable" : true,
   "Labels" : [],
   "LastUpdate" : "20250311T081323",
   "MainDicomTags" : 
   {
      "AccessionNumber" : "",
      "InstitutionName" : "CHU St ROCH",
      "ReferringPhysicianName" : "",
      "StudyDate" : "19961014",
      "StudyID" : "2019",
      "StudyInstanceUID" : "1.3.46.670589.10.900123.19970114.35056000060.1",
      "StudyTime" : "145056.00000"
   },
   "ParentPatient" : "9b4d864d-a53a383a-44cdda8a-269b4eee-777c5729",
   "PatientMainDicomTags" : 
   {
      "PatientBirthDate" : "19781010",
      "PatientID" : "0000002019",
      "PatientName" : "AVE+ ABDOMEN",
      "PatientSex" : "M"
   },
   "Series" : 
   [
      "19b4c568-a95664f5-ad117914-3ccf7292-2a7ee3a0"
   ],
   "Type" : "Study"
}
[26-Apr-2025 17:53:01 Europe/Berlin] Requête proxy vers Orthanc (GET http://localhost:8042/studies/200b3e41-4557e5ed-2b4a1771-a9e4ad06-cd1306c8) - HTTP 200 : {
   "ID" : "200b3e41-4557e5ed-2b4a1771-a9e4ad06-cd1306c8",
   "IsStable" : true,
   "Labels" : [],
   "LastUpdate" : "20250311T081323",
   "MainDicomTags" : 
   {
      "AccessionNumber" : "",
      "InstitutionName" : "CHU St ROCH",
      "ReferringPhysicianName" : "",
      "StudyDate" : "19961014",
      "StudyID" : "2019",
      "StudyInstanceUID" : "1.3.46.670589.10.900123.19970114.35056000060.1",
      "StudyTime" : "145056.00000"
   },
   "ParentPatient" : "9b4d864d-a53a383a-44cdda8a-269b4eee-777c5729",
   "PatientMainDicomTags" : 
   {
      "PatientBirthDate" : "19781010",
      "PatientID" : "0000002019",
      "PatientName" : "AVE+ ABDOMEN",
      "PatientSex" : "M"
   },
   "Series" : 
   [
      "19b4c568-a95664f5-ad117914-3ccf7292-2a7ee3a0"
   ],
   "Type" : "Study"
}
[26-Apr-2025 17:53:01 Europe/Berlin] Requête proxy vers Orthanc (GET http://localhost:8042/studies/200b3e41-4557e5ed-2b4a1771-a9e4ad06-cd1306c8) - HTTP 200 : {
   "ID" : "200b3e41-4557e5ed-2b4a1771-a9e4ad06-cd1306c8",
   "IsStable" : true,
   "Labels" : [],
   "LastUpdate" : "20250311T081323",
   "MainDicomTags" : 
   {
      "AccessionNumber" : "",
      "InstitutionName" : "CHU St ROCH",
      "ReferringPhysicianName" : "",
      "StudyDate" : "19961014",
      "StudyID" : "2019",
      "StudyInstanceUID" : "1.3.46.670589.10.900123.19970114.35056000060.1",
      "StudyTime" : "145056.00000"
   },
   "ParentPatient" : "9b4d864d-a53a383a-44cdda8a-269b4eee-777c5729",
   "PatientMainDicomTags" : 
   {
      "PatientBirthDate" : "19781010",
      "PatientID" : "0000002019",
      "PatientName" : "AVE+ ABDOMEN",
      "PatientSex" : "M"
   },
   "Series" : 
   [
      "19b4c568-a95664f5-ad117914-3ccf7292-2a7ee3a0"
   ],
   "Type" : "Study"
}
[26-Apr-2025 17:54:52 Europe/Berlin] Requête proxy vers Orthanc : [GET] http://localhost:8042//instances
[26-Apr-2025 17:54:52 Europe/Berlin] Réponse Orthanc (HTTP 200) : [
   "094563e4-74b821f1-120c8584-6236b3ba-05716a47",
   "24e83fd1-ddd03175-beb6aa86-f4ce6432-4241b24f",
   "26952bd2-9569483f-e0549aca-a33b9065-69c33884",
   "2faf6dae-1e8dd60c-78fbca50-98cc48e7-66559504",
   "582dde1a-6ee0dcb1-dc2c0a3c-06a79b2f-211eda06",
   "5974bce8-dfa0d418-48e52945-578a9547-fbb8179e",
   "63831658-2ed313e4-bdd47183-6c1be4da-c0022bb4",
   "75c6d27e-9c7d0b29-ef99341d-b7507933-63d3057d",
   "96548d6b-b87fefbd-78a3f7c5-c5abe181-0643a103",
   "b7fb1fb4-142e5a15-333ae197-298b1626-11f8833b",
   "bc61cc15-593581eb-104dd853-f8e2ae2f-19704638",
   "cad86111-996653c7-c7ca1820-b783c4c3-9ff6e63b",
   "dacc5f2c-4eb67b6e-62fe20be-08583e4b-f7285061",
   "e07efef8-4eba99da-e58dbc40-0173c1da-e2535081",
   "eb17dc02-607db0a6-1074ad73-79fb3688-f9a596db",
   "fe9d11b9-08ca2a74-f27c7727-86fa6833-6b2583ab",
   "feaf75ad-9548b055-4a7a21f5-3db18a07-9c6903d3"
]
[26-Apr-2025 17:54:52 Europe/Berlin] Requête proxy vers Orthanc : [GET] http://localhost:8042/instances/094563e4-74b821f1-120c8584-6236b3ba-05716a47?expand
[26-Apr-2025 17:54:52 Europe/Berlin] Requête proxy vers Orthanc : [GET] http://localhost:8042/instances/582dde1a-6ee0dcb1-dc2c0a3c-06a79b2f-211eda06?expand
[26-Apr-2025 17:54:52 Europe/Berlin] Requête proxy vers Orthanc : [GET] http://localhost:8042/instances/26952bd2-9569483f-e0549aca-a33b9065-69c33884?expand
[26-Apr-2025 17:54:52 Europe/Berlin] Requête proxy vers Orthanc : [GET] http://localhost:8042/instances/2faf6dae-1e8dd60c-78fbca50-98cc48e7-66559504?expand
[26-Apr-2025 17:54:52 Europe/Berlin] Requête proxy vers Orthanc : [GET] http://localhost:8042/instances/24e83fd1-ddd03175-beb6aa86-f4ce6432-4241b24f?expand
[26-Apr-2025 17:54:52 Europe/Berlin] Requête proxy vers Orthanc : [GET] http://localhost:8042/instances/5974bce8-dfa0d418-48e52945-578a9547-fbb8179e?expand
[26-Apr-2025 17:54:52 Europe/Berlin] Réponse Orthanc (HTTP 200) : {
   "FileSize" : 526336,
   "FileUuid" : "847455dd-9936-4c5a-9d73-29f225acd32b",
   "ID" : "094563e4-74b821f1-120c8584-6236b3ba-05716a47",
   "IndexInSeries" : 5003,
   "Labels" : [],
   "MainDicomTags" : 
   {
      "AcquisitionNumber" : " 5",
      "ImageComments" : "MD",
      "ImageOrientationPatient" : "1.0000\\0.0000\\0.0000\\0.0000\\1.0000\\0.0000",
      "ImagePositionPatient" : "-80.7000\\-75.1000\\-61.0000",
      "InstanceCreationDate" : "19970114",
      "InstanceCreationTime" : "035049.0005",
      "InstanceNumber" : "5003",
      "SOPInstanceUID" : "1.3.46.670589.10.900123.19970114.35049000050"
   },
   "ParentSeries" : "f623b033-c3bb9318-1ae62c1a-9fd5f247-24c86dea",
   "Type" : "Instance"
}
[26-Apr-2025 17:54:52 Europe/Berlin] Réponse Orthanc (HTTP 200) : {
   "FileSize" : 527206,
   "FileUuid" : "795689db-f22a-4dce-b798-da7adabb6f0e",
   "ID" : "582dde1a-6ee0dcb1-dc2c0a3c-06a79b2f-211eda06",
   "IndexInSeries" : null,
   "Labels" : [],
   "MainDicomTags" : 
   {
      "InstanceCreationDate" : "20250421",
      "InstanceCreationTime" : "202125.000000",
      "SOPInstanceUID" : "1.2.276.0.7230010.3.1.4.1159938914.5836.1745266885.814"
   },
   "ParentSeries" : "4541c007-3ddcd5b2-6bf192fc-d28df38d-afe5c271",
   "Type" : "Instance"
}
[26-Apr-2025 17:54:52 Europe/Berlin] Requête proxy vers Orthanc : [GET] http://localhost:8042/instances/63831658-2ed313e4-bdd47183-6c1be4da-c0022bb4?expand
[26-Apr-2025 17:54:52 Europe/Berlin] Requête proxy vers Orthanc : [GET] http://localhost:8042/instances/75c6d27e-9c7d0b29-ef99341d-b7507933-63d3057d?expand
[26-Apr-2025 17:54:52 Europe/Berlin] Réponse Orthanc (HTTP 200) : {
   "FileSize" : 526336,
   "FileUuid" : "9702e94e-8902-4103-ae55-af77a92efc6a",
   "ID" : "26952bd2-9569483f-e0549aca-a33b9065-69c33884",
   "IndexInSeries" : 17001,
   "Labels" : [],
   "MainDicomTags" : 
   {
      "AcquisitionNumber" : "17",
      "ImageComments" : "",
      "ImageOrientationPatient" : "1.0000\\0.0000\\0.0000\\0.0000\\1.0000\\0.0000",
      "ImagePositionPatient" : "-175.1000\\-175.1000\\-150.0000",
      "InstanceCreationDate" : "19970114",
      "InstanceCreationTime" : "035115.0010",
      "InstanceNumber" : " 17001",
      "SOPInstanceUID" : "1.3.46.670589.10.900123.19970114.35115000100"
   },
   "ParentSeries" : "19b4c568-a95664f5-ad117914-3ccf7292-2a7ee3a0",
   "Type" : "Instance"
}
[26-Apr-2025 17:54:52 Europe/Berlin] Réponse Orthanc (HTTP 200) : {
   "FileSize" : 526336,
   "FileUuid" : "43af4eee-ad27-4654-b4a1-e5a62a718f5a",
   "ID" : "2faf6dae-1e8dd60c-78fbca50-98cc48e7-66559504",
   "IndexInSeries" : 20001,
   "Labels" : [],
   "MainDicomTags" : 
   {
      "AcquisitionNumber" : "20",
      "ImageComments" : "",
      "ImageOrientationPatient" : "1.0000\\0.0000\\0.0000\\0.0000\\1.0000\\0.0000",
      "ImagePositionPatient" : "-175.1000\\-175.1000\\-180.0000",
      "InstanceCreationDate" : "19970114",
      "InstanceCreationTime" : "035131.0013",
      "InstanceNumber" : " 20001",
      "SOPInstanceUID" : "1.3.46.670589.10.900123.19970114.35131000130"
   },
   "ParentSeries" : "19b4c568-a95664f5-ad117914-3ccf7292-2a7ee3a0",
   "Type" : "Instance"
}
[26-Apr-2025 17:54:52 Europe/Berlin] Requête proxy vers Orthanc : [GET] http://localhost:8042/instances/96548d6b-b87fefbd-78a3f7c5-c5abe181-0643a103?expand
[26-Apr-2025 17:54:52 Europe/Berlin] Requête proxy vers Orthanc : [GET] http://localhost:8042/instances/b7fb1fb4-142e5a15-333ae197-298b1626-11f8833b?expand
[26-Apr-2025 17:54:52 Europe/Berlin] Réponse Orthanc (HTTP 200) : {
   "FileSize" : 526336,
   "FileUuid" : "1b56fb91-ea25-44cc-8c18-5f24da876928",
   "ID" : "24e83fd1-ddd03175-beb6aa86-f4ce6432-4241b24f",
   "IndexInSeries" : 14001,
   "Labels" : [],
   "MainDicomTags" : 
   {
      "AcquisitionNumber" : "14",
      "ImageComments" : "",
      "ImageOrientationPatient" : "1.0000\\0.0000\\0.0000\\0.0000\\1.0000\\0.0000",
      "ImagePositionPatient" : "-175.1000\\-175.1000\\-120.0000",
      "InstanceCreationDate" : "19970114",
      "InstanceCreationTime" : "035100.0007",
      "InstanceNumber" : " 14001",
      "SOPInstanceUID" : "1.3.46.670589.10.900123.19970114.35100000070"
   },
   "ParentSeries" : "19b4c568-a95664f5-ad117914-3ccf7292-2a7ee3a0",
   "Type" : "Instance"
}
[26-Apr-2025 17:54:52 Europe/Berlin] Requête proxy vers Orthanc : [GET] http://localhost:8042/instances/bc61cc15-593581eb-104dd853-f8e2ae2f-19704638?expand
[26-Apr-2025 17:54:52 Europe/Berlin] Réponse Orthanc (HTTP 200) : {
   "FileSize" : 526336,
   "FileUuid" : "11a7f312-517f-42ad-a5f0-e749b0038b6c",
   "ID" : "5974bce8-dfa0d418-48e52945-578a9547-fbb8179e",
   "IndexInSeries" : 18001,
   "Labels" : [],
   "MainDicomTags" : 
   {
      "AcquisitionNumber" : "18",
      "ImageComments" : "",
      "ImageOrientationPatient" : "1.0000\\0.0000\\0.0000\\0.0000\\1.0000\\0.0000",
      "ImagePositionPatient" : "-175.1000\\-175.1000\\-160.0000",
      "InstanceCreationDate" : "19970114",
      "InstanceCreationTime" : "035120.0011",
      "InstanceNumber" : " 18001",
      "SOPInstanceUID" : "1.3.46.670589.10.900123.19970114.35120000110"
   },
   "ParentSeries" : "19b4c568-a95664f5-ad117914-3ccf7292-2a7ee3a0",
   "Type" : "Instance"
}
[26-Apr-2025 17:54:52 Europe/Berlin] Requête proxy vers Orthanc : [GET] http://localhost:8042/instances/cad86111-996653c7-c7ca1820-b783c4c3-9ff6e63b?expand
[26-Apr-2025 17:54:52 Europe/Berlin] Réponse Orthanc (HTTP 200) : {
   "FileSize" : 526336,
   "FileUuid" : "18595efd-f373-4173-a048-6de33ca05bca",
   "ID" : "63831658-2ed313e4-bdd47183-6c1be4da-c0022bb4",
   "IndexInSeries" : 15001,
   "Labels" : [],
   "MainDicomTags" : 
   {
      "AcquisitionNumber" : "15",
      "ImageComments" : "",
      "ImageOrientationPatient" : "1.0000\\0.0000\\0.0000\\0.0000\\1.0000\\0.0000",
      "ImagePositionPatient" : "-175.1000\\-175.1000\\-130.0000",
      "InstanceCreationDate" : "19970114",
      "InstanceCreationTime" : "035105.0008",
      "InstanceNumber" : " 15001",
      "SOPInstanceUID" : "1.3.46.670589.10.900123.19970114.35105000080"
   },
   "ParentSeries" : "19b4c568-a95664f5-ad117914-3ccf7292-2a7ee3a0",
   "Type" : "Instance"
}
[26-Apr-2025 17:54:52 Europe/Berlin] Réponse Orthanc (HTTP 200) : {
   "FileSize" : 526336,
   "FileUuid" : "7ef2cfb2-cd10-40ef-8012-0b6fd7578b13",
   "ID" : "75c6d27e-9c7d0b29-ef99341d-b7507933-63d3057d",
   "IndexInSeries" : 21001,
   "Labels" : [],
   "MainDicomTags" : 
   {
      "AcquisitionNumber" : "21",
      "ImageComments" : "",
      "ImageOrientationPatient" : "1.0000\\0.0000\\0.0000\\0.0000\\1.0000\\0.0000",
      "ImagePositionPatient" : "-175.1000\\-175.1000\\-190.0000",
      "InstanceCreationDate" : "19970114",
      "InstanceCreationTime" : "035135.0014",
      "InstanceNumber" : " 21001",
      "SOPInstanceUID" : "1.3.46.670589.10.900123.19970114.35135000140"
   },
   "ParentSeries" : "19b4c568-a95664f5-ad117914-3ccf7292-2a7ee3a0",
   "Type" : "Instance"
}
[26-Apr-2025 17:54:52 Europe/Berlin] Requête proxy vers Orthanc : [GET] http://localhost:8042/instances/dacc5f2c-4eb67b6e-62fe20be-08583e4b-f7285061?expand
[26-Apr-2025 17:54:52 Europe/Berlin] Requête proxy vers Orthanc : [GET] http://localhost:8042/instances/e07efef8-4eba99da-e58dbc40-0173c1da-e2535081?expand
[26-Apr-2025 17:54:52 Europe/Berlin] Réponse Orthanc (HTTP 200) : {
   "FileSize" : 91264,
   "FileUuid" : "39819348-f7ea-4861-9842-83c4a4a8c13e",
   "ID" : "96548d6b-b87fefbd-78a3f7c5-c5abe181-0643a103",
   "IndexInSeries" : 5,
   "Labels" : [],
   "MainDicomTags" : 
   {
      "ImageComments" : "JPEG 2000 lossless - Version 4.0.2 (c) Image Devices GmbH",
      "ImageOrientationPatient" : "1\\0\\0\\0\\1\\0",
      "ImagePositionPatient" : "-151.493508\\-36.6564417\\1293",
      "InstanceCreationDate" : "20061012",
      "InstanceCreationTime" : "091607.000000",
      "InstanceNumber" : "5",
      "SOPInstanceUID" : "1.2.826.0.1.3680043.8.1055.1.20111102150759059.64998534.33344836"
   },
   "ParentSeries" : "98d367a5-58eeba8b-f3c2da4b-de7d8f6f-ede53eb2",
   "Type" : "Instance"
}
[26-Apr-2025 17:54:52 Europe/Berlin] Réponse Orthanc (HTTP 200) : {
   "FileSize" : 1702398,
   "FileUuid" : "9fa9d15a-988d-410e-9194-ddfde927c89a",
   "ID" : "b7fb1fb4-142e5a15-333ae197-298b1626-11f8833b",
   "IndexInSeries" : null,
   "Labels" : [],
   "MainDicomTags" : 
   {
      "InstanceNumber" : "",
      "NumberOfFrames" : "96",
      "SOPInstanceUID" : "1.3.12.2.1107.5.4.3.321890.19960124.162922.29"
   },
   "ParentSeries" : "62cc4f41-9b1679c0-6ad19a2e-71fccb6f-07a3d16d",
   "Type" : "Instance"
}
[26-Apr-2025 17:54:53 Europe/Berlin] Réponse Orthanc (HTTP 200) : {
   "FileSize" : 526336,
   "FileUuid" : "9f80260d-18b9-46ce-ada1-00d0d866886d",
   "ID" : "bc61cc15-593581eb-104dd853-f8e2ae2f-19704638",
   "IndexInSeries" : 16001,
   "Labels" : [],
   "MainDicomTags" : 
   {
      "AcquisitionNumber" : "16",
      "ImageComments" : "",
      "ImageOrientationPatient" : "1.0000\\0.0000\\0.0000\\0.0000\\1.0000\\0.0000",
      "ImagePositionPatient" : "-175.1000\\-175.1000\\-140.0000",
      "InstanceCreationDate" : "19970114",
      "InstanceCreationTime" : "035110.0009",
      "InstanceNumber" : " 16001",
      "SOPInstanceUID" : "1.3.46.670589.10.900123.19970114.35110000090"
   },
   "ParentSeries" : "19b4c568-a95664f5-ad117914-3ccf7292-2a7ee3a0",
   "Type" : "Instance"
}
[26-Apr-2025 17:54:53 Europe/Berlin] Réponse Orthanc (HTTP 200) : {
   "FileSize" : 526336,
   "FileUuid" : "644bcf08-beb7-4bb7-8f87-2a07dae77a9f",
   "ID" : "cad86111-996653c7-c7ca1820-b783c4c3-9ff6e63b",
   "IndexInSeries" : 22001,
   "Labels" : [],
   "MainDicomTags" : 
   {
      "AcquisitionNumber" : "22",
      "ImageComments" : "",
      "ImageOrientationPatient" : "1.0000\\0.0000\\0.0000\\0.0000\\1.0000\\0.0000",
      "ImagePositionPatient" : "-175.1000\\-175.1000\\-200.0000",
      "InstanceCreationDate" : "19970114",
      "InstanceCreationTime" : "035140.0015",
      "InstanceNumber" : " 22001",
      "SOPInstanceUID" : "1.3.46.670589.10.900123.19970114.35140000150"
   },
   "ParentSeries" : "19b4c568-a95664f5-ad117914-3ccf7292-2a7ee3a0",
   "Type" : "Instance"
}
[26-Apr-2025 17:54:53 Europe/Berlin] Requête proxy vers Orthanc : [GET] http://localhost:8042/instances/eb17dc02-607db0a6-1074ad73-79fb3688-f9a596db?expand
[26-Apr-2025 17:54:53 Europe/Berlin] Requête proxy vers Orthanc : [GET] http://localhost:8042/instances/fe9d11b9-08ca2a74-f27c7727-86fa6833-6b2583ab?expand
[26-Apr-2025 17:54:53 Europe/Berlin] Requête proxy vers Orthanc : [GET] http://localhost:8042/instances/feaf75ad-9548b055-4a7a21f5-3db18a07-9c6903d3?expand
[26-Apr-2025 17:54:53 Europe/Berlin] Requête proxy vers Orthanc : [GET] http://localhost:8042/series/f623b033-c3bb9318-1ae62c1a-9fd5f247-24c86dea?expand
[26-Apr-2025 17:54:53 Europe/Berlin] Réponse Orthanc (HTTP 200) : {
   "FileSize" : 526336,
   "FileUuid" : "97a1c84b-5c67-4016-8405-2f71ae4af3de",
   "ID" : "dacc5f2c-4eb67b6e-62fe20be-08583e4b-f7285061",
   "IndexInSeries" : 19001,
   "Labels" : [],
   "MainDicomTags" : 
   {
      "AcquisitionNumber" : "19",
      "ImageComments" : "",
      "ImageOrientationPatient" : "1.0000\\0.0000\\0.0000\\0.0000\\1.0000\\0.0000",
      "ImagePositionPatient" : "-175.1000\\-175.1000\\-170.0000",
      "InstanceCreationDate" : "19970114",
      "InstanceCreationTime" : "035126.0012",
      "InstanceNumber" : " 19001",
      "SOPInstanceUID" : "1.3.46.670589.10.900123.19970114.35126000120"
   },
   "ParentSeries" : "19b4c568-a95664f5-ad117914-3ccf7292-2a7ee3a0",
   "Type" : "Instance"
}
[26-Apr-2025 17:54:53 Europe/Berlin] Réponse Orthanc (HTTP 200) : {
   "FileSize" : 531298,
   "FileUuid" : "937b172f-feb1-4efd-a3ab-432405774a56",
   "ID" : "e07efef8-4eba99da-e58dbc40-0173c1da-e2535081",
   "IndexInSeries" : 1,
   "Labels" : [],
   "MainDicomTags" : 
   {
      "AcquisitionNumber" : "1",
      "InstanceCreationDate" : "20210411",
      "InstanceCreationTime" : "213019.104784",
      "InstanceNumber" : "1",
      "NumberOfFrames" : "1",
      "SOPInstanceUID" : "1.3.12.2.1107.5.8.15.999999.30000021041121051996700000250"
   },
   "ParentSeries" : "11b7c563-ae504ced-e95ed300-7176b3e8-74f7e2f5",
   "Type" : "Instance"
}
[26-Apr-2025 17:54:53 Europe/Berlin] Requête proxy vers Orthanc : [GET] http://localhost:8042/series/4541c007-3ddcd5b2-6bf192fc-d28df38d-afe5c271?expand
[26-Apr-2025 17:54:53 Europe/Berlin] Requête proxy vers Orthanc : [GET] http://localhost:8042/series/19b4c568-a95664f5-ad117914-3ccf7292-2a7ee3a0?expand
[26-Apr-2025 17:54:53 Europe/Berlin] Réponse Orthanc (HTTP 200) : {
   "FileSize" : 526336,
   "FileUuid" : "c426268c-e58d-4f99-814f-daad18c5a0b1",
   "ID" : "eb17dc02-607db0a6-1074ad73-79fb3688-f9a596db",
   "IndexInSeries" : 6000,
   "Labels" : [],
   "MainDicomTags" : 
   {
      "AcquisitionNumber" : " 6",
      "ImageComments" : "",
      "ImageOrientationPatient" : "1.0000\\0.0000\\0.0000\\0.0000\\0.9397\\-0.3420",
      "ImagePositionPatient" : "-124.9000\\-117.4000\\67.7000",
      "InstanceCreationDate" : "19970114",
      "InstanceCreationTime" : "035036.0003",
      "InstanceNumber" : "6000",
      "SOPInstanceUID" : "1.3.46.670589.10.900123.19970114.35036000030"
   },
   "ParentSeries" : "f6ebf659-c336b2b9-102a72e3-2cd836e9-a5662c26",
   "Type" : "Instance"
}
[26-Apr-2025 17:54:53 Europe/Berlin] Requête proxy vers Orthanc : [GET] http://localhost:8042/series/98d367a5-58eeba8b-f3c2da4b-de7d8f6f-ede53eb2?expand
[26-Apr-2025 17:54:53 Europe/Berlin] Réponse Orthanc (HTTP 200) : {
   "ExpectedNumberOfInstances" : null,
   "ID" : "f623b033-c3bb9318-1ae62c1a-9fd5f247-24c86dea",
   "Instances" : 
   [
      "094563e4-74b821f1-120c8584-6236b3ba-05716a47"
   ],
   "IsStable" : true,
   "Labels" : [],
   "LastUpdate" : "20250311T081322",
   "MainDicomTags" : 
   {
      "ContrastBolusAgent" : "NONE",
      "ImageOrientationPatient" : "1.0000\\0.0000\\0.0000\\0.0000\\1.0000\\0.0000",
      "Manufacturer" : "Philips Medical Systems",
      "Modality" : "CT",
      "ProtocolName" : " 1",
      "SeriesInstanceUID" : "1.3.46.670589.10.900123.19970114.35049000050.3",
      "SeriesNumber" : " 1",
      "StationName" : "MVP"
   },
   "ParentStudy" : "286789b1-82845a45-92d7dfc0-c6a8e286-27bc0129",
   "Status" : "Unknown",
   "Type" : "Series"
}
[26-Apr-2025 17:54:53 Europe/Berlin] Réponse Orthanc (HTTP 200) : {
   "FileSize" : 526336,
   "FileUuid" : "c415c430-c5a8-4afa-854f-af8e254144b8",
   "ID" : "feaf75ad-9548b055-4a7a21f5-3db18a07-9c6903d3",
   "IndexInSeries" : 5000,
   "Labels" : [],
   "MainDicomTags" : 
   {
      "AcquisitionNumber" : " 5",
      "ImageComments" : "",
      "ImageOrientationPatient" : "1.0000\\0.0000\\0.0000\\0.0000\\1.0000\\0.0000",
      "ImagePositionPatient" : "-124.9000\\-124.9000\\15.0000",
      "InstanceCreationDate" : "19970114",
      "InstanceCreationTime" : "035029.0002",
      "InstanceNumber" : "5000",
      "SOPInstanceUID" : "1.3.46.670589.10.900123.19970114.35029000020"
   },
   "ParentSeries" : "670d99fa-c4a853ca-52f7989e-f6df82a8-5123711c",
   "Type" : "Instance"
}
[26-Apr-2025 17:54:53 Europe/Berlin] Réponse Orthanc (HTTP 200) : {
   "FileSize" : 526336,
   "FileUuid" : "c147a823-c25b-4c74-a7fb-877198ac4ebe",
   "ID" : "fe9d11b9-08ca2a74-f27c7727-86fa6833-6b2583ab",
   "IndexInSeries" : 13001,
   "Labels" : [],
   "MainDicomTags" : 
   {
      "AcquisitionNumber" : "13",
      "ImageComments" : "",
      "ImageOrientationPatient" : "1.0000\\0.0000\\0.0000\\0.0000\\1.0000\\0.0000",
      "ImagePositionPatient" : "-175.1000\\-175.1000\\-110.0000",
      "InstanceCreationDate" : "19970114",
      "InstanceCreationTime" : "035056.0006",
      "InstanceNumber" : " 13001",
      "SOPInstanceUID" : "1.3.46.670589.10.900123.19970114.35056000060"
   },
   "ParentSeries" : "19b4c568-a95664f5-ad117914-3ccf7292-2a7ee3a0",
   "Type" : "Instance"
}
[26-Apr-2025 17:54:53 Europe/Berlin] Requête proxy vers Orthanc : [GET] http://localhost:8042/series/62cc4f41-9b1679c0-6ad19a2e-71fccb6f-07a3d16d?expand
[26-Apr-2025 17:54:53 Europe/Berlin] Requête proxy vers Orthanc : [GET] http://localhost:8042/series/11b7c563-ae504ced-e95ed300-7176b3e8-74f7e2f5?expand
[26-Apr-2025 17:54:53 Europe/Berlin] Requête proxy vers Orthanc : [GET] http://localhost:8042/series/f6ebf659-c336b2b9-102a72e3-2cd836e9-a5662c26?expand
[26-Apr-2025 17:54:53 Europe/Berlin] Réponse Orthanc (HTTP 200) : {
   "ExpectedNumberOfInstances" : null,
   "ID" : "4541c007-3ddcd5b2-6bf192fc-d28df38d-afe5c271",
   "Instances" : 
   [
      "582dde1a-6ee0dcb1-dc2c0a3c-06a79b2f-211eda06"
   ],
   "IsStable" : true,
   "Labels" : [],
   "LastUpdate" : "20250421T202126",
   "MainDicomTags" : 
   {
      "Modality" : "M3D",
      "SeriesDate" : "20250421",
      "SeriesDescription" : "Model",
      "SeriesInstanceUID" : "1.2.276.0.7230010.3.1.3.1159938914.5836.1745266885.813",
      "SeriesTime" : "202125.000000"
   },
   "ParentStudy" : "8e51d8c2-c73f0a1e-57f97ca6-0fe69e66-c5e753eb",
   "Status" : "Unknown",
   "Type" : "Series"
}
[26-Apr-2025 17:54:53 Europe/Berlin] Requête proxy vers Orthanc : [GET] http://localhost:8042/studies/286789b1-82845a45-92d7dfc0-c6a8e286-27bc0129?expand
[26-Apr-2025 17:54:53 Europe/Berlin] Réponse Orthanc (HTTP 200) : {
   "ExpectedNumberOfInstances" : null,
   "ID" : "19b4c568-a95664f5-ad117914-3ccf7292-2a7ee3a0",
   "Instances" : 
   [
      "24e83fd1-ddd03175-beb6aa86-f4ce6432-4241b24f",
      "26952bd2-9569483f-e0549aca-a33b9065-69c33884",
      "2faf6dae-1e8dd60c-78fbca50-98cc48e7-66559504",
      "5974bce8-dfa0d418-48e52945-578a9547-fbb8179e",
      "63831658-2ed313e4-bdd47183-6c1be4da-c0022bb4",
      "75c6d27e-9c7d0b29-ef99341d-b7507933-63d3057d",
      "bc61cc15-593581eb-104dd853-f8e2ae2f-19704638",
      "cad86111-996653c7-c7ca1820-b783c4c3-9ff6e63b",
      "dacc5f2c-4eb67b6e-62fe20be-08583e4b-f7285061",
      "fe9d11b9-08ca2a74-f27c7727-86fa6833-6b2583ab"
   ],
   "IsStable" : true,
   "Labels" : [],
   "LastUpdate" : "20250311T081323",
   "MainDicomTags" : 
   {
      "ContrastBolusAgent" : "CONT",
      "ImageOrientationPatient" : "1.0000\\0.0000\\0.0000\\0.0000\\1.0000\\0.0000",
      "Manufacturer" : "Philips Medical Systems",
      "Modality" : "CT",
      "ProtocolName" : "50",
      "SeriesInstanceUID" : "1.3.46.670589.10.900123.19970114.35056000060.3",
      "SeriesNumber" : " 1",
      "StationName" : "MVP"
   },
   "ParentStudy" : "200b3e41-4557e5ed-2b4a1771-a9e4ad06-cd1306c8",
   "Status" : "Unknown",
   "Type" : "Series"
}
[26-Apr-2025 17:54:53 Europe/Berlin] Requête proxy vers Orthanc : [GET] http://localhost:8042/series/670d99fa-c4a853ca-52f7989e-f6df82a8-5123711c?expand
[26-Apr-2025 17:54:53 Europe/Berlin] Réponse Orthanc (HTTP 200) : {
   "ExpectedNumberOfInstances" : null,
   "ID" : "98d367a5-58eeba8b-f3c2da4b-de7d8f6f-ede53eb2",
   "Instances" : 
   [
      "96548d6b-b87fefbd-78a3f7c5-c5abe181-0643a103"
   ],
   "IsStable" : true,
   "Labels" : [],
   "LastUpdate" : "20250426T153239",
   "MainDicomTags" : 
   {
      "ContrastBolusAgent" : "CONTRAST",
      "ImageOrientationPatient" : "1\\0\\0\\0\\1\\0",
      "Modality" : "CT",
      "PerformedProcedureStepDescription" : "CT1 abdomen",
      "ProtocolName" : "ART.RENALES 12/Abdomen/Hx",
      "RequestAttributesSequence" : 
      [
         {
            "RequestedProcedureID" : "A10026177757",
            "ScheduledProcedureStepDescription" : "CT1 abdomen",
            "ScheduledProcedureStepID" : "A10026177758",
            "ScheduledProtocolCodeSequence" : 
            [
               {
                  "CodeMeaning" : "CT1 abdomen",
                  "CodeValue" : "CTABDOM",
                  "CodingSchemeDesignator" : "XPLORE"
               }
            ]
         }
      ],
      "SeriesDescription" : "ARTERIELLE",
      "SeriesInstanceUID" : "1.2.826.0.1.3680043.8.1055.1.20111102150758591.96842950.07877442",
      "SeriesNumber" : "6168"
   },
   "ParentStudy" : "3abaec0a-ebfaaa87-f830d52b-d62df074-6a692c12",
   "Status" : "Unknown",
   "Type" : "Series"
}
[26-Apr-2025 17:54:53 Europe/Berlin] Requête proxy vers Orthanc : [GET] http://localhost:8042/studies/8e51d8c2-c73f0a1e-57f97ca6-0fe69e66-c5e753eb?expand
[26-Apr-2025 17:54:53 Europe/Berlin] Réponse Orthanc (HTTP 200) : {
   "ExpectedNumberOfInstances" : null,
   "ID" : "11b7c563-ae504ced-e95ed300-7176b3e8-74f7e2f5",
   "Instances" : 
   [
      "e07efef8-4eba99da-e58dbc40-0173c1da-e2535081"
   ],
   "IsStable" : true,
   "Labels" : [],
   "LastUpdate" : "20250421T233940",
   "MainDicomTags" : 
   {
      "Manufacturer" : "Siemens Healthineers",
      "Modality" : "MR",
      "PerformedProcedureStepDescription" : "Osteo_2021 Cheville",
      "PerformedProcedureStepStartDate" : "20210113",
      "PerformedProcedureStepStartTime" : "130454.100000",
      "ProtocolName" : "t1_sag_tse REF",
      "SeriesDate" : "20210411",
      "SeriesDescription" : "Exported MR Basic Reading",
      "SeriesInstanceUID" : "1.3.12.2.1107.5.8.15.999999.30000021041121051996700000249",
      "SeriesNumber" : "1005",
      "SeriesTime" : "213018.573513",
      "StationName" : "MR-T10-MRC19-04"
   },
   "ParentStudy" : "ae9bf996-b6ab6a8b-eba1f35e-14600862-f9393ddd",
   "Status" : "Unknown",
   "Type" : "Series"
}
[26-Apr-2025 17:54:53 Europe/Berlin] Réponse Orthanc (HTTP 200) : {
   "ExpectedNumberOfInstances" : null,
   "ID" : "f6ebf659-c336b2b9-102a72e3-2cd836e9-a5662c26",
   "Instances" : 
   [
      "eb17dc02-607db0a6-1074ad73-79fb3688-f9a596db"
   ],
   "IsStable" : true,
   "Labels" : [],
   "LastUpdate" : "20250311T081322",
   "MainDicomTags" : 
   {
      "ContrastBolusAgent" : "NONE",
      "ImageOrientationPatient" : "1.0000\\0.0000\\0.0000\\0.0000\\0.9397\\-0.3420",
      "Manufacturer" : "Philips Medical Systems",
      "Modality" : "CT",
      "ProtocolName" : " 1",
      "SeriesInstanceUID" : "1.3.46.670589.10.900123.19970114.35036000030.3",
      "SeriesNumber" : " 1",
      "StationName" : "MVP"
   },
   "ParentStudy" : "8e51d8c2-c73f0a1e-57f97ca6-0fe69e66-c5e753eb",
   "Status" : "Unknown",
   "Type" : "Series"
}
[26-Apr-2025 17:54:53 Europe/Berlin] Réponse Orthanc (HTTP 200) : {
   "ExpectedNumberOfInstances" : null,
   "ID" : "62cc4f41-9b1679c0-6ad19a2e-71fccb6f-07a3d16d",
   "Instances" : 
   [
      "b7fb1fb4-142e5a15-333ae197-298b1626-11f8833b"
   ],
   "IsStable" : true,
   "Labels" : [],
   "LastUpdate" : "20250421T205945",
   "MainDicomTags" : 
   {
      "Manufacturer" : "",
      "Modality" : "XA",
      "SeriesInstanceUID" : "1.3.12.2.1107.5.4.3.123456789012345.19950922.121803.8",
      "SeriesNumber" : "1"
   },
   "ParentStudy" : "aa938400-09e9f0df-8ba95f68-e21f98dd-0c6e0cf0",
   "Status" : "Unknown",
   "Type" : "Series"
}
[26-Apr-2025 17:54:53 Europe/Berlin] Requête proxy vers Orthanc : [GET] http://localhost:8042/series/19b4c568-a95664f5-ad117914-3ccf7292-2a7ee3a0?expand
[26-Apr-2025 17:54:53 Europe/Berlin] Requête proxy vers Orthanc : [GET] http://localhost:8042/studies/3abaec0a-ebfaaa87-f830d52b-d62df074-6a692c12?expand
[26-Apr-2025 17:54:53 Europe/Berlin] Requête proxy vers Orthanc : [GET] http://localhost:8042/studies/200b3e41-4557e5ed-2b4a1771-a9e4ad06-cd1306c8?expand
[26-Apr-2025 17:54:53 Europe/Berlin] Réponse Orthanc (HTTP 200) : {
   "ID" : "286789b1-82845a45-92d7dfc0-c6a8e286-27bc0129",
   "IsStable" : true,
   "Labels" : [],
   "LastUpdate" : "20250311T081322",
   "MainDicomTags" : 
   {
      "AccessionNumber" : "",
      "InstitutionName" : "CHU St ROCH",
      "ReferringPhysicianName" : "",
      "StudyDate" : "19961014",
      "StudyID" : "2011",
      "StudyInstanceUID" : "1.3.46.670589.10.900123.19970114.35049000050.1",
      "StudyTime" : "115421.00000"
   },
   "ParentPatient" : "10092b57-91bddc20-e68b74c7-8956c6df-49e00750",
   "PatientMainDicomTags" : 
   {
      "PatientBirthDate" : "19320918",
      "PatientID" : "0000002011",
      "PatientName" : "AVE+ KNEE",
      "PatientSex" : "F"
   },
   "Series" : 
   [
      "f623b033-c3bb9318-1ae62c1a-9fd5f247-24c86dea"
   ],
   "Type" : "Study"
}
[26-Apr-2025 17:54:53 Europe/Berlin] Requête proxy vers Orthanc : [GET] http://localhost:8042/studies/ae9bf996-b6ab6a8b-eba1f35e-14600862-f9393ddd?expand
[26-Apr-2025 17:54:53 Europe/Berlin] Réponse Orthanc (HTTP 200) : {
   "ExpectedNumberOfInstances" : null,
   "ID" : "670d99fa-c4a853ca-52f7989e-f6df82a8-5123711c",
   "Instances" : 
   [
      "feaf75ad-9548b055-4a7a21f5-3db18a07-9c6903d3"
   ],
   "IsStable" : true,
   "Labels" : [],
   "LastUpdate" : "20250311T081322",
   "MainDicomTags" : 
   {
      "ContrastBolusAgent" : "NONE",
      "ImageOrientationPatient" : "1.0000\\0.0000\\0.0000\\0.0000\\1.0000\\0.0000",
      "Manufacturer" : "Philips Medical Systems",
      "Modality" : "CT",
      "ProtocolName" : " 1",
      "SeriesInstanceUID" : "1.3.46.670589.10.900123.19970114.35029000020.3",
      "SeriesNumber" : " 1",
      "StationName" : "MVP"
   },
   "ParentStudy" : "0ba2c4af-c4286377-ed83307a-c4307d90-422eea83",
   "Status" : "Unknown",
   "Type" : "Series"
}
[26-Apr-2025 17:54:53 Europe/Berlin] Requête proxy vers Orthanc : [GET] http://localhost:8042/studies/aa938400-09e9f0df-8ba95f68-e21f98dd-0c6e0cf0?expand
[26-Apr-2025 17:54:53 Europe/Berlin] Réponse Orthanc (HTTP 200) : {
   "ID" : "8e51d8c2-c73f0a1e-57f97ca6-0fe69e66-c5e753eb",
   "IsStable" : true,
   "Labels" : [],
   "LastUpdate" : "20250421T202126",
   "MainDicomTags" : 
   {
      "AccessionNumber" : "",
      "InstitutionName" : "CHU St ROCH",
      "ReferringPhysicianName" : "",
      "StudyDate" : "19961014",
      "StudyID" : "2018",
      "StudyInstanceUID" : "1.3.46.670589.10.900123.19970114.35036000030.1",
      "StudyTime" : "140735.00000"
   },
   "ParentPatient" : "62bc7cdd-8f5ae588-dea41879-6a8e18d1-d44362ee",
   "PatientMainDicomTags" : 
   {
      "PatientBirthDate" : "19240101",
      "PatientID" : "0000002018",
      "PatientName" : "AVE+ BRAIN + POST + SINUS",
      "PatientSex" : "M"
   },
   "Series" : 
   [
      "4541c007-3ddcd5b2-6bf192fc-d28df38d-afe5c271",
      "f6ebf659-c336b2b9-102a72e3-2cd836e9-a5662c26"
   ],
   "Type" : "Study"
}
[26-Apr-2025 17:54:53 Europe/Berlin] Requête proxy vers Orthanc : [GET] http://localhost:8042/studies/0ba2c4af-c4286377-ed83307a-c4307d90-422eea83?expand
[26-Apr-2025 17:54:53 Europe/Berlin] Réponse Orthanc (HTTP 200) : {
   "ExpectedNumberOfInstances" : null,
   "ID" : "19b4c568-a95664f5-ad117914-3ccf7292-2a7ee3a0",
   "Instances" : 
   [
      "24e83fd1-ddd03175-beb6aa86-f4ce6432-4241b24f",
      "26952bd2-9569483f-e0549aca-a33b9065-69c33884",
      "2faf6dae-1e8dd60c-78fbca50-98cc48e7-66559504",
      "5974bce8-dfa0d418-48e52945-578a9547-fbb8179e",
      "63831658-2ed313e4-bdd47183-6c1be4da-c0022bb4",
      "75c6d27e-9c7d0b29-ef99341d-b7507933-63d3057d",
      "bc61cc15-593581eb-104dd853-f8e2ae2f-19704638",
      "cad86111-996653c7-c7ca1820-b783c4c3-9ff6e63b",
      "dacc5f2c-4eb67b6e-62fe20be-08583e4b-f7285061",
      "fe9d11b9-08ca2a74-f27c7727-86fa6833-6b2583ab"
   ],
   "IsStable" : true,
   "Labels" : [],
   "LastUpdate" : "20250311T081323",
   "MainDicomTags" : 
   {
      "ContrastBolusAgent" : "CONT",
      "ImageOrientationPatient" : "1.0000\\0.0000\\0.0000\\0.0000\\1.0000\\0.0000",
      "Manufacturer" : "Philips Medical Systems",
      "Modality" : "CT",
      "ProtocolName" : "50",
      "SeriesInstanceUID" : "1.3.46.670589.10.900123.19970114.35056000060.3",
      "SeriesNumber" : " 1",
      "StationName" : "MVP"
   },
   "ParentStudy" : "200b3e41-4557e5ed-2b4a1771-a9e4ad06-cd1306c8",
   "Status" : "Unknown",
   "Type" : "Series"
}
[26-Apr-2025 17:54:53 Europe/Berlin] Réponse Orthanc (HTTP 200) : {
   "ID" : "3abaec0a-ebfaaa87-f830d52b-d62df074-6a692c12",
   "IsStable" : true,
   "Labels" : [],
   "LastUpdate" : "20250426T153239",
   "MainDicomTags" : 
   {
      "StudyDate" : "20061012",
      "StudyDescription" : "CT1 abdomen",
      "StudyInstanceUID" : "1.2.826.0.1.3680043.8.1055.1.20111102150758591.92402465.76095170",
      "StudyTime" : "090258.000000"
   },
   "ParentPatient" : "b6589fc6-ab0dc82c-f12099d1-c2d40ab9-94e8410c",
   "PatientMainDicomTags" : 
   {
      "PatientID" : "0",
      "PatientName" : "Anonymized"
   },
   "Series" : 
   [
      "98d367a5-58eeba8b-f3c2da4b-de7d8f6f-ede53eb2"
   ],
   "Type" : "Study"
}
[26-Apr-2025 17:54:53 Europe/Berlin] Réponse Orthanc (HTTP 200) : {
   "ID" : "200b3e41-4557e5ed-2b4a1771-a9e4ad06-cd1306c8",
   "IsStable" : true,
   "Labels" : [],
   "LastUpdate" : "20250311T081323",
   "MainDicomTags" : 
   {
      "AccessionNumber" : "",
      "InstitutionName" : "CHU St ROCH",
      "ReferringPhysicianName" : "",
      "StudyDate" : "19961014",
      "StudyID" : "2019",
      "StudyInstanceUID" : "1.3.46.670589.10.900123.19970114.35056000060.1",
      "StudyTime" : "145056.00000"
   },
   "ParentPatient" : "9b4d864d-a53a383a-44cdda8a-269b4eee-777c5729",
   "PatientMainDicomTags" : 
   {
      "PatientBirthDate" : "19781010",
      "PatientID" : "0000002019",
      "PatientName" : "AVE+ ABDOMEN",
      "PatientSex" : "M"
   },
   "Series" : 
   [
      "19b4c568-a95664f5-ad117914-3ccf7292-2a7ee3a0"
   ],
   "Type" : "Study"
}
[26-Apr-2025 17:54:53 Europe/Berlin] Requête proxy vers Orthanc : [GET] http://localhost:8042/series/19b4c568-a95664f5-ad117914-3ccf7292-2a7ee3a0?expand
[26-Apr-2025 17:54:53 Europe/Berlin] Requête proxy vers Orthanc : [GET] http://localhost:8042/studies/8e51d8c2-c73f0a1e-57f97ca6-0fe69e66-c5e753eb?expand
[26-Apr-2025 17:54:53 Europe/Berlin] Requête proxy vers Orthanc : [GET] http://localhost:8042/studies/200b3e41-4557e5ed-2b4a1771-a9e4ad06-cd1306c8?expand
[26-Apr-2025 17:54:53 Europe/Berlin] Réponse Orthanc (HTTP 200) : {
   "ID" : "ae9bf996-b6ab6a8b-eba1f35e-14600862-f9393ddd",
   "IsStable" : true,
   "Labels" : [],
   "LastUpdate" : "20250421T233940",
   "MainDicomTags" : 
   {
      "AccessionNumber" : "",
      "InstitutionName" : "",
      "ReferringPhysicianName" : "",
      "StudyDate" : "20210113",
      "StudyDescription" : "Osteo_2021 Cheville",
      "StudyID" : "b0513b81-3517-43",
      "StudyInstanceUID" : "1.3.12.2.1107.5.2.53.189501.30000021011309045077000000005",
      "StudyTime" : "130454.100000"
   },
   "ParentPatient" : "c5cc2652-d994a3cd-4c0b46e9-8aeb6e72-a0135eba",
   "PatientMainDicomTags" : 
   {
      "PatientBirthDate" : "19960205",
      "PatientID" : "2021.01.13-13:04:52-STD-1.3.12.2.1107.5.99.3",
      "PatientName" : "DeepResolve_Altea2",
      "PatientSex" : "M"
   },
   "Series" : 
   [
      "11b7c563-ae504ced-e95ed300-7176b3e8-74f7e2f5"
   ],
   "Type" : "Study"
}
[26-Apr-2025 17:54:53 Europe/Berlin] Réponse Orthanc (HTTP 200) : {
   "ID" : "aa938400-09e9f0df-8ba95f68-e21f98dd-0c6e0cf0",
   "IsStable" : true,
   "Labels" : [],
   "LastUpdate" : "20250421T205945",
   "MainDicomTags" : 
   {
      "AccessionNumber" : "",
      "InstitutionName" : "",
      "ReferringPhysicianName" : "",
      "StudyDate" : "19941013",
      "StudyDescription" : "",
      "StudyID" : "",
      "StudyInstanceUID" : "1.3.12.2.1107.5.4.3.123456789012345.19950922.121803.6",
      "StudyTime" : "141917"
   },
   "ParentPatient" : "1e6ca9a6-71d9b622-24e72d15-16251ee8-3735baf5",
   "PatientMainDicomTags" : 
   {
      "PatientBirthDate" : "19951025",
      "PatientID" : "556342B",
      "PatientName" : "Rubo DEMO",
      "PatientSex" : "M"
   },
   "Series" : 
   [
      "62cc4f41-9b1679c0-6ad19a2e-71fccb6f-07a3d16d"
   ],
   "Type" : "Study"
}
[26-Apr-2025 17:54:53 Europe/Berlin] Réponse Orthanc (HTTP 200) : {
   "ID" : "0ba2c4af-c4286377-ed83307a-c4307d90-422eea83",
   "IsStable" : true,
   "Labels" : [],
   "LastUpdate" : "20250311T081322",
   "MainDicomTags" : 
   {
      "AccessionNumber" : "",
      "InstitutionName" : "CHU St ROCH",
      "ReferringPhysicianName" : "",
      "StudyDate" : "19961014",
      "StudyID" : "2014",
      "StudyInstanceUID" : "1.3.46.670589.10.900123.19970114.35029000020.1",
      "StudyTime" : "121625.00000"
   },
   "ParentPatient" : "8fff5df9-52cafc00-77071493-d6c9febb-c05b7e14",
   "PatientMainDicomTags" : 
   {
      "PatientBirthDate" : "19131220",
      "PatientID" : "0000002014",
      "PatientName" : "AVE+ BRAIN + POST FOS.",
      "PatientSex" : "F"
   },
   "Series" : 
   [
      "670d99fa-c4a853ca-52f7989e-f6df82a8-5123711c"
   ],
   "Type" : "Study"
}
[26-Apr-2025 17:54:53 Europe/Berlin] Réponse Orthanc (HTTP 200) : {
   "ExpectedNumberOfInstances" : null,
   "ID" : "19b4c568-a95664f5-ad117914-3ccf7292-2a7ee3a0",
   "Instances" : 
   [
      "24e83fd1-ddd03175-beb6aa86-f4ce6432-4241b24f",
      "26952bd2-9569483f-e0549aca-a33b9065-69c33884",
      "2faf6dae-1e8dd60c-78fbca50-98cc48e7-66559504",
      "5974bce8-dfa0d418-48e52945-578a9547-fbb8179e",
      "63831658-2ed313e4-bdd47183-6c1be4da-c0022bb4",
      "75c6d27e-9c7d0b29-ef99341d-b7507933-63d3057d",
      "bc61cc15-593581eb-104dd853-f8e2ae2f-19704638",
      "cad86111-996653c7-c7ca1820-b783c4c3-9ff6e63b",
      "dacc5f2c-4eb67b6e-62fe20be-08583e4b-f7285061",
      "fe9d11b9-08ca2a74-f27c7727-86fa6833-6b2583ab"
   ],
   "IsStable" : true,
   "Labels" : [],
   "LastUpdate" : "20250311T081323",
   "MainDicomTags" : 
   {
      "ContrastBolusAgent" : "CONT",
      "ImageOrientationPatient" : "1.0000\\0.0000\\0.0000\\0.0000\\1.0000\\0.0000",
      "Manufacturer" : "Philips Medical Systems",
      "Modality" : "CT",
      "ProtocolName" : "50",
      "SeriesInstanceUID" : "1.3.46.670589.10.900123.19970114.35056000060.3",
      "SeriesNumber" : " 1",
      "StationName" : "MVP"
   },
   "ParentStudy" : "200b3e41-4557e5ed-2b4a1771-a9e4ad06-cd1306c8",
   "Status" : "Unknown",
   "Type" : "Series"
}
[26-Apr-2025 17:54:53 Europe/Berlin] Réponse Orthanc (HTTP 200) : {
   "ID" : "8e51d8c2-c73f0a1e-57f97ca6-0fe69e66-c5e753eb",
   "IsStable" : true,
   "Labels" : [],
   "LastUpdate" : "20250421T202126",
   "MainDicomTags" : 
   {
      "AccessionNumber" : "",
      "InstitutionName" : "CHU St ROCH",
      "ReferringPhysicianName" : "",
      "StudyDate" : "19961014",
      "StudyID" : "2018",
      "StudyInstanceUID" : "1.3.46.670589.10.900123.19970114.35036000030.1",
      "StudyTime" : "140735.00000"
   },
   "ParentPatient" : "62bc7cdd-8f5ae588-dea41879-6a8e18d1-d44362ee",
   "PatientMainDicomTags" : 
   {
      "PatientBirthDate" : "19240101",
      "PatientID" : "0000002018",
      "PatientName" : "AVE+ BRAIN + POST + SINUS",
      "PatientSex" : "M"
   },
   "Series" : 
   [
      "4541c007-3ddcd5b2-6bf192fc-d28df38d-afe5c271",
      "f6ebf659-c336b2b9-102a72e3-2cd836e9-a5662c26"
   ],
   "Type" : "Study"
}
[26-Apr-2025 17:54:53 Europe/Berlin] Requête proxy vers Orthanc : [GET] http://localhost:8042/series/19b4c568-a95664f5-ad117914-3ccf7292-2a7ee3a0?expand
[26-Apr-2025 17:54:54 Europe/Berlin] Réponse Orthanc (HTTP 200) : {
   "ID" : "200b3e41-4557e5ed-2b4a1771-a9e4ad06-cd1306c8",
   "IsStable" : true,
   "Labels" : [],
   "LastUpdate" : "20250311T081323",
   "MainDicomTags" : 
   {
      "AccessionNumber" : "",
      "InstitutionName" : "CHU St ROCH",
      "ReferringPhysicianName" : "",
      "StudyDate" : "19961014",
      "StudyID" : "2019",
      "StudyInstanceUID" : "1.3.46.670589.10.900123.19970114.35056000060.1",
      "StudyTime" : "145056.00000"
   },
   "ParentPatient" : "9b4d864d-a53a383a-44cdda8a-269b4eee-777c5729",
   "PatientMainDicomTags" : 
   {
      "PatientBirthDate" : "19781010",
      "PatientID" : "0000002019",
      "PatientName" : "AVE+ ABDOMEN",
      "PatientSex" : "M"
   },
   "Series" : 
   [
      "19b4c568-a95664f5-ad117914-3ccf7292-2a7ee3a0"
   ],
   "Type" : "Study"
}
[26-Apr-2025 17:54:54 Europe/Berlin] Requête proxy vers Orthanc : [GET] http://localhost:8042/studies/200b3e41-4557e5ed-2b4a1771-a9e4ad06-cd1306c8?expand
[26-Apr-2025 17:54:54 Europe/Berlin] Réponse Orthanc (HTTP 200) : {
   "ExpectedNumberOfInstances" : null,
   "ID" : "19b4c568-a95664f5-ad117914-3ccf7292-2a7ee3a0",
   "Instances" : 
   [
      "24e83fd1-ddd03175-beb6aa86-f4ce6432-4241b24f",
      "26952bd2-9569483f-e0549aca-a33b9065-69c33884",
      "2faf6dae-1e8dd60c-78fbca50-98cc48e7-66559504",
      "5974bce8-dfa0d418-48e52945-578a9547-fbb8179e",
      "63831658-2ed313e4-bdd47183-6c1be4da-c0022bb4",
      "75c6d27e-9c7d0b29-ef99341d-b7507933-63d3057d",
      "bc61cc15-593581eb-104dd853-f8e2ae2f-19704638",
      "cad86111-996653c7-c7ca1820-b783c4c3-9ff6e63b",
      "dacc5f2c-4eb67b6e-62fe20be-08583e4b-f7285061",
      "fe9d11b9-08ca2a74-f27c7727-86fa6833-6b2583ab"
   ],
   "IsStable" : true,
   "Labels" : [],
   "LastUpdate" : "20250311T081323",
   "MainDicomTags" : 
   {
      "ContrastBolusAgent" : "CONT",
      "ImageOrientationPatient" : "1.0000\\0.0000\\0.0000\\0.0000\\1.0000\\0.0000",
      "Manufacturer" : "Philips Medical Systems",
      "Modality" : "CT",
      "ProtocolName" : "50",
      "SeriesInstanceUID" : "1.3.46.670589.10.900123.19970114.35056000060.3",
      "SeriesNumber" : " 1",
      "StationName" : "MVP"
   },
   "ParentStudy" : "200b3e41-4557e5ed-2b4a1771-a9e4ad06-cd1306c8",
   "Status" : "Unknown",
   "Type" : "Series"
}
[26-Apr-2025 17:54:54 Europe/Berlin] Requête proxy vers Orthanc : [GET] http://localhost:8042/series/19b4c568-a95664f5-ad117914-3ccf7292-2a7ee3a0?expand
[26-Apr-2025 17:54:54 Europe/Berlin] Réponse Orthanc (HTTP 200) : {
   "ID" : "200b3e41-4557e5ed-2b4a1771-a9e4ad06-cd1306c8",
   "IsStable" : true,
   "Labels" : [],
   "LastUpdate" : "20250311T081323",
   "MainDicomTags" : 
   {
      "AccessionNumber" : "",
      "InstitutionName" : "CHU St ROCH",
      "ReferringPhysicianName" : "",
      "StudyDate" : "19961014",
      "StudyID" : "2019",
      "StudyInstanceUID" : "1.3.46.670589.10.900123.19970114.35056000060.1",
      "StudyTime" : "145056.00000"
   },
   "ParentPatient" : "9b4d864d-a53a383a-44cdda8a-269b4eee-777c5729",
   "PatientMainDicomTags" : 
   {
      "PatientBirthDate" : "19781010",
      "PatientID" : "0000002019",
      "PatientName" : "AVE+ ABDOMEN",
      "PatientSex" : "M"
   },
   "Series" : 
   [
      "19b4c568-a95664f5-ad117914-3ccf7292-2a7ee3a0"
   ],
   "Type" : "Study"
}
[26-Apr-2025 17:54:54 Europe/Berlin] Requête proxy vers Orthanc : [GET] http://localhost:8042/studies/200b3e41-4557e5ed-2b4a1771-a9e4ad06-cd1306c8?expand
[26-Apr-2025 17:54:54 Europe/Berlin] Réponse Orthanc (HTTP 200) : {
   "ExpectedNumberOfInstances" : null,
   "ID" : "19b4c568-a95664f5-ad117914-3ccf7292-2a7ee3a0",
   "Instances" : 
   [
      "24e83fd1-ddd03175-beb6aa86-f4ce6432-4241b24f",
      "26952bd2-9569483f-e0549aca-a33b9065-69c33884",
      "2faf6dae-1e8dd60c-78fbca50-98cc48e7-66559504",
      "5974bce8-dfa0d418-48e52945-578a9547-fbb8179e",
      "63831658-2ed313e4-bdd47183-6c1be4da-c0022bb4",
      "75c6d27e-9c7d0b29-ef99341d-b7507933-63d3057d",
      "bc61cc15-593581eb-104dd853-f8e2ae2f-19704638",
      "cad86111-996653c7-c7ca1820-b783c4c3-9ff6e63b",
      "dacc5f2c-4eb67b6e-62fe20be-08583e4b-f7285061",
      "fe9d11b9-08ca2a74-f27c7727-86fa6833-6b2583ab"
   ],
   "IsStable" : true,
   "Labels" : [],
   "LastUpdate" : "20250311T081323",
   "MainDicomTags" : 
   {
      "ContrastBolusAgent" : "CONT",
      "ImageOrientationPatient" : "1.0000\\0.0000\\0.0000\\0.0000\\1.0000\\0.0000",
      "Manufacturer" : "Philips Medical Systems",
      "Modality" : "CT",
      "ProtocolName" : "50",
      "SeriesInstanceUID" : "1.3.46.670589.10.900123.19970114.35056000060.3",
      "SeriesNumber" : " 1",
      "StationName" : "MVP"
   },
   "ParentStudy" : "200b3e41-4557e5ed-2b4a1771-a9e4ad06-cd1306c8",
   "Status" : "Unknown",
   "Type" : "Series"
}
[26-Apr-2025 17:54:54 Europe/Berlin] Requête proxy vers Orthanc : [GET] http://localhost:8042/series/19b4c568-a95664f5-ad117914-3ccf7292-2a7ee3a0?expand
[26-Apr-2025 17:54:54 Europe/Berlin] Réponse Orthanc (HTTP 200) : {
   "ID" : "200b3e41-4557e5ed-2b4a1771-a9e4ad06-cd1306c8",
   "IsStable" : true,
   "Labels" : [],
   "LastUpdate" : "20250311T081323",
   "MainDicomTags" : 
   {
      "AccessionNumber" : "",
      "InstitutionName" : "CHU St ROCH",
      "ReferringPhysicianName" : "",
      "StudyDate" : "19961014",
      "StudyID" : "2019",
      "StudyInstanceUID" : "1.3.46.670589.10.900123.19970114.35056000060.1",
      "StudyTime" : "145056.00000"
   },
   "ParentPatient" : "9b4d864d-a53a383a-44cdda8a-269b4eee-777c5729",
   "PatientMainDicomTags" : 
   {
      "PatientBirthDate" : "19781010",
      "PatientID" : "0000002019",
      "PatientName" : "AVE+ ABDOMEN",
      "PatientSex" : "M"
   },
   "Series" : 
   [
      "19b4c568-a95664f5-ad117914-3ccf7292-2a7ee3a0"
   ],
   "Type" : "Study"
}
[26-Apr-2025 17:54:54 Europe/Berlin] Requête proxy vers Orthanc : [GET] http://localhost:8042/studies/200b3e41-4557e5ed-2b4a1771-a9e4ad06-cd1306c8?expand
[26-Apr-2025 17:54:54 Europe/Berlin] Réponse Orthanc (HTTP 200) : {
   "ExpectedNumberOfInstances" : null,
   "ID" : "19b4c568-a95664f5-ad117914-3ccf7292-2a7ee3a0",
   "Instances" : 
   [
      "24e83fd1-ddd03175-beb6aa86-f4ce6432-4241b24f",
      "26952bd2-9569483f-e0549aca-a33b9065-69c33884",
      "2faf6dae-1e8dd60c-78fbca50-98cc48e7-66559504",
      "5974bce8-dfa0d418-48e52945-578a9547-fbb8179e",
      "63831658-2ed313e4-bdd47183-6c1be4da-c0022bb4",
      "75c6d27e-9c7d0b29-ef99341d-b7507933-63d3057d",
      "bc61cc15-593581eb-104dd853-f8e2ae2f-19704638",
      "cad86111-996653c7-c7ca1820-b783c4c3-9ff6e63b",
      "dacc5f2c-4eb67b6e-62fe20be-08583e4b-f7285061",
      "fe9d11b9-08ca2a74-f27c7727-86fa6833-6b2583ab"
   ],
   "IsStable" : true,
   "Labels" : [],
   "LastUpdate" : "20250311T081323",
   "MainDicomTags" : 
   {
      "ContrastBolusAgent" : "CONT",
      "ImageOrientationPatient" : "1.0000\\0.0000\\0.0000\\0.0000\\1.0000\\0.0000",
      "Manufacturer" : "Philips Medical Systems",
      "Modality" : "CT",
      "ProtocolName" : "50",
      "SeriesInstanceUID" : "1.3.46.670589.10.900123.19970114.35056000060.3",
      "SeriesNumber" : " 1",
      "StationName" : "MVP"
   },
   "ParentStudy" : "200b3e41-4557e5ed-2b4a1771-a9e4ad06-cd1306c8",
   "Status" : "Unknown",
   "Type" : "Series"
}
[26-Apr-2025 17:54:54 Europe/Berlin] Requête proxy vers Orthanc : [GET] http://localhost:8042/series/19b4c568-a95664f5-ad117914-3ccf7292-2a7ee3a0?expand
[26-Apr-2025 17:54:54 Europe/Berlin] Réponse Orthanc (HTTP 200) : {
   "ID" : "200b3e41-4557e5ed-2b4a1771-a9e4ad06-cd1306c8",
   "IsStable" : true,
   "Labels" : [],
   "LastUpdate" : "20250311T081323",
   "MainDicomTags" : 
   {
      "AccessionNumber" : "",
      "InstitutionName" : "CHU St ROCH",
      "ReferringPhysicianName" : "",
      "StudyDate" : "19961014",
      "StudyID" : "2019",
      "StudyInstanceUID" : "1.3.46.670589.10.900123.19970114.35056000060.1",
      "StudyTime" : "145056.00000"
   },
   "ParentPatient" : "9b4d864d-a53a383a-44cdda8a-269b4eee-777c5729",
   "PatientMainDicomTags" : 
   {
      "PatientBirthDate" : "19781010",
      "PatientID" : "0000002019",
      "PatientName" : "AVE+ ABDOMEN",
      "PatientSex" : "M"
   },
   "Series" : 
   [
      "19b4c568-a95664f5-ad117914-3ccf7292-2a7ee3a0"
   ],
   "Type" : "Study"
}
[26-Apr-2025 17:54:54 Europe/Berlin] Requête proxy vers Orthanc : [GET] http://localhost:8042/studies/200b3e41-4557e5ed-2b4a1771-a9e4ad06-cd1306c8?expand
[26-Apr-2025 17:54:54 Europe/Berlin] Réponse Orthanc (HTTP 200) : {
   "ExpectedNumberOfInstances" : null,
   "ID" : "19b4c568-a95664f5-ad117914-3ccf7292-2a7ee3a0",
   "Instances" : 
   [
      "24e83fd1-ddd03175-beb6aa86-f4ce6432-4241b24f",
      "26952bd2-9569483f-e0549aca-a33b9065-69c33884",
      "2faf6dae-1e8dd60c-78fbca50-98cc48e7-66559504",
      "5974bce8-dfa0d418-48e52945-578a9547-fbb8179e",
      "63831658-2ed313e4-bdd47183-6c1be4da-c0022bb4",
      "75c6d27e-9c7d0b29-ef99341d-b7507933-63d3057d",
      "bc61cc15-593581eb-104dd853-f8e2ae2f-19704638",
      "cad86111-996653c7-c7ca1820-b783c4c3-9ff6e63b",
      "dacc5f2c-4eb67b6e-62fe20be-08583e4b-f7285061",
      "fe9d11b9-08ca2a74-f27c7727-86fa6833-6b2583ab"
   ],
   "IsStable" : true,
   "Labels" : [],
   "LastUpdate" : "20250311T081323",
   "MainDicomTags" : 
   {
      "ContrastBolusAgent" : "CONT",
      "ImageOrientationPatient" : "1.0000\\0.0000\\0.0000\\0.0000\\1.0000\\0.0000",
      "Manufacturer" : "Philips Medical Systems",
      "Modality" : "CT",
      "ProtocolName" : "50",
      "SeriesInstanceUID" : "1.3.46.670589.10.900123.19970114.35056000060.3",
      "SeriesNumber" : " 1",
      "StationName" : "MVP"
   },
   "ParentStudy" : "200b3e41-4557e5ed-2b4a1771-a9e4ad06-cd1306c8",
   "Status" : "Unknown",
   "Type" : "Series"
}
[26-Apr-2025 17:54:54 Europe/Berlin] Requête proxy vers Orthanc : [GET] http://localhost:8042/series/19b4c568-a95664f5-ad117914-3ccf7292-2a7ee3a0?expand
[26-Apr-2025 17:54:54 Europe/Berlin] Réponse Orthanc (HTTP 200) : {
   "ID" : "200b3e41-4557e5ed-2b4a1771-a9e4ad06-cd1306c8",
   "IsStable" : true,
   "Labels" : [],
   "LastUpdate" : "20250311T081323",
   "MainDicomTags" : 
   {
      "AccessionNumber" : "",
      "InstitutionName" : "CHU St ROCH",
      "ReferringPhysicianName" : "",
      "StudyDate" : "19961014",
      "StudyID" : "2019",
      "StudyInstanceUID" : "1.3.46.670589.10.900123.19970114.35056000060.1",
      "StudyTime" : "145056.00000"
   },
   "ParentPatient" : "9b4d864d-a53a383a-44cdda8a-269b4eee-777c5729",
   "PatientMainDicomTags" : 
   {
      "PatientBirthDate" : "19781010",
      "PatientID" : "0000002019",
      "PatientName" : "AVE+ ABDOMEN",
      "PatientSex" : "M"
   },
   "Series" : 
   [
      "19b4c568-a95664f5-ad117914-3ccf7292-2a7ee3a0"
   ],
   "Type" : "Study"
}
[26-Apr-2025 17:54:54 Europe/Berlin] Requête proxy vers Orthanc : [GET] http://localhost:8042/studies/200b3e41-4557e5ed-2b4a1771-a9e4ad06-cd1306c8?expand
[26-Apr-2025 17:54:55 Europe/Berlin] Réponse Orthanc (HTTP 200) : {
   "ExpectedNumberOfInstances" : null,
   "ID" : "19b4c568-a95664f5-ad117914-3ccf7292-2a7ee3a0",
   "Instances" : 
   [
      "24e83fd1-ddd03175-beb6aa86-f4ce6432-4241b24f",
      "26952bd2-9569483f-e0549aca-a33b9065-69c33884",
      "2faf6dae-1e8dd60c-78fbca50-98cc48e7-66559504",
      "5974bce8-dfa0d418-48e52945-578a9547-fbb8179e",
      "63831658-2ed313e4-bdd47183-6c1be4da-c0022bb4",
      "75c6d27e-9c7d0b29-ef99341d-b7507933-63d3057d",
      "bc61cc15-593581eb-104dd853-f8e2ae2f-19704638",
      "cad86111-996653c7-c7ca1820-b783c4c3-9ff6e63b",
      "dacc5f2c-4eb67b6e-62fe20be-08583e4b-f7285061",
      "fe9d11b9-08ca2a74-f27c7727-86fa6833-6b2583ab"
   ],
   "IsStable" : true,
   "Labels" : [],
   "LastUpdate" : "20250311T081323",
   "MainDicomTags" : 
   {
      "ContrastBolusAgent" : "CONT",
      "ImageOrientationPatient" : "1.0000\\0.0000\\0.0000\\0.0000\\1.0000\\0.0000",
      "Manufacturer" : "Philips Medical Systems",
      "Modality" : "CT",
      "ProtocolName" : "50",
      "SeriesInstanceUID" : "1.3.46.670589.10.900123.19970114.35056000060.3",
      "SeriesNumber" : " 1",
      "StationName" : "MVP"
   },
   "ParentStudy" : "200b3e41-4557e5ed-2b4a1771-a9e4ad06-cd1306c8",
   "Status" : "Unknown",
   "Type" : "Series"
}
[26-Apr-2025 17:54:55 Europe/Berlin] Requête proxy vers Orthanc : [GET] http://localhost:8042/series/19b4c568-a95664f5-ad117914-3ccf7292-2a7ee3a0?expand
[26-Apr-2025 17:54:55 Europe/Berlin] Réponse Orthanc (HTTP 200) : {
   "ID" : "200b3e41-4557e5ed-2b4a1771-a9e4ad06-cd1306c8",
   "IsStable" : true,
   "Labels" : [],
   "LastUpdate" : "20250311T081323",
   "MainDicomTags" : 
   {
      "AccessionNumber" : "",
      "InstitutionName" : "CHU St ROCH",
      "ReferringPhysicianName" : "",
      "StudyDate" : "19961014",
      "StudyID" : "2019",
      "StudyInstanceUID" : "1.3.46.670589.10.900123.19970114.35056000060.1",
      "StudyTime" : "145056.00000"
   },
   "ParentPatient" : "9b4d864d-a53a383a-44cdda8a-269b4eee-777c5729",
   "PatientMainDicomTags" : 
   {
      "PatientBirthDate" : "19781010",
      "PatientID" : "0000002019",
      "PatientName" : "AVE+ ABDOMEN",
      "PatientSex" : "M"
   },
   "Series" : 
   [
      "19b4c568-a95664f5-ad117914-3ccf7292-2a7ee3a0"
   ],
   "Type" : "Study"
}
[26-Apr-2025 17:54:55 Europe/Berlin] Requête proxy vers Orthanc : [GET] http://localhost:8042/studies/200b3e41-4557e5ed-2b4a1771-a9e4ad06-cd1306c8?expand
[26-Apr-2025 17:54:55 Europe/Berlin] Réponse Orthanc (HTTP 200) : {
   "ExpectedNumberOfInstances" : null,
   "ID" : "19b4c568-a95664f5-ad117914-3ccf7292-2a7ee3a0",
   "Instances" : 
   [
      "24e83fd1-ddd03175-beb6aa86-f4ce6432-4241b24f",
      "26952bd2-9569483f-e0549aca-a33b9065-69c33884",
      "2faf6dae-1e8dd60c-78fbca50-98cc48e7-66559504",
      "5974bce8-dfa0d418-48e52945-578a9547-fbb8179e",
      "63831658-2ed313e4-bdd47183-6c1be4da-c0022bb4",
      "75c6d27e-9c7d0b29-ef99341d-b7507933-63d3057d",
      "bc61cc15-593581eb-104dd853-f8e2ae2f-19704638",
      "cad86111-996653c7-c7ca1820-b783c4c3-9ff6e63b",
      "dacc5f2c-4eb67b6e-62fe20be-08583e4b-f7285061",
      "fe9d11b9-08ca2a74-f27c7727-86fa6833-6b2583ab"
   ],
   "IsStable" : true,
   "Labels" : [],
   "LastUpdate" : "20250311T081323",
   "MainDicomTags" : 
   {
      "ContrastBolusAgent" : "CONT",
      "ImageOrientationPatient" : "1.0000\\0.0000\\0.0000\\0.0000\\1.0000\\0.0000",
      "Manufacturer" : "Philips Medical Systems",
      "Modality" : "CT",
      "ProtocolName" : "50",
      "SeriesInstanceUID" : "1.3.46.670589.10.900123.19970114.35056000060.3",
      "SeriesNumber" : " 1",
      "StationName" : "MVP"
   },
   "ParentStudy" : "200b3e41-4557e5ed-2b4a1771-a9e4ad06-cd1306c8",
   "Status" : "Unknown",
   "Type" : "Series"
}
[26-Apr-2025 17:54:55 Europe/Berlin] Requête proxy vers Orthanc : [GET] http://localhost:8042/series/19b4c568-a95664f5-ad117914-3ccf7292-2a7ee3a0?expand
[26-Apr-2025 17:54:55 Europe/Berlin] Réponse Orthanc (HTTP 200) : {
   "ID" : "200b3e41-4557e5ed-2b4a1771-a9e4ad06-cd1306c8",
   "IsStable" : true,
   "Labels" : [],
   "LastUpdate" : "20250311T081323",
   "MainDicomTags" : 
   {
      "AccessionNumber" : "",
      "InstitutionName" : "CHU St ROCH",
      "ReferringPhysicianName" : "",
      "StudyDate" : "19961014",
      "StudyID" : "2019",
      "StudyInstanceUID" : "1.3.46.670589.10.900123.19970114.35056000060.1",
      "StudyTime" : "145056.00000"
   },
   "ParentPatient" : "9b4d864d-a53a383a-44cdda8a-269b4eee-777c5729",
   "PatientMainDicomTags" : 
   {
      "PatientBirthDate" : "19781010",
      "PatientID" : "0000002019",
      "PatientName" : "AVE+ ABDOMEN",
      "PatientSex" : "M"
   },
   "Series" : 
   [
      "19b4c568-a95664f5-ad117914-3ccf7292-2a7ee3a0"
   ],
   "Type" : "Study"
}
[26-Apr-2025 17:54:55 Europe/Berlin] Requête proxy vers Orthanc : [GET] http://localhost:8042/studies/200b3e41-4557e5ed-2b4a1771-a9e4ad06-cd1306c8?expand
[26-Apr-2025 17:54:55 Europe/Berlin] Réponse Orthanc (HTTP 200) : {
   "ExpectedNumberOfInstances" : null,
   "ID" : "19b4c568-a95664f5-ad117914-3ccf7292-2a7ee3a0",
   "Instances" : 
   [
      "24e83fd1-ddd03175-beb6aa86-f4ce6432-4241b24f",
      "26952bd2-9569483f-e0549aca-a33b9065-69c33884",
      "2faf6dae-1e8dd60c-78fbca50-98cc48e7-66559504",
      "5974bce8-dfa0d418-48e52945-578a9547-fbb8179e",
      "63831658-2ed313e4-bdd47183-6c1be4da-c0022bb4",
      "75c6d27e-9c7d0b29-ef99341d-b7507933-63d3057d",
      "bc61cc15-593581eb-104dd853-f8e2ae2f-19704638",
      "cad86111-996653c7-c7ca1820-b783c4c3-9ff6e63b",
      "dacc5f2c-4eb67b6e-62fe20be-08583e4b-f7285061",
      "fe9d11b9-08ca2a74-f27c7727-86fa6833-6b2583ab"
   ],
   "IsStable" : true,
   "Labels" : [],
   "LastUpdate" : "20250311T081323",
   "MainDicomTags" : 
   {
      "ContrastBolusAgent" : "CONT",
      "ImageOrientationPatient" : "1.0000\\0.0000\\0.0000\\0.0000\\1.0000\\0.0000",
      "Manufacturer" : "Philips Medical Systems",
      "Modality" : "CT",
      "ProtocolName" : "50",
      "SeriesInstanceUID" : "1.3.46.670589.10.900123.19970114.35056000060.3",
      "SeriesNumber" : " 1",
      "StationName" : "MVP"
   },
   "ParentStudy" : "200b3e41-4557e5ed-2b4a1771-a9e4ad06-cd1306c8",
   "Status" : "Unknown",
   "Type" : "Series"
}
[26-Apr-2025 17:54:55 Europe/Berlin] Réponse Orthanc (HTTP 200) : {
   "ID" : "200b3e41-4557e5ed-2b4a1771-a9e4ad06-cd1306c8",
   "IsStable" : true,
   "Labels" : [],
   "LastUpdate" : "20250311T081323",
   "MainDicomTags" : 
   {
      "AccessionNumber" : "",
      "InstitutionName" : "CHU St ROCH",
      "ReferringPhysicianName" : "",
      "StudyDate" : "19961014",
      "StudyID" : "2019",
      "StudyInstanceUID" : "1.3.46.670589.10.900123.19970114.35056000060.1",
      "StudyTime" : "145056.00000"
   },
   "ParentPatient" : "9b4d864d-a53a383a-44cdda8a-269b4eee-777c5729",
   "PatientMainDicomTags" : 
   {
      "PatientBirthDate" : "19781010",
      "PatientID" : "0000002019",
      "PatientName" : "AVE+ ABDOMEN",
      "PatientSex" : "M"
   },
   "Series" : 
   [
      "19b4c568-a95664f5-ad117914-3ccf7292-2a7ee3a0"
   ],
   "Type" : "Study"
}
[26-Apr-2025 17:54:55 Europe/Berlin] Requête proxy vers Orthanc : [GET] http://localhost:8042/studies/200b3e41-4557e5ed-2b4a1771-a9e4ad06-cd1306c8?expand
[26-Apr-2025 17:54:55 Europe/Berlin] Réponse Orthanc (HTTP 200) : {
   "ID" : "200b3e41-4557e5ed-2b4a1771-a9e4ad06-cd1306c8",
   "IsStable" : true,
   "Labels" : [],
   "LastUpdate" : "20250311T081323",
   "MainDicomTags" : 
   {
      "AccessionNumber" : "",
      "InstitutionName" : "CHU St ROCH",
      "ReferringPhysicianName" : "",
      "StudyDate" : "19961014",
      "StudyID" : "2019",
      "StudyInstanceUID" : "1.3.46.670589.10.900123.19970114.35056000060.1",
      "StudyTime" : "145056.00000"
   },
   "ParentPatient" : "9b4d864d-a53a383a-44cdda8a-269b4eee-777c5729",
   "PatientMainDicomTags" : 
   {
      "PatientBirthDate" : "19781010",
      "PatientID" : "0000002019",
      "PatientName" : "AVE+ ABDOMEN",
      "PatientSex" : "M"
   },
   "Series" : 
   [
      "19b4c568-a95664f5-ad117914-3ccf7292-2a7ee3a0"
   ],
   "Type" : "Study"
}
[26-Apr-2025 17:58:23 Europe/Berlin] Requête proxy vers Orthanc : [GET] http://localhost:8042//instances
[26-Apr-2025 17:58:23 Europe/Berlin] Réponse Orthanc (HTTP 200) : [
   "094563e4-74b821f1-120c8584-6236b3ba-05716a47",
   "24e83fd1-ddd03175-beb6aa86-f4ce6432-4241b24f",
   "26952bd2-9569483f-e0549aca-a33b9065-69c33884",
   "2faf6dae-1e8dd60c-78fbca50-98cc48e7-66559504",
   "582dde1a-6ee0dcb1-dc2c0a3c-06a79b2f-211eda06",
   "5974bce8-dfa0d418-48e52945-578a9547-fbb8179e",
   "63831658-2ed313e4-bdd47183-6c1be4da-c0022bb4",
   "75c6d27e-9c7d0b29-ef99341d-b7507933-63d3057d",
   "96548d6b-b87fefbd-78a3f7c5-c5abe181-0643a103",
   "b7fb1fb4-142e5a15-333ae197-298b1626-11f8833b",
   "bc61cc15-593581eb-104dd853-f8e2ae2f-19704638",
   "cad86111-996653c7-c7ca1820-b783c4c3-9ff6e63b",
   "dacc5f2c-4eb67b6e-62fe20be-08583e4b-f7285061",
   "e07efef8-4eba99da-e58dbc40-0173c1da-e2535081",
   "eb17dc02-607db0a6-1074ad73-79fb3688-f9a596db",
   "fe9d11b9-08ca2a74-f27c7727-86fa6833-6b2583ab",
   "feaf75ad-9548b055-4a7a21f5-3db18a07-9c6903d3"
]
[26-Apr-2025 17:58:23 Europe/Berlin] Requête proxy vers Orthanc : [GET] http://localhost:8042/instances/094563e4-74b821f1-120c8584-6236b3ba-05716a47?expand
[26-Apr-2025 17:58:23 Europe/Berlin] Requête proxy vers Orthanc : [GET] http://localhost:8042/instances/24e83fd1-ddd03175-beb6aa86-f4ce6432-4241b24f?expand
[26-Apr-2025 17:58:23 Europe/Berlin] Requête proxy vers Orthanc : [GET] http://localhost:8042/instances/26952bd2-9569483f-e0549aca-a33b9065-69c33884?expand
[26-Apr-2025 17:58:23 Europe/Berlin] Requête proxy vers Orthanc : [GET] http://localhost:8042/instances/582dde1a-6ee0dcb1-dc2c0a3c-06a79b2f-211eda06?expand
[26-Apr-2025 17:58:23 Europe/Berlin] Requête proxy vers Orthanc : [GET] http://localhost:8042/instances/5974bce8-dfa0d418-48e52945-578a9547-fbb8179e?expand
[26-Apr-2025 17:58:23 Europe/Berlin] Requête proxy vers Orthanc : [GET] http://localhost:8042/instances/2faf6dae-1e8dd60c-78fbca50-98cc48e7-66559504?expand
[26-Apr-2025 17:58:23 Europe/Berlin] Réponse Orthanc (HTTP 200) : {
   "FileSize" : 526336,
   "FileUuid" : "1b56fb91-ea25-44cc-8c18-5f24da876928",
   "ID" : "24e83fd1-ddd03175-beb6aa86-f4ce6432-4241b24f",
   "IndexInSeries" : 14001,
   "Labels" : [],
   "MainDicomTags" : 
   {
      "AcquisitionNumber" : "14",
      "ImageComments" : "",
      "ImageOrientationPatient" : "1.0000\\0.0000\\0.0000\\0.0000\\1.0000\\0.0000",
      "ImagePositionPatient" : "-175.1000\\-175.1000\\-120.0000",
      "InstanceCreationDate" : "19970114",
      "InstanceCreationTime" : "035100.0007",
      "InstanceNumber" : " 14001",
      "SOPInstanceUID" : "1.3.46.670589.10.900123.19970114.35100000070"
   },
   "ParentSeries" : "19b4c568-a95664f5-ad117914-3ccf7292-2a7ee3a0",
   "Type" : "Instance"
}
[26-Apr-2025 17:58:23 Europe/Berlin] Réponse Orthanc (HTTP 200) : {
   "FileSize" : 526336,
   "FileUuid" : "847455dd-9936-4c5a-9d73-29f225acd32b",
   "ID" : "094563e4-74b821f1-120c8584-6236b3ba-05716a47",
   "IndexInSeries" : 5003,
   "Labels" : [],
   "MainDicomTags" : 
   {
      "AcquisitionNumber" : " 5",
      "ImageComments" : "MD",
      "ImageOrientationPatient" : "1.0000\\0.0000\\0.0000\\0.0000\\1.0000\\0.0000",
      "ImagePositionPatient" : "-80.7000\\-75.1000\\-61.0000",
      "InstanceCreationDate" : "19970114",
      "InstanceCreationTime" : "035049.0005",
      "InstanceNumber" : "5003",
      "SOPInstanceUID" : "1.3.46.670589.10.900123.19970114.35049000050"
   },
   "ParentSeries" : "f623b033-c3bb9318-1ae62c1a-9fd5f247-24c86dea",
   "Type" : "Instance"
}
[26-Apr-2025 17:58:23 Europe/Berlin] Réponse Orthanc (HTTP 200) : {
   "FileSize" : 526336,
   "FileUuid" : "11a7f312-517f-42ad-a5f0-e749b0038b6c",
   "ID" : "5974bce8-dfa0d418-48e52945-578a9547-fbb8179e",
   "IndexInSeries" : 18001,
   "Labels" : [],
   "MainDicomTags" : 
   {
      "AcquisitionNumber" : "18",
      "ImageComments" : "",
      "ImageOrientationPatient" : "1.0000\\0.0000\\0.0000\\0.0000\\1.0000\\0.0000",
      "ImagePositionPatient" : "-175.1000\\-175.1000\\-160.0000",
      "InstanceCreationDate" : "19970114",
      "InstanceCreationTime" : "035120.0011",
      "InstanceNumber" : " 18001",
      "SOPInstanceUID" : "1.3.46.670589.10.900123.19970114.35120000110"
   },
   "ParentSeries" : "19b4c568-a95664f5-ad117914-3ccf7292-2a7ee3a0",
   "Type" : "Instance"
}
[26-Apr-2025 17:58:23 Europe/Berlin] Réponse Orthanc (HTTP 200) : {
   "FileSize" : 527206,
   "FileUuid" : "795689db-f22a-4dce-b798-da7adabb6f0e",
   "ID" : "582dde1a-6ee0dcb1-dc2c0a3c-06a79b2f-211eda06",
   "IndexInSeries" : null,
   "Labels" : [],
   "MainDicomTags" : 
   {
      "InstanceCreationDate" : "20250421",
      "InstanceCreationTime" : "202125.000000",
      "SOPInstanceUID" : "1.2.276.0.7230010.3.1.4.1159938914.5836.1745266885.814"
   },
   "ParentSeries" : "4541c007-3ddcd5b2-6bf192fc-d28df38d-afe5c271",
   "Type" : "Instance"
}
[26-Apr-2025 17:58:23 Europe/Berlin] Réponse Orthanc (HTTP 200) : {
   "FileSize" : 526336,
   "FileUuid" : "9702e94e-8902-4103-ae55-af77a92efc6a",
   "ID" : "26952bd2-9569483f-e0549aca-a33b9065-69c33884",
   "IndexInSeries" : 17001,
   "Labels" : [],
   "MainDicomTags" : 
   {
      "AcquisitionNumber" : "17",
      "ImageComments" : "",
      "ImageOrientationPatient" : "1.0000\\0.0000\\0.0000\\0.0000\\1.0000\\0.0000",
      "ImagePositionPatient" : "-175.1000\\-175.1000\\-150.0000",
      "InstanceCreationDate" : "19970114",
      "InstanceCreationTime" : "035115.0010",
      "InstanceNumber" : " 17001",
      "SOPInstanceUID" : "1.3.46.670589.10.900123.19970114.35115000100"
   },
   "ParentSeries" : "19b4c568-a95664f5-ad117914-3ccf7292-2a7ee3a0",
   "Type" : "Instance"
}
[26-Apr-2025 17:58:23 Europe/Berlin] Réponse Orthanc (HTTP 200) : {
   "FileSize" : 526336,
   "FileUuid" : "43af4eee-ad27-4654-b4a1-e5a62a718f5a",
   "ID" : "2faf6dae-1e8dd60c-78fbca50-98cc48e7-66559504",
   "IndexInSeries" : 20001,
   "Labels" : [],
   "MainDicomTags" : 
   {
      "AcquisitionNumber" : "20",
      "ImageComments" : "",
      "ImageOrientationPatient" : "1.0000\\0.0000\\0.0000\\0.0000\\1.0000\\0.0000",
      "ImagePositionPatient" : "-175.1000\\-175.1000\\-180.0000",
      "InstanceCreationDate" : "19970114",
      "InstanceCreationTime" : "035131.0013",
      "InstanceNumber" : " 20001",
      "SOPInstanceUID" : "1.3.46.670589.10.900123.19970114.35131000130"
   },
   "ParentSeries" : "19b4c568-a95664f5-ad117914-3ccf7292-2a7ee3a0",
   "Type" : "Instance"
}
[26-Apr-2025 17:58:23 Europe/Berlin] Requête proxy vers Orthanc : [GET] http://localhost:8042/instances/63831658-2ed313e4-bdd47183-6c1be4da-c0022bb4?expand
[26-Apr-2025 17:58:23 Europe/Berlin] Requête proxy vers Orthanc : [GET] http://localhost:8042/instances/75c6d27e-9c7d0b29-ef99341d-b7507933-63d3057d?expand
[26-Apr-2025 17:58:23 Europe/Berlin] Requête proxy vers Orthanc : [GET] http://localhost:8042/instances/96548d6b-b87fefbd-78a3f7c5-c5abe181-0643a103?expand
[26-Apr-2025 17:58:23 Europe/Berlin] Requête proxy vers Orthanc : [GET] http://localhost:8042/instances/b7fb1fb4-142e5a15-333ae197-298b1626-11f8833b?expand
[26-Apr-2025 17:58:24 Europe/Berlin] Requête proxy vers Orthanc : [GET] http://localhost:8042/instances/bc61cc15-593581eb-104dd853-f8e2ae2f-19704638?expand
[26-Apr-2025 17:58:24 Europe/Berlin] Requête proxy vers Orthanc : [GET] http://localhost:8042/instances/cad86111-996653c7-c7ca1820-b783c4c3-9ff6e63b?expand
[26-Apr-2025 17:58:24 Europe/Berlin] Réponse Orthanc (HTTP 200) : {
   "FileSize" : 526336,
   "FileUuid" : "18595efd-f373-4173-a048-6de33ca05bca",
   "ID" : "63831658-2ed313e4-bdd47183-6c1be4da-c0022bb4",
   "IndexInSeries" : 15001,
   "Labels" : [],
   "MainDicomTags" : 
   {
      "AcquisitionNumber" : "15",
      "ImageComments" : "",
      "ImageOrientationPatient" : "1.0000\\0.0000\\0.0000\\0.0000\\1.0000\\0.0000",
      "ImagePositionPatient" : "-175.1000\\-175.1000\\-130.0000",
      "InstanceCreationDate" : "19970114",
      "InstanceCreationTime" : "035105.0008",
      "InstanceNumber" : " 15001",
      "SOPInstanceUID" : "1.3.46.670589.10.900123.19970114.35105000080"
   },
   "ParentSeries" : "19b4c568-a95664f5-ad117914-3ccf7292-2a7ee3a0",
   "Type" : "Instance"
}
[26-Apr-2025 17:58:24 Europe/Berlin] Réponse Orthanc (HTTP 200) : {
   "FileSize" : 526336,
   "FileUuid" : "7ef2cfb2-cd10-40ef-8012-0b6fd7578b13",
   "ID" : "75c6d27e-9c7d0b29-ef99341d-b7507933-63d3057d",
   "IndexInSeries" : 21001,
   "Labels" : [],
   "MainDicomTags" : 
   {
      "AcquisitionNumber" : "21",
      "ImageComments" : "",
      "ImageOrientationPatient" : "1.0000\\0.0000\\0.0000\\0.0000\\1.0000\\0.0000",
      "ImagePositionPatient" : "-175.1000\\-175.1000\\-190.0000",
      "InstanceCreationDate" : "19970114",
      "InstanceCreationTime" : "035135.0014",
      "InstanceNumber" : " 21001",
      "SOPInstanceUID" : "1.3.46.670589.10.900123.19970114.35135000140"
   },
   "ParentSeries" : "19b4c568-a95664f5-ad117914-3ccf7292-2a7ee3a0",
   "Type" : "Instance"
}
[26-Apr-2025 17:58:24 Europe/Berlin] Réponse Orthanc (HTTP 200) : {
   "FileSize" : 1702398,
   "FileUuid" : "9fa9d15a-988d-410e-9194-ddfde927c89a",
   "ID" : "b7fb1fb4-142e5a15-333ae197-298b1626-11f8833b",
   "IndexInSeries" : null,
   "Labels" : [],
   "MainDicomTags" : 
   {
      "InstanceNumber" : "",
      "NumberOfFrames" : "96",
      "SOPInstanceUID" : "1.3.12.2.1107.5.4.3.321890.19960124.162922.29"
   },
   "ParentSeries" : "62cc4f41-9b1679c0-6ad19a2e-71fccb6f-07a3d16d",
   "Type" : "Instance"
}
[26-Apr-2025 17:58:24 Europe/Berlin] Réponse Orthanc (HTTP 200) : {
   "FileSize" : 91264,
   "FileUuid" : "39819348-f7ea-4861-9842-83c4a4a8c13e",
   "ID" : "96548d6b-b87fefbd-78a3f7c5-c5abe181-0643a103",
   "IndexInSeries" : 5,
   "Labels" : [],
   "MainDicomTags" : 
   {
      "ImageComments" : "JPEG 2000 lossless - Version 4.0.2 (c) Image Devices GmbH",
      "ImageOrientationPatient" : "1\\0\\0\\0\\1\\0",
      "ImagePositionPatient" : "-151.493508\\-36.6564417\\1293",
      "InstanceCreationDate" : "20061012",
      "InstanceCreationTime" : "091607.000000",
      "InstanceNumber" : "5",
      "SOPInstanceUID" : "1.2.826.0.1.3680043.8.1055.1.20111102150759059.64998534.33344836"
   },
   "ParentSeries" : "98d367a5-58eeba8b-f3c2da4b-de7d8f6f-ede53eb2",
   "Type" : "Instance"
}
[26-Apr-2025 17:58:24 Europe/Berlin] Requête proxy vers Orthanc : [GET] http://localhost:8042/instances/e07efef8-4eba99da-e58dbc40-0173c1da-e2535081?expand
[26-Apr-2025 17:58:24 Europe/Berlin] Réponse Orthanc (HTTP 200) : {
   "FileSize" : 526336,
   "FileUuid" : "9f80260d-18b9-46ce-ada1-00d0d866886d",
   "ID" : "bc61cc15-593581eb-104dd853-f8e2ae2f-19704638",
   "IndexInSeries" : 16001,
   "Labels" : [],
   "MainDicomTags" : 
   {
      "AcquisitionNumber" : "16",
      "ImageComments" : "",
      "ImageOrientationPatient" : "1.0000\\0.0000\\0.0000\\0.0000\\1.0000\\0.0000",
      "ImagePositionPatient" : "-175.1000\\-175.1000\\-140.0000",
      "InstanceCreationDate" : "19970114",
      "InstanceCreationTime" : "035110.0009",
      "InstanceNumber" : " 16001",
      "SOPInstanceUID" : "1.3.46.670589.10.900123.19970114.35110000090"
   },
   "ParentSeries" : "19b4c568-a95664f5-ad117914-3ccf7292-2a7ee3a0",
   "Type" : "Instance"
}
[26-Apr-2025 17:58:24 Europe/Berlin] Requête proxy vers Orthanc : [GET] http://localhost:8042/instances/dacc5f2c-4eb67b6e-62fe20be-08583e4b-f7285061?expand
[26-Apr-2025 17:58:24 Europe/Berlin] Réponse Orthanc (HTTP 200) : {
   "FileSize" : 526336,
   "FileUuid" : "644bcf08-beb7-4bb7-8f87-2a07dae77a9f",
   "ID" : "cad86111-996653c7-c7ca1820-b783c4c3-9ff6e63b",
   "IndexInSeries" : 22001,
   "Labels" : [],
   "MainDicomTags" : 
   {
      "AcquisitionNumber" : "22",
      "ImageComments" : "",
      "ImageOrientationPatient" : "1.0000\\0.0000\\0.0000\\0.0000\\1.0000\\0.0000",
      "ImagePositionPatient" : "-175.1000\\-175.1000\\-200.0000",
      "InstanceCreationDate" : "19970114",
      "InstanceCreationTime" : "035140.0015",
      "InstanceNumber" : " 22001",
      "SOPInstanceUID" : "1.3.46.670589.10.900123.19970114.35140000150"
   },
   "ParentSeries" : "19b4c568-a95664f5-ad117914-3ccf7292-2a7ee3a0",
   "Type" : "Instance"
}
[26-Apr-2025 17:58:24 Europe/Berlin] Requête proxy vers Orthanc : [GET] http://localhost:8042/instances/eb17dc02-607db0a6-1074ad73-79fb3688-f9a596db?expand
[26-Apr-2025 17:58:24 Europe/Berlin] Requête proxy vers Orthanc : [GET] http://localhost:8042/instances/feaf75ad-9548b055-4a7a21f5-3db18a07-9c6903d3?expand
[26-Apr-2025 17:58:24 Europe/Berlin] Requête proxy vers Orthanc : [GET] http://localhost:8042/series/19b4c568-a95664f5-ad117914-3ccf7292-2a7ee3a0?expand
[26-Apr-2025 17:58:24 Europe/Berlin] Requête proxy vers Orthanc : [GET] http://localhost:8042/instances/fe9d11b9-08ca2a74-f27c7727-86fa6833-6b2583ab?expand
[26-Apr-2025 17:58:24 Europe/Berlin] Réponse Orthanc (HTTP 200) : {
   "FileSize" : 531298,
   "FileUuid" : "937b172f-feb1-4efd-a3ab-432405774a56",
   "ID" : "e07efef8-4eba99da-e58dbc40-0173c1da-e2535081",
   "IndexInSeries" : 1,
   "Labels" : [],
   "MainDicomTags" : 
   {
      "AcquisitionNumber" : "1",
      "InstanceCreationDate" : "20210411",
      "InstanceCreationTime" : "213019.104784",
      "InstanceNumber" : "1",
      "NumberOfFrames" : "1",
      "SOPInstanceUID" : "1.3.12.2.1107.5.8.15.999999.30000021041121051996700000250"
   },
   "ParentSeries" : "11b7c563-ae504ced-e95ed300-7176b3e8-74f7e2f5",
   "Type" : "Instance"
}
[26-Apr-2025 17:58:24 Europe/Berlin] Réponse Orthanc (HTTP 200) : {
   "FileSize" : 526336,
   "FileUuid" : "97a1c84b-5c67-4016-8405-2f71ae4af3de",
   "ID" : "dacc5f2c-4eb67b6e-62fe20be-08583e4b-f7285061",
   "IndexInSeries" : 19001,
   "Labels" : [],
   "MainDicomTags" : 
   {
      "AcquisitionNumber" : "19",
      "ImageComments" : "",
      "ImageOrientationPatient" : "1.0000\\0.0000\\0.0000\\0.0000\\1.0000\\0.0000",
      "ImagePositionPatient" : "-175.1000\\-175.1000\\-170.0000",
      "InstanceCreationDate" : "19970114",
      "InstanceCreationTime" : "035126.0012",
      "InstanceNumber" : " 19001",
      "SOPInstanceUID" : "1.3.46.670589.10.900123.19970114.35126000120"
   },
   "ParentSeries" : "19b4c568-a95664f5-ad117914-3ccf7292-2a7ee3a0",
   "Type" : "Instance"
}
[26-Apr-2025 17:58:24 Europe/Berlin] Réponse Orthanc (HTTP 200) : {
   "FileSize" : 526336,
   "FileUuid" : "c415c430-c5a8-4afa-854f-af8e254144b8",
   "ID" : "feaf75ad-9548b055-4a7a21f5-3db18a07-9c6903d3",
   "IndexInSeries" : 5000,
   "Labels" : [],
   "MainDicomTags" : 
   {
      "AcquisitionNumber" : " 5",
      "ImageComments" : "",
      "ImageOrientationPatient" : "1.0000\\0.0000\\0.0000\\0.0000\\1.0000\\0.0000",
      "ImagePositionPatient" : "-124.9000\\-124.9000\\15.0000",
      "InstanceCreationDate" : "19970114",
      "InstanceCreationTime" : "035029.0002",
      "InstanceNumber" : "5000",
      "SOPInstanceUID" : "1.3.46.670589.10.900123.19970114.35029000020"
   },
   "ParentSeries" : "670d99fa-c4a853ca-52f7989e-f6df82a8-5123711c",
   "Type" : "Instance"
}
[26-Apr-2025 17:58:24 Europe/Berlin] Réponse Orthanc (HTTP 200) : {
   "FileSize" : 526336,
   "FileUuid" : "c426268c-e58d-4f99-814f-daad18c5a0b1",
   "ID" : "eb17dc02-607db0a6-1074ad73-79fb3688-f9a596db",
   "IndexInSeries" : 6000,
   "Labels" : [],
   "MainDicomTags" : 
   {
      "AcquisitionNumber" : " 6",
      "ImageComments" : "",
      "ImageOrientationPatient" : "1.0000\\0.0000\\0.0000\\0.0000\\0.9397\\-0.3420",
      "ImagePositionPatient" : "-124.9000\\-117.4000\\67.7000",
      "InstanceCreationDate" : "19970114",
      "InstanceCreationTime" : "035036.0003",
      "InstanceNumber" : "6000",
      "SOPInstanceUID" : "1.3.46.670589.10.900123.19970114.35036000030"
   },
   "ParentSeries" : "f6ebf659-c336b2b9-102a72e3-2cd836e9-a5662c26",
   "Type" : "Instance"
}
[26-Apr-2025 17:58:24 Europe/Berlin] Réponse Orthanc (HTTP 200) : {
   "ExpectedNumberOfInstances" : null,
   "ID" : "19b4c568-a95664f5-ad117914-3ccf7292-2a7ee3a0",
   "Instances" : 
   [
      "24e83fd1-ddd03175-beb6aa86-f4ce6432-4241b24f",
      "26952bd2-9569483f-e0549aca-a33b9065-69c33884",
      "2faf6dae-1e8dd60c-78fbca50-98cc48e7-66559504",
      "5974bce8-dfa0d418-48e52945-578a9547-fbb8179e",
      "63831658-2ed313e4-bdd47183-6c1be4da-c0022bb4",
      "75c6d27e-9c7d0b29-ef99341d-b7507933-63d3057d",
      "bc61cc15-593581eb-104dd853-f8e2ae2f-19704638",
      "cad86111-996653c7-c7ca1820-b783c4c3-9ff6e63b",
      "dacc5f2c-4eb67b6e-62fe20be-08583e4b-f7285061",
      "fe9d11b9-08ca2a74-f27c7727-86fa6833-6b2583ab"
   ],
   "IsStable" : true,
   "Labels" : [],
   "LastUpdate" : "20250311T081323",
   "MainDicomTags" : 
   {
      "ContrastBolusAgent" : "CONT",
      "ImageOrientationPatient" : "1.0000\\0.0000\\0.0000\\0.0000\\1.0000\\0.0000",
      "Manufacturer" : "Philips Medical Systems",
      "Modality" : "CT",
      "ProtocolName" : "50",
      "SeriesInstanceUID" : "1.3.46.670589.10.900123.19970114.35056000060.3",
      "SeriesNumber" : " 1",
      "StationName" : "MVP"
   },
   "ParentStudy" : "200b3e41-4557e5ed-2b4a1771-a9e4ad06-cd1306c8",
   "Status" : "Unknown",
   "Type" : "Series"
}
[26-Apr-2025 17:58:24 Europe/Berlin] Réponse Orthanc (HTTP 200) : {
   "FileSize" : 526336,
   "FileUuid" : "c147a823-c25b-4c74-a7fb-877198ac4ebe",
   "ID" : "fe9d11b9-08ca2a74-f27c7727-86fa6833-6b2583ab",
   "IndexInSeries" : 13001,
   "Labels" : [],
   "MainDicomTags" : 
   {
      "AcquisitionNumber" : "13",
      "ImageComments" : "",
      "ImageOrientationPatient" : "1.0000\\0.0000\\0.0000\\0.0000\\1.0000\\0.0000",
      "ImagePositionPatient" : "-175.1000\\-175.1000\\-110.0000",
      "InstanceCreationDate" : "19970114",
      "InstanceCreationTime" : "035056.0006",
      "InstanceNumber" : " 13001",
      "SOPInstanceUID" : "1.3.46.670589.10.900123.19970114.35056000060"
   },
   "ParentSeries" : "19b4c568-a95664f5-ad117914-3ccf7292-2a7ee3a0",
   "Type" : "Instance"
}
[26-Apr-2025 17:58:24 Europe/Berlin] Requête proxy vers Orthanc : [GET] http://localhost:8042/series/f623b033-c3bb9318-1ae62c1a-9fd5f247-24c86dea?expand
[26-Apr-2025 17:58:24 Europe/Berlin] Requête proxy vers Orthanc : [GET] http://localhost:8042/series/4541c007-3ddcd5b2-6bf192fc-d28df38d-afe5c271?expand
[26-Apr-2025 17:58:24 Europe/Berlin] Requête proxy vers Orthanc : [GET] http://localhost:8042/series/19b4c568-a95664f5-ad117914-3ccf7292-2a7ee3a0?expand
[26-Apr-2025 17:58:24 Europe/Berlin] Requête proxy vers Orthanc : [GET] http://localhost:8042/series/62cc4f41-9b1679c0-6ad19a2e-71fccb6f-07a3d16d?expand
[26-Apr-2025 17:58:24 Europe/Berlin] Requête proxy vers Orthanc : [GET] http://localhost:8042/series/98d367a5-58eeba8b-f3c2da4b-de7d8f6f-ede53eb2?expand
[26-Apr-2025 17:58:24 Europe/Berlin] Requête proxy vers Orthanc : [GET] http://localhost:8042/series/11b7c563-ae504ced-e95ed300-7176b3e8-74f7e2f5?expand
[26-Apr-2025 17:58:24 Europe/Berlin] Réponse Orthanc (HTTP 200) : {
   "ExpectedNumberOfInstances" : null,
   "ID" : "4541c007-3ddcd5b2-6bf192fc-d28df38d-afe5c271",
   "Instances" : 
   [
      "582dde1a-6ee0dcb1-dc2c0a3c-06a79b2f-211eda06"
   ],
   "IsStable" : true,
   "Labels" : [],
   "LastUpdate" : "20250421T202126",
   "MainDicomTags" : 
   {
      "Modality" : "M3D",
      "SeriesDate" : "20250421",
      "SeriesDescription" : "Model",
      "SeriesInstanceUID" : "1.2.276.0.7230010.3.1.3.1159938914.5836.1745266885.813",
      "SeriesTime" : "202125.000000"
   },
   "ParentStudy" : "8e51d8c2-c73f0a1e-57f97ca6-0fe69e66-c5e753eb",
   "Status" : "Unknown",
   "Type" : "Series"
}
[26-Apr-2025 17:58:24 Europe/Berlin] Réponse Orthanc (HTTP 200) : {
   "ExpectedNumberOfInstances" : null,
   "ID" : "62cc4f41-9b1679c0-6ad19a2e-71fccb6f-07a3d16d",
   "Instances" : 
   [
      "b7fb1fb4-142e5a15-333ae197-298b1626-11f8833b"
   ],
   "IsStable" : true,
   "Labels" : [],
   "LastUpdate" : "20250421T205945",
   "MainDicomTags" : 
   {
      "Manufacturer" : "",
      "Modality" : "XA",
      "SeriesInstanceUID" : "1.3.12.2.1107.5.4.3.123456789012345.19950922.121803.8",
      "SeriesNumber" : "1"
   },
   "ParentStudy" : "aa938400-09e9f0df-8ba95f68-e21f98dd-0c6e0cf0",
   "Status" : "Unknown",
   "Type" : "Series"
}
[26-Apr-2025 17:58:24 Europe/Berlin] Réponse Orthanc (HTTP 200) : {
   "ExpectedNumberOfInstances" : null,
   "ID" : "f623b033-c3bb9318-1ae62c1a-9fd5f247-24c86dea",
   "Instances" : 
   [
      "094563e4-74b821f1-120c8584-6236b3ba-05716a47"
   ],
   "IsStable" : true,
   "Labels" : [],
   "LastUpdate" : "20250311T081322",
   "MainDicomTags" : 
   {
      "ContrastBolusAgent" : "NONE",
      "ImageOrientationPatient" : "1.0000\\0.0000\\0.0000\\0.0000\\1.0000\\0.0000",
      "Manufacturer" : "Philips Medical Systems",
      "Modality" : "CT",
      "ProtocolName" : " 1",
      "SeriesInstanceUID" : "1.3.46.670589.10.900123.19970114.35049000050.3",
      "SeriesNumber" : " 1",
      "StationName" : "MVP"
   },
   "ParentStudy" : "286789b1-82845a45-92d7dfc0-c6a8e286-27bc0129",
   "Status" : "Unknown",
   "Type" : "Series"
}
[26-Apr-2025 17:58:25 Europe/Berlin] Réponse Orthanc (HTTP 200) : {
   "ExpectedNumberOfInstances" : null,
   "ID" : "19b4c568-a95664f5-ad117914-3ccf7292-2a7ee3a0",
   "Instances" : 
   [
      "24e83fd1-ddd03175-beb6aa86-f4ce6432-4241b24f",
      "26952bd2-9569483f-e0549aca-a33b9065-69c33884",
      "2faf6dae-1e8dd60c-78fbca50-98cc48e7-66559504",
      "5974bce8-dfa0d418-48e52945-578a9547-fbb8179e",
      "63831658-2ed313e4-bdd47183-6c1be4da-c0022bb4",
      "75c6d27e-9c7d0b29-ef99341d-b7507933-63d3057d",
      "bc61cc15-593581eb-104dd853-f8e2ae2f-19704638",
      "cad86111-996653c7-c7ca1820-b783c4c3-9ff6e63b",
      "dacc5f2c-4eb67b6e-62fe20be-08583e4b-f7285061",
      "fe9d11b9-08ca2a74-f27c7727-86fa6833-6b2583ab"
   ],
   "IsStable" : true,
   "Labels" : [],
   "LastUpdate" : "20250311T081323",
   "MainDicomTags" : 
   {
      "ContrastBolusAgent" : "CONT",
      "ImageOrientationPatient" : "1.0000\\0.0000\\0.0000\\0.0000\\1.0000\\0.0000",
      "Manufacturer" : "Philips Medical Systems",
      "Modality" : "CT",
      "ProtocolName" : "50",
      "SeriesInstanceUID" : "1.3.46.670589.10.900123.19970114.35056000060.3",
      "SeriesNumber" : " 1",
      "StationName" : "MVP"
   },
   "ParentStudy" : "200b3e41-4557e5ed-2b4a1771-a9e4ad06-cd1306c8",
   "Status" : "Unknown",
   "Type" : "Series"
}
[26-Apr-2025 17:58:25 Europe/Berlin] Réponse Orthanc (HTTP 200) : {
   "ExpectedNumberOfInstances" : null,
   "ID" : "98d367a5-58eeba8b-f3c2da4b-de7d8f6f-ede53eb2",
   "Instances" : 
   [
      "96548d6b-b87fefbd-78a3f7c5-c5abe181-0643a103"
   ],
   "IsStable" : true,
   "Labels" : [],
   "LastUpdate" : "20250426T153239",
   "MainDicomTags" : 
   {
      "ContrastBolusAgent" : "CONTRAST",
      "ImageOrientationPatient" : "1\\0\\0\\0\\1\\0",
      "Modality" : "CT",
      "PerformedProcedureStepDescription" : "CT1 abdomen",
      "ProtocolName" : "ART.RENALES 12/Abdomen/Hx",
      "RequestAttributesSequence" : 
      [
         {
            "RequestedProcedureID" : "A10026177757",
            "ScheduledProcedureStepDescription" : "CT1 abdomen",
            "ScheduledProcedureStepID" : "A10026177758",
            "ScheduledProtocolCodeSequence" : 
            [
               {
                  "CodeMeaning" : "CT1 abdomen",
                  "CodeValue" : "CTABDOM",
                  "CodingSchemeDesignator" : "XPLORE"
               }
            ]
         }
      ],
      "SeriesDescription" : "ARTERIELLE",
      "SeriesInstanceUID" : "1.2.826.0.1.3680043.8.1055.1.20111102150758591.96842950.07877442",
      "SeriesNumber" : "6168"
   },
   "ParentStudy" : "3abaec0a-ebfaaa87-f830d52b-d62df074-6a692c12",
   "Status" : "Unknown",
   "Type" : "Series"
}
[26-Apr-2025 17:58:25 Europe/Berlin] Réponse Orthanc (HTTP 200) : {
   "ExpectedNumberOfInstances" : null,
   "ID" : "11b7c563-ae504ced-e95ed300-7176b3e8-74f7e2f5",
   "Instances" : 
   [
      "e07efef8-4eba99da-e58dbc40-0173c1da-e2535081"
   ],
   "IsStable" : true,
   "Labels" : [],
   "LastUpdate" : "20250421T233940",
   "MainDicomTags" : 
   {
      "Manufacturer" : "Siemens Healthineers",
      "Modality" : "MR",
      "PerformedProcedureStepDescription" : "Osteo_2021 Cheville",
      "PerformedProcedureStepStartDate" : "20210113",
      "PerformedProcedureStepStartTime" : "130454.100000",
      "ProtocolName" : "t1_sag_tse REF",
      "SeriesDate" : "20210411",
      "SeriesDescription" : "Exported MR Basic Reading",
      "SeriesInstanceUID" : "1.3.12.2.1107.5.8.15.999999.30000021041121051996700000249",
      "SeriesNumber" : "1005",
      "SeriesTime" : "213018.573513",
      "StationName" : "MR-T10-MRC19-04"
   },
   "ParentStudy" : "ae9bf996-b6ab6a8b-eba1f35e-14600862-f9393ddd",
   "Status" : "Unknown",
   "Type" : "Series"
}
[26-Apr-2025 17:58:25 Europe/Berlin] Requête proxy vers Orthanc : [GET] http://localhost:8042/series/670d99fa-c4a853ca-52f7989e-f6df82a8-5123711c?expand
[26-Apr-2025 17:58:25 Europe/Berlin] Requête proxy vers Orthanc : [GET] http://localhost:8042/series/f6ebf659-c336b2b9-102a72e3-2cd836e9-a5662c26?expand
[26-Apr-2025 17:58:25 Europe/Berlin] Requête proxy vers Orthanc : [GET] http://localhost:8042/studies/200b3e41-4557e5ed-2b4a1771-a9e4ad06-cd1306c8?expand
[26-Apr-2025 17:58:25 Europe/Berlin] Requête proxy vers Orthanc : [GET] http://localhost:8042/series/19b4c568-a95664f5-ad117914-3ccf7292-2a7ee3a0?expand
[26-Apr-2025 17:58:25 Europe/Berlin] Requête proxy vers Orthanc : [GET] http://localhost:8042/studies/8e51d8c2-c73f0a1e-57f97ca6-0fe69e66-c5e753eb?expand
[26-Apr-2025 17:58:25 Europe/Berlin] Requête proxy vers Orthanc : [GET] http://localhost:8042/studies/aa938400-09e9f0df-8ba95f68-e21f98dd-0c6e0cf0?expand
[26-Apr-2025 17:58:25 Europe/Berlin] Réponse Orthanc (HTTP 200) : {
   "ExpectedNumberOfInstances" : null,
   "ID" : "670d99fa-c4a853ca-52f7989e-f6df82a8-5123711c",
   "Instances" : 
   [
      "feaf75ad-9548b055-4a7a21f5-3db18a07-9c6903d3"
   ],
   "IsStable" : true,
   "Labels" : [],
   "LastUpdate" : "20250311T081322",
   "MainDicomTags" : 
   {
      "ContrastBolusAgent" : "NONE",
      "ImageOrientationPatient" : "1.0000\\0.0000\\0.0000\\0.0000\\1.0000\\0.0000",
      "Manufacturer" : "Philips Medical Systems",
      "Modality" : "CT",
      "ProtocolName" : " 1",
      "SeriesInstanceUID" : "1.3.46.670589.10.900123.19970114.35029000020.3",
      "SeriesNumber" : " 1",
      "StationName" : "MVP"
   },
   "ParentStudy" : "0ba2c4af-c4286377-ed83307a-c4307d90-422eea83",
   "Status" : "Unknown",
   "Type" : "Series"
}
[26-Apr-2025 17:58:25 Europe/Berlin] Réponse Orthanc (HTTP 200) : {
   "ID" : "8e51d8c2-c73f0a1e-57f97ca6-0fe69e66-c5e753eb",
   "IsStable" : true,
   "Labels" : [],
   "LastUpdate" : "20250421T202126",
   "MainDicomTags" : 
   {
      "AccessionNumber" : "",
      "InstitutionName" : "CHU St ROCH",
      "ReferringPhysicianName" : "",
      "StudyDate" : "19961014",
      "StudyID" : "2018",
      "StudyInstanceUID" : "1.3.46.670589.10.900123.19970114.35036000030.1",
      "StudyTime" : "140735.00000"
   },
   "ParentPatient" : "62bc7cdd-8f5ae588-dea41879-6a8e18d1-d44362ee",
   "PatientMainDicomTags" : 
   {
      "PatientBirthDate" : "19240101",
      "PatientID" : "0000002018",
      "PatientName" : "AVE+ BRAIN + POST + SINUS",
      "PatientSex" : "M"
   },
   "Series" : 
   [
      "4541c007-3ddcd5b2-6bf192fc-d28df38d-afe5c271",
      "f6ebf659-c336b2b9-102a72e3-2cd836e9-a5662c26"
   ],
   "Type" : "Study"
}
[26-Apr-2025 17:58:25 Europe/Berlin] Réponse Orthanc (HTTP 200) : {
   "ExpectedNumberOfInstances" : null,
   "ID" : "f6ebf659-c336b2b9-102a72e3-2cd836e9-a5662c26",
   "Instances" : 
   [
      "eb17dc02-607db0a6-1074ad73-79fb3688-f9a596db"
   ],
   "IsStable" : true,
   "Labels" : [],
   "LastUpdate" : "20250311T081322",
   "MainDicomTags" : 
   {
      "ContrastBolusAgent" : "NONE",
      "ImageOrientationPatient" : "1.0000\\0.0000\\0.0000\\0.0000\\0.9397\\-0.3420",
      "Manufacturer" : "Philips Medical Systems",
      "Modality" : "CT",
      "ProtocolName" : " 1",
      "SeriesInstanceUID" : "1.3.46.670589.10.900123.19970114.35036000030.3",
      "SeriesNumber" : " 1",
      "StationName" : "MVP"
   },
   "ParentStudy" : "8e51d8c2-c73f0a1e-57f97ca6-0fe69e66-c5e753eb",
   "Status" : "Unknown",
   "Type" : "Series"
}
[26-Apr-2025 17:58:25 Europe/Berlin] Réponse Orthanc (HTTP 200) : {
   "ID" : "aa938400-09e9f0df-8ba95f68-e21f98dd-0c6e0cf0",
   "IsStable" : true,
   "Labels" : [],
   "LastUpdate" : "20250421T205945",
   "MainDicomTags" : 
   {
      "AccessionNumber" : "",
      "InstitutionName" : "",
      "ReferringPhysicianName" : "",
      "StudyDate" : "19941013",
      "StudyDescription" : "",
      "StudyID" : "",
      "StudyInstanceUID" : "1.3.12.2.1107.5.4.3.123456789012345.19950922.121803.6",
      "StudyTime" : "141917"
   },
   "ParentPatient" : "1e6ca9a6-71d9b622-24e72d15-16251ee8-3735baf5",
   "PatientMainDicomTags" : 
   {
      "PatientBirthDate" : "19951025",
      "PatientID" : "556342B",
      "PatientName" : "Rubo DEMO",
      "PatientSex" : "M"
   },
   "Series" : 
   [
      "62cc4f41-9b1679c0-6ad19a2e-71fccb6f-07a3d16d"
   ],
   "Type" : "Study"
}
[26-Apr-2025 17:58:25 Europe/Berlin] Réponse Orthanc (HTTP 200) : {
   "ID" : "200b3e41-4557e5ed-2b4a1771-a9e4ad06-cd1306c8",
   "IsStable" : true,
   "Labels" : [],
   "LastUpdate" : "20250311T081323",
   "MainDicomTags" : 
   {
      "AccessionNumber" : "",
      "InstitutionName" : "CHU St ROCH",
      "ReferringPhysicianName" : "",
      "StudyDate" : "19961014",
      "StudyID" : "2019",
      "StudyInstanceUID" : "1.3.46.670589.10.900123.19970114.35056000060.1",
      "StudyTime" : "145056.00000"
   },
   "ParentPatient" : "9b4d864d-a53a383a-44cdda8a-269b4eee-777c5729",
   "PatientMainDicomTags" : 
   {
      "PatientBirthDate" : "19781010",
      "PatientID" : "0000002019",
      "PatientName" : "AVE+ ABDOMEN",
      "PatientSex" : "M"
   },
   "Series" : 
   [
      "19b4c568-a95664f5-ad117914-3ccf7292-2a7ee3a0"
   ],
   "Type" : "Study"
}
[26-Apr-2025 17:58:25 Europe/Berlin] Réponse Orthanc (HTTP 200) : {
   "ExpectedNumberOfInstances" : null,
   "ID" : "19b4c568-a95664f5-ad117914-3ccf7292-2a7ee3a0",
   "Instances" : 
   [
      "24e83fd1-ddd03175-beb6aa86-f4ce6432-4241b24f",
      "26952bd2-9569483f-e0549aca-a33b9065-69c33884",
      "2faf6dae-1e8dd60c-78fbca50-98cc48e7-66559504",
      "5974bce8-dfa0d418-48e52945-578a9547-fbb8179e",
      "63831658-2ed313e4-bdd47183-6c1be4da-c0022bb4",
      "75c6d27e-9c7d0b29-ef99341d-b7507933-63d3057d",
      "bc61cc15-593581eb-104dd853-f8e2ae2f-19704638",
      "cad86111-996653c7-c7ca1820-b783c4c3-9ff6e63b",
      "dacc5f2c-4eb67b6e-62fe20be-08583e4b-f7285061",
      "fe9d11b9-08ca2a74-f27c7727-86fa6833-6b2583ab"
   ],
   "IsStable" : true,
   "Labels" : [],
   "LastUpdate" : "20250311T081323",
   "MainDicomTags" : 
   {
      "ContrastBolusAgent" : "CONT",
      "ImageOrientationPatient" : "1.0000\\0.0000\\0.0000\\0.0000\\1.0000\\0.0000",
      "Manufacturer" : "Philips Medical Systems",
      "Modality" : "CT",
      "ProtocolName" : "50",
      "SeriesInstanceUID" : "1.3.46.670589.10.900123.19970114.35056000060.3",
      "SeriesNumber" : " 1",
      "StationName" : "MVP"
   },
   "ParentStudy" : "200b3e41-4557e5ed-2b4a1771-a9e4ad06-cd1306c8",
   "Status" : "Unknown",
   "Type" : "Series"
}
[26-Apr-2025 17:58:26 Europe/Berlin] Requête proxy vers Orthanc : [GET] http://localhost:8042/studies/286789b1-82845a45-92d7dfc0-c6a8e286-27bc0129?expand
[26-Apr-2025 17:58:26 Europe/Berlin] Requête proxy vers Orthanc : [GET] http://localhost:8042/studies/200b3e41-4557e5ed-2b4a1771-a9e4ad06-cd1306c8?expand
[26-Apr-2025 17:58:26 Europe/Berlin] Requête proxy vers Orthanc : [GET] http://localhost:8042/series/19b4c568-a95664f5-ad117914-3ccf7292-2a7ee3a0?expand
[26-Apr-2025 17:58:26 Europe/Berlin] Requête proxy vers Orthanc : [GET] http://localhost:8042/studies/ae9bf996-b6ab6a8b-eba1f35e-14600862-f9393ddd?expand
[26-Apr-2025 17:58:26 Europe/Berlin] Requête proxy vers Orthanc : [GET] http://localhost:8042/studies/3abaec0a-ebfaaa87-f830d52b-d62df074-6a692c12?expand
[26-Apr-2025 17:58:26 Europe/Berlin] Requête proxy vers Orthanc : [GET] http://localhost:8042/patients/1e6ca9a6-71d9b622-24e72d15-16251ee8-3735baf5
[26-Apr-2025 17:58:26 Europe/Berlin] Réponse Orthanc (HTTP 200) : {
   "ID" : "200b3e41-4557e5ed-2b4a1771-a9e4ad06-cd1306c8",
   "IsStable" : true,
   "Labels" : [],
   "LastUpdate" : "20250311T081323",
   "MainDicomTags" : 
   {
      "AccessionNumber" : "",
      "InstitutionName" : "CHU St ROCH",
      "ReferringPhysicianName" : "",
      "StudyDate" : "19961014",
      "StudyID" : "2019",
      "StudyInstanceUID" : "1.3.46.670589.10.900123.19970114.35056000060.1",
      "StudyTime" : "145056.00000"
   },
   "ParentPatient" : "9b4d864d-a53a383a-44cdda8a-269b4eee-777c5729",
   "PatientMainDicomTags" : 
   {
      "PatientBirthDate" : "19781010",
      "PatientID" : "0000002019",
      "PatientName" : "AVE+ ABDOMEN",
      "PatientSex" : "M"
   },
   "Series" : 
   [
      "19b4c568-a95664f5-ad117914-3ccf7292-2a7ee3a0"
   ],
   "Type" : "Study"
}
[26-Apr-2025 17:58:26 Europe/Berlin] Réponse Orthanc (HTTP 200) : {
   "ID" : "286789b1-82845a45-92d7dfc0-c6a8e286-27bc0129",
   "IsStable" : true,
   "Labels" : [],
   "LastUpdate" : "20250311T081322",
   "MainDicomTags" : 
   {
      "AccessionNumber" : "",
      "InstitutionName" : "CHU St ROCH",
      "ReferringPhysicianName" : "",
      "StudyDate" : "19961014",
      "StudyID" : "2011",
      "StudyInstanceUID" : "1.3.46.670589.10.900123.19970114.35049000050.1",
      "StudyTime" : "115421.00000"
   },
   "ParentPatient" : "10092b57-91bddc20-e68b74c7-8956c6df-49e00750",
   "PatientMainDicomTags" : 
   {
      "PatientBirthDate" : "19320918",
      "PatientID" : "0000002011",
      "PatientName" : "AVE+ KNEE",
      "PatientSex" : "F"
   },
   "Series" : 
   [
      "f623b033-c3bb9318-1ae62c1a-9fd5f247-24c86dea"
   ],
   "Type" : "Study"
}
[26-Apr-2025 17:58:26 Europe/Berlin] Réponse Orthanc (HTTP 200) : {
   "ExpectedNumberOfInstances" : null,
   "ID" : "19b4c568-a95664f5-ad117914-3ccf7292-2a7ee3a0",
   "Instances" : 
   [
      "24e83fd1-ddd03175-beb6aa86-f4ce6432-4241b24f",
      "26952bd2-9569483f-e0549aca-a33b9065-69c33884",
      "2faf6dae-1e8dd60c-78fbca50-98cc48e7-66559504",
      "5974bce8-dfa0d418-48e52945-578a9547-fbb8179e",
      "63831658-2ed313e4-bdd47183-6c1be4da-c0022bb4",
      "75c6d27e-9c7d0b29-ef99341d-b7507933-63d3057d",
      "bc61cc15-593581eb-104dd853-f8e2ae2f-19704638",
      "cad86111-996653c7-c7ca1820-b783c4c3-9ff6e63b",
      "dacc5f2c-4eb67b6e-62fe20be-08583e4b-f7285061",
      "fe9d11b9-08ca2a74-f27c7727-86fa6833-6b2583ab"
   ],
   "IsStable" : true,
   "Labels" : [],
   "LastUpdate" : "20250311T081323",
   "MainDicomTags" : 
   {
      "ContrastBolusAgent" : "CONT",
      "ImageOrientationPatient" : "1.0000\\0.0000\\0.0000\\0.0000\\1.0000\\0.0000",
      "Manufacturer" : "Philips Medical Systems",
      "Modality" : "CT",
      "ProtocolName" : "50",
      "SeriesInstanceUID" : "1.3.46.670589.10.900123.19970114.35056000060.3",
      "SeriesNumber" : " 1",
      "StationName" : "MVP"
   },
   "ParentStudy" : "200b3e41-4557e5ed-2b4a1771-a9e4ad06-cd1306c8",
   "Status" : "Unknown",
   "Type" : "Series"
}
[26-Apr-2025 17:58:26 Europe/Berlin] Réponse Orthanc (HTTP 200) : {
   "ID" : "3abaec0a-ebfaaa87-f830d52b-d62df074-6a692c12",
   "IsStable" : true,
   "Labels" : [],
   "LastUpdate" : "20250426T153239",
   "MainDicomTags" : 
   {
      "StudyDate" : "20061012",
      "StudyDescription" : "CT1 abdomen",
      "StudyInstanceUID" : "1.2.826.0.1.3680043.8.1055.1.20111102150758591.92402465.76095170",
      "StudyTime" : "090258.000000"
   },
   "ParentPatient" : "b6589fc6-ab0dc82c-f12099d1-c2d40ab9-94e8410c",
   "PatientMainDicomTags" : 
   {
      "PatientID" : "0",
      "PatientName" : "Anonymized"
   },
   "Series" : 
   [
      "98d367a5-58eeba8b-f3c2da4b-de7d8f6f-ede53eb2"
   ],
   "Type" : "Study"
}
[26-Apr-2025 17:58:26 Europe/Berlin] Réponse Orthanc (HTTP 200) : {
   "ID" : "ae9bf996-b6ab6a8b-eba1f35e-14600862-f9393ddd",
   "IsStable" : true,
   "Labels" : [],
   "LastUpdate" : "20250421T233940",
   "MainDicomTags" : 
   {
      "AccessionNumber" : "",
      "InstitutionName" : "",
      "ReferringPhysicianName" : "",
      "StudyDate" : "20210113",
      "StudyDescription" : "Osteo_2021 Cheville",
      "StudyID" : "b0513b81-3517-43",
      "StudyInstanceUID" : "1.3.12.2.1107.5.2.53.189501.30000021011309045077000000005",
      "StudyTime" : "130454.100000"
   },
   "ParentPatient" : "c5cc2652-d994a3cd-4c0b46e9-8aeb6e72-a0135eba",
   "PatientMainDicomTags" : 
   {
      "PatientBirthDate" : "19960205",
      "PatientID" : "2021.01.13-13:04:52-STD-1.3.12.2.1107.5.99.3",
      "PatientName" : "DeepResolve_Altea2",
      "PatientSex" : "M"
   },
   "Series" : 
   [
      "11b7c563-ae504ced-e95ed300-7176b3e8-74f7e2f5"
   ],
   "Type" : "Study"
}
[26-Apr-2025 17:58:26 Europe/Berlin] Réponse Orthanc (HTTP 200) : {
   "ID" : "1e6ca9a6-71d9b622-24e72d15-16251ee8-3735baf5",
   "IsStable" : true,
   "Labels" : [],
   "LastUpdate" : "20250421T205945",
   "MainDicomTags" : 
   {
      "PatientBirthDate" : "19951025",
      "PatientID" : "556342B",
      "PatientName" : "Rubo DEMO",
      "PatientSex" : "M"
   },
   "Studies" : 
   [
      "aa938400-09e9f0df-8ba95f68-e21f98dd-0c6e0cf0"
   ],
   "Type" : "Patient"
}
[26-Apr-2025 17:58:26 Europe/Berlin] Requête proxy vers Orthanc : [GET] http://localhost:8042/patients/62bc7cdd-8f5ae588-dea41879-6a8e18d1-d44362ee
[26-Apr-2025 17:58:26 Europe/Berlin] Requête proxy vers Orthanc : [GET] http://localhost:8042/patients/9b4d864d-a53a383a-44cdda8a-269b4eee-777c5729
[26-Apr-2025 17:58:26 Europe/Berlin] Requête proxy vers Orthanc : [GET] http://localhost:8042/studies/0ba2c4af-c4286377-ed83307a-c4307d90-422eea83?expand
[26-Apr-2025 17:58:26 Europe/Berlin] Requête proxy vers Orthanc : [GET] http://localhost:8042/studies/8e51d8c2-c73f0a1e-57f97ca6-0fe69e66-c5e753eb?expand
[26-Apr-2025 17:58:26 Europe/Berlin] Requête proxy vers Orthanc : [GET] http://localhost:8042/studies/200b3e41-4557e5ed-2b4a1771-a9e4ad06-cd1306c8?expand
[26-Apr-2025 17:58:26 Europe/Berlin] Requête proxy vers Orthanc : [GET] http://localhost:8042/series/19b4c568-a95664f5-ad117914-3ccf7292-2a7ee3a0?expand
[26-Apr-2025 17:58:26 Europe/Berlin] Réponse Orthanc (HTTP 200) : {
   "ID" : "62bc7cdd-8f5ae588-dea41879-6a8e18d1-d44362ee",
   "IsStable" : true,
   "Labels" : [],
   "LastUpdate" : "20250421T202126",
   "MainDicomTags" : 
   {
      "PatientBirthDate" : "19240101",
      "PatientID" : "0000002018",
      "PatientName" : "AVE+ BRAIN + POST + SINUS",
      "PatientSex" : "M"
   },
   "Studies" : 
   [
      "8e51d8c2-c73f0a1e-57f97ca6-0fe69e66-c5e753eb"
   ],
   "Type" : "Patient"
}
[26-Apr-2025 17:58:26 Europe/Berlin] Réponse Orthanc (HTTP 200) : {
   "ID" : "8e51d8c2-c73f0a1e-57f97ca6-0fe69e66-c5e753eb",
   "IsStable" : true,
   "Labels" : [],
   "LastUpdate" : "20250421T202126",
   "MainDicomTags" : 
   {
      "AccessionNumber" : "",
      "InstitutionName" : "CHU St ROCH",
      "ReferringPhysicianName" : "",
      "StudyDate" : "19961014",
      "StudyID" : "2018",
      "StudyInstanceUID" : "1.3.46.670589.10.900123.19970114.35036000030.1",
      "StudyTime" : "140735.00000"
   },
   "ParentPatient" : "62bc7cdd-8f5ae588-dea41879-6a8e18d1-d44362ee",
   "PatientMainDicomTags" : 
   {
      "PatientBirthDate" : "19240101",
      "PatientID" : "0000002018",
      "PatientName" : "AVE+ BRAIN + POST + SINUS",
      "PatientSex" : "M"
   },
   "Series" : 
   [
      "4541c007-3ddcd5b2-6bf192fc-d28df38d-afe5c271",
      "f6ebf659-c336b2b9-102a72e3-2cd836e9-a5662c26"
   ],
   "Type" : "Study"
}
[26-Apr-2025 17:58:26 Europe/Berlin] Réponse Orthanc (HTTP 200) : {
   "ID" : "9b4d864d-a53a383a-44cdda8a-269b4eee-777c5729",
   "IsStable" : true,
   "Labels" : [],
   "LastUpdate" : "20250311T081323",
   "MainDicomTags" : 
   {
      "PatientBirthDate" : "19781010",
      "PatientID" : "0000002019",
      "PatientName" : "AVE+ ABDOMEN",
      "PatientSex" : "M"
   },
   "Studies" : 
   [
      "200b3e41-4557e5ed-2b4a1771-a9e4ad06-cd1306c8"
   ],
   "Type" : "Patient"
}
[26-Apr-2025 17:58:26 Europe/Berlin] Réponse Orthanc (HTTP 200) : {
   "ID" : "200b3e41-4557e5ed-2b4a1771-a9e4ad06-cd1306c8",
   "IsStable" : true,
   "Labels" : [],
   "LastUpdate" : "20250311T081323",
   "MainDicomTags" : 
   {
      "AccessionNumber" : "",
      "InstitutionName" : "CHU St ROCH",
      "ReferringPhysicianName" : "",
      "StudyDate" : "19961014",
      "StudyID" : "2019",
      "StudyInstanceUID" : "1.3.46.670589.10.900123.19970114.35056000060.1",
      "StudyTime" : "145056.00000"
   },
   "ParentPatient" : "9b4d864d-a53a383a-44cdda8a-269b4eee-777c5729",
   "PatientMainDicomTags" : 
   {
      "PatientBirthDate" : "19781010",
      "PatientID" : "0000002019",
      "PatientName" : "AVE+ ABDOMEN",
      "PatientSex" : "M"
   },
   "Series" : 
   [
      "19b4c568-a95664f5-ad117914-3ccf7292-2a7ee3a0"
   ],
   "Type" : "Study"
}
[26-Apr-2025 17:58:26 Europe/Berlin] Réponse Orthanc (HTTP 200) : {
   "ID" : "0ba2c4af-c4286377-ed83307a-c4307d90-422eea83",
   "IsStable" : true,
   "Labels" : [],
   "LastUpdate" : "20250311T081322",
   "MainDicomTags" : 
   {
      "AccessionNumber" : "",
      "InstitutionName" : "CHU St ROCH",
      "ReferringPhysicianName" : "",
      "StudyDate" : "19961014",
      "StudyID" : "2014",
      "StudyInstanceUID" : "1.3.46.670589.10.900123.19970114.35029000020.1",
      "StudyTime" : "121625.00000"
   },
   "ParentPatient" : "8fff5df9-52cafc00-77071493-d6c9febb-c05b7e14",
   "PatientMainDicomTags" : 
   {
      "PatientBirthDate" : "19131220",
      "PatientID" : "0000002014",
      "PatientName" : "AVE+ BRAIN + POST FOS.",
      "PatientSex" : "F"
   },
   "Series" : 
   [
      "670d99fa-c4a853ca-52f7989e-f6df82a8-5123711c"
   ],
   "Type" : "Study"
}
[26-Apr-2025 17:58:26 Europe/Berlin] Réponse Orthanc (HTTP 200) : {
   "ExpectedNumberOfInstances" : null,
   "ID" : "19b4c568-a95664f5-ad117914-3ccf7292-2a7ee3a0",
   "Instances" : 
   [
      "24e83fd1-ddd03175-beb6aa86-f4ce6432-4241b24f",
      "26952bd2-9569483f-e0549aca-a33b9065-69c33884",
      "2faf6dae-1e8dd60c-78fbca50-98cc48e7-66559504",
      "5974bce8-dfa0d418-48e52945-578a9547-fbb8179e",
      "63831658-2ed313e4-bdd47183-6c1be4da-c0022bb4",
      "75c6d27e-9c7d0b29-ef99341d-b7507933-63d3057d",
      "bc61cc15-593581eb-104dd853-f8e2ae2f-19704638",
      "cad86111-996653c7-c7ca1820-b783c4c3-9ff6e63b",
      "dacc5f2c-4eb67b6e-62fe20be-08583e4b-f7285061",
      "fe9d11b9-08ca2a74-f27c7727-86fa6833-6b2583ab"
   ],
   "IsStable" : true,
   "Labels" : [],
   "LastUpdate" : "20250311T081323",
   "MainDicomTags" : 
   {
      "ContrastBolusAgent" : "CONT",
      "ImageOrientationPatient" : "1.0000\\0.0000\\0.0000\\0.0000\\1.0000\\0.0000",
      "Manufacturer" : "Philips Medical Systems",
      "Modality" : "CT",
      "ProtocolName" : "50",
      "SeriesInstanceUID" : "1.3.46.670589.10.900123.19970114.35056000060.3",
      "SeriesNumber" : " 1",
      "StationName" : "MVP"
   },
   "ParentStudy" : "200b3e41-4557e5ed-2b4a1771-a9e4ad06-cd1306c8",
   "Status" : "Unknown",
   "Type" : "Series"
}
[26-Apr-2025 17:58:27 Europe/Berlin] Requête proxy vers Orthanc : [GET] http://localhost:8042/patients/10092b57-91bddc20-e68b74c7-8956c6df-49e00750
[26-Apr-2025 17:58:27 Europe/Berlin] Requête proxy vers Orthanc : [GET] http://localhost:8042/patients/b6589fc6-ab0dc82c-f12099d1-c2d40ab9-94e8410c
[26-Apr-2025 17:58:27 Europe/Berlin] Requête proxy vers Orthanc : [GET] http://localhost:8042/patients/c5cc2652-d994a3cd-4c0b46e9-8aeb6e72-a0135eba
[26-Apr-2025 17:58:27 Europe/Berlin] Requête proxy vers Orthanc : [GET] http://localhost:8042/patients/9b4d864d-a53a383a-44cdda8a-269b4eee-777c5729
[26-Apr-2025 17:58:27 Europe/Berlin] Requête proxy vers Orthanc : [GET] http://localhost:8042/series/19b4c568-a95664f5-ad117914-3ccf7292-2a7ee3a0?expand
[26-Apr-2025 17:58:27 Europe/Berlin] Requête proxy vers Orthanc : [GET] http://localhost:8042/studies/200b3e41-4557e5ed-2b4a1771-a9e4ad06-cd1306c8?expand
[26-Apr-2025 17:58:27 Europe/Berlin] Réponse Orthanc (HTTP 200) : {
   "ID" : "10092b57-91bddc20-e68b74c7-8956c6df-49e00750",
   "IsStable" : true,
   "Labels" : [],
   "LastUpdate" : "20250311T081322",
   "MainDicomTags" : 
   {
      "PatientBirthDate" : "19320918",
      "PatientID" : "0000002011",
      "PatientName" : "AVE+ KNEE",
      "PatientSex" : "F"
   },
   "Studies" : 
   [
      "286789b1-82845a45-92d7dfc0-c6a8e286-27bc0129"
   ],
   "Type" : "Patient"
}
[26-Apr-2025 17:58:27 Europe/Berlin] Réponse Orthanc (HTTP 200) : {
   "ExpectedNumberOfInstances" : null,
   "ID" : "19b4c568-a95664f5-ad117914-3ccf7292-2a7ee3a0",
   "Instances" : 
   [
      "24e83fd1-ddd03175-beb6aa86-f4ce6432-4241b24f",
      "26952bd2-9569483f-e0549aca-a33b9065-69c33884",
      "2faf6dae-1e8dd60c-78fbca50-98cc48e7-66559504",
      "5974bce8-dfa0d418-48e52945-578a9547-fbb8179e",
      "63831658-2ed313e4-bdd47183-6c1be4da-c0022bb4",
      "75c6d27e-9c7d0b29-ef99341d-b7507933-63d3057d",
      "bc61cc15-593581eb-104dd853-f8e2ae2f-19704638",
      "cad86111-996653c7-c7ca1820-b783c4c3-9ff6e63b",
      "dacc5f2c-4eb67b6e-62fe20be-08583e4b-f7285061",
      "fe9d11b9-08ca2a74-f27c7727-86fa6833-6b2583ab"
   ],
   "IsStable" : true,
   "Labels" : [],
   "LastUpdate" : "20250311T081323",
   "MainDicomTags" : 
   {
      "ContrastBolusAgent" : "CONT",
      "ImageOrientationPatient" : "1.0000\\0.0000\\0.0000\\0.0000\\1.0000\\0.0000",
      "Manufacturer" : "Philips Medical Systems",
      "Modality" : "CT",
      "ProtocolName" : "50",
      "SeriesInstanceUID" : "1.3.46.670589.10.900123.19970114.35056000060.3",
      "SeriesNumber" : " 1",
      "StationName" : "MVP"
   },
   "ParentStudy" : "200b3e41-4557e5ed-2b4a1771-a9e4ad06-cd1306c8",
   "Status" : "Unknown",
   "Type" : "Series"
}
[26-Apr-2025 17:58:27 Europe/Berlin] Réponse Orthanc (HTTP 200) : {
   "ID" : "200b3e41-4557e5ed-2b4a1771-a9e4ad06-cd1306c8",
   "IsStable" : true,
   "Labels" : [],
   "LastUpdate" : "20250311T081323",
   "MainDicomTags" : 
   {
      "AccessionNumber" : "",
      "InstitutionName" : "CHU St ROCH",
      "ReferringPhysicianName" : "",
      "StudyDate" : "19961014",
      "StudyID" : "2019",
      "StudyInstanceUID" : "1.3.46.670589.10.900123.19970114.35056000060.1",
      "StudyTime" : "145056.00000"
   },
   "ParentPatient" : "9b4d864d-a53a383a-44cdda8a-269b4eee-777c5729",
   "PatientMainDicomTags" : 
   {
      "PatientBirthDate" : "19781010",
      "PatientID" : "0000002019",
      "PatientName" : "AVE+ ABDOMEN",
      "PatientSex" : "M"
   },
   "Series" : 
   [
      "19b4c568-a95664f5-ad117914-3ccf7292-2a7ee3a0"
   ],
   "Type" : "Study"
}
[26-Apr-2025 17:58:27 Europe/Berlin] Réponse Orthanc (HTTP 200) : {
   "ID" : "9b4d864d-a53a383a-44cdda8a-269b4eee-777c5729",
   "IsStable" : true,
   "Labels" : [],
   "LastUpdate" : "20250311T081323",
   "MainDicomTags" : 
   {
      "PatientBirthDate" : "19781010",
      "PatientID" : "0000002019",
      "PatientName" : "AVE+ ABDOMEN",
      "PatientSex" : "M"
   },
   "Studies" : 
   [
      "200b3e41-4557e5ed-2b4a1771-a9e4ad06-cd1306c8"
   ],
   "Type" : "Patient"
}
[26-Apr-2025 17:58:27 Europe/Berlin] Réponse Orthanc (HTTP 200) : {
   "ID" : "c5cc2652-d994a3cd-4c0b46e9-8aeb6e72-a0135eba",
   "IsStable" : true,
   "Labels" : [],
   "LastUpdate" : "20250421T233940",
   "MainDicomTags" : 
   {
      "PatientBirthDate" : "19960205",
      "PatientID" : "2021.01.13-13:04:52-STD-1.3.12.2.1107.5.99.3",
      "PatientName" : "DeepResolve_Altea2",
      "PatientSex" : "M"
   },
   "Studies" : 
   [
      "ae9bf996-b6ab6a8b-eba1f35e-14600862-f9393ddd"
   ],
   "Type" : "Patient"
}
[26-Apr-2025 17:58:27 Europe/Berlin] Réponse Orthanc (HTTP 200) : {
   "ID" : "b6589fc6-ab0dc82c-f12099d1-c2d40ab9-94e8410c",
   "IsStable" : true,
   "Labels" : [],
   "LastUpdate" : "20250426T153239",
   "MainDicomTags" : 
   {
      "PatientID" : "0",
      "PatientName" : "Anonymized"
   },
   "Studies" : 
   [
      "3abaec0a-ebfaaa87-f830d52b-d62df074-6a692c12"
   ],
   "Type" : "Patient"
}
[26-Apr-2025 17:58:27 Europe/Berlin] Requête proxy vers Orthanc : [GET] http://localhost:8042/series/19b4c568-a95664f5-ad117914-3ccf7292-2a7ee3a0?expand
[26-Apr-2025 17:58:27 Europe/Berlin] Requête proxy vers Orthanc : [GET] http://localhost:8042/patients/8fff5df9-52cafc00-77071493-d6c9febb-c05b7e14
[26-Apr-2025 17:58:27 Europe/Berlin] Requête proxy vers Orthanc : [GET] http://localhost:8042/patients/9b4d864d-a53a383a-44cdda8a-269b4eee-777c5729
[26-Apr-2025 17:58:27 Europe/Berlin] Requête proxy vers Orthanc : [GET] http://localhost:8042/studies/200b3e41-4557e5ed-2b4a1771-a9e4ad06-cd1306c8?expand
[26-Apr-2025 17:58:27 Europe/Berlin] Requête proxy vers Orthanc : [GET] http://localhost:8042/patients/62bc7cdd-8f5ae588-dea41879-6a8e18d1-d44362ee
[26-Apr-2025 17:58:27 Europe/Berlin] Réponse Orthanc (HTTP 200) : {
   "ExpectedNumberOfInstances" : null,
   "ID" : "19b4c568-a95664f5-ad117914-3ccf7292-2a7ee3a0",
   "Instances" : 
   [
      "24e83fd1-ddd03175-beb6aa86-f4ce6432-4241b24f",
      "26952bd2-9569483f-e0549aca-a33b9065-69c33884",
      "2faf6dae-1e8dd60c-78fbca50-98cc48e7-66559504",
      "5974bce8-dfa0d418-48e52945-578a9547-fbb8179e",
      "63831658-2ed313e4-bdd47183-6c1be4da-c0022bb4",
      "75c6d27e-9c7d0b29-ef99341d-b7507933-63d3057d",
      "bc61cc15-593581eb-104dd853-f8e2ae2f-19704638",
      "cad86111-996653c7-c7ca1820-b783c4c3-9ff6e63b",
      "dacc5f2c-4eb67b6e-62fe20be-08583e4b-f7285061",
      "fe9d11b9-08ca2a74-f27c7727-86fa6833-6b2583ab"
   ],
   "IsStable" : true,
   "Labels" : [],
   "LastUpdate" : "20250311T081323",
   "MainDicomTags" : 
   {
      "ContrastBolusAgent" : "CONT",
      "ImageOrientationPatient" : "1.0000\\0.0000\\0.0000\\0.0000\\1.0000\\0.0000",
      "Manufacturer" : "Philips Medical Systems",
      "Modality" : "CT",
      "ProtocolName" : "50",
      "SeriesInstanceUID" : "1.3.46.670589.10.900123.19970114.35056000060.3",
      "SeriesNumber" : " 1",
      "StationName" : "MVP"
   },
   "ParentStudy" : "200b3e41-4557e5ed-2b4a1771-a9e4ad06-cd1306c8",
   "Status" : "Unknown",
   "Type" : "Series"
}
[26-Apr-2025 17:58:27 Europe/Berlin] Réponse Orthanc (HTTP 200) : {
   "ID" : "9b4d864d-a53a383a-44cdda8a-269b4eee-777c5729",
   "IsStable" : true,
   "Labels" : [],
   "LastUpdate" : "20250311T081323",
   "MainDicomTags" : 
   {
      "PatientBirthDate" : "19781010",
      "PatientID" : "0000002019",
      "PatientName" : "AVE+ ABDOMEN",
      "PatientSex" : "M"
   },
   "Studies" : 
   [
      "200b3e41-4557e5ed-2b4a1771-a9e4ad06-cd1306c8"
   ],
   "Type" : "Patient"
}
[26-Apr-2025 17:58:27 Europe/Berlin] Réponse Orthanc (HTTP 200) : {
   "ID" : "8fff5df9-52cafc00-77071493-d6c9febb-c05b7e14",
   "IsStable" : true,
   "Labels" : [],
   "LastUpdate" : "20250311T081322",
   "MainDicomTags" : 
   {
      "PatientBirthDate" : "19131220",
      "PatientID" : "0000002014",
      "PatientName" : "AVE+ BRAIN + POST FOS.",
      "PatientSex" : "F"
   },
   "Studies" : 
   [
      "0ba2c4af-c4286377-ed83307a-c4307d90-422eea83"
   ],
   "Type" : "Patient"
}
[26-Apr-2025 17:58:27 Europe/Berlin] Réponse Orthanc (HTTP 200) : {
   "ID" : "200b3e41-4557e5ed-2b4a1771-a9e4ad06-cd1306c8",
   "IsStable" : true,
   "Labels" : [],
   "LastUpdate" : "20250311T081323",
   "MainDicomTags" : 
   {
      "AccessionNumber" : "",
      "InstitutionName" : "CHU St ROCH",
      "ReferringPhysicianName" : "",
      "StudyDate" : "19961014",
      "StudyID" : "2019",
      "StudyInstanceUID" : "1.3.46.670589.10.900123.19970114.35056000060.1",
      "StudyTime" : "145056.00000"
   },
   "ParentPatient" : "9b4d864d-a53a383a-44cdda8a-269b4eee-777c5729",
   "PatientMainDicomTags" : 
   {
      "PatientBirthDate" : "19781010",
      "PatientID" : "0000002019",
      "PatientName" : "AVE+ ABDOMEN",
      "PatientSex" : "M"
   },
   "Series" : 
   [
      "19b4c568-a95664f5-ad117914-3ccf7292-2a7ee3a0"
   ],
   "Type" : "Study"
}
[26-Apr-2025 17:58:27 Europe/Berlin] Réponse Orthanc (HTTP 200) : {
   "ID" : "62bc7cdd-8f5ae588-dea41879-6a8e18d1-d44362ee",
   "IsStable" : true,
   "Labels" : [],
   "LastUpdate" : "20250421T202126",
   "MainDicomTags" : 
   {
      "PatientBirthDate" : "19240101",
      "PatientID" : "0000002018",
      "PatientName" : "AVE+ BRAIN + POST + SINUS",
      "PatientSex" : "M"
   },
   "Studies" : 
   [
      "8e51d8c2-c73f0a1e-57f97ca6-0fe69e66-c5e753eb"
   ],
   "Type" : "Patient"
}
[26-Apr-2025 17:58:27 Europe/Berlin] Requête proxy vers Orthanc : [GET] http://localhost:8042/series/19b4c568-a95664f5-ad117914-3ccf7292-2a7ee3a0?expand
[26-Apr-2025 17:58:27 Europe/Berlin] Requête proxy vers Orthanc : [GET] http://localhost:8042/patients/9b4d864d-a53a383a-44cdda8a-269b4eee-777c5729
[26-Apr-2025 17:58:27 Europe/Berlin] Requête proxy vers Orthanc : [GET] http://localhost:8042/studies/200b3e41-4557e5ed-2b4a1771-a9e4ad06-cd1306c8?expand
[26-Apr-2025 17:58:27 Europe/Berlin] Réponse Orthanc (HTTP 200) : {
   "ExpectedNumberOfInstances" : null,
   "ID" : "19b4c568-a95664f5-ad117914-3ccf7292-2a7ee3a0",
   "Instances" : 
   [
      "24e83fd1-ddd03175-beb6aa86-f4ce6432-4241b24f",
      "26952bd2-9569483f-e0549aca-a33b9065-69c33884",
      "2faf6dae-1e8dd60c-78fbca50-98cc48e7-66559504",
      "5974bce8-dfa0d418-48e52945-578a9547-fbb8179e",
      "63831658-2ed313e4-bdd47183-6c1be4da-c0022bb4",
      "75c6d27e-9c7d0b29-ef99341d-b7507933-63d3057d",
      "bc61cc15-593581eb-104dd853-f8e2ae2f-19704638",
      "cad86111-996653c7-c7ca1820-b783c4c3-9ff6e63b",
      "dacc5f2c-4eb67b6e-62fe20be-08583e4b-f7285061",
      "fe9d11b9-08ca2a74-f27c7727-86fa6833-6b2583ab"
   ],
   "IsStable" : true,
   "Labels" : [],
   "LastUpdate" : "20250311T081323",
   "MainDicomTags" : 
   {
      "ContrastBolusAgent" : "CONT",
      "ImageOrientationPatient" : "1.0000\\0.0000\\0.0000\\0.0000\\1.0000\\0.0000",
      "Manufacturer" : "Philips Medical Systems",
      "Modality" : "CT",
      "ProtocolName" : "50",
      "SeriesInstanceUID" : "1.3.46.670589.10.900123.19970114.35056000060.3",
      "SeriesNumber" : " 1",
      "StationName" : "MVP"
   },
   "ParentStudy" : "200b3e41-4557e5ed-2b4a1771-a9e4ad06-cd1306c8",
   "Status" : "Unknown",
   "Type" : "Series"
}
[26-Apr-2025 17:58:28 Europe/Berlin] Réponse Orthanc (HTTP 200) : {
   "ID" : "9b4d864d-a53a383a-44cdda8a-269b4eee-777c5729",
   "IsStable" : true,
   "Labels" : [],
   "LastUpdate" : "20250311T081323",
   "MainDicomTags" : 
   {
      "PatientBirthDate" : "19781010",
      "PatientID" : "0000002019",
      "PatientName" : "AVE+ ABDOMEN",
      "PatientSex" : "M"
   },
   "Studies" : 
   [
      "200b3e41-4557e5ed-2b4a1771-a9e4ad06-cd1306c8"
   ],
   "Type" : "Patient"
}
[26-Apr-2025 17:58:28 Europe/Berlin] Réponse Orthanc (HTTP 200) : {
   "ID" : "200b3e41-4557e5ed-2b4a1771-a9e4ad06-cd1306c8",
   "IsStable" : true,
   "Labels" : [],
   "LastUpdate" : "20250311T081323",
   "MainDicomTags" : 
   {
      "AccessionNumber" : "",
      "InstitutionName" : "CHU St ROCH",
      "ReferringPhysicianName" : "",
      "StudyDate" : "19961014",
      "StudyID" : "2019",
      "StudyInstanceUID" : "1.3.46.670589.10.900123.19970114.35056000060.1",
      "StudyTime" : "145056.00000"
   },
   "ParentPatient" : "9b4d864d-a53a383a-44cdda8a-269b4eee-777c5729",
   "PatientMainDicomTags" : 
   {
      "PatientBirthDate" : "19781010",
      "PatientID" : "0000002019",
      "PatientName" : "AVE+ ABDOMEN",
      "PatientSex" : "M"
   },
   "Series" : 
   [
      "19b4c568-a95664f5-ad117914-3ccf7292-2a7ee3a0"
   ],
   "Type" : "Study"
}
[26-Apr-2025 17:58:28 Europe/Berlin] Requête proxy vers Orthanc : [GET] http://localhost:8042/series/19b4c568-a95664f5-ad117914-3ccf7292-2a7ee3a0?expand
[26-Apr-2025 17:58:28 Europe/Berlin] Requête proxy vers Orthanc : [GET] http://localhost:8042/studies/200b3e41-4557e5ed-2b4a1771-a9e4ad06-cd1306c8?expand
[26-Apr-2025 17:58:28 Europe/Berlin] Requête proxy vers Orthanc : [GET] http://localhost:8042/patients/9b4d864d-a53a383a-44cdda8a-269b4eee-777c5729
[26-Apr-2025 17:58:28 Europe/Berlin] Réponse Orthanc (HTTP 200) : {
   "ID" : "200b3e41-4557e5ed-2b4a1771-a9e4ad06-cd1306c8",
   "IsStable" : true,
   "Labels" : [],
   "LastUpdate" : "20250311T081323",
   "MainDicomTags" : 
   {
      "AccessionNumber" : "",
      "InstitutionName" : "CHU St ROCH",
      "ReferringPhysicianName" : "",
      "StudyDate" : "19961014",
      "StudyID" : "2019",
      "StudyInstanceUID" : "1.3.46.670589.10.900123.19970114.35056000060.1",
      "StudyTime" : "145056.00000"
   },
   "ParentPatient" : "9b4d864d-a53a383a-44cdda8a-269b4eee-777c5729",
   "PatientMainDicomTags" : 
   {
      "PatientBirthDate" : "19781010",
      "PatientID" : "0000002019",
      "PatientName" : "AVE+ ABDOMEN",
      "PatientSex" : "M"
   },
   "Series" : 
   [
      "19b4c568-a95664f5-ad117914-3ccf7292-2a7ee3a0"
   ],
   "Type" : "Study"
}
[26-Apr-2025 17:58:28 Europe/Berlin] Réponse Orthanc (HTTP 200) : {
   "ExpectedNumberOfInstances" : null,
   "ID" : "19b4c568-a95664f5-ad117914-3ccf7292-2a7ee3a0",
   "Instances" : 
   [
      "24e83fd1-ddd03175-beb6aa86-f4ce6432-4241b24f",
      "26952bd2-9569483f-e0549aca-a33b9065-69c33884",
      "2faf6dae-1e8dd60c-78fbca50-98cc48e7-66559504",
      "5974bce8-dfa0d418-48e52945-578a9547-fbb8179e",
      "63831658-2ed313e4-bdd47183-6c1be4da-c0022bb4",
      "75c6d27e-9c7d0b29-ef99341d-b7507933-63d3057d",
      "bc61cc15-593581eb-104dd853-f8e2ae2f-19704638",
      "cad86111-996653c7-c7ca1820-b783c4c3-9ff6e63b",
      "dacc5f2c-4eb67b6e-62fe20be-08583e4b-f7285061",
      "fe9d11b9-08ca2a74-f27c7727-86fa6833-6b2583ab"
   ],
   "IsStable" : true,
   "Labels" : [],
   "LastUpdate" : "20250311T081323",
   "MainDicomTags" : 
   {
      "ContrastBolusAgent" : "CONT",
      "ImageOrientationPatient" : "1.0000\\0.0000\\0.0000\\0.0000\\1.0000\\0.0000",
      "Manufacturer" : "Philips Medical Systems",
      "Modality" : "CT",
      "ProtocolName" : "50",
      "SeriesInstanceUID" : "1.3.46.670589.10.900123.19970114.35056000060.3",
      "SeriesNumber" : " 1",
      "StationName" : "MVP"
   },
   "ParentStudy" : "200b3e41-4557e5ed-2b4a1771-a9e4ad06-cd1306c8",
   "Status" : "Unknown",
   "Type" : "Series"
}
[26-Apr-2025 17:58:28 Europe/Berlin] Réponse Orthanc (HTTP 200) : {
   "ID" : "9b4d864d-a53a383a-44cdda8a-269b4eee-777c5729",
   "IsStable" : true,
   "Labels" : [],
   "LastUpdate" : "20250311T081323",
   "MainDicomTags" : 
   {
      "PatientBirthDate" : "19781010",
      "PatientID" : "0000002019",
      "PatientName" : "AVE+ ABDOMEN",
      "PatientSex" : "M"
   },
   "Studies" : 
   [
      "200b3e41-4557e5ed-2b4a1771-a9e4ad06-cd1306c8"
   ],
   "Type" : "Patient"
}
[26-Apr-2025 17:58:28 Europe/Berlin] Requête proxy vers Orthanc : [GET] http://localhost:8042/studies/200b3e41-4557e5ed-2b4a1771-a9e4ad06-cd1306c8?expand
[26-Apr-2025 17:58:28 Europe/Berlin] Requête proxy vers Orthanc : [GET] http://localhost:8042/patients/9b4d864d-a53a383a-44cdda8a-269b4eee-777c5729
[26-Apr-2025 17:58:28 Europe/Berlin] Requête proxy vers Orthanc : [GET] http://localhost:8042/series/19b4c568-a95664f5-ad117914-3ccf7292-2a7ee3a0?expand
[26-Apr-2025 17:58:28 Europe/Berlin] Réponse Orthanc (HTTP 200) : {
   "ID" : "200b3e41-4557e5ed-2b4a1771-a9e4ad06-cd1306c8",
   "IsStable" : true,
   "Labels" : [],
   "LastUpdate" : "20250311T081323",
   "MainDicomTags" : 
   {
      "AccessionNumber" : "",
      "InstitutionName" : "CHU St ROCH",
      "ReferringPhysicianName" : "",
      "StudyDate" : "19961014",
      "StudyID" : "2019",
      "StudyInstanceUID" : "1.3.46.670589.10.900123.19970114.35056000060.1",
      "StudyTime" : "145056.00000"
   },
   "ParentPatient" : "9b4d864d-a53a383a-44cdda8a-269b4eee-777c5729",
   "PatientMainDicomTags" : 
   {
      "PatientBirthDate" : "19781010",
      "PatientID" : "0000002019",
      "PatientName" : "AVE+ ABDOMEN",
      "PatientSex" : "M"
   },
   "Series" : 
   [
      "19b4c568-a95664f5-ad117914-3ccf7292-2a7ee3a0"
   ],
   "Type" : "Study"
}
[26-Apr-2025 17:58:28 Europe/Berlin] Requête proxy vers Orthanc : [GET] http://localhost:8042/studies/200b3e41-4557e5ed-2b4a1771-a9e4ad06-cd1306c8?expand
[26-Apr-2025 17:58:28 Europe/Berlin] Réponse Orthanc (HTTP 200) : {
   "ID" : "9b4d864d-a53a383a-44cdda8a-269b4eee-777c5729",
   "IsStable" : true,
   "Labels" : [],
   "LastUpdate" : "20250311T081323",
   "MainDicomTags" : 
   {
      "PatientBirthDate" : "19781010",
      "PatientID" : "0000002019",
      "PatientName" : "AVE+ ABDOMEN",
      "PatientSex" : "M"
   },
   "Studies" : 
   [
      "200b3e41-4557e5ed-2b4a1771-a9e4ad06-cd1306c8"
   ],
   "Type" : "Patient"
}
[26-Apr-2025 17:58:28 Europe/Berlin] Réponse Orthanc (HTTP 200) : {
   "ExpectedNumberOfInstances" : null,
   "ID" : "19b4c568-a95664f5-ad117914-3ccf7292-2a7ee3a0",
   "Instances" : 
   [
      "24e83fd1-ddd03175-beb6aa86-f4ce6432-4241b24f",
      "26952bd2-9569483f-e0549aca-a33b9065-69c33884",
      "2faf6dae-1e8dd60c-78fbca50-98cc48e7-66559504",
      "5974bce8-dfa0d418-48e52945-578a9547-fbb8179e",
      "63831658-2ed313e4-bdd47183-6c1be4da-c0022bb4",
      "75c6d27e-9c7d0b29-ef99341d-b7507933-63d3057d",
      "bc61cc15-593581eb-104dd853-f8e2ae2f-19704638",
      "cad86111-996653c7-c7ca1820-b783c4c3-9ff6e63b",
      "dacc5f2c-4eb67b6e-62fe20be-08583e4b-f7285061",
      "fe9d11b9-08ca2a74-f27c7727-86fa6833-6b2583ab"
   ],
   "IsStable" : true,
   "Labels" : [],
   "LastUpdate" : "20250311T081323",
   "MainDicomTags" : 
   {
      "ContrastBolusAgent" : "CONT",
      "ImageOrientationPatient" : "1.0000\\0.0000\\0.0000\\0.0000\\1.0000\\0.0000",
      "Manufacturer" : "Philips Medical Systems",
      "Modality" : "CT",
      "ProtocolName" : "50",
      "SeriesInstanceUID" : "1.3.46.670589.10.900123.19970114.35056000060.3",
      "SeriesNumber" : " 1",
      "StationName" : "MVP"
   },
   "ParentStudy" : "200b3e41-4557e5ed-2b4a1771-a9e4ad06-cd1306c8",
   "Status" : "Unknown",
   "Type" : "Series"
}
[26-Apr-2025 17:58:28 Europe/Berlin] Requête proxy vers Orthanc : [GET] http://localhost:8042/patients/9b4d864d-a53a383a-44cdda8a-269b4eee-777c5729
[26-Apr-2025 17:58:28 Europe/Berlin] Réponse Orthanc (HTTP 200) : {
   "ID" : "200b3e41-4557e5ed-2b4a1771-a9e4ad06-cd1306c8",
   "IsStable" : true,
   "Labels" : [],
   "LastUpdate" : "20250311T081323",
   "MainDicomTags" : 
   {
      "AccessionNumber" : "",
      "InstitutionName" : "CHU St ROCH",
      "ReferringPhysicianName" : "",
      "StudyDate" : "19961014",
      "StudyID" : "2019",
      "StudyInstanceUID" : "1.3.46.670589.10.900123.19970114.35056000060.1",
      "StudyTime" : "145056.00000"
   },
   "ParentPatient" : "9b4d864d-a53a383a-44cdda8a-269b4eee-777c5729",
   "PatientMainDicomTags" : 
   {
      "PatientBirthDate" : "19781010",
      "PatientID" : "0000002019",
      "PatientName" : "AVE+ ABDOMEN",
      "PatientSex" : "M"
   },
   "Series" : 
   [
      "19b4c568-a95664f5-ad117914-3ccf7292-2a7ee3a0"
   ],
   "Type" : "Study"
}
[26-Apr-2025 17:58:28 Europe/Berlin] Requête proxy vers Orthanc : [GET] http://localhost:8042/studies/200b3e41-4557e5ed-2b4a1771-a9e4ad06-cd1306c8?expand
[26-Apr-2025 17:58:28 Europe/Berlin] Réponse Orthanc (HTTP 200) : {
   "ID" : "9b4d864d-a53a383a-44cdda8a-269b4eee-777c5729",
   "IsStable" : true,
   "Labels" : [],
   "LastUpdate" : "20250311T081323",
   "MainDicomTags" : 
   {
      "PatientBirthDate" : "19781010",
      "PatientID" : "0000002019",
      "PatientName" : "AVE+ ABDOMEN",
      "PatientSex" : "M"
   },
   "Studies" : 
   [
      "200b3e41-4557e5ed-2b4a1771-a9e4ad06-cd1306c8"
   ],
   "Type" : "Patient"
}
[26-Apr-2025 17:58:28 Europe/Berlin] Requête proxy vers Orthanc : [GET] http://localhost:8042/patients/9b4d864d-a53a383a-44cdda8a-269b4eee-777c5729
[26-Apr-2025 17:58:29 Europe/Berlin] Réponse Orthanc (HTTP 200) : {
   "ID" : "200b3e41-4557e5ed-2b4a1771-a9e4ad06-cd1306c8",
   "IsStable" : true,
   "Labels" : [],
   "LastUpdate" : "20250311T081323",
   "MainDicomTags" : 
   {
      "AccessionNumber" : "",
      "InstitutionName" : "CHU St ROCH",
      "ReferringPhysicianName" : "",
      "StudyDate" : "19961014",
      "StudyID" : "2019",
      "StudyInstanceUID" : "1.3.46.670589.10.900123.19970114.35056000060.1",
      "StudyTime" : "145056.00000"
   },
   "ParentPatient" : "9b4d864d-a53a383a-44cdda8a-269b4eee-777c5729",
   "PatientMainDicomTags" : 
   {
      "PatientBirthDate" : "19781010",
      "PatientID" : "0000002019",
      "PatientName" : "AVE+ ABDOMEN",
      "PatientSex" : "M"
   },
   "Series" : 
   [
      "19b4c568-a95664f5-ad117914-3ccf7292-2a7ee3a0"
   ],
   "Type" : "Study"
}
[26-Apr-2025 17:58:29 Europe/Berlin] Réponse Orthanc (HTTP 200) : {
   "ID" : "9b4d864d-a53a383a-44cdda8a-269b4eee-777c5729",
   "IsStable" : true,
   "Labels" : [],
   "LastUpdate" : "20250311T081323",
   "MainDicomTags" : 
   {
      "PatientBirthDate" : "19781010",
      "PatientID" : "0000002019",
      "PatientName" : "AVE+ ABDOMEN",
      "PatientSex" : "M"
   },
   "Studies" : 
   [
      "200b3e41-4557e5ed-2b4a1771-a9e4ad06-cd1306c8"
   ],
   "Type" : "Patient"
}
[26-Apr-2025 17:58:29 Europe/Berlin] Requête proxy vers Orthanc : [GET] http://localhost:8042/patients/9b4d864d-a53a383a-44cdda8a-269b4eee-777c5729
[26-Apr-2025 17:58:29 Europe/Berlin] Réponse Orthanc (HTTP 200) : {
   "ID" : "9b4d864d-a53a383a-44cdda8a-269b4eee-777c5729",
   "IsStable" : true,
   "Labels" : [],
   "LastUpdate" : "20250311T081323",
   "MainDicomTags" : 
   {
      "PatientBirthDate" : "19781010",
      "PatientID" : "0000002019",
      "PatientName" : "AVE+ ABDOMEN",
      "PatientSex" : "M"
   },
   "Studies" : 
   [
      "200b3e41-4557e5ed-2b4a1771-a9e4ad06-cd1306c8"
   ],
   "Type" : "Patient"
}
[26-Apr-2025 17:58:29 Europe/Berlin] Requête proxy vers Orthanc : [GET] http://localhost:8042/patients/9b4d864d-a53a383a-44cdda8a-269b4eee-777c5729
[26-Apr-2025 17:58:29 Europe/Berlin] Réponse Orthanc (HTTP 200) : {
   "ID" : "9b4d864d-a53a383a-44cdda8a-269b4eee-777c5729",
   "IsStable" : true,
   "Labels" : [],
   "LastUpdate" : "20250311T081323",
   "MainDicomTags" : 
   {
      "PatientBirthDate" : "19781010",
      "PatientID" : "0000002019",
      "PatientName" : "AVE+ ABDOMEN",
      "PatientSex" : "M"
   },
   "Studies" : 
   [
      "200b3e41-4557e5ed-2b4a1771-a9e4ad06-cd1306c8"
   ],
   "Type" : "Patient"
}
[26-Apr-2025 18:01:35 Europe/Berlin] Requête proxy vers Orthanc : [GET] http://localhost:8042//instances
[26-Apr-2025 18:01:35 Europe/Berlin] Réponse Orthanc (HTTP 200) : [
   "094563e4-74b821f1-120c8584-6236b3ba-05716a47",
   "24e83fd1-ddd03175-beb6aa86-f4ce6432-4241b24f",
   "26952bd2-9569483f-e0549aca-a33b9065-69c33884",
   "2faf6dae-1e8dd60c-78fbca50-98cc48e7-66559504",
   "582dde1a-6ee0dcb1-dc2c0a3c-06a79b2f-211eda06",
   "5974bce8-dfa0d418-48e52945-578a9547-fbb8179e",
   "63831658-2ed313e4-bdd47183-6c1be4da-c0022bb4",
   "75c6d27e-9c7d0b29-ef99341d-b7507933-63d3057d",
   "96548d6b-b87fefbd-78a3f7c5-c5abe181-0643a103",
   "b7fb1fb4-142e5a15-333ae197-298b1626-11f8833b",
   "bc61cc15-593581eb-104dd853-f8e2ae2f-19704638",
   "cad86111-996653c7-c7ca1820-b783c4c3-9ff6e63b",
   "dacc5f2c-4eb67b6e-62fe20be-08583e4b-f7285061",
   "e07efef8-4eba99da-e58dbc40-0173c1da-e2535081",
   "eb17dc02-607db0a6-1074ad73-79fb3688-f9a596db",
   "fe9d11b9-08ca2a74-f27c7727-86fa6833-6b2583ab",
   "feaf75ad-9548b055-4a7a21f5-3db18a07-9c6903d3"
]
[26-Apr-2025 18:01:36 Europe/Berlin] Requête proxy vers Orthanc : [GET] http://localhost:8042/instances/094563e4-74b821f1-120c8584-6236b3ba-05716a47?expand
[26-Apr-2025 18:01:36 Europe/Berlin] Requête proxy vers Orthanc : [GET] http://localhost:8042/instances/24e83fd1-ddd03175-beb6aa86-f4ce6432-4241b24f?expand
[26-Apr-2025 18:01:36 Europe/Berlin] Requête proxy vers Orthanc : [GET] http://localhost:8042/instances/2faf6dae-1e8dd60c-78fbca50-98cc48e7-66559504?expand
[26-Apr-2025 18:01:36 Europe/Berlin] Requête proxy vers Orthanc : [GET] http://localhost:8042/instances/26952bd2-9569483f-e0549aca-a33b9065-69c33884?expand
[26-Apr-2025 18:01:36 Europe/Berlin] Requête proxy vers Orthanc : [GET] http://localhost:8042/instances/5974bce8-dfa0d418-48e52945-578a9547-fbb8179e?expand
[26-Apr-2025 18:01:36 Europe/Berlin] Requête proxy vers Orthanc : [GET] http://localhost:8042/instances/582dde1a-6ee0dcb1-dc2c0a3c-06a79b2f-211eda06?expand
[26-Apr-2025 18:01:36 Europe/Berlin] Réponse Orthanc (HTTP 200) : {
   "FileSize" : 526336,
   "FileUuid" : "847455dd-9936-4c5a-9d73-29f225acd32b",
   "ID" : "094563e4-74b821f1-120c8584-6236b3ba-05716a47",
   "IndexInSeries" : 5003,
   "Labels" : [],
   "MainDicomTags" : 
   {
      "AcquisitionNumber" : " 5",
      "ImageComments" : "MD",
      "ImageOrientationPatient" : "1.0000\\0.0000\\0.0000\\0.0000\\1.0000\\0.0000",
      "ImagePositionPatient" : "-80.7000\\-75.1000\\-61.0000",
      "InstanceCreationDate" : "19970114",
      "InstanceCreationTime" : "035049.0005",
      "InstanceNumber" : "5003",
      "SOPInstanceUID" : "1.3.46.670589.10.900123.19970114.35049000050"
   },
   "ParentSeries" : "f623b033-c3bb9318-1ae62c1a-9fd5f247-24c86dea",
   "Type" : "Instance"
}
[26-Apr-2025 18:01:36 Europe/Berlin] Réponse Orthanc (HTTP 200) : {
   "FileSize" : 526336,
   "FileUuid" : "1b56fb91-ea25-44cc-8c18-5f24da876928",
   "ID" : "24e83fd1-ddd03175-beb6aa86-f4ce6432-4241b24f",
   "IndexInSeries" : 14001,
   "Labels" : [],
   "MainDicomTags" : 
   {
      "AcquisitionNumber" : "14",
      "ImageComments" : "",
      "ImageOrientationPatient" : "1.0000\\0.0000\\0.0000\\0.0000\\1.0000\\0.0000",
      "ImagePositionPatient" : "-175.1000\\-175.1000\\-120.0000",
      "InstanceCreationDate" : "19970114",
      "InstanceCreationTime" : "035100.0007",
      "InstanceNumber" : " 14001",
      "SOPInstanceUID" : "1.3.46.670589.10.900123.19970114.35100000070"
   },
   "ParentSeries" : "19b4c568-a95664f5-ad117914-3ccf7292-2a7ee3a0",
   "Type" : "Instance"
}
[26-Apr-2025 18:01:36 Europe/Berlin] Requête proxy vers Orthanc : [GET] http://localhost:8042/instances/63831658-2ed313e4-bdd47183-6c1be4da-c0022bb4?expand
[26-Apr-2025 18:01:36 Europe/Berlin] Requête proxy vers Orthanc : [GET] http://localhost:8042/instances/75c6d27e-9c7d0b29-ef99341d-b7507933-63d3057d?expand
[26-Apr-2025 18:01:36 Europe/Berlin] Réponse Orthanc (HTTP 200) : {
   "FileSize" : 526336,
   "FileUuid" : "11a7f312-517f-42ad-a5f0-e749b0038b6c",
   "ID" : "5974bce8-dfa0d418-48e52945-578a9547-fbb8179e",
   "IndexInSeries" : 18001,
   "Labels" : [],
   "MainDicomTags" : 
   {
      "AcquisitionNumber" : "18",
      "ImageComments" : "",
      "ImageOrientationPatient" : "1.0000\\0.0000\\0.0000\\0.0000\\1.0000\\0.0000",
      "ImagePositionPatient" : "-175.1000\\-175.1000\\-160.0000",
      "InstanceCreationDate" : "19970114",
      "InstanceCreationTime" : "035120.0011",
      "InstanceNumber" : " 18001",
      "SOPInstanceUID" : "1.3.46.670589.10.900123.19970114.35120000110"
   },
   "ParentSeries" : "19b4c568-a95664f5-ad117914-3ccf7292-2a7ee3a0",
   "Type" : "Instance"
}
[26-Apr-2025 18:01:36 Europe/Berlin] Réponse Orthanc (HTTP 200) : {
   "FileSize" : 527206,
   "FileUuid" : "795689db-f22a-4dce-b798-da7adabb6f0e",
   "ID" : "582dde1a-6ee0dcb1-dc2c0a3c-06a79b2f-211eda06",
   "IndexInSeries" : null,
   "Labels" : [],
   "MainDicomTags" : 
   {
      "InstanceCreationDate" : "20250421",
      "InstanceCreationTime" : "202125.000000",
      "SOPInstanceUID" : "1.2.276.0.7230010.3.1.4.1159938914.5836.1745266885.814"
   },
   "ParentSeries" : "4541c007-3ddcd5b2-6bf192fc-d28df38d-afe5c271",
   "Type" : "Instance"
}
[26-Apr-2025 18:01:36 Europe/Berlin] Réponse Orthanc (HTTP 200) : {
   "FileSize" : 526336,
   "FileUuid" : "9702e94e-8902-4103-ae55-af77a92efc6a",
   "ID" : "26952bd2-9569483f-e0549aca-a33b9065-69c33884",
   "IndexInSeries" : 17001,
   "Labels" : [],
   "MainDicomTags" : 
   {
      "AcquisitionNumber" : "17",
      "ImageComments" : "",
      "ImageOrientationPatient" : "1.0000\\0.0000\\0.0000\\0.0000\\1.0000\\0.0000",
      "ImagePositionPatient" : "-175.1000\\-175.1000\\-150.0000",
      "InstanceCreationDate" : "19970114",
      "InstanceCreationTime" : "035115.0010",
      "InstanceNumber" : " 17001",
      "SOPInstanceUID" : "1.3.46.670589.10.900123.19970114.35115000100"
   },
   "ParentSeries" : "19b4c568-a95664f5-ad117914-3ccf7292-2a7ee3a0",
   "Type" : "Instance"
}
[26-Apr-2025 18:01:36 Europe/Berlin] Réponse Orthanc (HTTP 200) : {
   "FileSize" : 526336,
   "FileUuid" : "43af4eee-ad27-4654-b4a1-e5a62a718f5a",
   "ID" : "2faf6dae-1e8dd60c-78fbca50-98cc48e7-66559504",
   "IndexInSeries" : 20001,
   "Labels" : [],
   "MainDicomTags" : 
   {
      "AcquisitionNumber" : "20",
      "ImageComments" : "",
      "ImageOrientationPatient" : "1.0000\\0.0000\\0.0000\\0.0000\\1.0000\\0.0000",
      "ImagePositionPatient" : "-175.1000\\-175.1000\\-180.0000",
      "InstanceCreationDate" : "19970114",
      "InstanceCreationTime" : "035131.0013",
      "InstanceNumber" : " 20001",
      "SOPInstanceUID" : "1.3.46.670589.10.900123.19970114.35131000130"
   },
   "ParentSeries" : "19b4c568-a95664f5-ad117914-3ccf7292-2a7ee3a0",
   "Type" : "Instance"
}
[26-Apr-2025 18:01:36 Europe/Berlin] Requête proxy vers Orthanc : [GET] http://localhost:8042/instances/96548d6b-b87fefbd-78a3f7c5-c5abe181-0643a103?expand
[26-Apr-2025 18:01:36 Europe/Berlin] Requête proxy vers Orthanc : [GET] http://localhost:8042/instances/b7fb1fb4-142e5a15-333ae197-298b1626-11f8833b?expand
[26-Apr-2025 18:01:36 Europe/Berlin] Requête proxy vers Orthanc : [GET] http://localhost:8042/instances/bc61cc15-593581eb-104dd853-f8e2ae2f-19704638?expand
[26-Apr-2025 18:01:36 Europe/Berlin] Requête proxy vers Orthanc : [GET] http://localhost:8042/instances/cad86111-996653c7-c7ca1820-b783c4c3-9ff6e63b?expand
[26-Apr-2025 18:01:36 Europe/Berlin] Réponse Orthanc (HTTP 200) : {
   "FileSize" : 526336,
   "FileUuid" : "18595efd-f373-4173-a048-6de33ca05bca",
   "ID" : "63831658-2ed313e4-bdd47183-6c1be4da-c0022bb4",
   "IndexInSeries" : 15001,
   "Labels" : [],
   "MainDicomTags" : 
   {
      "AcquisitionNumber" : "15",
      "ImageComments" : "",
      "ImageOrientationPatient" : "1.0000\\0.0000\\0.0000\\0.0000\\1.0000\\0.0000",
      "ImagePositionPatient" : "-175.1000\\-175.1000\\-130.0000",
      "InstanceCreationDate" : "19970114",
      "InstanceCreationTime" : "035105.0008",
      "InstanceNumber" : " 15001",
      "SOPInstanceUID" : "1.3.46.670589.10.900123.19970114.35105000080"
   },
   "ParentSeries" : "19b4c568-a95664f5-ad117914-3ccf7292-2a7ee3a0",
   "Type" : "Instance"
}
[26-Apr-2025 18:01:36 Europe/Berlin] Réponse Orthanc (HTTP 200) : {
   "FileSize" : 526336,
   "FileUuid" : "7ef2cfb2-cd10-40ef-8012-0b6fd7578b13",
   "ID" : "75c6d27e-9c7d0b29-ef99341d-b7507933-63d3057d",
   "IndexInSeries" : 21001,
   "Labels" : [],
   "MainDicomTags" : 
   {
      "AcquisitionNumber" : "21",
      "ImageComments" : "",
      "ImageOrientationPatient" : "1.0000\\0.0000\\0.0000\\0.0000\\1.0000\\0.0000",
      "ImagePositionPatient" : "-175.1000\\-175.1000\\-190.0000",
      "InstanceCreationDate" : "19970114",
      "InstanceCreationTime" : "035135.0014",
      "InstanceNumber" : " 21001",
      "SOPInstanceUID" : "1.3.46.670589.10.900123.19970114.35135000140"
   },
   "ParentSeries" : "19b4c568-a95664f5-ad117914-3ccf7292-2a7ee3a0",
   "Type" : "Instance"
}
[26-Apr-2025 18:01:36 Europe/Berlin] Requête proxy vers Orthanc : [GET] http://localhost:8042/instances/dacc5f2c-4eb67b6e-62fe20be-08583e4b-f7285061?expand
[26-Apr-2025 18:01:36 Europe/Berlin] Requête proxy vers Orthanc : [GET] http://localhost:8042/instances/e07efef8-4eba99da-e58dbc40-0173c1da-e2535081?expand
[26-Apr-2025 18:01:36 Europe/Berlin] Réponse Orthanc (HTTP 200) : {
   "FileSize" : 91264,
   "FileUuid" : "39819348-f7ea-4861-9842-83c4a4a8c13e",
   "ID" : "96548d6b-b87fefbd-78a3f7c5-c5abe181-0643a103",
   "IndexInSeries" : 5,
   "Labels" : [],
   "MainDicomTags" : 
   {
      "ImageComments" : "JPEG 2000 lossless - Version 4.0.2 (c) Image Devices GmbH",
      "ImageOrientationPatient" : "1\\0\\0\\0\\1\\0",
      "ImagePositionPatient" : "-151.493508\\-36.6564417\\1293",
      "InstanceCreationDate" : "20061012",
      "InstanceCreationTime" : "091607.000000",
      "InstanceNumber" : "5",
      "SOPInstanceUID" : "1.2.826.0.1.3680043.8.1055.1.20111102150759059.64998534.33344836"
   },
   "ParentSeries" : "98d367a5-58eeba8b-f3c2da4b-de7d8f6f-ede53eb2",
   "Type" : "Instance"
}
[26-Apr-2025 18:01:36 Europe/Berlin] Requête proxy vers Orthanc : [GET] http://localhost:8042/instances/eb17dc02-607db0a6-1074ad73-79fb3688-f9a596db?expand
[26-Apr-2025 18:01:36 Europe/Berlin] Réponse Orthanc (HTTP 200) : {
   "FileSize" : 526336,
   "FileUuid" : "9f80260d-18b9-46ce-ada1-00d0d866886d",
   "ID" : "bc61cc15-593581eb-104dd853-f8e2ae2f-19704638",
   "IndexInSeries" : 16001,
   "Labels" : [],
   "MainDicomTags" : 
   {
      "AcquisitionNumber" : "16",
      "ImageComments" : "",
      "ImageOrientationPatient" : "1.0000\\0.0000\\0.0000\\0.0000\\1.0000\\0.0000",
      "ImagePositionPatient" : "-175.1000\\-175.1000\\-140.0000",
      "InstanceCreationDate" : "19970114",
      "InstanceCreationTime" : "035110.0009",
      "InstanceNumber" : " 16001",
      "SOPInstanceUID" : "1.3.46.670589.10.900123.19970114.35110000090"
   },
   "ParentSeries" : "19b4c568-a95664f5-ad117914-3ccf7292-2a7ee3a0",
   "Type" : "Instance"
}
[26-Apr-2025 18:01:36 Europe/Berlin] Réponse Orthanc (HTTP 200) : {
   "FileSize" : 1702398,
   "FileUuid" : "9fa9d15a-988d-410e-9194-ddfde927c89a",
   "ID" : "b7fb1fb4-142e5a15-333ae197-298b1626-11f8833b",
   "IndexInSeries" : null,
   "Labels" : [],
   "MainDicomTags" : 
   {
      "InstanceNumber" : "",
      "NumberOfFrames" : "96",
      "SOPInstanceUID" : "1.3.12.2.1107.5.4.3.321890.19960124.162922.29"
   },
   "ParentSeries" : "62cc4f41-9b1679c0-6ad19a2e-71fccb6f-07a3d16d",
   "Type" : "Instance"
}
[26-Apr-2025 18:01:36 Europe/Berlin] Réponse Orthanc (HTTP 200) : {
   "FileSize" : 526336,
   "FileUuid" : "644bcf08-beb7-4bb7-8f87-2a07dae77a9f",
   "ID" : "cad86111-996653c7-c7ca1820-b783c4c3-9ff6e63b",
   "IndexInSeries" : 22001,
   "Labels" : [],
   "MainDicomTags" : 
   {
      "AcquisitionNumber" : "22",
      "ImageComments" : "",
      "ImageOrientationPatient" : "1.0000\\0.0000\\0.0000\\0.0000\\1.0000\\0.0000",
      "ImagePositionPatient" : "-175.1000\\-175.1000\\-200.0000",
      "InstanceCreationDate" : "19970114",
      "InstanceCreationTime" : "035140.0015",
      "InstanceNumber" : " 22001",
      "SOPInstanceUID" : "1.3.46.670589.10.900123.19970114.35140000150"
   },
   "ParentSeries" : "19b4c568-a95664f5-ad117914-3ccf7292-2a7ee3a0",
   "Type" : "Instance"
}
[26-Apr-2025 18:01:36 Europe/Berlin] Requête proxy vers Orthanc : [GET] http://localhost:8042/instances/fe9d11b9-08ca2a74-f27c7727-86fa6833-6b2583ab?expand
[26-Apr-2025 18:01:36 Europe/Berlin] Requête proxy vers Orthanc : [GET] http://localhost:8042/instances/feaf75ad-9548b055-4a7a21f5-3db18a07-9c6903d3?expand
[26-Apr-2025 18:01:36 Europe/Berlin] Requête proxy vers Orthanc : [GET] http://localhost:8042/series/f623b033-c3bb9318-1ae62c1a-9fd5f247-24c86dea?expand
[26-Apr-2025 18:01:36 Europe/Berlin] Réponse Orthanc (HTTP 200) : {
   "FileSize" : 531298,
   "FileUuid" : "937b172f-feb1-4efd-a3ab-432405774a56",
   "ID" : "e07efef8-4eba99da-e58dbc40-0173c1da-e2535081",
   "IndexInSeries" : 1,
   "Labels" : [],
   "MainDicomTags" : 
   {
      "AcquisitionNumber" : "1",
      "InstanceCreationDate" : "20210411",
      "InstanceCreationTime" : "213019.104784",
      "InstanceNumber" : "1",
      "NumberOfFrames" : "1",
      "SOPInstanceUID" : "1.3.12.2.1107.5.8.15.999999.30000021041121051996700000250"
   },
   "ParentSeries" : "11b7c563-ae504ced-e95ed300-7176b3e8-74f7e2f5",
   "Type" : "Instance"
}
[26-Apr-2025 18:01:36 Europe/Berlin] Réponse Orthanc (HTTP 200) : {
   "FileSize" : 526336,
   "FileUuid" : "97a1c84b-5c67-4016-8405-2f71ae4af3de",
   "ID" : "dacc5f2c-4eb67b6e-62fe20be-08583e4b-f7285061",
   "IndexInSeries" : 19001,
   "Labels" : [],
   "MainDicomTags" : 
   {
      "AcquisitionNumber" : "19",
      "ImageComments" : "",
      "ImageOrientationPatient" : "1.0000\\0.0000\\0.0000\\0.0000\\1.0000\\0.0000",
      "ImagePositionPatient" : "-175.1000\\-175.1000\\-170.0000",
      "InstanceCreationDate" : "19970114",
      "InstanceCreationTime" : "035126.0012",
      "InstanceNumber" : " 19001",
      "SOPInstanceUID" : "1.3.46.670589.10.900123.19970114.35126000120"
   },
   "ParentSeries" : "19b4c568-a95664f5-ad117914-3ccf7292-2a7ee3a0",
   "Type" : "Instance"
}
[26-Apr-2025 18:01:36 Europe/Berlin] Requête proxy vers Orthanc : [GET] http://localhost:8042/series/19b4c568-a95664f5-ad117914-3ccf7292-2a7ee3a0?expand
[26-Apr-2025 18:01:36 Europe/Berlin] Requête proxy vers Orthanc : [GET] http://localhost:8042/series/4541c007-3ddcd5b2-6bf192fc-d28df38d-afe5c271?expand
[26-Apr-2025 18:01:36 Europe/Berlin] Réponse Orthanc (HTTP 200) : {
   "FileSize" : 526336,
   "FileUuid" : "c426268c-e58d-4f99-814f-daad18c5a0b1",
   "ID" : "eb17dc02-607db0a6-1074ad73-79fb3688-f9a596db",
   "IndexInSeries" : 6000,
   "Labels" : [],
   "MainDicomTags" : 
   {
      "AcquisitionNumber" : " 6",
      "ImageComments" : "",
      "ImageOrientationPatient" : "1.0000\\0.0000\\0.0000\\0.0000\\0.9397\\-0.3420",
      "ImagePositionPatient" : "-124.9000\\-117.4000\\67.7000",
      "InstanceCreationDate" : "19970114",
      "InstanceCreationTime" : "035036.0003",
      "InstanceNumber" : "6000",
      "SOPInstanceUID" : "1.3.46.670589.10.900123.19970114.35036000030"
   },
   "ParentSeries" : "f6ebf659-c336b2b9-102a72e3-2cd836e9-a5662c26",
   "Type" : "Instance"
}
[26-Apr-2025 18:01:36 Europe/Berlin] Requête proxy vers Orthanc : [GET] http://localhost:8042/series/98d367a5-58eeba8b-f3c2da4b-de7d8f6f-ede53eb2?expand
[26-Apr-2025 18:01:36 Europe/Berlin] Réponse Orthanc (HTTP 200) : {
   "FileSize" : 526336,
   "FileUuid" : "c147a823-c25b-4c74-a7fb-877198ac4ebe",
   "ID" : "fe9d11b9-08ca2a74-f27c7727-86fa6833-6b2583ab",
   "IndexInSeries" : 13001,
   "Labels" : [],
   "MainDicomTags" : 
   {
      "AcquisitionNumber" : "13",
      "ImageComments" : "",
      "ImageOrientationPatient" : "1.0000\\0.0000\\0.0000\\0.0000\\1.0000\\0.0000",
      "ImagePositionPatient" : "-175.1000\\-175.1000\\-110.0000",
      "InstanceCreationDate" : "19970114",
      "InstanceCreationTime" : "035056.0006",
      "InstanceNumber" : " 13001",
      "SOPInstanceUID" : "1.3.46.670589.10.900123.19970114.35056000060"
   },
   "ParentSeries" : "19b4c568-a95664f5-ad117914-3ccf7292-2a7ee3a0",
   "Type" : "Instance"
}
[26-Apr-2025 18:01:36 Europe/Berlin] Requête proxy vers Orthanc : [GET] http://localhost:8042/series/62cc4f41-9b1679c0-6ad19a2e-71fccb6f-07a3d16d?expand
[26-Apr-2025 18:01:36 Europe/Berlin] Réponse Orthanc (HTTP 200) : {
   "ExpectedNumberOfInstances" : null,
   "ID" : "f623b033-c3bb9318-1ae62c1a-9fd5f247-24c86dea",
   "Instances" : 
   [
      "094563e4-74b821f1-120c8584-6236b3ba-05716a47"
   ],
   "IsStable" : true,
   "Labels" : [],
   "LastUpdate" : "20250311T081322",
   "MainDicomTags" : 
   {
      "ContrastBolusAgent" : "NONE",
      "ImageOrientationPatient" : "1.0000\\0.0000\\0.0000\\0.0000\\1.0000\\0.0000",
      "Manufacturer" : "Philips Medical Systems",
      "Modality" : "CT",
      "ProtocolName" : " 1",
      "SeriesInstanceUID" : "1.3.46.670589.10.900123.19970114.35049000050.3",
      "SeriesNumber" : " 1",
      "StationName" : "MVP"
   },
   "ParentStudy" : "286789b1-82845a45-92d7dfc0-c6a8e286-27bc0129",
   "Status" : "Unknown",
   "Type" : "Series"
}
[26-Apr-2025 18:01:36 Europe/Berlin] Réponse Orthanc (HTTP 200) : {
   "FileSize" : 526336,
   "FileUuid" : "c415c430-c5a8-4afa-854f-af8e254144b8",
   "ID" : "feaf75ad-9548b055-4a7a21f5-3db18a07-9c6903d3",
   "IndexInSeries" : 5000,
   "Labels" : [],
   "MainDicomTags" : 
   {
      "AcquisitionNumber" : " 5",
      "ImageComments" : "",
      "ImageOrientationPatient" : "1.0000\\0.0000\\0.0000\\0.0000\\1.0000\\0.0000",
      "ImagePositionPatient" : "-124.9000\\-124.9000\\15.0000",
      "InstanceCreationDate" : "19970114",
      "InstanceCreationTime" : "035029.0002",
      "InstanceNumber" : "5000",
      "SOPInstanceUID" : "1.3.46.670589.10.900123.19970114.35029000020"
   },
   "ParentSeries" : "670d99fa-c4a853ca-52f7989e-f6df82a8-5123711c",
   "Type" : "Instance"
}
[26-Apr-2025 18:01:36 Europe/Berlin] Requête proxy vers Orthanc : [GET] http://localhost:8042/series/11b7c563-ae504ced-e95ed300-7176b3e8-74f7e2f5?expand
[26-Apr-2025 18:01:36 Europe/Berlin] Requête proxy vers Orthanc : [GET] http://localhost:8042/series/f6ebf659-c336b2b9-102a72e3-2cd836e9-a5662c26?expand
[26-Apr-2025 18:01:36 Europe/Berlin] Réponse Orthanc (HTTP 200) : {
   "ExpectedNumberOfInstances" : null,
   "ID" : "19b4c568-a95664f5-ad117914-3ccf7292-2a7ee3a0",
   "Instances" : 
   [
      "24e83fd1-ddd03175-beb6aa86-f4ce6432-4241b24f",
      "26952bd2-9569483f-e0549aca-a33b9065-69c33884",
      "2faf6dae-1e8dd60c-78fbca50-98cc48e7-66559504",
      "5974bce8-dfa0d418-48e52945-578a9547-fbb8179e",
      "63831658-2ed313e4-bdd47183-6c1be4da-c0022bb4",
      "75c6d27e-9c7d0b29-ef99341d-b7507933-63d3057d",
      "bc61cc15-593581eb-104dd853-f8e2ae2f-19704638",
      "cad86111-996653c7-c7ca1820-b783c4c3-9ff6e63b",
      "dacc5f2c-4eb67b6e-62fe20be-08583e4b-f7285061",
      "fe9d11b9-08ca2a74-f27c7727-86fa6833-6b2583ab"
   ],
   "IsStable" : true,
   "Labels" : [],
   "LastUpdate" : "20250311T081323",
   "MainDicomTags" : 
   {
      "ContrastBolusAgent" : "CONT",
      "ImageOrientationPatient" : "1.0000\\0.0000\\0.0000\\0.0000\\1.0000\\0.0000",
      "Manufacturer" : "Philips Medical Systems",
      "Modality" : "CT",
      "ProtocolName" : "50",
      "SeriesInstanceUID" : "1.3.46.670589.10.900123.19970114.35056000060.3",
      "SeriesNumber" : " 1",
      "StationName" : "MVP"
   },
   "ParentStudy" : "200b3e41-4557e5ed-2b4a1771-a9e4ad06-cd1306c8",
   "Status" : "Unknown",
   "Type" : "Series"
}
[26-Apr-2025 18:01:36 Europe/Berlin] Requête proxy vers Orthanc : [GET] http://localhost:8042/studies/286789b1-82845a45-92d7dfc0-c6a8e286-27bc0129?expand
[26-Apr-2025 18:01:36 Europe/Berlin] Réponse Orthanc (HTTP 200) : {
   "ExpectedNumberOfInstances" : null,
   "ID" : "4541c007-3ddcd5b2-6bf192fc-d28df38d-afe5c271",
   "Instances" : 
   [
      "582dde1a-6ee0dcb1-dc2c0a3c-06a79b2f-211eda06"
   ],
   "IsStable" : true,
   "Labels" : [],
   "LastUpdate" : "20250421T202126",
   "MainDicomTags" : 
   {
      "Modality" : "M3D",
      "SeriesDate" : "20250421",
      "SeriesDescription" : "Model",
      "SeriesInstanceUID" : "1.2.276.0.7230010.3.1.3.1159938914.5836.1745266885.813",
      "SeriesTime" : "202125.000000"
   },
   "ParentStudy" : "8e51d8c2-c73f0a1e-57f97ca6-0fe69e66-c5e753eb",
   "Status" : "Unknown",
   "Type" : "Series"
}
[26-Apr-2025 18:01:36 Europe/Berlin] Réponse Orthanc (HTTP 200) : {
   "ExpectedNumberOfInstances" : null,
   "ID" : "62cc4f41-9b1679c0-6ad19a2e-71fccb6f-07a3d16d",
   "Instances" : 
   [
      "b7fb1fb4-142e5a15-333ae197-298b1626-11f8833b"
   ],
   "IsStable" : true,
   "Labels" : [],
   "LastUpdate" : "20250421T205945",
   "MainDicomTags" : 
   {
      "Manufacturer" : "",
      "Modality" : "XA",
      "SeriesInstanceUID" : "1.3.12.2.1107.5.4.3.123456789012345.19950922.121803.8",
      "SeriesNumber" : "1"
   },
   "ParentStudy" : "aa938400-09e9f0df-8ba95f68-e21f98dd-0c6e0cf0",
   "Status" : "Unknown",
   "Type" : "Series"
}
[26-Apr-2025 18:01:36 Europe/Berlin] Requête proxy vers Orthanc : [GET] http://localhost:8042/series/670d99fa-c4a853ca-52f7989e-f6df82a8-5123711c?expand
[26-Apr-2025 18:01:36 Europe/Berlin] Réponse Orthanc (HTTP 200) : {
   "ExpectedNumberOfInstances" : null,
   "ID" : "98d367a5-58eeba8b-f3c2da4b-de7d8f6f-ede53eb2",
   "Instances" : 
   [
      "96548d6b-b87fefbd-78a3f7c5-c5abe181-0643a103"
   ],
   "IsStable" : true,
   "Labels" : [],
   "LastUpdate" : "20250426T153239",
   "MainDicomTags" : 
   {
      "ContrastBolusAgent" : "CONTRAST",
      "ImageOrientationPatient" : "1\\0\\0\\0\\1\\0",
      "Modality" : "CT",
      "PerformedProcedureStepDescription" : "CT1 abdomen",
      "ProtocolName" : "ART.RENALES 12/Abdomen/Hx",
      "RequestAttributesSequence" : 
      [
         {
            "RequestedProcedureID" : "A10026177757",
            "ScheduledProcedureStepDescription" : "CT1 abdomen",
            "ScheduledProcedureStepID" : "A10026177758",
            "ScheduledProtocolCodeSequence" : 
            [
               {
                  "CodeMeaning" : "CT1 abdomen",
                  "CodeValue" : "CTABDOM",
                  "CodingSchemeDesignator" : "XPLORE"
               }
            ]
         }
      ],
      "SeriesDescription" : "ARTERIELLE",
      "SeriesInstanceUID" : "1.2.826.0.1.3680043.8.1055.1.20111102150758591.96842950.07877442",
      "SeriesNumber" : "6168"
   },
   "ParentStudy" : "3abaec0a-ebfaaa87-f830d52b-d62df074-6a692c12",
   "Status" : "Unknown",
   "Type" : "Series"
}
[26-Apr-2025 18:01:36 Europe/Berlin] Requête proxy vers Orthanc : [GET] http://localhost:8042/series/19b4c568-a95664f5-ad117914-3ccf7292-2a7ee3a0?expand
[26-Apr-2025 18:01:36 Europe/Berlin] Réponse Orthanc (HTTP 200) : {
   "ExpectedNumberOfInstances" : null,
   "ID" : "f6ebf659-c336b2b9-102a72e3-2cd836e9-a5662c26",
   "Instances" : 
   [
      "eb17dc02-607db0a6-1074ad73-79fb3688-f9a596db"
   ],
   "IsStable" : true,
   "Labels" : [],
   "LastUpdate" : "20250311T081322",
   "MainDicomTags" : 
   {
      "ContrastBolusAgent" : "NONE",
      "ImageOrientationPatient" : "1.0000\\0.0000\\0.0000\\0.0000\\0.9397\\-0.3420",
      "Manufacturer" : "Philips Medical Systems",
      "Modality" : "CT",
      "ProtocolName" : " 1",
      "SeriesInstanceUID" : "1.3.46.670589.10.900123.19970114.35036000030.3",
      "SeriesNumber" : " 1",
      "StationName" : "MVP"
   },
   "ParentStudy" : "8e51d8c2-c73f0a1e-57f97ca6-0fe69e66-c5e753eb",
   "Status" : "Unknown",
   "Type" : "Series"
}
[26-Apr-2025 18:01:36 Europe/Berlin] Requête proxy vers Orthanc : [GET] http://localhost:8042/studies/200b3e41-4557e5ed-2b4a1771-a9e4ad06-cd1306c8?expand
[26-Apr-2025 18:01:36 Europe/Berlin] Réponse Orthanc (HTTP 200) : {
   "ExpectedNumberOfInstances" : null,
   "ID" : "11b7c563-ae504ced-e95ed300-7176b3e8-74f7e2f5",
   "Instances" : 
   [
      "e07efef8-4eba99da-e58dbc40-0173c1da-e2535081"
   ],
   "IsStable" : true,
   "Labels" : [],
   "LastUpdate" : "20250421T233940",
   "MainDicomTags" : 
   {
      "Manufacturer" : "Siemens Healthineers",
      "Modality" : "MR",
      "PerformedProcedureStepDescription" : "Osteo_2021 Cheville",
      "PerformedProcedureStepStartDate" : "20210113",
      "PerformedProcedureStepStartTime" : "130454.100000",
      "ProtocolName" : "t1_sag_tse REF",
      "SeriesDate" : "20210411",
      "SeriesDescription" : "Exported MR Basic Reading",
      "SeriesInstanceUID" : "1.3.12.2.1107.5.8.15.999999.30000021041121051996700000249",
      "SeriesNumber" : "1005",
      "SeriesTime" : "213018.573513",
      "StationName" : "MR-T10-MRC19-04"
   },
   "ParentStudy" : "ae9bf996-b6ab6a8b-eba1f35e-14600862-f9393ddd",
   "Status" : "Unknown",
   "Type" : "Series"
}
[26-Apr-2025 18:01:36 Europe/Berlin] Requête proxy vers Orthanc : [GET] http://localhost:8042/studies/8e51d8c2-c73f0a1e-57f97ca6-0fe69e66-c5e753eb?expand
[26-Apr-2025 18:01:37 Europe/Berlin] Requête proxy vers Orthanc : [GET] http://localhost:8042/studies/aa938400-09e9f0df-8ba95f68-e21f98dd-0c6e0cf0?expand
[26-Apr-2025 18:01:37 Europe/Berlin] Réponse Orthanc (HTTP 200) : {
   "ID" : "286789b1-82845a45-92d7dfc0-c6a8e286-27bc0129",
   "IsStable" : true,
   "Labels" : [],
   "LastUpdate" : "20250311T081322",
   "MainDicomTags" : 
   {
      "AccessionNumber" : "",
      "InstitutionName" : "CHU St ROCH",
      "ReferringPhysicianName" : "",
      "StudyDate" : "19961014",
      "StudyID" : "2011",
      "StudyInstanceUID" : "1.3.46.670589.10.900123.19970114.35049000050.1",
      "StudyTime" : "115421.00000"
   },
   "ParentPatient" : "10092b57-91bddc20-e68b74c7-8956c6df-49e00750",
   "PatientMainDicomTags" : 
   {
      "PatientBirthDate" : "19320918",
      "PatientID" : "0000002011",
      "PatientName" : "AVE+ KNEE",
      "PatientSex" : "F"
   },
   "Series" : 
   [
      "f623b033-c3bb9318-1ae62c1a-9fd5f247-24c86dea"
   ],
   "Type" : "Study"
}
[26-Apr-2025 18:01:37 Europe/Berlin] Requête proxy vers Orthanc : [GET] http://localhost:8042/studies/3abaec0a-ebfaaa87-f830d52b-d62df074-6a692c12?expand
[26-Apr-2025 18:01:37 Europe/Berlin] Réponse Orthanc (HTTP 200) : {
   "ExpectedNumberOfInstances" : null,
   "ID" : "670d99fa-c4a853ca-52f7989e-f6df82a8-5123711c",
   "Instances" : 
   [
      "feaf75ad-9548b055-4a7a21f5-3db18a07-9c6903d3"
   ],
   "IsStable" : true,
   "Labels" : [],
   "LastUpdate" : "20250311T081322",
   "MainDicomTags" : 
   {
      "ContrastBolusAgent" : "NONE",
      "ImageOrientationPatient" : "1.0000\\0.0000\\0.0000\\0.0000\\1.0000\\0.0000",
      "Manufacturer" : "Philips Medical Systems",
      "Modality" : "CT",
      "ProtocolName" : " 1",
      "SeriesInstanceUID" : "1.3.46.670589.10.900123.19970114.35029000020.3",
      "SeriesNumber" : " 1",
      "StationName" : "MVP"
   },
   "ParentStudy" : "0ba2c4af-c4286377-ed83307a-c4307d90-422eea83",
   "Status" : "Unknown",
   "Type" : "Series"
}
[26-Apr-2025 18:01:37 Europe/Berlin] Requête proxy vers Orthanc : [GET] http://localhost:8042/studies/ae9bf996-b6ab6a8b-eba1f35e-14600862-f9393ddd?expand
[26-Apr-2025 18:01:37 Europe/Berlin] Réponse Orthanc (HTTP 200) : {
   "ID" : "200b3e41-4557e5ed-2b4a1771-a9e4ad06-cd1306c8",
   "IsStable" : true,
   "Labels" : [],
   "LastUpdate" : "20250311T081323",
   "MainDicomTags" : 
   {
      "AccessionNumber" : "",
      "InstitutionName" : "CHU St ROCH",
      "ReferringPhysicianName" : "",
      "StudyDate" : "19961014",
      "StudyID" : "2019",
      "StudyInstanceUID" : "1.3.46.670589.10.900123.19970114.35056000060.1",
      "StudyTime" : "145056.00000"
   },
   "ParentPatient" : "9b4d864d-a53a383a-44cdda8a-269b4eee-777c5729",
   "PatientMainDicomTags" : 
   {
      "PatientBirthDate" : "19781010",
      "PatientID" : "0000002019",
      "PatientName" : "AVE+ ABDOMEN",
      "PatientSex" : "M"
   },
   "Series" : 
   [
      "19b4c568-a95664f5-ad117914-3ccf7292-2a7ee3a0"
   ],
   "Type" : "Study"
}
[26-Apr-2025 18:01:37 Europe/Berlin] Réponse Orthanc (HTTP 200) : {
   "ExpectedNumberOfInstances" : null,
   "ID" : "19b4c568-a95664f5-ad117914-3ccf7292-2a7ee3a0",
   "Instances" : 
   [
      "24e83fd1-ddd03175-beb6aa86-f4ce6432-4241b24f",
      "26952bd2-9569483f-e0549aca-a33b9065-69c33884",
      "2faf6dae-1e8dd60c-78fbca50-98cc48e7-66559504",
      "5974bce8-dfa0d418-48e52945-578a9547-fbb8179e",
      "63831658-2ed313e4-bdd47183-6c1be4da-c0022bb4",
      "75c6d27e-9c7d0b29-ef99341d-b7507933-63d3057d",
      "bc61cc15-593581eb-104dd853-f8e2ae2f-19704638",
      "cad86111-996653c7-c7ca1820-b783c4c3-9ff6e63b",
      "dacc5f2c-4eb67b6e-62fe20be-08583e4b-f7285061",
      "fe9d11b9-08ca2a74-f27c7727-86fa6833-6b2583ab"
   ],
   "IsStable" : true,
   "Labels" : [],
   "LastUpdate" : "20250311T081323",
   "MainDicomTags" : 
   {
      "ContrastBolusAgent" : "CONT",
      "ImageOrientationPatient" : "1.0000\\0.0000\\0.0000\\0.0000\\1.0000\\0.0000",
      "Manufacturer" : "Philips Medical Systems",
      "Modality" : "CT",
      "ProtocolName" : "50",
      "SeriesInstanceUID" : "1.3.46.670589.10.900123.19970114.35056000060.3",
      "SeriesNumber" : " 1",
      "StationName" : "MVP"
   },
   "ParentStudy" : "200b3e41-4557e5ed-2b4a1771-a9e4ad06-cd1306c8",
   "Status" : "Unknown",
   "Type" : "Series"
}
[26-Apr-2025 18:01:37 Europe/Berlin] Requête proxy vers Orthanc : [GET] http://localhost:8042/patients/10092b57-91bddc20-e68b74c7-8956c6df-49e00750
[26-Apr-2025 18:01:37 Europe/Berlin] Requête proxy vers Orthanc : [GET] http://localhost:8042/studies/0ba2c4af-c4286377-ed83307a-c4307d90-422eea83?expand
[26-Apr-2025 18:01:37 Europe/Berlin] Réponse Orthanc (HTTP 200) : {
   "ID" : "aa938400-09e9f0df-8ba95f68-e21f98dd-0c6e0cf0",
   "IsStable" : true,
   "Labels" : [],
   "LastUpdate" : "20250421T205945",
   "MainDicomTags" : 
   {
      "AccessionNumber" : "",
      "InstitutionName" : "",
      "ReferringPhysicianName" : "",
      "StudyDate" : "19941013",
      "StudyDescription" : "",
      "StudyID" : "",
      "StudyInstanceUID" : "1.3.12.2.1107.5.4.3.123456789012345.19950922.121803.6",
      "StudyTime" : "141917"
   },
   "ParentPatient" : "1e6ca9a6-71d9b622-24e72d15-16251ee8-3735baf5",
   "PatientMainDicomTags" : 
   {
      "PatientBirthDate" : "19951025",
      "PatientID" : "556342B",
      "PatientName" : "Rubo DEMO",
      "PatientSex" : "M"
   },
   "Series" : 
   [
      "62cc4f41-9b1679c0-6ad19a2e-71fccb6f-07a3d16d"
   ],
   "Type" : "Study"
}
[26-Apr-2025 18:01:37 Europe/Berlin] Réponse Orthanc (HTTP 200) : {
   "ID" : "8e51d8c2-c73f0a1e-57f97ca6-0fe69e66-c5e753eb",
   "IsStable" : true,
   "Labels" : [],
   "LastUpdate" : "20250421T202126",
   "MainDicomTags" : 
   {
      "AccessionNumber" : "",
      "InstitutionName" : "CHU St ROCH",
      "ReferringPhysicianName" : "",
      "StudyDate" : "19961014",
      "StudyID" : "2018",
      "StudyInstanceUID" : "1.3.46.670589.10.900123.19970114.35036000030.1",
      "StudyTime" : "140735.00000"
   },
   "ParentPatient" : "62bc7cdd-8f5ae588-dea41879-6a8e18d1-d44362ee",
   "PatientMainDicomTags" : 
   {
      "PatientBirthDate" : "19240101",
      "PatientID" : "0000002018",
      "PatientName" : "AVE+ BRAIN + POST + SINUS",
      "PatientSex" : "M"
   },
   "Series" : 
   [
      "4541c007-3ddcd5b2-6bf192fc-d28df38d-afe5c271",
      "f6ebf659-c336b2b9-102a72e3-2cd836e9-a5662c26"
   ],
   "Type" : "Study"
}
[26-Apr-2025 18:01:37 Europe/Berlin] Requête proxy vers Orthanc : [GET] http://localhost:8042/series/19b4c568-a95664f5-ad117914-3ccf7292-2a7ee3a0?expand
[26-Apr-2025 18:01:37 Europe/Berlin] Requête proxy vers Orthanc : [GET] http://localhost:8042/patients/9b4d864d-a53a383a-44cdda8a-269b4eee-777c5729
[26-Apr-2025 18:01:37 Europe/Berlin] Réponse Orthanc (HTTP 200) : {
   "ID" : "3abaec0a-ebfaaa87-f830d52b-d62df074-6a692c12",
   "IsStable" : true,
   "Labels" : [],
   "LastUpdate" : "20250426T153239",
   "MainDicomTags" : 
   {
      "StudyDate" : "20061012",
      "StudyDescription" : "CT1 abdomen",
      "StudyInstanceUID" : "1.2.826.0.1.3680043.8.1055.1.20111102150758591.92402465.76095170",
      "StudyTime" : "090258.000000"
   },
   "ParentPatient" : "b6589fc6-ab0dc82c-f12099d1-c2d40ab9-94e8410c",
   "PatientMainDicomTags" : 
   {
      "PatientID" : "0",
      "PatientName" : "Anonymized"
   },
   "Series" : 
   [
      "98d367a5-58eeba8b-f3c2da4b-de7d8f6f-ede53eb2"
   ],
   "Type" : "Study"
}
[26-Apr-2025 18:01:37 Europe/Berlin] Requête proxy vers Orthanc : [GET] http://localhost:8042/studies/200b3e41-4557e5ed-2b4a1771-a9e4ad06-cd1306c8?expand
[26-Apr-2025 18:01:37 Europe/Berlin] Réponse Orthanc (HTTP 200) : {
   "ID" : "ae9bf996-b6ab6a8b-eba1f35e-14600862-f9393ddd",
   "IsStable" : true,
   "Labels" : [],
   "LastUpdate" : "20250421T233940",
   "MainDicomTags" : 
   {
      "AccessionNumber" : "",
      "InstitutionName" : "",
      "ReferringPhysicianName" : "",
      "StudyDate" : "20210113",
      "StudyDescription" : "Osteo_2021 Cheville",
      "StudyID" : "b0513b81-3517-43",
      "StudyInstanceUID" : "1.3.12.2.1107.5.2.53.189501.30000021011309045077000000005",
      "StudyTime" : "130454.100000"
   },
   "ParentPatient" : "c5cc2652-d994a3cd-4c0b46e9-8aeb6e72-a0135eba",
   "PatientMainDicomTags" : 
   {
      "PatientBirthDate" : "19960205",
      "PatientID" : "2021.01.13-13:04:52-STD-1.3.12.2.1107.5.99.3",
      "PatientName" : "DeepResolve_Altea2",
      "PatientSex" : "M"
   },
   "Series" : 
   [
      "11b7c563-ae504ced-e95ed300-7176b3e8-74f7e2f5"
   ],
   "Type" : "Study"
}
[26-Apr-2025 18:01:37 Europe/Berlin] Requête proxy vers Orthanc : [GET] http://localhost:8042/studies/8e51d8c2-c73f0a1e-57f97ca6-0fe69e66-c5e753eb?expand
[26-Apr-2025 18:01:37 Europe/Berlin] Réponse Orthanc (HTTP 200) : {
   "ID" : "10092b57-91bddc20-e68b74c7-8956c6df-49e00750",
   "IsStable" : true,
   "Labels" : [],
   "LastUpdate" : "20250311T081322",
   "MainDicomTags" : 
   {
      "PatientBirthDate" : "19320918",
      "PatientID" : "0000002011",
      "PatientName" : "AVE+ KNEE",
      "PatientSex" : "F"
   },
   "Studies" : 
   [
      "286789b1-82845a45-92d7dfc0-c6a8e286-27bc0129"
   ],
   "Type" : "Patient"
}
[26-Apr-2025 18:01:37 Europe/Berlin] Réponse Orthanc (HTTP 200) : {
   "ID" : "0ba2c4af-c4286377-ed83307a-c4307d90-422eea83",
   "IsStable" : true,
   "Labels" : [],
   "LastUpdate" : "20250311T081322",
   "MainDicomTags" : 
   {
      "AccessionNumber" : "",
      "InstitutionName" : "CHU St ROCH",
      "ReferringPhysicianName" : "",
      "StudyDate" : "19961014",
      "StudyID" : "2014",
      "StudyInstanceUID" : "1.3.46.670589.10.900123.19970114.35029000020.1",
      "StudyTime" : "121625.00000"
   },
   "ParentPatient" : "8fff5df9-52cafc00-77071493-d6c9febb-c05b7e14",
   "PatientMainDicomTags" : 
   {
      "PatientBirthDate" : "19131220",
      "PatientID" : "0000002014",
      "PatientName" : "AVE+ BRAIN + POST FOS.",
      "PatientSex" : "F"
   },
   "Series" : 
   [
      "670d99fa-c4a853ca-52f7989e-f6df82a8-5123711c"
   ],
   "Type" : "Study"
}
[26-Apr-2025 18:01:37 Europe/Berlin] Requête proxy vers Orthanc : [GET] http://localhost:8042/patients/1e6ca9a6-71d9b622-24e72d15-16251ee8-3735baf5
[26-Apr-2025 18:01:37 Europe/Berlin] Requête proxy vers Orthanc : [GET] http://localhost:8042/patients/62bc7cdd-8f5ae588-dea41879-6a8e18d1-d44362ee
[26-Apr-2025 18:01:37 Europe/Berlin] Réponse Orthanc (HTTP 200) : {
   "ID" : "9b4d864d-a53a383a-44cdda8a-269b4eee-777c5729",
   "IsStable" : true,
   "Labels" : [],
   "LastUpdate" : "20250311T081323",
   "MainDicomTags" : 
   {
      "PatientBirthDate" : "19781010",
      "PatientID" : "0000002019",
      "PatientName" : "AVE+ ABDOMEN",
      "PatientSex" : "M"
   },
   "Studies" : 
   [
      "200b3e41-4557e5ed-2b4a1771-a9e4ad06-cd1306c8"
   ],
   "Type" : "Patient"
}
[26-Apr-2025 18:01:37 Europe/Berlin] Réponse Orthanc (HTTP 200) : {
   "ExpectedNumberOfInstances" : null,
   "ID" : "19b4c568-a95664f5-ad117914-3ccf7292-2a7ee3a0",
   "Instances" : 
   [
      "24e83fd1-ddd03175-beb6aa86-f4ce6432-4241b24f",
      "26952bd2-9569483f-e0549aca-a33b9065-69c33884",
      "2faf6dae-1e8dd60c-78fbca50-98cc48e7-66559504",
      "5974bce8-dfa0d418-48e52945-578a9547-fbb8179e",
      "63831658-2ed313e4-bdd47183-6c1be4da-c0022bb4",
      "75c6d27e-9c7d0b29-ef99341d-b7507933-63d3057d",
      "bc61cc15-593581eb-104dd853-f8e2ae2f-19704638",
      "cad86111-996653c7-c7ca1820-b783c4c3-9ff6e63b",
      "dacc5f2c-4eb67b6e-62fe20be-08583e4b-f7285061",
      "fe9d11b9-08ca2a74-f27c7727-86fa6833-6b2583ab"
   ],
   "IsStable" : true,
   "Labels" : [],
   "LastUpdate" : "20250311T081323",
   "MainDicomTags" : 
   {
      "ContrastBolusAgent" : "CONT",
      "ImageOrientationPatient" : "1.0000\\0.0000\\0.0000\\0.0000\\1.0000\\0.0000",
      "Manufacturer" : "Philips Medical Systems",
      "Modality" : "CT",
      "ProtocolName" : "50",
      "SeriesInstanceUID" : "1.3.46.670589.10.900123.19970114.35056000060.3",
      "SeriesNumber" : " 1",
      "StationName" : "MVP"
   },
   "ParentStudy" : "200b3e41-4557e5ed-2b4a1771-a9e4ad06-cd1306c8",
   "Status" : "Unknown",
   "Type" : "Series"
}
[26-Apr-2025 18:01:37 Europe/Berlin] Requête proxy vers Orthanc : [GET] http://localhost:8042/patients/c5cc2652-d994a3cd-4c0b46e9-8aeb6e72-a0135eba
[26-Apr-2025 18:01:37 Europe/Berlin] Requête proxy vers Orthanc : [GET] http://localhost:8042/patients/b6589fc6-ab0dc82c-f12099d1-c2d40ab9-94e8410c
[26-Apr-2025 18:01:37 Europe/Berlin] Réponse Orthanc (HTTP 200) : {
   "ID" : "200b3e41-4557e5ed-2b4a1771-a9e4ad06-cd1306c8",
   "IsStable" : true,
   "Labels" : [],
   "LastUpdate" : "20250311T081323",
   "MainDicomTags" : 
   {
      "AccessionNumber" : "",
      "InstitutionName" : "CHU St ROCH",
      "ReferringPhysicianName" : "",
      "StudyDate" : "19961014",
      "StudyID" : "2019",
      "StudyInstanceUID" : "1.3.46.670589.10.900123.19970114.35056000060.1",
      "StudyTime" : "145056.00000"
   },
   "ParentPatient" : "9b4d864d-a53a383a-44cdda8a-269b4eee-777c5729",
   "PatientMainDicomTags" : 
   {
      "PatientBirthDate" : "19781010",
      "PatientID" : "0000002019",
      "PatientName" : "AVE+ ABDOMEN",
      "PatientSex" : "M"
   },
   "Series" : 
   [
      "19b4c568-a95664f5-ad117914-3ccf7292-2a7ee3a0"
   ],
   "Type" : "Study"
}
[26-Apr-2025 18:01:37 Europe/Berlin] Requête proxy vers Orthanc : [GET] http://localhost:8042/patients/8fff5df9-52cafc00-77071493-d6c9febb-c05b7e14
[26-Apr-2025 18:01:37 Europe/Berlin] Réponse Orthanc (HTTP 200) : {
   "ID" : "8e51d8c2-c73f0a1e-57f97ca6-0fe69e66-c5e753eb",
   "IsStable" : true,
   "Labels" : [],
   "LastUpdate" : "20250421T202126",
   "MainDicomTags" : 
   {
      "AccessionNumber" : "",
      "InstitutionName" : "CHU St ROCH",
      "ReferringPhysicianName" : "",
      "StudyDate" : "19961014",
      "StudyID" : "2018",
      "StudyInstanceUID" : "1.3.46.670589.10.900123.19970114.35036000030.1",
      "StudyTime" : "140735.00000"
   },
   "ParentPatient" : "62bc7cdd-8f5ae588-dea41879-6a8e18d1-d44362ee",
   "PatientMainDicomTags" : 
   {
      "PatientBirthDate" : "19240101",
      "PatientID" : "0000002018",
      "PatientName" : "AVE+ BRAIN + POST + SINUS",
      "PatientSex" : "M"
   },
   "Series" : 
   [
      "4541c007-3ddcd5b2-6bf192fc-d28df38d-afe5c271",
      "f6ebf659-c336b2b9-102a72e3-2cd836e9-a5662c26"
   ],
   "Type" : "Study"
}
[26-Apr-2025 18:01:37 Europe/Berlin] Réponse Orthanc (HTTP 200) : {
   "ID" : "62bc7cdd-8f5ae588-dea41879-6a8e18d1-d44362ee",
   "IsStable" : true,
   "Labels" : [],
   "LastUpdate" : "20250421T202126",
   "MainDicomTags" : 
   {
      "PatientBirthDate" : "19240101",
      "PatientID" : "0000002018",
      "PatientName" : "AVE+ BRAIN + POST + SINUS",
      "PatientSex" : "M"
   },
   "Studies" : 
   [
      "8e51d8c2-c73f0a1e-57f97ca6-0fe69e66-c5e753eb"
   ],
   "Type" : "Patient"
}
[26-Apr-2025 18:01:37 Europe/Berlin] Réponse Orthanc (HTTP 200) : {
   "ID" : "1e6ca9a6-71d9b622-24e72d15-16251ee8-3735baf5",
   "IsStable" : true,
   "Labels" : [],
   "LastUpdate" : "20250421T205945",
   "MainDicomTags" : 
   {
      "PatientBirthDate" : "19951025",
      "PatientID" : "556342B",
      "PatientName" : "Rubo DEMO",
      "PatientSex" : "M"
   },
   "Studies" : 
   [
      "aa938400-09e9f0df-8ba95f68-e21f98dd-0c6e0cf0"
   ],
   "Type" : "Patient"
}
[26-Apr-2025 18:01:37 Europe/Berlin] Requête proxy vers Orthanc : [GET] http://localhost:8042/series/19b4c568-a95664f5-ad117914-3ccf7292-2a7ee3a0?expand
[26-Apr-2025 18:01:37 Europe/Berlin] Requête proxy vers Orthanc : [GET] http://localhost:8042/studies/200b3e41-4557e5ed-2b4a1771-a9e4ad06-cd1306c8?expand
[26-Apr-2025 18:01:37 Europe/Berlin] Réponse Orthanc (HTTP 200) : {
   "ID" : "c5cc2652-d994a3cd-4c0b46e9-8aeb6e72-a0135eba",
   "IsStable" : true,
   "Labels" : [],
   "LastUpdate" : "20250421T233940",
   "MainDicomTags" : 
   {
      "PatientBirthDate" : "19960205",
      "PatientID" : "2021.01.13-13:04:52-STD-1.3.12.2.1107.5.99.3",
      "PatientName" : "DeepResolve_Altea2",
      "PatientSex" : "M"
   },
   "Studies" : 
   [
      "ae9bf996-b6ab6a8b-eba1f35e-14600862-f9393ddd"
   ],
   "Type" : "Patient"
}
[26-Apr-2025 18:01:37 Europe/Berlin] Requête proxy vers Orthanc : [GET] http://localhost:8042/patients/9b4d864d-a53a383a-44cdda8a-269b4eee-777c5729
[26-Apr-2025 18:01:37 Europe/Berlin] Réponse Orthanc (HTTP 200) : {
   "ID" : "b6589fc6-ab0dc82c-f12099d1-c2d40ab9-94e8410c",
   "IsStable" : true,
   "Labels" : [],
   "LastUpdate" : "20250426T153239",
   "MainDicomTags" : 
   {
      "PatientID" : "0",
      "PatientName" : "Anonymized"
   },
   "Studies" : 
   [
      "3abaec0a-ebfaaa87-f830d52b-d62df074-6a692c12"
   ],
   "Type" : "Patient"
}
[26-Apr-2025 18:01:37 Europe/Berlin] Requête proxy vers Orthanc : [GET] http://localhost:8042/patients/62bc7cdd-8f5ae588-dea41879-6a8e18d1-d44362ee
[26-Apr-2025 18:01:37 Europe/Berlin] Réponse Orthanc (HTTP 200) : {
   "ID" : "8fff5df9-52cafc00-77071493-d6c9febb-c05b7e14",
   "IsStable" : true,
   "Labels" : [],
   "LastUpdate" : "20250311T081322",
   "MainDicomTags" : 
   {
      "PatientBirthDate" : "19131220",
      "PatientID" : "0000002014",
      "PatientName" : "AVE+ BRAIN + POST FOS.",
      "PatientSex" : "F"
   },
   "Studies" : 
   [
      "0ba2c4af-c4286377-ed83307a-c4307d90-422eea83"
   ],
   "Type" : "Patient"
}
[26-Apr-2025 18:01:37 Europe/Berlin] Réponse Orthanc (HTTP 200) : {
   "ID" : "200b3e41-4557e5ed-2b4a1771-a9e4ad06-cd1306c8",
   "IsStable" : true,
   "Labels" : [],
   "LastUpdate" : "20250311T081323",
   "MainDicomTags" : 
   {
      "AccessionNumber" : "",
      "InstitutionName" : "CHU St ROCH",
      "ReferringPhysicianName" : "",
      "StudyDate" : "19961014",
      "StudyID" : "2019",
      "StudyInstanceUID" : "1.3.46.670589.10.900123.19970114.35056000060.1",
      "StudyTime" : "145056.00000"
   },
   "ParentPatient" : "9b4d864d-a53a383a-44cdda8a-269b4eee-777c5729",
   "PatientMainDicomTags" : 
   {
      "PatientBirthDate" : "19781010",
      "PatientID" : "0000002019",
      "PatientName" : "AVE+ ABDOMEN",
      "PatientSex" : "M"
   },
   "Series" : 
   [
      "19b4c568-a95664f5-ad117914-3ccf7292-2a7ee3a0"
   ],
   "Type" : "Study"
}
[26-Apr-2025 18:01:37 Europe/Berlin] Réponse Orthanc (HTTP 200) : {
   "ExpectedNumberOfInstances" : null,
   "ID" : "19b4c568-a95664f5-ad117914-3ccf7292-2a7ee3a0",
   "Instances" : 
   [
      "24e83fd1-ddd03175-beb6aa86-f4ce6432-4241b24f",
      "26952bd2-9569483f-e0549aca-a33b9065-69c33884",
      "2faf6dae-1e8dd60c-78fbca50-98cc48e7-66559504",
      "5974bce8-dfa0d418-48e52945-578a9547-fbb8179e",
      "63831658-2ed313e4-bdd47183-6c1be4da-c0022bb4",
      "75c6d27e-9c7d0b29-ef99341d-b7507933-63d3057d",
      "bc61cc15-593581eb-104dd853-f8e2ae2f-19704638",
      "cad86111-996653c7-c7ca1820-b783c4c3-9ff6e63b",
      "dacc5f2c-4eb67b6e-62fe20be-08583e4b-f7285061",
      "fe9d11b9-08ca2a74-f27c7727-86fa6833-6b2583ab"
   ],
   "IsStable" : true,
   "Labels" : [],
   "LastUpdate" : "20250311T081323",
   "MainDicomTags" : 
   {
      "ContrastBolusAgent" : "CONT",
      "ImageOrientationPatient" : "1.0000\\0.0000\\0.0000\\0.0000\\1.0000\\0.0000",
      "Manufacturer" : "Philips Medical Systems",
      "Modality" : "CT",
      "ProtocolName" : "50",
      "SeriesInstanceUID" : "1.3.46.670589.10.900123.19970114.35056000060.3",
      "SeriesNumber" : " 1",
      "StationName" : "MVP"
   },
   "ParentStudy" : "200b3e41-4557e5ed-2b4a1771-a9e4ad06-cd1306c8",
   "Status" : "Unknown",
   "Type" : "Series"
}
[26-Apr-2025 18:01:37 Europe/Berlin] Réponse Orthanc (HTTP 200) : {
   "ID" : "9b4d864d-a53a383a-44cdda8a-269b4eee-777c5729",
   "IsStable" : true,
   "Labels" : [],
   "LastUpdate" : "20250311T081323",
   "MainDicomTags" : 
   {
      "PatientBirthDate" : "19781010",
      "PatientID" : "0000002019",
      "PatientName" : "AVE+ ABDOMEN",
      "PatientSex" : "M"
   },
   "Studies" : 
   [
      "200b3e41-4557e5ed-2b4a1771-a9e4ad06-cd1306c8"
   ],
   "Type" : "Patient"
}
[26-Apr-2025 18:01:37 Europe/Berlin] Réponse Orthanc (HTTP 200) : {
   "ID" : "62bc7cdd-8f5ae588-dea41879-6a8e18d1-d44362ee",
   "IsStable" : true,
   "Labels" : [],
   "LastUpdate" : "20250421T202126",
   "MainDicomTags" : 
   {
      "PatientBirthDate" : "19240101",
      "PatientID" : "0000002018",
      "PatientName" : "AVE+ BRAIN + POST + SINUS",
      "PatientSex" : "M"
   },
   "Studies" : 
   [
      "8e51d8c2-c73f0a1e-57f97ca6-0fe69e66-c5e753eb"
   ],
   "Type" : "Patient"
}
[26-Apr-2025 18:01:37 Europe/Berlin] Requête proxy vers Orthanc : [GET] http://localhost:8042/series/19b4c568-a95664f5-ad117914-3ccf7292-2a7ee3a0?expand
[26-Apr-2025 18:01:37 Europe/Berlin] Requête proxy vers Orthanc : [GET] http://localhost:8042/patients/9b4d864d-a53a383a-44cdda8a-269b4eee-777c5729
[26-Apr-2025 18:01:37 Europe/Berlin] Requête proxy vers Orthanc : [GET] http://localhost:8042/studies/200b3e41-4557e5ed-2b4a1771-a9e4ad06-cd1306c8?expand
[26-Apr-2025 18:01:38 Europe/Berlin] Réponse Orthanc (HTTP 200) : {
   "ExpectedNumberOfInstances" : null,
   "ID" : "19b4c568-a95664f5-ad117914-3ccf7292-2a7ee3a0",
   "Instances" : 
   [
      "24e83fd1-ddd03175-beb6aa86-f4ce6432-4241b24f",
      "26952bd2-9569483f-e0549aca-a33b9065-69c33884",
      "2faf6dae-1e8dd60c-78fbca50-98cc48e7-66559504",
      "5974bce8-dfa0d418-48e52945-578a9547-fbb8179e",
      "63831658-2ed313e4-bdd47183-6c1be4da-c0022bb4",
      "75c6d27e-9c7d0b29-ef99341d-b7507933-63d3057d",
      "bc61cc15-593581eb-104dd853-f8e2ae2f-19704638",
      "cad86111-996653c7-c7ca1820-b783c4c3-9ff6e63b",
      "dacc5f2c-4eb67b6e-62fe20be-08583e4b-f7285061",
      "fe9d11b9-08ca2a74-f27c7727-86fa6833-6b2583ab"
   ],
   "IsStable" : true,
   "Labels" : [],
   "LastUpdate" : "20250311T081323",
   "MainDicomTags" : 
   {
      "ContrastBolusAgent" : "CONT",
      "ImageOrientationPatient" : "1.0000\\0.0000\\0.0000\\0.0000\\1.0000\\0.0000",
      "Manufacturer" : "Philips Medical Systems",
      "Modality" : "CT",
      "ProtocolName" : "50",
      "SeriesInstanceUID" : "1.3.46.670589.10.900123.19970114.35056000060.3",
      "SeriesNumber" : " 1",
      "StationName" : "MVP"
   },
   "ParentStudy" : "200b3e41-4557e5ed-2b4a1771-a9e4ad06-cd1306c8",
   "Status" : "Unknown",
   "Type" : "Series"
}
[26-Apr-2025 18:01:38 Europe/Berlin] Requête proxy vers Orthanc : [GET] http://localhost:8042/series/19b4c568-a95664f5-ad117914-3ccf7292-2a7ee3a0?expand
[26-Apr-2025 18:01:38 Europe/Berlin] Réponse Orthanc (HTTP 200) : {
   "ID" : "9b4d864d-a53a383a-44cdda8a-269b4eee-777c5729",
   "IsStable" : true,
   "Labels" : [],
   "LastUpdate" : "20250311T081323",
   "MainDicomTags" : 
   {
      "PatientBirthDate" : "19781010",
      "PatientID" : "0000002019",
      "PatientName" : "AVE+ ABDOMEN",
      "PatientSex" : "M"
   },
   "Studies" : 
   [
      "200b3e41-4557e5ed-2b4a1771-a9e4ad06-cd1306c8"
   ],
   "Type" : "Patient"
}
[26-Apr-2025 18:01:38 Europe/Berlin] Réponse Orthanc (HTTP 200) : {
   "ID" : "200b3e41-4557e5ed-2b4a1771-a9e4ad06-cd1306c8",
   "IsStable" : true,
   "Labels" : [],
   "LastUpdate" : "20250311T081323",
   "MainDicomTags" : 
   {
      "AccessionNumber" : "",
      "InstitutionName" : "CHU St ROCH",
      "ReferringPhysicianName" : "",
      "StudyDate" : "19961014",
      "StudyID" : "2019",
      "StudyInstanceUID" : "1.3.46.670589.10.900123.19970114.35056000060.1",
      "StudyTime" : "145056.00000"
   },
   "ParentPatient" : "9b4d864d-a53a383a-44cdda8a-269b4eee-777c5729",
   "PatientMainDicomTags" : 
   {
      "PatientBirthDate" : "19781010",
      "PatientID" : "0000002019",
      "PatientName" : "AVE+ ABDOMEN",
      "PatientSex" : "M"
   },
   "Series" : 
   [
      "19b4c568-a95664f5-ad117914-3ccf7292-2a7ee3a0"
   ],
   "Type" : "Study"
}
[26-Apr-2025 18:01:38 Europe/Berlin] Requête proxy vers Orthanc : [GET] http://localhost:8042/studies/200b3e41-4557e5ed-2b4a1771-a9e4ad06-cd1306c8?expand
[26-Apr-2025 18:01:38 Europe/Berlin] Requête proxy vers Orthanc : [GET] http://localhost:8042/patients/9b4d864d-a53a383a-44cdda8a-269b4eee-777c5729
[26-Apr-2025 18:01:38 Europe/Berlin] Réponse Orthanc (HTTP 200) : {
   "ExpectedNumberOfInstances" : null,
   "ID" : "19b4c568-a95664f5-ad117914-3ccf7292-2a7ee3a0",
   "Instances" : 
   [
      "24e83fd1-ddd03175-beb6aa86-f4ce6432-4241b24f",
      "26952bd2-9569483f-e0549aca-a33b9065-69c33884",
      "2faf6dae-1e8dd60c-78fbca50-98cc48e7-66559504",
      "5974bce8-dfa0d418-48e52945-578a9547-fbb8179e",
      "63831658-2ed313e4-bdd47183-6c1be4da-c0022bb4",
      "75c6d27e-9c7d0b29-ef99341d-b7507933-63d3057d",
      "bc61cc15-593581eb-104dd853-f8e2ae2f-19704638",
      "cad86111-996653c7-c7ca1820-b783c4c3-9ff6e63b",
      "dacc5f2c-4eb67b6e-62fe20be-08583e4b-f7285061",
      "fe9d11b9-08ca2a74-f27c7727-86fa6833-6b2583ab"
   ],
   "IsStable" : true,
   "Labels" : [],
   "LastUpdate" : "20250311T081323",
   "MainDicomTags" : 
   {
      "ContrastBolusAgent" : "CONT",
      "ImageOrientationPatient" : "1.0000\\0.0000\\0.0000\\0.0000\\1.0000\\0.0000",
      "Manufacturer" : "Philips Medical Systems",
      "Modality" : "CT",
      "ProtocolName" : "50",
      "SeriesInstanceUID" : "1.3.46.670589.10.900123.19970114.35056000060.3",
      "SeriesNumber" : " 1",
      "StationName" : "MVP"
   },
   "ParentStudy" : "200b3e41-4557e5ed-2b4a1771-a9e4ad06-cd1306c8",
   "Status" : "Unknown",
   "Type" : "Series"
}
[26-Apr-2025 18:01:38 Europe/Berlin] Requête proxy vers Orthanc : [GET] http://localhost:8042/series/19b4c568-a95664f5-ad117914-3ccf7292-2a7ee3a0?expand
[26-Apr-2025 18:01:38 Europe/Berlin] Réponse Orthanc (HTTP 200) : {
   "ID" : "9b4d864d-a53a383a-44cdda8a-269b4eee-777c5729",
   "IsStable" : true,
   "Labels" : [],
   "LastUpdate" : "20250311T081323",
   "MainDicomTags" : 
   {
      "PatientBirthDate" : "19781010",
      "PatientID" : "0000002019",
      "PatientName" : "AVE+ ABDOMEN",
      "PatientSex" : "M"
   },
   "Studies" : 
   [
      "200b3e41-4557e5ed-2b4a1771-a9e4ad06-cd1306c8"
   ],
   "Type" : "Patient"
}
[26-Apr-2025 18:01:38 Europe/Berlin] Réponse Orthanc (HTTP 200) : {
   "ID" : "200b3e41-4557e5ed-2b4a1771-a9e4ad06-cd1306c8",
   "IsStable" : true,
   "Labels" : [],
   "LastUpdate" : "20250311T081323",
   "MainDicomTags" : 
   {
      "AccessionNumber" : "",
      "InstitutionName" : "CHU St ROCH",
      "ReferringPhysicianName" : "",
      "StudyDate" : "19961014",
      "StudyID" : "2019",
      "StudyInstanceUID" : "1.3.46.670589.10.900123.19970114.35056000060.1",
      "StudyTime" : "145056.00000"
   },
   "ParentPatient" : "9b4d864d-a53a383a-44cdda8a-269b4eee-777c5729",
   "PatientMainDicomTags" : 
   {
      "PatientBirthDate" : "19781010",
      "PatientID" : "0000002019",
      "PatientName" : "AVE+ ABDOMEN",
      "PatientSex" : "M"
   },
   "Series" : 
   [
      "19b4c568-a95664f5-ad117914-3ccf7292-2a7ee3a0"
   ],
   "Type" : "Study"
}
[26-Apr-2025 18:01:38 Europe/Berlin] Requête proxy vers Orthanc : [GET] http://localhost:8042/studies/200b3e41-4557e5ed-2b4a1771-a9e4ad06-cd1306c8?expand
[26-Apr-2025 18:01:38 Europe/Berlin] Requête proxy vers Orthanc : [GET] http://localhost:8042/patients/9b4d864d-a53a383a-44cdda8a-269b4eee-777c5729
[26-Apr-2025 18:01:38 Europe/Berlin] Réponse Orthanc (HTTP 200) : {
   "ExpectedNumberOfInstances" : null,
   "ID" : "19b4c568-a95664f5-ad117914-3ccf7292-2a7ee3a0",
   "Instances" : 
   [
      "24e83fd1-ddd03175-beb6aa86-f4ce6432-4241b24f",
      "26952bd2-9569483f-e0549aca-a33b9065-69c33884",
      "2faf6dae-1e8dd60c-78fbca50-98cc48e7-66559504",
      "5974bce8-dfa0d418-48e52945-578a9547-fbb8179e",
      "63831658-2ed313e4-bdd47183-6c1be4da-c0022bb4",
      "75c6d27e-9c7d0b29-ef99341d-b7507933-63d3057d",
      "bc61cc15-593581eb-104dd853-f8e2ae2f-19704638",
      "cad86111-996653c7-c7ca1820-b783c4c3-9ff6e63b",
      "dacc5f2c-4eb67b6e-62fe20be-08583e4b-f7285061",
      "fe9d11b9-08ca2a74-f27c7727-86fa6833-6b2583ab"
   ],
   "IsStable" : true,
   "Labels" : [],
   "LastUpdate" : "20250311T081323",
   "MainDicomTags" : 
   {
      "ContrastBolusAgent" : "CONT",
      "ImageOrientationPatient" : "1.0000\\0.0000\\0.0000\\0.0000\\1.0000\\0.0000",
      "Manufacturer" : "Philips Medical Systems",
      "Modality" : "CT",
      "ProtocolName" : "50",
      "SeriesInstanceUID" : "1.3.46.670589.10.900123.19970114.35056000060.3",
      "SeriesNumber" : " 1",
      "StationName" : "MVP"
   },
   "ParentStudy" : "200b3e41-4557e5ed-2b4a1771-a9e4ad06-cd1306c8",
   "Status" : "Unknown",
   "Type" : "Series"
}
[26-Apr-2025 18:01:38 Europe/Berlin] Requête proxy vers Orthanc : [GET] http://localhost:8042/series/19b4c568-a95664f5-ad117914-3ccf7292-2a7ee3a0?expand
[26-Apr-2025 18:01:38 Europe/Berlin] Réponse Orthanc (HTTP 200) : {
   "ID" : "9b4d864d-a53a383a-44cdda8a-269b4eee-777c5729",
   "IsStable" : true,
   "Labels" : [],
   "LastUpdate" : "20250311T081323",
   "MainDicomTags" : 
   {
      "PatientBirthDate" : "19781010",
      "PatientID" : "0000002019",
      "PatientName" : "AVE+ ABDOMEN",
      "PatientSex" : "M"
   },
   "Studies" : 
   [
      "200b3e41-4557e5ed-2b4a1771-a9e4ad06-cd1306c8"
   ],
   "Type" : "Patient"
}
[26-Apr-2025 18:01:38 Europe/Berlin] Réponse Orthanc (HTTP 200) : {
   "ID" : "200b3e41-4557e5ed-2b4a1771-a9e4ad06-cd1306c8",
   "IsStable" : true,
   "Labels" : [],
   "LastUpdate" : "20250311T081323",
   "MainDicomTags" : 
   {
      "AccessionNumber" : "",
      "InstitutionName" : "CHU St ROCH",
      "ReferringPhysicianName" : "",
      "StudyDate" : "19961014",
      "StudyID" : "2019",
      "StudyInstanceUID" : "1.3.46.670589.10.900123.19970114.35056000060.1",
      "StudyTime" : "145056.00000"
   },
   "ParentPatient" : "9b4d864d-a53a383a-44cdda8a-269b4eee-777c5729",
   "PatientMainDicomTags" : 
   {
      "PatientBirthDate" : "19781010",
      "PatientID" : "0000002019",
      "PatientName" : "AVE+ ABDOMEN",
      "PatientSex" : "M"
   },
   "Series" : 
   [
      "19b4c568-a95664f5-ad117914-3ccf7292-2a7ee3a0"
   ],
   "Type" : "Study"
}
[26-Apr-2025 18:01:38 Europe/Berlin] Requête proxy vers Orthanc : [GET] http://localhost:8042/studies/200b3e41-4557e5ed-2b4a1771-a9e4ad06-cd1306c8?expand
[26-Apr-2025 18:01:38 Europe/Berlin] Requête proxy vers Orthanc : [GET] http://localhost:8042/patients/9b4d864d-a53a383a-44cdda8a-269b4eee-777c5729
[26-Apr-2025 18:01:38 Europe/Berlin] Réponse Orthanc (HTTP 200) : {
   "ExpectedNumberOfInstances" : null,
   "ID" : "19b4c568-a95664f5-ad117914-3ccf7292-2a7ee3a0",
   "Instances" : 
   [
      "24e83fd1-ddd03175-beb6aa86-f4ce6432-4241b24f",
      "26952bd2-9569483f-e0549aca-a33b9065-69c33884",
      "2faf6dae-1e8dd60c-78fbca50-98cc48e7-66559504",
      "5974bce8-dfa0d418-48e52945-578a9547-fbb8179e",
      "63831658-2ed313e4-bdd47183-6c1be4da-c0022bb4",
      "75c6d27e-9c7d0b29-ef99341d-b7507933-63d3057d",
      "bc61cc15-593581eb-104dd853-f8e2ae2f-19704638",
      "cad86111-996653c7-c7ca1820-b783c4c3-9ff6e63b",
      "dacc5f2c-4eb67b6e-62fe20be-08583e4b-f7285061",
      "fe9d11b9-08ca2a74-f27c7727-86fa6833-6b2583ab"
   ],
   "IsStable" : true,
   "Labels" : [],
   "LastUpdate" : "20250311T081323",
   "MainDicomTags" : 
   {
      "ContrastBolusAgent" : "CONT",
      "ImageOrientationPatient" : "1.0000\\0.0000\\0.0000\\0.0000\\1.0000\\0.0000",
      "Manufacturer" : "Philips Medical Systems",
      "Modality" : "CT",
      "ProtocolName" : "50",
      "SeriesInstanceUID" : "1.3.46.670589.10.900123.19970114.35056000060.3",
      "SeriesNumber" : " 1",
      "StationName" : "MVP"
   },
   "ParentStudy" : "200b3e41-4557e5ed-2b4a1771-a9e4ad06-cd1306c8",
   "Status" : "Unknown",
   "Type" : "Series"
}
[26-Apr-2025 18:01:38 Europe/Berlin] Requête proxy vers Orthanc : [GET] http://localhost:8042/series/19b4c568-a95664f5-ad117914-3ccf7292-2a7ee3a0?expand
[26-Apr-2025 18:01:38 Europe/Berlin] Réponse Orthanc (HTTP 200) : {
   "ID" : "200b3e41-4557e5ed-2b4a1771-a9e4ad06-cd1306c8",
   "IsStable" : true,
   "Labels" : [],
   "LastUpdate" : "20250311T081323",
   "MainDicomTags" : 
   {
      "AccessionNumber" : "",
      "InstitutionName" : "CHU St ROCH",
      "ReferringPhysicianName" : "",
      "StudyDate" : "19961014",
      "StudyID" : "2019",
      "StudyInstanceUID" : "1.3.46.670589.10.900123.19970114.35056000060.1",
      "StudyTime" : "145056.00000"
   },
   "ParentPatient" : "9b4d864d-a53a383a-44cdda8a-269b4eee-777c5729",
   "PatientMainDicomTags" : 
   {
      "PatientBirthDate" : "19781010",
      "PatientID" : "0000002019",
      "PatientName" : "AVE+ ABDOMEN",
      "PatientSex" : "M"
   },
   "Series" : 
   [
      "19b4c568-a95664f5-ad117914-3ccf7292-2a7ee3a0"
   ],
   "Type" : "Study"
}
[26-Apr-2025 18:01:38 Europe/Berlin] Réponse Orthanc (HTTP 200) : {
   "ID" : "9b4d864d-a53a383a-44cdda8a-269b4eee-777c5729",
   "IsStable" : true,
   "Labels" : [],
   "LastUpdate" : "20250311T081323",
   "MainDicomTags" : 
   {
      "PatientBirthDate" : "19781010",
      "PatientID" : "0000002019",
      "PatientName" : "AVE+ ABDOMEN",
      "PatientSex" : "M"
   },
   "Studies" : 
   [
      "200b3e41-4557e5ed-2b4a1771-a9e4ad06-cd1306c8"
   ],
   "Type" : "Patient"
}
[26-Apr-2025 18:01:38 Europe/Berlin] Requête proxy vers Orthanc : [GET] http://localhost:8042/studies/200b3e41-4557e5ed-2b4a1771-a9e4ad06-cd1306c8?expand
[26-Apr-2025 18:01:38 Europe/Berlin] Requête proxy vers Orthanc : [GET] http://localhost:8042/patients/9b4d864d-a53a383a-44cdda8a-269b4eee-777c5729
[26-Apr-2025 18:01:39 Europe/Berlin] Réponse Orthanc (HTTP 200) : {
   "ExpectedNumberOfInstances" : null,
   "ID" : "19b4c568-a95664f5-ad117914-3ccf7292-2a7ee3a0",
   "Instances" : 
   [
      "24e83fd1-ddd03175-beb6aa86-f4ce6432-4241b24f",
      "26952bd2-9569483f-e0549aca-a33b9065-69c33884",
      "2faf6dae-1e8dd60c-78fbca50-98cc48e7-66559504",
      "5974bce8-dfa0d418-48e52945-578a9547-fbb8179e",
      "63831658-2ed313e4-bdd47183-6c1be4da-c0022bb4",
      "75c6d27e-9c7d0b29-ef99341d-b7507933-63d3057d",
      "bc61cc15-593581eb-104dd853-f8e2ae2f-19704638",
      "cad86111-996653c7-c7ca1820-b783c4c3-9ff6e63b",
      "dacc5f2c-4eb67b6e-62fe20be-08583e4b-f7285061",
      "fe9d11b9-08ca2a74-f27c7727-86fa6833-6b2583ab"
   ],
   "IsStable" : true,
   "Labels" : [],
   "LastUpdate" : "20250311T081323",
   "MainDicomTags" : 
   {
      "ContrastBolusAgent" : "CONT",
      "ImageOrientationPatient" : "1.0000\\0.0000\\0.0000\\0.0000\\1.0000\\0.0000",
      "Manufacturer" : "Philips Medical Systems",
      "Modality" : "CT",
      "ProtocolName" : "50",
      "SeriesInstanceUID" : "1.3.46.670589.10.900123.19970114.35056000060.3",
      "SeriesNumber" : " 1",
      "StationName" : "MVP"
   },
   "ParentStudy" : "200b3e41-4557e5ed-2b4a1771-a9e4ad06-cd1306c8",
   "Status" : "Unknown",
   "Type" : "Series"
}
[26-Apr-2025 18:01:39 Europe/Berlin] Requête proxy vers Orthanc : [GET] http://localhost:8042/series/19b4c568-a95664f5-ad117914-3ccf7292-2a7ee3a0?expand
[26-Apr-2025 18:01:39 Europe/Berlin] Réponse Orthanc (HTTP 200) : {
   "ID" : "9b4d864d-a53a383a-44cdda8a-269b4eee-777c5729",
   "IsStable" : true,
   "Labels" : [],
   "LastUpdate" : "20250311T081323",
   "MainDicomTags" : 
   {
      "PatientBirthDate" : "19781010",
      "PatientID" : "0000002019",
      "PatientName" : "AVE+ ABDOMEN",
      "PatientSex" : "M"
   },
   "Studies" : 
   [
      "200b3e41-4557e5ed-2b4a1771-a9e4ad06-cd1306c8"
   ],
   "Type" : "Patient"
}
[26-Apr-2025 18:01:39 Europe/Berlin] Réponse Orthanc (HTTP 200) : {
   "ID" : "200b3e41-4557e5ed-2b4a1771-a9e4ad06-cd1306c8",
   "IsStable" : true,
   "Labels" : [],
   "LastUpdate" : "20250311T081323",
   "MainDicomTags" : 
   {
      "AccessionNumber" : "",
      "InstitutionName" : "CHU St ROCH",
      "ReferringPhysicianName" : "",
      "StudyDate" : "19961014",
      "StudyID" : "2019",
      "StudyInstanceUID" : "1.3.46.670589.10.900123.19970114.35056000060.1",
      "StudyTime" : "145056.00000"
   },
   "ParentPatient" : "9b4d864d-a53a383a-44cdda8a-269b4eee-777c5729",
   "PatientMainDicomTags" : 
   {
      "PatientBirthDate" : "19781010",
      "PatientID" : "0000002019",
      "PatientName" : "AVE+ ABDOMEN",
      "PatientSex" : "M"
   },
   "Series" : 
   [
      "19b4c568-a95664f5-ad117914-3ccf7292-2a7ee3a0"
   ],
   "Type" : "Study"
}
[26-Apr-2025 18:01:39 Europe/Berlin] Requête proxy vers Orthanc : [GET] http://localhost:8042/studies/200b3e41-4557e5ed-2b4a1771-a9e4ad06-cd1306c8?expand
[26-Apr-2025 18:01:39 Europe/Berlin] Requête proxy vers Orthanc : [GET] http://localhost:8042/patients/9b4d864d-a53a383a-44cdda8a-269b4eee-777c5729
[26-Apr-2025 18:01:39 Europe/Berlin] Réponse Orthanc (HTTP 200) : {
   "ExpectedNumberOfInstances" : null,
   "ID" : "19b4c568-a95664f5-ad117914-3ccf7292-2a7ee3a0",
   "Instances" : 
   [
      "24e83fd1-ddd03175-beb6aa86-f4ce6432-4241b24f",
      "26952bd2-9569483f-e0549aca-a33b9065-69c33884",
      "2faf6dae-1e8dd60c-78fbca50-98cc48e7-66559504",
      "5974bce8-dfa0d418-48e52945-578a9547-fbb8179e",
      "63831658-2ed313e4-bdd47183-6c1be4da-c0022bb4",
      "75c6d27e-9c7d0b29-ef99341d-b7507933-63d3057d",
      "bc61cc15-593581eb-104dd853-f8e2ae2f-19704638",
      "cad86111-996653c7-c7ca1820-b783c4c3-9ff6e63b",
      "dacc5f2c-4eb67b6e-62fe20be-08583e4b-f7285061",
      "fe9d11b9-08ca2a74-f27c7727-86fa6833-6b2583ab"
   ],
   "IsStable" : true,
   "Labels" : [],
   "LastUpdate" : "20250311T081323",
   "MainDicomTags" : 
   {
      "ContrastBolusAgent" : "CONT",
      "ImageOrientationPatient" : "1.0000\\0.0000\\0.0000\\0.0000\\1.0000\\0.0000",
      "Manufacturer" : "Philips Medical Systems",
      "Modality" : "CT",
      "ProtocolName" : "50",
      "SeriesInstanceUID" : "1.3.46.670589.10.900123.19970114.35056000060.3",
      "SeriesNumber" : " 1",
      "StationName" : "MVP"
   },
   "ParentStudy" : "200b3e41-4557e5ed-2b4a1771-a9e4ad06-cd1306c8",
   "Status" : "Unknown",
   "Type" : "Series"
}
[26-Apr-2025 18:01:39 Europe/Berlin] Réponse Orthanc (HTTP 200) : {
   "ID" : "9b4d864d-a53a383a-44cdda8a-269b4eee-777c5729",
   "IsStable" : true,
   "Labels" : [],
   "LastUpdate" : "20250311T081323",
   "MainDicomTags" : 
   {
      "PatientBirthDate" : "19781010",
      "PatientID" : "0000002019",
      "PatientName" : "AVE+ ABDOMEN",
      "PatientSex" : "M"
   },
   "Studies" : 
   [
      "200b3e41-4557e5ed-2b4a1771-a9e4ad06-cd1306c8"
   ],
   "Type" : "Patient"
}
[26-Apr-2025 18:01:39 Europe/Berlin] Réponse Orthanc (HTTP 200) : {
   "ID" : "200b3e41-4557e5ed-2b4a1771-a9e4ad06-cd1306c8",
   "IsStable" : true,
   "Labels" : [],
   "LastUpdate" : "20250311T081323",
   "MainDicomTags" : 
   {
      "AccessionNumber" : "",
      "InstitutionName" : "CHU St ROCH",
      "ReferringPhysicianName" : "",
      "StudyDate" : "19961014",
      "StudyID" : "2019",
      "StudyInstanceUID" : "1.3.46.670589.10.900123.19970114.35056000060.1",
      "StudyTime" : "145056.00000"
   },
   "ParentPatient" : "9b4d864d-a53a383a-44cdda8a-269b4eee-777c5729",
   "PatientMainDicomTags" : 
   {
      "PatientBirthDate" : "19781010",
      "PatientID" : "0000002019",
      "PatientName" : "AVE+ ABDOMEN",
      "PatientSex" : "M"
   },
   "Series" : 
   [
      "19b4c568-a95664f5-ad117914-3ccf7292-2a7ee3a0"
   ],
   "Type" : "Study"
}
[26-Apr-2025 18:01:39 Europe/Berlin] Requête proxy vers Orthanc : [GET] http://localhost:8042/studies/200b3e41-4557e5ed-2b4a1771-a9e4ad06-cd1306c8?expand
[26-Apr-2025 18:01:39 Europe/Berlin] Requête proxy vers Orthanc : [GET] http://localhost:8042/patients/9b4d864d-a53a383a-44cdda8a-269b4eee-777c5729
[26-Apr-2025 18:01:39 Europe/Berlin] Réponse Orthanc (HTTP 200) : {
   "ID" : "9b4d864d-a53a383a-44cdda8a-269b4eee-777c5729",
   "IsStable" : true,
   "Labels" : [],
   "LastUpdate" : "20250311T081323",
   "MainDicomTags" : 
   {
      "PatientBirthDate" : "19781010",
      "PatientID" : "0000002019",
      "PatientName" : "AVE+ ABDOMEN",
      "PatientSex" : "M"
   },
   "Studies" : 
   [
      "200b3e41-4557e5ed-2b4a1771-a9e4ad06-cd1306c8"
   ],
   "Type" : "Patient"
}
[26-Apr-2025 18:01:39 Europe/Berlin] Réponse Orthanc (HTTP 200) : {
   "ID" : "200b3e41-4557e5ed-2b4a1771-a9e4ad06-cd1306c8",
   "IsStable" : true,
   "Labels" : [],
   "LastUpdate" : "20250311T081323",
   "MainDicomTags" : 
   {
      "AccessionNumber" : "",
      "InstitutionName" : "CHU St ROCH",
      "ReferringPhysicianName" : "",
      "StudyDate" : "19961014",
      "StudyID" : "2019",
      "StudyInstanceUID" : "1.3.46.670589.10.900123.19970114.35056000060.1",
      "StudyTime" : "145056.00000"
   },
   "ParentPatient" : "9b4d864d-a53a383a-44cdda8a-269b4eee-777c5729",
   "PatientMainDicomTags" : 
   {
      "PatientBirthDate" : "19781010",
      "PatientID" : "0000002019",
      "PatientName" : "AVE+ ABDOMEN",
      "PatientSex" : "M"
   },
   "Series" : 
   [
      "19b4c568-a95664f5-ad117914-3ccf7292-2a7ee3a0"
   ],
   "Type" : "Study"
}
[26-Apr-2025 18:01:39 Europe/Berlin] Requête proxy vers Orthanc : [GET] http://localhost:8042/patients/9b4d864d-a53a383a-44cdda8a-269b4eee-777c5729
[26-Apr-2025 18:01:39 Europe/Berlin] Réponse Orthanc (HTTP 200) : {
   "ID" : "9b4d864d-a53a383a-44cdda8a-269b4eee-777c5729",
   "IsStable" : true,
   "Labels" : [],
   "LastUpdate" : "20250311T081323",
   "MainDicomTags" : 
   {
      "PatientBirthDate" : "19781010",
      "PatientID" : "0000002019",
      "PatientName" : "AVE+ ABDOMEN",
      "PatientSex" : "M"
   },
   "Studies" : 
   [
      "200b3e41-4557e5ed-2b4a1771-a9e4ad06-cd1306c8"
   ],
   "Type" : "Patient"
}
[26-Apr-2025 18:01:51 Europe/Berlin] Requête proxy vers Orthanc : [GET] http://localhost:8042//instances
[26-Apr-2025 18:01:51 Europe/Berlin] Réponse Orthanc (HTTP 200) : [
   "094563e4-74b821f1-120c8584-6236b3ba-05716a47",
   "24e83fd1-ddd03175-beb6aa86-f4ce6432-4241b24f",
   "26952bd2-9569483f-e0549aca-a33b9065-69c33884",
   "2faf6dae-1e8dd60c-78fbca50-98cc48e7-66559504",
   "582dde1a-6ee0dcb1-dc2c0a3c-06a79b2f-211eda06",
   "5974bce8-dfa0d418-48e52945-578a9547-fbb8179e",
   "63831658-2ed313e4-bdd47183-6c1be4da-c0022bb4",
   "75c6d27e-9c7d0b29-ef99341d-b7507933-63d3057d",
   "96548d6b-b87fefbd-78a3f7c5-c5abe181-0643a103",
   "b7fb1fb4-142e5a15-333ae197-298b1626-11f8833b",
   "bc61cc15-593581eb-104dd853-f8e2ae2f-19704638",
   "cad86111-996653c7-c7ca1820-b783c4c3-9ff6e63b",
   "dacc5f2c-4eb67b6e-62fe20be-08583e4b-f7285061",
   "e07efef8-4eba99da-e58dbc40-0173c1da-e2535081",
   "eb17dc02-607db0a6-1074ad73-79fb3688-f9a596db",
   "fe9d11b9-08ca2a74-f27c7727-86fa6833-6b2583ab",
   "feaf75ad-9548b055-4a7a21f5-3db18a07-9c6903d3"
]
[26-Apr-2025 18:01:51 Europe/Berlin] Requête proxy vers Orthanc : [GET] http://localhost:8042/instances/094563e4-74b821f1-120c8584-6236b3ba-05716a47?expand
[26-Apr-2025 18:01:51 Europe/Berlin] Requête proxy vers Orthanc : [GET] http://localhost:8042/instances/24e83fd1-ddd03175-beb6aa86-f4ce6432-4241b24f?expand
[26-Apr-2025 18:01:51 Europe/Berlin] Requête proxy vers Orthanc : [GET] http://localhost:8042/instances/26952bd2-9569483f-e0549aca-a33b9065-69c33884?expand
[26-Apr-2025 18:01:51 Europe/Berlin] Requête proxy vers Orthanc : [GET] http://localhost:8042/instances/2faf6dae-1e8dd60c-78fbca50-98cc48e7-66559504?expand
[26-Apr-2025 18:01:51 Europe/Berlin] Requête proxy vers Orthanc : [GET] http://localhost:8042/instances/582dde1a-6ee0dcb1-dc2c0a3c-06a79b2f-211eda06?expand
[26-Apr-2025 18:01:51 Europe/Berlin] Requête proxy vers Orthanc : [GET] http://localhost:8042/instances/5974bce8-dfa0d418-48e52945-578a9547-fbb8179e?expand
[26-Apr-2025 18:01:52 Europe/Berlin] Réponse Orthanc (HTTP 200) : {
   "FileSize" : 526336,
   "FileUuid" : "847455dd-9936-4c5a-9d73-29f225acd32b",
   "ID" : "094563e4-74b821f1-120c8584-6236b3ba-05716a47",
   "IndexInSeries" : 5003,
   "Labels" : [],
   "MainDicomTags" : 
   {
      "AcquisitionNumber" : " 5",
      "ImageComments" : "MD",
      "ImageOrientationPatient" : "1.0000\\0.0000\\0.0000\\0.0000\\1.0000\\0.0000",
      "ImagePositionPatient" : "-80.7000\\-75.1000\\-61.0000",
      "InstanceCreationDate" : "19970114",
      "InstanceCreationTime" : "035049.0005",
      "InstanceNumber" : "5003",
      "SOPInstanceUID" : "1.3.46.670589.10.900123.19970114.35049000050"
   },
   "ParentSeries" : "f623b033-c3bb9318-1ae62c1a-9fd5f247-24c86dea",
   "Type" : "Instance"
}
[26-Apr-2025 18:01:52 Europe/Berlin] Requête proxy vers Orthanc : [GET] http://localhost:8042/instances/63831658-2ed313e4-bdd47183-6c1be4da-c0022bb4?expand
[26-Apr-2025 18:01:52 Europe/Berlin] Réponse Orthanc (HTTP 200) : {
   "FileSize" : 526336,
   "FileUuid" : "9702e94e-8902-4103-ae55-af77a92efc6a",
   "ID" : "26952bd2-9569483f-e0549aca-a33b9065-69c33884",
   "IndexInSeries" : 17001,
   "Labels" : [],
   "MainDicomTags" : 
   {
      "AcquisitionNumber" : "17",
      "ImageComments" : "",
      "ImageOrientationPatient" : "1.0000\\0.0000\\0.0000\\0.0000\\1.0000\\0.0000",
      "ImagePositionPatient" : "-175.1000\\-175.1000\\-150.0000",
      "InstanceCreationDate" : "19970114",
      "InstanceCreationTime" : "035115.0010",
      "InstanceNumber" : " 17001",
      "SOPInstanceUID" : "1.3.46.670589.10.900123.19970114.35115000100"
   },
   "ParentSeries" : "19b4c568-a95664f5-ad117914-3ccf7292-2a7ee3a0",
   "Type" : "Instance"
}
[26-Apr-2025 18:01:52 Europe/Berlin] Réponse Orthanc (HTTP 200) : {
   "FileSize" : 526336,
   "FileUuid" : "1b56fb91-ea25-44cc-8c18-5f24da876928",
   "ID" : "24e83fd1-ddd03175-beb6aa86-f4ce6432-4241b24f",
   "IndexInSeries" : 14001,
   "Labels" : [],
   "MainDicomTags" : 
   {
      "AcquisitionNumber" : "14",
      "ImageComments" : "",
      "ImageOrientationPatient" : "1.0000\\0.0000\\0.0000\\0.0000\\1.0000\\0.0000",
      "ImagePositionPatient" : "-175.1000\\-175.1000\\-120.0000",
      "InstanceCreationDate" : "19970114",
      "InstanceCreationTime" : "035100.0007",
      "InstanceNumber" : " 14001",
      "SOPInstanceUID" : "1.3.46.670589.10.900123.19970114.35100000070"
   },
   "ParentSeries" : "19b4c568-a95664f5-ad117914-3ccf7292-2a7ee3a0",
   "Type" : "Instance"
}
[26-Apr-2025 18:01:52 Europe/Berlin] Réponse Orthanc (HTTP 200) : {
   "FileSize" : 526336,
   "FileUuid" : "11a7f312-517f-42ad-a5f0-e749b0038b6c",
   "ID" : "5974bce8-dfa0d418-48e52945-578a9547-fbb8179e",
   "IndexInSeries" : 18001,
   "Labels" : [],
   "MainDicomTags" : 
   {
      "AcquisitionNumber" : "18",
      "ImageComments" : "",
      "ImageOrientationPatient" : "1.0000\\0.0000\\0.0000\\0.0000\\1.0000\\0.0000",
      "ImagePositionPatient" : "-175.1000\\-175.1000\\-160.0000",
      "InstanceCreationDate" : "19970114",
      "InstanceCreationTime" : "035120.0011",
      "InstanceNumber" : " 18001",
      "SOPInstanceUID" : "1.3.46.670589.10.900123.19970114.35120000110"
   },
   "ParentSeries" : "19b4c568-a95664f5-ad117914-3ccf7292-2a7ee3a0",
   "Type" : "Instance"
}
[26-Apr-2025 18:01:52 Europe/Berlin] Réponse Orthanc (HTTP 200) : {
   "FileSize" : 527206,
   "FileUuid" : "795689db-f22a-4dce-b798-da7adabb6f0e",
   "ID" : "582dde1a-6ee0dcb1-dc2c0a3c-06a79b2f-211eda06",
   "IndexInSeries" : null,
   "Labels" : [],
   "MainDicomTags" : 
   {
      "InstanceCreationDate" : "20250421",
      "InstanceCreationTime" : "202125.000000",
      "SOPInstanceUID" : "1.2.276.0.7230010.3.1.4.1159938914.5836.1745266885.814"
   },
   "ParentSeries" : "4541c007-3ddcd5b2-6bf192fc-d28df38d-afe5c271",
   "Type" : "Instance"
}
[26-Apr-2025 18:01:52 Europe/Berlin] Réponse Orthanc (HTTP 200) : {
   "FileSize" : 526336,
   "FileUuid" : "43af4eee-ad27-4654-b4a1-e5a62a718f5a",
   "ID" : "2faf6dae-1e8dd60c-78fbca50-98cc48e7-66559504",
   "IndexInSeries" : 20001,
   "Labels" : [],
   "MainDicomTags" : 
   {
      "AcquisitionNumber" : "20",
      "ImageComments" : "",
      "ImageOrientationPatient" : "1.0000\\0.0000\\0.0000\\0.0000\\1.0000\\0.0000",
      "ImagePositionPatient" : "-175.1000\\-175.1000\\-180.0000",
      "InstanceCreationDate" : "19970114",
      "InstanceCreationTime" : "035131.0013",
      "InstanceNumber" : " 20001",
      "SOPInstanceUID" : "1.3.46.670589.10.900123.19970114.35131000130"
   },
   "ParentSeries" : "19b4c568-a95664f5-ad117914-3ccf7292-2a7ee3a0",
   "Type" : "Instance"
}
[26-Apr-2025 18:01:52 Europe/Berlin] Requête proxy vers Orthanc : [GET] http://localhost:8042/instances/75c6d27e-9c7d0b29-ef99341d-b7507933-63d3057d?expand
[26-Apr-2025 18:01:52 Europe/Berlin] Requête proxy vers Orthanc : [GET] http://localhost:8042/instances/96548d6b-b87fefbd-78a3f7c5-c5abe181-0643a103?expand
[26-Apr-2025 18:01:52 Europe/Berlin] Requête proxy vers Orthanc : [GET] http://localhost:8042/instances/b7fb1fb4-142e5a15-333ae197-298b1626-11f8833b?expand
[26-Apr-2025 18:01:52 Europe/Berlin] Requête proxy vers Orthanc : [GET] http://localhost:8042/instances/bc61cc15-593581eb-104dd853-f8e2ae2f-19704638?expand
[26-Apr-2025 18:01:52 Europe/Berlin] Requête proxy vers Orthanc : [GET] http://localhost:8042/instances/cad86111-996653c7-c7ca1820-b783c4c3-9ff6e63b?expand
[26-Apr-2025 18:01:52 Europe/Berlin] Réponse Orthanc (HTTP 200) : {
   "FileSize" : 526336,
   "FileUuid" : "18595efd-f373-4173-a048-6de33ca05bca",
   "ID" : "63831658-2ed313e4-bdd47183-6c1be4da-c0022bb4",
   "IndexInSeries" : 15001,
   "Labels" : [],
   "MainDicomTags" : 
   {
      "AcquisitionNumber" : "15",
      "ImageComments" : "",
      "ImageOrientationPatient" : "1.0000\\0.0000\\0.0000\\0.0000\\1.0000\\0.0000",
      "ImagePositionPatient" : "-175.1000\\-175.1000\\-130.0000",
      "InstanceCreationDate" : "19970114",
      "InstanceCreationTime" : "035105.0008",
      "InstanceNumber" : " 15001",
      "SOPInstanceUID" : "1.3.46.670589.10.900123.19970114.35105000080"
   },
   "ParentSeries" : "19b4c568-a95664f5-ad117914-3ccf7292-2a7ee3a0",
   "Type" : "Instance"
}
[26-Apr-2025 18:01:52 Europe/Berlin] Requête proxy vers Orthanc : [GET] http://localhost:8042/instances/dacc5f2c-4eb67b6e-62fe20be-08583e4b-f7285061?expand
[26-Apr-2025 18:01:52 Europe/Berlin] Réponse Orthanc (HTTP 200) : {
   "FileSize" : 91264,
   "FileUuid" : "39819348-f7ea-4861-9842-83c4a4a8c13e",
   "ID" : "96548d6b-b87fefbd-78a3f7c5-c5abe181-0643a103",
   "IndexInSeries" : 5,
   "Labels" : [],
   "MainDicomTags" : 
   {
      "ImageComments" : "JPEG 2000 lossless - Version 4.0.2 (c) Image Devices GmbH",
      "ImageOrientationPatient" : "1\\0\\0\\0\\1\\0",
      "ImagePositionPatient" : "-151.493508\\-36.6564417\\1293",
      "InstanceCreationDate" : "20061012",
      "InstanceCreationTime" : "091607.000000",
      "InstanceNumber" : "5",
      "SOPInstanceUID" : "1.2.826.0.1.3680043.8.1055.1.20111102150759059.64998534.33344836"
   },
   "ParentSeries" : "98d367a5-58eeba8b-f3c2da4b-de7d8f6f-ede53eb2",
   "Type" : "Instance"
}
[26-Apr-2025 18:01:52 Europe/Berlin] Réponse Orthanc (HTTP 200) : {
   "FileSize" : 1702398,
   "FileUuid" : "9fa9d15a-988d-410e-9194-ddfde927c89a",
   "ID" : "b7fb1fb4-142e5a15-333ae197-298b1626-11f8833b",
   "IndexInSeries" : null,
   "Labels" : [],
   "MainDicomTags" : 
   {
      "InstanceNumber" : "",
      "NumberOfFrames" : "96",
      "SOPInstanceUID" : "1.3.12.2.1107.5.4.3.321890.19960124.162922.29"
   },
   "ParentSeries" : "62cc4f41-9b1679c0-6ad19a2e-71fccb6f-07a3d16d",
   "Type" : "Instance"
}
[26-Apr-2025 18:01:52 Europe/Berlin] Réponse Orthanc (HTTP 200) : {
   "FileSize" : 526336,
   "FileUuid" : "9f80260d-18b9-46ce-ada1-00d0d866886d",
   "ID" : "bc61cc15-593581eb-104dd853-f8e2ae2f-19704638",
   "IndexInSeries" : 16001,
   "Labels" : [],
   "MainDicomTags" : 
   {
      "AcquisitionNumber" : "16",
      "ImageComments" : "",
      "ImageOrientationPatient" : "1.0000\\0.0000\\0.0000\\0.0000\\1.0000\\0.0000",
      "ImagePositionPatient" : "-175.1000\\-175.1000\\-140.0000",
      "InstanceCreationDate" : "19970114",
      "InstanceCreationTime" : "035110.0009",
      "InstanceNumber" : " 16001",
      "SOPInstanceUID" : "1.3.46.670589.10.900123.19970114.35110000090"
   },
   "ParentSeries" : "19b4c568-a95664f5-ad117914-3ccf7292-2a7ee3a0",
   "Type" : "Instance"
}
[26-Apr-2025 18:01:52 Europe/Berlin] Réponse Orthanc (HTTP 200) : {
   "FileSize" : 526336,
   "FileUuid" : "7ef2cfb2-cd10-40ef-8012-0b6fd7578b13",
   "ID" : "75c6d27e-9c7d0b29-ef99341d-b7507933-63d3057d",
   "IndexInSeries" : 21001,
   "Labels" : [],
   "MainDicomTags" : 
   {
      "AcquisitionNumber" : "21",
      "ImageComments" : "",
      "ImageOrientationPatient" : "1.0000\\0.0000\\0.0000\\0.0000\\1.0000\\0.0000",
      "ImagePositionPatient" : "-175.1000\\-175.1000\\-190.0000",
      "InstanceCreationDate" : "19970114",
      "InstanceCreationTime" : "035135.0014",
      "InstanceNumber" : " 21001",
      "SOPInstanceUID" : "1.3.46.670589.10.900123.19970114.35135000140"
   },
   "ParentSeries" : "19b4c568-a95664f5-ad117914-3ccf7292-2a7ee3a0",
   "Type" : "Instance"
}
[26-Apr-2025 18:01:52 Europe/Berlin] Réponse Orthanc (HTTP 200) : {
   "FileSize" : 526336,
   "FileUuid" : "644bcf08-beb7-4bb7-8f87-2a07dae77a9f",
   "ID" : "cad86111-996653c7-c7ca1820-b783c4c3-9ff6e63b",
   "IndexInSeries" : 22001,
   "Labels" : [],
   "MainDicomTags" : 
   {
      "AcquisitionNumber" : "22",
      "ImageComments" : "",
      "ImageOrientationPatient" : "1.0000\\0.0000\\0.0000\\0.0000\\1.0000\\0.0000",
      "ImagePositionPatient" : "-175.1000\\-175.1000\\-200.0000",
      "InstanceCreationDate" : "19970114",
      "InstanceCreationTime" : "035140.0015",
      "InstanceNumber" : " 22001",
      "SOPInstanceUID" : "1.3.46.670589.10.900123.19970114.35140000150"
   },
   "ParentSeries" : "19b4c568-a95664f5-ad117914-3ccf7292-2a7ee3a0",
   "Type" : "Instance"
}
[26-Apr-2025 18:01:52 Europe/Berlin] Requête proxy vers Orthanc : [GET] http://localhost:8042/instances/e07efef8-4eba99da-e58dbc40-0173c1da-e2535081?expand
[26-Apr-2025 18:01:52 Europe/Berlin] Requête proxy vers Orthanc : [GET] http://localhost:8042/instances/eb17dc02-607db0a6-1074ad73-79fb3688-f9a596db?expand
[26-Apr-2025 18:01:52 Europe/Berlin] Requête proxy vers Orthanc : [GET] http://localhost:8042/instances/fe9d11b9-08ca2a74-f27c7727-86fa6833-6b2583ab?expand
[26-Apr-2025 18:01:52 Europe/Berlin] Requête proxy vers Orthanc : [GET] http://localhost:8042/instances/feaf75ad-9548b055-4a7a21f5-3db18a07-9c6903d3?expand
[26-Apr-2025 18:01:52 Europe/Berlin] Requête proxy vers Orthanc : [GET] http://localhost:8042/series/f623b033-c3bb9318-1ae62c1a-9fd5f247-24c86dea?expand
[26-Apr-2025 18:01:52 Europe/Berlin] Réponse Orthanc (HTTP 200) : {
   "FileSize" : 526336,
   "FileUuid" : "97a1c84b-5c67-4016-8405-2f71ae4af3de",
   "ID" : "dacc5f2c-4eb67b6e-62fe20be-08583e4b-f7285061",
   "IndexInSeries" : 19001,
   "Labels" : [],
   "MainDicomTags" : 
   {
      "AcquisitionNumber" : "19",
      "ImageComments" : "",
      "ImageOrientationPatient" : "1.0000\\0.0000\\0.0000\\0.0000\\1.0000\\0.0000",
      "ImagePositionPatient" : "-175.1000\\-175.1000\\-170.0000",
      "InstanceCreationDate" : "19970114",
      "InstanceCreationTime" : "035126.0012",
      "InstanceNumber" : " 19001",
      "SOPInstanceUID" : "1.3.46.670589.10.900123.19970114.35126000120"
   },
   "ParentSeries" : "19b4c568-a95664f5-ad117914-3ccf7292-2a7ee3a0",
   "Type" : "Instance"
}
[26-Apr-2025 18:01:52 Europe/Berlin] Réponse Orthanc (HTTP 200) : {
   "FileSize" : 526336,
   "FileUuid" : "c426268c-e58d-4f99-814f-daad18c5a0b1",
   "ID" : "eb17dc02-607db0a6-1074ad73-79fb3688-f9a596db",
   "IndexInSeries" : 6000,
   "Labels" : [],
   "MainDicomTags" : 
   {
      "AcquisitionNumber" : " 6",
      "ImageComments" : "",
      "ImageOrientationPatient" : "1.0000\\0.0000\\0.0000\\0.0000\\0.9397\\-0.3420",
      "ImagePositionPatient" : "-124.9000\\-117.4000\\67.7000",
      "InstanceCreationDate" : "19970114",
      "InstanceCreationTime" : "035036.0003",
      "InstanceNumber" : "6000",
      "SOPInstanceUID" : "1.3.46.670589.10.900123.19970114.35036000030"
   },
   "ParentSeries" : "f6ebf659-c336b2b9-102a72e3-2cd836e9-a5662c26",
   "Type" : "Instance"
}
[26-Apr-2025 18:01:52 Europe/Berlin] Réponse Orthanc (HTTP 200) : {
   "FileSize" : 531298,
   "FileUuid" : "937b172f-feb1-4efd-a3ab-432405774a56",
   "ID" : "e07efef8-4eba99da-e58dbc40-0173c1da-e2535081",
   "IndexInSeries" : 1,
   "Labels" : [],
   "MainDicomTags" : 
   {
      "AcquisitionNumber" : "1",
      "InstanceCreationDate" : "20210411",
      "InstanceCreationTime" : "213019.104784",
      "InstanceNumber" : "1",
      "NumberOfFrames" : "1",
      "SOPInstanceUID" : "1.3.12.2.1107.5.8.15.999999.30000021041121051996700000250"
   },
   "ParentSeries" : "11b7c563-ae504ced-e95ed300-7176b3e8-74f7e2f5",
   "Type" : "Instance"
}
[26-Apr-2025 18:01:52 Europe/Berlin] Réponse Orthanc (HTTP 200) : {
   "ExpectedNumberOfInstances" : null,
   "ID" : "f623b033-c3bb9318-1ae62c1a-9fd5f247-24c86dea",
   "Instances" : 
   [
      "094563e4-74b821f1-120c8584-6236b3ba-05716a47"
   ],
   "IsStable" : true,
   "Labels" : [],
   "LastUpdate" : "20250311T081322",
   "MainDicomTags" : 
   {
      "ContrastBolusAgent" : "NONE",
      "ImageOrientationPatient" : "1.0000\\0.0000\\0.0000\\0.0000\\1.0000\\0.0000",
      "Manufacturer" : "Philips Medical Systems",
      "Modality" : "CT",
      "ProtocolName" : " 1",
      "SeriesInstanceUID" : "1.3.46.670589.10.900123.19970114.35049000050.3",
      "SeriesNumber" : " 1",
      "StationName" : "MVP"
   },
   "ParentStudy" : "286789b1-82845a45-92d7dfc0-c6a8e286-27bc0129",
   "Status" : "Unknown",
   "Type" : "Series"
}
[26-Apr-2025 18:01:52 Europe/Berlin] Réponse Orthanc (HTTP 200) : {
   "FileSize" : 526336,
   "FileUuid" : "c147a823-c25b-4c74-a7fb-877198ac4ebe",
   "ID" : "fe9d11b9-08ca2a74-f27c7727-86fa6833-6b2583ab",
   "IndexInSeries" : 13001,
   "Labels" : [],
   "MainDicomTags" : 
   {
      "AcquisitionNumber" : "13",
      "ImageComments" : "",
      "ImageOrientationPatient" : "1.0000\\0.0000\\0.0000\\0.0000\\1.0000\\0.0000",
      "ImagePositionPatient" : "-175.1000\\-175.1000\\-110.0000",
      "InstanceCreationDate" : "19970114",
      "InstanceCreationTime" : "035056.0006",
      "InstanceNumber" : " 13001",
      "SOPInstanceUID" : "1.3.46.670589.10.900123.19970114.35056000060"
   },
   "ParentSeries" : "19b4c568-a95664f5-ad117914-3ccf7292-2a7ee3a0",
   "Type" : "Instance"
}
[26-Apr-2025 18:01:52 Europe/Berlin] Réponse Orthanc (HTTP 200) : {
   "FileSize" : 526336,
   "FileUuid" : "c415c430-c5a8-4afa-854f-af8e254144b8",
   "ID" : "feaf75ad-9548b055-4a7a21f5-3db18a07-9c6903d3",
   "IndexInSeries" : 5000,
   "Labels" : [],
   "MainDicomTags" : 
   {
      "AcquisitionNumber" : " 5",
      "ImageComments" : "",
      "ImageOrientationPatient" : "1.0000\\0.0000\\0.0000\\0.0000\\1.0000\\0.0000",
      "ImagePositionPatient" : "-124.9000\\-124.9000\\15.0000",
      "InstanceCreationDate" : "19970114",
      "InstanceCreationTime" : "035029.0002",
      "InstanceNumber" : "5000",
      "SOPInstanceUID" : "1.3.46.670589.10.900123.19970114.35029000020"
   },
   "ParentSeries" : "670d99fa-c4a853ca-52f7989e-f6df82a8-5123711c",
   "Type" : "Instance"
}
[26-Apr-2025 18:01:52 Europe/Berlin] Requête proxy vers Orthanc : [GET] http://localhost:8042/series/19b4c568-a95664f5-ad117914-3ccf7292-2a7ee3a0?expand
[26-Apr-2025 18:01:52 Europe/Berlin] Requête proxy vers Orthanc : [GET] http://localhost:8042/series/4541c007-3ddcd5b2-6bf192fc-d28df38d-afe5c271?expand
[26-Apr-2025 18:01:52 Europe/Berlin] Requête proxy vers Orthanc : [GET] http://localhost:8042/series/98d367a5-58eeba8b-f3c2da4b-de7d8f6f-ede53eb2?expand
[26-Apr-2025 18:01:52 Europe/Berlin] Requête proxy vers Orthanc : [GET] http://localhost:8042/series/62cc4f41-9b1679c0-6ad19a2e-71fccb6f-07a3d16d?expand
[26-Apr-2025 18:01:52 Europe/Berlin] Requête proxy vers Orthanc : [GET] http://localhost:8042/series/f6ebf659-c336b2b9-102a72e3-2cd836e9-a5662c26?expand
[26-Apr-2025 18:01:52 Europe/Berlin] Requête proxy vers Orthanc : [GET] http://localhost:8042/series/11b7c563-ae504ced-e95ed300-7176b3e8-74f7e2f5?expand
[26-Apr-2025 18:01:52 Europe/Berlin] Réponse Orthanc (HTTP 200) : {
   "ExpectedNumberOfInstances" : null,
   "ID" : "19b4c568-a95664f5-ad117914-3ccf7292-2a7ee3a0",
   "Instances" : 
   [
      "24e83fd1-ddd03175-beb6aa86-f4ce6432-4241b24f",
      "26952bd2-9569483f-e0549aca-a33b9065-69c33884",
      "2faf6dae-1e8dd60c-78fbca50-98cc48e7-66559504",
      "5974bce8-dfa0d418-48e52945-578a9547-fbb8179e",
      "63831658-2ed313e4-bdd47183-6c1be4da-c0022bb4",
      "75c6d27e-9c7d0b29-ef99341d-b7507933-63d3057d",
      "bc61cc15-593581eb-104dd853-f8e2ae2f-19704638",
      "cad86111-996653c7-c7ca1820-b783c4c3-9ff6e63b",
      "dacc5f2c-4eb67b6e-62fe20be-08583e4b-f7285061",
      "fe9d11b9-08ca2a74-f27c7727-86fa6833-6b2583ab"
   ],
   "IsStable" : true,
   "Labels" : [],
   "LastUpdate" : "20250311T081323",
   "MainDicomTags" : 
   {
      "ContrastBolusAgent" : "CONT",
      "ImageOrientationPatient" : "1.0000\\0.0000\\0.0000\\0.0000\\1.0000\\0.0000",
      "Manufacturer" : "Philips Medical Systems",
      "Modality" : "CT",
      "ProtocolName" : "50",
      "SeriesInstanceUID" : "1.3.46.670589.10.900123.19970114.35056000060.3",
      "SeriesNumber" : " 1",
      "StationName" : "MVP"
   },
   "ParentStudy" : "200b3e41-4557e5ed-2b4a1771-a9e4ad06-cd1306c8",
   "Status" : "Unknown",
   "Type" : "Series"
}
[26-Apr-2025 18:01:52 Europe/Berlin] Requête proxy vers Orthanc : [GET] http://localhost:8042/studies/286789b1-82845a45-92d7dfc0-c6a8e286-27bc0129?expand
[26-Apr-2025 18:01:52 Europe/Berlin] Réponse Orthanc (HTTP 200) : {
   "ExpectedNumberOfInstances" : null,
   "ID" : "98d367a5-58eeba8b-f3c2da4b-de7d8f6f-ede53eb2",
   "Instances" : 
   [
      "96548d6b-b87fefbd-78a3f7c5-c5abe181-0643a103"
   ],
   "IsStable" : true,
   "Labels" : [],
   "LastUpdate" : "20250426T153239",
   "MainDicomTags" : 
   {
      "ContrastBolusAgent" : "CONTRAST",
      "ImageOrientationPatient" : "1\\0\\0\\0\\1\\0",
      "Modality" : "CT",
      "PerformedProcedureStepDescription" : "CT1 abdomen",
      "ProtocolName" : "ART.RENALES 12/Abdomen/Hx",
      "RequestAttributesSequence" : 
      [
         {
            "RequestedProcedureID" : "A10026177757",
            "ScheduledProcedureStepDescription" : "CT1 abdomen",
            "ScheduledProcedureStepID" : "A10026177758",
            "ScheduledProtocolCodeSequence" : 
            [
               {
                  "CodeMeaning" : "CT1 abdomen",
                  "CodeValue" : "CTABDOM",
                  "CodingSchemeDesignator" : "XPLORE"
               }
            ]
         }
      ],
      "SeriesDescription" : "ARTERIELLE",
      "SeriesInstanceUID" : "1.2.826.0.1.3680043.8.1055.1.20111102150758591.96842950.07877442",
      "SeriesNumber" : "6168"
   },
   "ParentStudy" : "3abaec0a-ebfaaa87-f830d52b-d62df074-6a692c12",
   "Status" : "Unknown",
   "Type" : "Series"
}
[26-Apr-2025 18:01:52 Europe/Berlin] Réponse Orthanc (HTTP 200) : {
   "ExpectedNumberOfInstances" : null,
   "ID" : "4541c007-3ddcd5b2-6bf192fc-d28df38d-afe5c271",
   "Instances" : 
   [
      "582dde1a-6ee0dcb1-dc2c0a3c-06a79b2f-211eda06"
   ],
   "IsStable" : true,
   "Labels" : [],
   "LastUpdate" : "20250421T202126",
   "MainDicomTags" : 
   {
      "Modality" : "M3D",
      "SeriesDate" : "20250421",
      "SeriesDescription" : "Model",
      "SeriesInstanceUID" : "1.2.276.0.7230010.3.1.3.1159938914.5836.1745266885.813",
      "SeriesTime" : "202125.000000"
   },
   "ParentStudy" : "8e51d8c2-c73f0a1e-57f97ca6-0fe69e66-c5e753eb",
   "Status" : "Unknown",
   "Type" : "Series"
}
[26-Apr-2025 18:01:52 Europe/Berlin] Réponse Orthanc (HTTP 200) : {
   "ExpectedNumberOfInstances" : null,
   "ID" : "11b7c563-ae504ced-e95ed300-7176b3e8-74f7e2f5",
   "Instances" : 
   [
      "e07efef8-4eba99da-e58dbc40-0173c1da-e2535081"
   ],
   "IsStable" : true,
   "Labels" : [],
   "LastUpdate" : "20250421T233940",
   "MainDicomTags" : 
   {
      "Manufacturer" : "Siemens Healthineers",
      "Modality" : "MR",
      "PerformedProcedureStepDescription" : "Osteo_2021 Cheville",
      "PerformedProcedureStepStartDate" : "20210113",
      "PerformedProcedureStepStartTime" : "130454.100000",
      "ProtocolName" : "t1_sag_tse REF",
      "SeriesDate" : "20210411",
      "SeriesDescription" : "Exported MR Basic Reading",
      "SeriesInstanceUID" : "1.3.12.2.1107.5.8.15.999999.30000021041121051996700000249",
      "SeriesNumber" : "1005",
      "SeriesTime" : "213018.573513",
      "StationName" : "MR-T10-MRC19-04"
   },
   "ParentStudy" : "ae9bf996-b6ab6a8b-eba1f35e-14600862-f9393ddd",
   "Status" : "Unknown",
   "Type" : "Series"
}
[26-Apr-2025 18:01:52 Europe/Berlin] Réponse Orthanc (HTTP 200) : {
   "ExpectedNumberOfInstances" : null,
   "ID" : "62cc4f41-9b1679c0-6ad19a2e-71fccb6f-07a3d16d",
   "Instances" : 
   [
      "b7fb1fb4-142e5a15-333ae197-298b1626-11f8833b"
   ],
   "IsStable" : true,
   "Labels" : [],
   "LastUpdate" : "20250421T205945",
   "MainDicomTags" : 
   {
      "Manufacturer" : "",
      "Modality" : "XA",
      "SeriesInstanceUID" : "1.3.12.2.1107.5.4.3.123456789012345.19950922.121803.8",
      "SeriesNumber" : "1"
   },
   "ParentStudy" : "aa938400-09e9f0df-8ba95f68-e21f98dd-0c6e0cf0",
   "Status" : "Unknown",
   "Type" : "Series"
}
[26-Apr-2025 18:01:52 Europe/Berlin] Réponse Orthanc (HTTP 200) : {
   "ExpectedNumberOfInstances" : null,
   "ID" : "f6ebf659-c336b2b9-102a72e3-2cd836e9-a5662c26",
   "Instances" : 
   [
      "eb17dc02-607db0a6-1074ad73-79fb3688-f9a596db"
   ],
   "IsStable" : true,
   "Labels" : [],
   "LastUpdate" : "20250311T081322",
   "MainDicomTags" : 
   {
      "ContrastBolusAgent" : "NONE",
      "ImageOrientationPatient" : "1.0000\\0.0000\\0.0000\\0.0000\\0.9397\\-0.3420",
      "Manufacturer" : "Philips Medical Systems",
      "Modality" : "CT",
      "ProtocolName" : " 1",
      "SeriesInstanceUID" : "1.3.46.670589.10.900123.19970114.35036000030.3",
      "SeriesNumber" : " 1",
      "StationName" : "MVP"
   },
   "ParentStudy" : "8e51d8c2-c73f0a1e-57f97ca6-0fe69e66-c5e753eb",
   "Status" : "Unknown",
   "Type" : "Series"
}
[26-Apr-2025 18:01:52 Europe/Berlin] Requête proxy vers Orthanc : [GET] http://localhost:8042/series/670d99fa-c4a853ca-52f7989e-f6df82a8-5123711c?expand
[26-Apr-2025 18:01:52 Europe/Berlin] Requête proxy vers Orthanc : [GET] http://localhost:8042/series/19b4c568-a95664f5-ad117914-3ccf7292-2a7ee3a0?expand
[26-Apr-2025 18:01:52 Europe/Berlin] Requête proxy vers Orthanc : [GET] http://localhost:8042/studies/200b3e41-4557e5ed-2b4a1771-a9e4ad06-cd1306c8?expand
[26-Apr-2025 18:01:52 Europe/Berlin] Requête proxy vers Orthanc : [GET] http://localhost:8042/studies/8e51d8c2-c73f0a1e-57f97ca6-0fe69e66-c5e753eb?expand
[26-Apr-2025 18:01:52 Europe/Berlin] Requête proxy vers Orthanc : [GET] http://localhost:8042/studies/3abaec0a-ebfaaa87-f830d52b-d62df074-6a692c12?expand
[26-Apr-2025 18:01:53 Europe/Berlin] Réponse Orthanc (HTTP 200) : {
   "ID" : "286789b1-82845a45-92d7dfc0-c6a8e286-27bc0129",
   "IsStable" : true,
   "Labels" : [],
   "LastUpdate" : "20250311T081322",
   "MainDicomTags" : 
   {
      "AccessionNumber" : "",
      "InstitutionName" : "CHU St ROCH",
      "ReferringPhysicianName" : "",
      "StudyDate" : "19961014",
      "StudyID" : "2011",
      "StudyInstanceUID" : "1.3.46.670589.10.900123.19970114.35049000050.1",
      "StudyTime" : "115421.00000"
   },
   "ParentPatient" : "10092b57-91bddc20-e68b74c7-8956c6df-49e00750",
   "PatientMainDicomTags" : 
   {
      "PatientBirthDate" : "19320918",
      "PatientID" : "0000002011",
      "PatientName" : "AVE+ KNEE",
      "PatientSex" : "F"
   },
   "Series" : 
   [
      "f623b033-c3bb9318-1ae62c1a-9fd5f247-24c86dea"
   ],
   "Type" : "Study"
}
[26-Apr-2025 18:01:53 Europe/Berlin] Requête proxy vers Orthanc : [GET] http://localhost:8042/studies/ae9bf996-b6ab6a8b-eba1f35e-14600862-f9393ddd?expand
[26-Apr-2025 18:01:53 Europe/Berlin] Réponse Orthanc (HTTP 200) : {
   "ExpectedNumberOfInstances" : null,
   "ID" : "19b4c568-a95664f5-ad117914-3ccf7292-2a7ee3a0",
   "Instances" : 
   [
      "24e83fd1-ddd03175-beb6aa86-f4ce6432-4241b24f",
      "26952bd2-9569483f-e0549aca-a33b9065-69c33884",
      "2faf6dae-1e8dd60c-78fbca50-98cc48e7-66559504",
      "5974bce8-dfa0d418-48e52945-578a9547-fbb8179e",
      "63831658-2ed313e4-bdd47183-6c1be4da-c0022bb4",
      "75c6d27e-9c7d0b29-ef99341d-b7507933-63d3057d",
      "bc61cc15-593581eb-104dd853-f8e2ae2f-19704638",
      "cad86111-996653c7-c7ca1820-b783c4c3-9ff6e63b",
      "dacc5f2c-4eb67b6e-62fe20be-08583e4b-f7285061",
      "fe9d11b9-08ca2a74-f27c7727-86fa6833-6b2583ab"
   ],
   "IsStable" : true,
   "Labels" : [],
   "LastUpdate" : "20250311T081323",
   "MainDicomTags" : 
   {
      "ContrastBolusAgent" : "CONT",
      "ImageOrientationPatient" : "1.0000\\0.0000\\0.0000\\0.0000\\1.0000\\0.0000",
      "Manufacturer" : "Philips Medical Systems",
      "Modality" : "CT",
      "ProtocolName" : "50",
      "SeriesInstanceUID" : "1.3.46.670589.10.900123.19970114.35056000060.3",
      "SeriesNumber" : " 1",
      "StationName" : "MVP"
   },
   "ParentStudy" : "200b3e41-4557e5ed-2b4a1771-a9e4ad06-cd1306c8",
   "Status" : "Unknown",
   "Type" : "Series"
}
[26-Apr-2025 18:01:53 Europe/Berlin] Réponse Orthanc (HTTP 200) : {
   "ExpectedNumberOfInstances" : null,
   "ID" : "670d99fa-c4a853ca-52f7989e-f6df82a8-5123711c",
   "Instances" : 
   [
      "feaf75ad-9548b055-4a7a21f5-3db18a07-9c6903d3"
   ],
   "IsStable" : true,
   "Labels" : [],
   "LastUpdate" : "20250311T081322",
   "MainDicomTags" : 
   {
      "ContrastBolusAgent" : "NONE",
      "ImageOrientationPatient" : "1.0000\\0.0000\\0.0000\\0.0000\\1.0000\\0.0000",
      "Manufacturer" : "Philips Medical Systems",
      "Modality" : "CT",
      "ProtocolName" : " 1",
      "SeriesInstanceUID" : "1.3.46.670589.10.900123.19970114.35029000020.3",
      "SeriesNumber" : " 1",
      "StationName" : "MVP"
   },
   "ParentStudy" : "0ba2c4af-c4286377-ed83307a-c4307d90-422eea83",
   "Status" : "Unknown",
   "Type" : "Series"
}
[26-Apr-2025 18:01:53 Europe/Berlin] Requête proxy vers Orthanc : [GET] http://localhost:8042/studies/aa938400-09e9f0df-8ba95f68-e21f98dd-0c6e0cf0?expand
[26-Apr-2025 18:01:53 Europe/Berlin] Requête proxy vers Orthanc : [GET] http://localhost:8042/patients/10092b57-91bddc20-e68b74c7-8956c6df-49e00750
[26-Apr-2025 18:01:53 Europe/Berlin] Réponse Orthanc (HTTP 200) : {
   "ID" : "3abaec0a-ebfaaa87-f830d52b-d62df074-6a692c12",
   "IsStable" : true,
   "Labels" : [],
   "LastUpdate" : "20250426T153239",
   "MainDicomTags" : 
   {
      "StudyDate" : "20061012",
      "StudyDescription" : "CT1 abdomen",
      "StudyInstanceUID" : "1.2.826.0.1.3680043.8.1055.1.20111102150758591.92402465.76095170",
      "StudyTime" : "090258.000000"
   },
   "ParentPatient" : "b6589fc6-ab0dc82c-f12099d1-c2d40ab9-94e8410c",
   "PatientMainDicomTags" : 
   {
      "PatientID" : "0",
      "PatientName" : "Anonymized"
   },
   "Series" : 
   [
      "98d367a5-58eeba8b-f3c2da4b-de7d8f6f-ede53eb2"
   ],
   "Type" : "Study"
}
[26-Apr-2025 18:01:53 Europe/Berlin] Réponse Orthanc (HTTP 200) : {
   "ID" : "8e51d8c2-c73f0a1e-57f97ca6-0fe69e66-c5e753eb",
   "IsStable" : true,
   "Labels" : [],
   "LastUpdate" : "20250421T202126",
   "MainDicomTags" : 
   {
      "AccessionNumber" : "",
      "InstitutionName" : "CHU St ROCH",
      "ReferringPhysicianName" : "",
      "StudyDate" : "19961014",
      "StudyID" : "2018",
      "StudyInstanceUID" : "1.3.46.670589.10.900123.19970114.35036000030.1",
      "StudyTime" : "140735.00000"
   },
   "ParentPatient" : "62bc7cdd-8f5ae588-dea41879-6a8e18d1-d44362ee",
   "PatientMainDicomTags" : 
   {
      "PatientBirthDate" : "19240101",
      "PatientID" : "0000002018",
      "PatientName" : "AVE+ BRAIN + POST + SINUS",
      "PatientSex" : "M"
   },
   "Series" : 
   [
      "4541c007-3ddcd5b2-6bf192fc-d28df38d-afe5c271",
      "f6ebf659-c336b2b9-102a72e3-2cd836e9-a5662c26"
   ],
   "Type" : "Study"
}
[26-Apr-2025 18:01:53 Europe/Berlin] Réponse Orthanc (HTTP 200) : {
   "ID" : "200b3e41-4557e5ed-2b4a1771-a9e4ad06-cd1306c8",
   "IsStable" : true,
   "Labels" : [],
   "LastUpdate" : "20250311T081323",
   "MainDicomTags" : 
   {
      "AccessionNumber" : "",
      "InstitutionName" : "CHU St ROCH",
      "ReferringPhysicianName" : "",
      "StudyDate" : "19961014",
      "StudyID" : "2019",
      "StudyInstanceUID" : "1.3.46.670589.10.900123.19970114.35056000060.1",
      "StudyTime" : "145056.00000"
   },
   "ParentPatient" : "9b4d864d-a53a383a-44cdda8a-269b4eee-777c5729",
   "PatientMainDicomTags" : 
   {
      "PatientBirthDate" : "19781010",
      "PatientID" : "0000002019",
      "PatientName" : "AVE+ ABDOMEN",
      "PatientSex" : "M"
   },
   "Series" : 
   [
      "19b4c568-a95664f5-ad117914-3ccf7292-2a7ee3a0"
   ],
   "Type" : "Study"
}
[26-Apr-2025 18:01:53 Europe/Berlin] Requête proxy vers Orthanc : [GET] http://localhost:8042/studies/0ba2c4af-c4286377-ed83307a-c4307d90-422eea83?expand
[26-Apr-2025 18:01:53 Europe/Berlin] Requête proxy vers Orthanc : [GET] http://localhost:8042/series/19b4c568-a95664f5-ad117914-3ccf7292-2a7ee3a0?expand
[26-Apr-2025 18:01:53 Europe/Berlin] Requête proxy vers Orthanc : [GET] http://localhost:8042/studies/8e51d8c2-c73f0a1e-57f97ca6-0fe69e66-c5e753eb?expand
[26-Apr-2025 18:01:53 Europe/Berlin] Réponse Orthanc (HTTP 200) : {
   "ID" : "ae9bf996-b6ab6a8b-eba1f35e-14600862-f9393ddd",
   "IsStable" : true,
   "Labels" : [],
   "LastUpdate" : "20250421T233940",
   "MainDicomTags" : 
   {
      "AccessionNumber" : "",
      "InstitutionName" : "",
      "ReferringPhysicianName" : "",
      "StudyDate" : "20210113",
      "StudyDescription" : "Osteo_2021 Cheville",
      "StudyID" : "b0513b81-3517-43",
      "StudyInstanceUID" : "1.3.12.2.1107.5.2.53.189501.30000021011309045077000000005",
      "StudyTime" : "130454.100000"
   },
   "ParentPatient" : "c5cc2652-d994a3cd-4c0b46e9-8aeb6e72-a0135eba",
   "PatientMainDicomTags" : 
   {
      "PatientBirthDate" : "19960205",
      "PatientID" : "2021.01.13-13:04:52-STD-1.3.12.2.1107.5.99.3",
      "PatientName" : "DeepResolve_Altea2",
      "PatientSex" : "M"
   },
   "Series" : 
   [
      "11b7c563-ae504ced-e95ed300-7176b3e8-74f7e2f5"
   ],
   "Type" : "Study"
}
[26-Apr-2025 18:01:53 Europe/Berlin] Requête proxy vers Orthanc : [GET] http://localhost:8042/studies/200b3e41-4557e5ed-2b4a1771-a9e4ad06-cd1306c8?expand
[26-Apr-2025 18:01:53 Europe/Berlin] Réponse Orthanc (HTTP 200) : {
   "ID" : "10092b57-91bddc20-e68b74c7-8956c6df-49e00750",
   "IsStable" : true,
   "Labels" : [],
   "LastUpdate" : "20250311T081322",
   "MainDicomTags" : 
   {
      "PatientBirthDate" : "19320918",
      "PatientID" : "0000002011",
      "PatientName" : "AVE+ KNEE",
      "PatientSex" : "F"
   },
   "Studies" : 
   [
      "286789b1-82845a45-92d7dfc0-c6a8e286-27bc0129"
   ],
   "Type" : "Patient"
}
[26-Apr-2025 18:01:53 Europe/Berlin] Réponse Orthanc (HTTP 200) : {
   "ID" : "aa938400-09e9f0df-8ba95f68-e21f98dd-0c6e0cf0",
   "IsStable" : true,
   "Labels" : [],
   "LastUpdate" : "20250421T205945",
   "MainDicomTags" : 
   {
      "AccessionNumber" : "",
      "InstitutionName" : "",
      "ReferringPhysicianName" : "",
      "StudyDate" : "19941013",
      "StudyDescription" : "",
      "StudyID" : "",
      "StudyInstanceUID" : "1.3.12.2.1107.5.4.3.123456789012345.19950922.121803.6",
      "StudyTime" : "141917"
   },
   "ParentPatient" : "1e6ca9a6-71d9b622-24e72d15-16251ee8-3735baf5",
   "PatientMainDicomTags" : 
   {
      "PatientBirthDate" : "19951025",
      "PatientID" : "556342B",
      "PatientName" : "Rubo DEMO",
      "PatientSex" : "M"
   },
   "Series" : 
   [
      "62cc4f41-9b1679c0-6ad19a2e-71fccb6f-07a3d16d"
   ],
   "Type" : "Study"
}
[26-Apr-2025 18:01:53 Europe/Berlin] Réponse Orthanc (HTTP 200) : {
   "ID" : "0ba2c4af-c4286377-ed83307a-c4307d90-422eea83",
   "IsStable" : true,
   "Labels" : [],
   "LastUpdate" : "20250311T081322",
   "MainDicomTags" : 
   {
      "AccessionNumber" : "",
      "InstitutionName" : "CHU St ROCH",
      "ReferringPhysicianName" : "",
      "StudyDate" : "19961014",
      "StudyID" : "2014",
      "StudyInstanceUID" : "1.3.46.670589.10.900123.19970114.35029000020.1",
      "StudyTime" : "121625.00000"
   },
   "ParentPatient" : "8fff5df9-52cafc00-77071493-d6c9febb-c05b7e14",
   "PatientMainDicomTags" : 
   {
      "PatientBirthDate" : "19131220",
      "PatientID" : "0000002014",
      "PatientName" : "AVE+ BRAIN + POST FOS.",
      "PatientSex" : "F"
   },
   "Series" : 
   [
      "670d99fa-c4a853ca-52f7989e-f6df82a8-5123711c"
   ],
   "Type" : "Study"
}
[26-Apr-2025 18:01:53 Europe/Berlin] Requête proxy vers Orthanc : [GET] http://localhost:8042/patients/b6589fc6-ab0dc82c-f12099d1-c2d40ab9-94e8410c
[26-Apr-2025 18:01:53 Europe/Berlin] Requête proxy vers Orthanc : [GET] http://localhost:8042/patients/62bc7cdd-8f5ae588-dea41879-6a8e18d1-d44362ee
[26-Apr-2025 18:01:53 Europe/Berlin] Réponse Orthanc (HTTP 200) : {
   "ID" : "8e51d8c2-c73f0a1e-57f97ca6-0fe69e66-c5e753eb",
   "IsStable" : true,
   "Labels" : [],
   "LastUpdate" : "20250421T202126",
   "MainDicomTags" : 
   {
      "AccessionNumber" : "",
      "InstitutionName" : "CHU St ROCH",
      "ReferringPhysicianName" : "",
      "StudyDate" : "19961014",
      "StudyID" : "2018",
      "StudyInstanceUID" : "1.3.46.670589.10.900123.19970114.35036000030.1",
      "StudyTime" : "140735.00000"
   },
   "ParentPatient" : "62bc7cdd-8f5ae588-dea41879-6a8e18d1-d44362ee",
   "PatientMainDicomTags" : 
   {
      "PatientBirthDate" : "19240101",
      "PatientID" : "0000002018",
      "PatientName" : "AVE+ BRAIN + POST + SINUS",
      "PatientSex" : "M"
   },
   "Series" : 
   [
      "4541c007-3ddcd5b2-6bf192fc-d28df38d-afe5c271",
      "f6ebf659-c336b2b9-102a72e3-2cd836e9-a5662c26"
   ],
   "Type" : "Study"
}
[26-Apr-2025 18:01:53 Europe/Berlin] Réponse Orthanc (HTTP 200) : {
   "ExpectedNumberOfInstances" : null,
   "ID" : "19b4c568-a95664f5-ad117914-3ccf7292-2a7ee3a0",
   "Instances" : 
   [
      "24e83fd1-ddd03175-beb6aa86-f4ce6432-4241b24f",
      "26952bd2-9569483f-e0549aca-a33b9065-69c33884",
      "2faf6dae-1e8dd60c-78fbca50-98cc48e7-66559504",
      "5974bce8-dfa0d418-48e52945-578a9547-fbb8179e",
      "63831658-2ed313e4-bdd47183-6c1be4da-c0022bb4",
      "75c6d27e-9c7d0b29-ef99341d-b7507933-63d3057d",
      "bc61cc15-593581eb-104dd853-f8e2ae2f-19704638",
      "cad86111-996653c7-c7ca1820-b783c4c3-9ff6e63b",
      "dacc5f2c-4eb67b6e-62fe20be-08583e4b-f7285061",
      "fe9d11b9-08ca2a74-f27c7727-86fa6833-6b2583ab"
   ],
   "IsStable" : true,
   "Labels" : [],
   "LastUpdate" : "20250311T081323",
   "MainDicomTags" : 
   {
      "ContrastBolusAgent" : "CONT",
      "ImageOrientationPatient" : "1.0000\\0.0000\\0.0000\\0.0000\\1.0000\\0.0000",
      "Manufacturer" : "Philips Medical Systems",
      "Modality" : "CT",
      "ProtocolName" : "50",
      "SeriesInstanceUID" : "1.3.46.670589.10.900123.19970114.35056000060.3",
      "SeriesNumber" : " 1",
      "StationName" : "MVP"
   },
   "ParentStudy" : "200b3e41-4557e5ed-2b4a1771-a9e4ad06-cd1306c8",
   "Status" : "Unknown",
   "Type" : "Series"
}
[26-Apr-2025 18:01:53 Europe/Berlin] Requête proxy vers Orthanc : [GET] http://localhost:8042/patients/9b4d864d-a53a383a-44cdda8a-269b4eee-777c5729
[26-Apr-2025 18:01:53 Europe/Berlin] Requête proxy vers Orthanc : [GET] http://localhost:8042/patients/c5cc2652-d994a3cd-4c0b46e9-8aeb6e72-a0135eba
[26-Apr-2025 18:01:53 Europe/Berlin] Requête proxy vers Orthanc : [GET] http://localhost:8042/patients/1e6ca9a6-71d9b622-24e72d15-16251ee8-3735baf5
[26-Apr-2025 18:01:53 Europe/Berlin] Réponse Orthanc (HTTP 200) : {
   "ID" : "200b3e41-4557e5ed-2b4a1771-a9e4ad06-cd1306c8",
   "IsStable" : true,
   "Labels" : [],
   "LastUpdate" : "20250311T081323",
   "MainDicomTags" : 
   {
      "AccessionNumber" : "",
      "InstitutionName" : "CHU St ROCH",
      "ReferringPhysicianName" : "",
      "StudyDate" : "19961014",
      "StudyID" : "2019",
      "StudyInstanceUID" : "1.3.46.670589.10.900123.19970114.35056000060.1",
      "StudyTime" : "145056.00000"
   },
   "ParentPatient" : "9b4d864d-a53a383a-44cdda8a-269b4eee-777c5729",
   "PatientMainDicomTags" : 
   {
      "PatientBirthDate" : "19781010",
      "PatientID" : "0000002019",
      "PatientName" : "AVE+ ABDOMEN",
      "PatientSex" : "M"
   },
   "Series" : 
   [
      "19b4c568-a95664f5-ad117914-3ccf7292-2a7ee3a0"
   ],
   "Type" : "Study"
}
[26-Apr-2025 18:01:53 Europe/Berlin] Requête proxy vers Orthanc : [GET] http://localhost:8042/patients/8fff5df9-52cafc00-77071493-d6c9febb-c05b7e14
[26-Apr-2025 18:01:53 Europe/Berlin] Réponse Orthanc (HTTP 200) : {
   "ID" : "62bc7cdd-8f5ae588-dea41879-6a8e18d1-d44362ee",
   "IsStable" : true,
   "Labels" : [],
   "LastUpdate" : "20250421T202126",
   "MainDicomTags" : 
   {
      "PatientBirthDate" : "19240101",
      "PatientID" : "0000002018",
      "PatientName" : "AVE+ BRAIN + POST + SINUS",
      "PatientSex" : "M"
   },
   "Studies" : 
   [
      "8e51d8c2-c73f0a1e-57f97ca6-0fe69e66-c5e753eb"
   ],
   "Type" : "Patient"
}
[26-Apr-2025 18:01:53 Europe/Berlin] Réponse Orthanc (HTTP 200) : {
   "ID" : "b6589fc6-ab0dc82c-f12099d1-c2d40ab9-94e8410c",
   "IsStable" : true,
   "Labels" : [],
   "LastUpdate" : "20250426T153239",
   "MainDicomTags" : 
   {
      "PatientID" : "0",
      "PatientName" : "Anonymized"
   },
   "Studies" : 
   [
      "3abaec0a-ebfaaa87-f830d52b-d62df074-6a692c12"
   ],
   "Type" : "Patient"
}
[26-Apr-2025 18:01:53 Europe/Berlin] Réponse Orthanc (HTTP 200) : {
   "ID" : "9b4d864d-a53a383a-44cdda8a-269b4eee-777c5729",
   "IsStable" : true,
   "Labels" : [],
   "LastUpdate" : "20250311T081323",
   "MainDicomTags" : 
   {
      "PatientBirthDate" : "19781010",
      "PatientID" : "0000002019",
      "PatientName" : "AVE+ ABDOMEN",
      "PatientSex" : "M"
   },
   "Studies" : 
   [
      "200b3e41-4557e5ed-2b4a1771-a9e4ad06-cd1306c8"
   ],
   "Type" : "Patient"
}
[26-Apr-2025 18:01:53 Europe/Berlin] Requête proxy vers Orthanc : [GET] http://localhost:8042/series/19b4c568-a95664f5-ad117914-3ccf7292-2a7ee3a0?expand
[26-Apr-2025 18:01:53 Europe/Berlin] Requête proxy vers Orthanc : [GET] http://localhost:8042/studies/200b3e41-4557e5ed-2b4a1771-a9e4ad06-cd1306c8?expand
[26-Apr-2025 18:01:53 Europe/Berlin] Requête proxy vers Orthanc : [GET] http://localhost:8042/patients/62bc7cdd-8f5ae588-dea41879-6a8e18d1-d44362ee
[26-Apr-2025 18:01:53 Europe/Berlin] Réponse Orthanc (HTTP 200) : {
   "ID" : "c5cc2652-d994a3cd-4c0b46e9-8aeb6e72-a0135eba",
   "IsStable" : true,
   "Labels" : [],
   "LastUpdate" : "20250421T233940",
   "MainDicomTags" : 
   {
      "PatientBirthDate" : "19960205",
      "PatientID" : "2021.01.13-13:04:52-STD-1.3.12.2.1107.5.99.3",
      "PatientName" : "DeepResolve_Altea2",
      "PatientSex" : "M"
   },
   "Studies" : 
   [
      "ae9bf996-b6ab6a8b-eba1f35e-14600862-f9393ddd"
   ],
   "Type" : "Patient"
}
[26-Apr-2025 18:01:53 Europe/Berlin] Réponse Orthanc (HTTP 200) : {
   "ID" : "1e6ca9a6-71d9b622-24e72d15-16251ee8-3735baf5",
   "IsStable" : true,
   "Labels" : [],
   "LastUpdate" : "20250421T205945",
   "MainDicomTags" : 
   {
      "PatientBirthDate" : "19951025",
      "PatientID" : "556342B",
      "PatientName" : "Rubo DEMO",
      "PatientSex" : "M"
   },
   "Studies" : 
   [
      "aa938400-09e9f0df-8ba95f68-e21f98dd-0c6e0cf0"
   ],
   "Type" : "Patient"
}
[26-Apr-2025 18:01:53 Europe/Berlin] Requête proxy vers Orthanc : [GET] http://localhost:8042/patients/9b4d864d-a53a383a-44cdda8a-269b4eee-777c5729
[26-Apr-2025 18:01:53 Europe/Berlin] Réponse Orthanc (HTTP 200) : {
   "ID" : "8fff5df9-52cafc00-77071493-d6c9febb-c05b7e14",
   "IsStable" : true,
   "Labels" : [],
   "LastUpdate" : "20250311T081322",
   "MainDicomTags" : 
   {
      "PatientBirthDate" : "19131220",
      "PatientID" : "0000002014",
      "PatientName" : "AVE+ BRAIN + POST FOS.",
      "PatientSex" : "F"
   },
   "Studies" : 
   [
      "0ba2c4af-c4286377-ed83307a-c4307d90-422eea83"
   ],
   "Type" : "Patient"
}
[26-Apr-2025 18:01:53 Europe/Berlin] Réponse Orthanc (HTTP 200) : {
   "ID" : "200b3e41-4557e5ed-2b4a1771-a9e4ad06-cd1306c8",
   "IsStable" : true,
   "Labels" : [],
   "LastUpdate" : "20250311T081323",
   "MainDicomTags" : 
   {
      "AccessionNumber" : "",
      "InstitutionName" : "CHU St ROCH",
      "ReferringPhysicianName" : "",
      "StudyDate" : "19961014",
      "StudyID" : "2019",
      "StudyInstanceUID" : "1.3.46.670589.10.900123.19970114.35056000060.1",
      "StudyTime" : "145056.00000"
   },
   "ParentPatient" : "9b4d864d-a53a383a-44cdda8a-269b4eee-777c5729",
   "PatientMainDicomTags" : 
   {
      "PatientBirthDate" : "19781010",
      "PatientID" : "0000002019",
      "PatientName" : "AVE+ ABDOMEN",
      "PatientSex" : "M"
   },
   "Series" : 
   [
      "19b4c568-a95664f5-ad117914-3ccf7292-2a7ee3a0"
   ],
   "Type" : "Study"
}
[26-Apr-2025 18:01:53 Europe/Berlin] Réponse Orthanc (HTTP 200) : {
   "ID" : "62bc7cdd-8f5ae588-dea41879-6a8e18d1-d44362ee",
   "IsStable" : true,
   "Labels" : [],
   "LastUpdate" : "20250421T202126",
   "MainDicomTags" : 
   {
      "PatientBirthDate" : "19240101",
      "PatientID" : "0000002018",
      "PatientName" : "AVE+ BRAIN + POST + SINUS",
      "PatientSex" : "M"
   },
   "Studies" : 
   [
      "8e51d8c2-c73f0a1e-57f97ca6-0fe69e66-c5e753eb"
   ],
   "Type" : "Patient"
}
[26-Apr-2025 18:01:53 Europe/Berlin] Réponse Orthanc (HTTP 200) : {
   "ExpectedNumberOfInstances" : null,
   "ID" : "19b4c568-a95664f5-ad117914-3ccf7292-2a7ee3a0",
   "Instances" : 
   [
      "24e83fd1-ddd03175-beb6aa86-f4ce6432-4241b24f",
      "26952bd2-9569483f-e0549aca-a33b9065-69c33884",
      "2faf6dae-1e8dd60c-78fbca50-98cc48e7-66559504",
      "5974bce8-dfa0d418-48e52945-578a9547-fbb8179e",
      "63831658-2ed313e4-bdd47183-6c1be4da-c0022bb4",
      "75c6d27e-9c7d0b29-ef99341d-b7507933-63d3057d",
      "bc61cc15-593581eb-104dd853-f8e2ae2f-19704638",
      "cad86111-996653c7-c7ca1820-b783c4c3-9ff6e63b",
      "dacc5f2c-4eb67b6e-62fe20be-08583e4b-f7285061",
      "fe9d11b9-08ca2a74-f27c7727-86fa6833-6b2583ab"
   ],
   "IsStable" : true,
   "Labels" : [],
   "LastUpdate" : "20250311T081323",
   "MainDicomTags" : 
   {
      "ContrastBolusAgent" : "CONT",
      "ImageOrientationPatient" : "1.0000\\0.0000\\0.0000\\0.0000\\1.0000\\0.0000",
      "Manufacturer" : "Philips Medical Systems",
      "Modality" : "CT",
      "ProtocolName" : "50",
      "SeriesInstanceUID" : "1.3.46.670589.10.900123.19970114.35056000060.3",
      "SeriesNumber" : " 1",
      "StationName" : "MVP"
   },
   "ParentStudy" : "200b3e41-4557e5ed-2b4a1771-a9e4ad06-cd1306c8",
   "Status" : "Unknown",
   "Type" : "Series"
}
[26-Apr-2025 18:01:53 Europe/Berlin] Requête proxy vers Orthanc : [GET] http://localhost:8042/series/19b4c568-a95664f5-ad117914-3ccf7292-2a7ee3a0?expand
[26-Apr-2025 18:01:53 Europe/Berlin] Réponse Orthanc (HTTP 200) : {
   "ID" : "9b4d864d-a53a383a-44cdda8a-269b4eee-777c5729",
   "IsStable" : true,
   "Labels" : [],
   "LastUpdate" : "20250311T081323",
   "MainDicomTags" : 
   {
      "PatientBirthDate" : "19781010",
      "PatientID" : "0000002019",
      "PatientName" : "AVE+ ABDOMEN",
      "PatientSex" : "M"
   },
   "Studies" : 
   [
      "200b3e41-4557e5ed-2b4a1771-a9e4ad06-cd1306c8"
   ],
   "Type" : "Patient"
}
[26-Apr-2025 18:01:53 Europe/Berlin] Requête proxy vers Orthanc : [GET] http://localhost:8042/studies/200b3e41-4557e5ed-2b4a1771-a9e4ad06-cd1306c8?expand
[26-Apr-2025 18:01:53 Europe/Berlin] Requête proxy vers Orthanc : [GET] http://localhost:8042/patients/9b4d864d-a53a383a-44cdda8a-269b4eee-777c5729
[26-Apr-2025 18:01:53 Europe/Berlin] Réponse Orthanc (HTTP 200) : {
   "ExpectedNumberOfInstances" : null,
   "ID" : "19b4c568-a95664f5-ad117914-3ccf7292-2a7ee3a0",
   "Instances" : 
   [
      "24e83fd1-ddd03175-beb6aa86-f4ce6432-4241b24f",
      "26952bd2-9569483f-e0549aca-a33b9065-69c33884",
      "2faf6dae-1e8dd60c-78fbca50-98cc48e7-66559504",
      "5974bce8-dfa0d418-48e52945-578a9547-fbb8179e",
      "63831658-2ed313e4-bdd47183-6c1be4da-c0022bb4",
      "75c6d27e-9c7d0b29-ef99341d-b7507933-63d3057d",
      "bc61cc15-593581eb-104dd853-f8e2ae2f-19704638",
      "cad86111-996653c7-c7ca1820-b783c4c3-9ff6e63b",
      "dacc5f2c-4eb67b6e-62fe20be-08583e4b-f7285061",
      "fe9d11b9-08ca2a74-f27c7727-86fa6833-6b2583ab"
   ],
   "IsStable" : true,
   "Labels" : [],
   "LastUpdate" : "20250311T081323",
   "MainDicomTags" : 
   {
      "ContrastBolusAgent" : "CONT",
      "ImageOrientationPatient" : "1.0000\\0.0000\\0.0000\\0.0000\\1.0000\\0.0000",
      "Manufacturer" : "Philips Medical Systems",
      "Modality" : "CT",
      "ProtocolName" : "50",
      "SeriesInstanceUID" : "1.3.46.670589.10.900123.19970114.35056000060.3",
      "SeriesNumber" : " 1",
      "StationName" : "MVP"
   },
   "ParentStudy" : "200b3e41-4557e5ed-2b4a1771-a9e4ad06-cd1306c8",
   "Status" : "Unknown",
   "Type" : "Series"
}
[26-Apr-2025 18:01:53 Europe/Berlin] Réponse Orthanc (HTTP 200) : {
   "ID" : "200b3e41-4557e5ed-2b4a1771-a9e4ad06-cd1306c8",
   "IsStable" : true,
   "Labels" : [],
   "LastUpdate" : "20250311T081323",
   "MainDicomTags" : 
   {
      "AccessionNumber" : "",
      "InstitutionName" : "CHU St ROCH",
      "ReferringPhysicianName" : "",
      "StudyDate" : "19961014",
      "StudyID" : "2019",
      "StudyInstanceUID" : "1.3.46.670589.10.900123.19970114.35056000060.1",
      "StudyTime" : "145056.00000"
   },
   "ParentPatient" : "9b4d864d-a53a383a-44cdda8a-269b4eee-777c5729",
   "PatientMainDicomTags" : 
   {
      "PatientBirthDate" : "19781010",
      "PatientID" : "0000002019",
      "PatientName" : "AVE+ ABDOMEN",
      "PatientSex" : "M"
   },
   "Series" : 
   [
      "19b4c568-a95664f5-ad117914-3ccf7292-2a7ee3a0"
   ],
   "Type" : "Study"
}
[26-Apr-2025 18:01:53 Europe/Berlin] Réponse Orthanc (HTTP 200) : {
   "ID" : "9b4d864d-a53a383a-44cdda8a-269b4eee-777c5729",
   "IsStable" : true,
   "Labels" : [],
   "LastUpdate" : "20250311T081323",
   "MainDicomTags" : 
   {
      "PatientBirthDate" : "19781010",
      "PatientID" : "0000002019",
      "PatientName" : "AVE+ ABDOMEN",
      "PatientSex" : "M"
   },
   "Studies" : 
   [
      "200b3e41-4557e5ed-2b4a1771-a9e4ad06-cd1306c8"
   ],
   "Type" : "Patient"
}
[26-Apr-2025 18:01:54 Europe/Berlin] Requête proxy vers Orthanc : [GET] http://localhost:8042/series/19b4c568-a95664f5-ad117914-3ccf7292-2a7ee3a0?expand
[26-Apr-2025 18:01:54 Europe/Berlin] Requête proxy vers Orthanc : [GET] http://localhost:8042/studies/200b3e41-4557e5ed-2b4a1771-a9e4ad06-cd1306c8?expand
[26-Apr-2025 18:01:54 Europe/Berlin] Requête proxy vers Orthanc : [GET] http://localhost:8042/patients/9b4d864d-a53a383a-44cdda8a-269b4eee-777c5729
[26-Apr-2025 18:01:54 Europe/Berlin] Réponse Orthanc (HTTP 200) : {
   "ExpectedNumberOfInstances" : null,
   "ID" : "19b4c568-a95664f5-ad117914-3ccf7292-2a7ee3a0",
   "Instances" : 
   [
      "24e83fd1-ddd03175-beb6aa86-f4ce6432-4241b24f",
      "26952bd2-9569483f-e0549aca-a33b9065-69c33884",
      "2faf6dae-1e8dd60c-78fbca50-98cc48e7-66559504",
      "5974bce8-dfa0d418-48e52945-578a9547-fbb8179e",
      "63831658-2ed313e4-bdd47183-6c1be4da-c0022bb4",
      "75c6d27e-9c7d0b29-ef99341d-b7507933-63d3057d",
      "bc61cc15-593581eb-104dd853-f8e2ae2f-19704638",
      "cad86111-996653c7-c7ca1820-b783c4c3-9ff6e63b",
      "dacc5f2c-4eb67b6e-62fe20be-08583e4b-f7285061",
      "fe9d11b9-08ca2a74-f27c7727-86fa6833-6b2583ab"
   ],
   "IsStable" : true,
   "Labels" : [],
   "LastUpdate" : "20250311T081323",
   "MainDicomTags" : 
   {
      "ContrastBolusAgent" : "CONT",
      "ImageOrientationPatient" : "1.0000\\0.0000\\0.0000\\0.0000\\1.0000\\0.0000",
      "Manufacturer" : "Philips Medical Systems",
      "Modality" : "CT",
      "ProtocolName" : "50",
      "SeriesInstanceUID" : "1.3.46.670589.10.900123.19970114.35056000060.3",
      "SeriesNumber" : " 1",
      "StationName" : "MVP"
   },
   "ParentStudy" : "200b3e41-4557e5ed-2b4a1771-a9e4ad06-cd1306c8",
   "Status" : "Unknown",
   "Type" : "Series"
}
[26-Apr-2025 18:01:54 Europe/Berlin] Requête proxy vers Orthanc : [GET] http://localhost:8042/series/19b4c568-a95664f5-ad117914-3ccf7292-2a7ee3a0?expand
[26-Apr-2025 18:01:54 Europe/Berlin] Réponse Orthanc (HTTP 200) : {
   "ID" : "200b3e41-4557e5ed-2b4a1771-a9e4ad06-cd1306c8",
   "IsStable" : true,
   "Labels" : [],
   "LastUpdate" : "20250311T081323",
   "MainDicomTags" : 
   {
      "AccessionNumber" : "",
      "InstitutionName" : "CHU St ROCH",
      "ReferringPhysicianName" : "",
      "StudyDate" : "19961014",
      "StudyID" : "2019",
      "StudyInstanceUID" : "1.3.46.670589.10.900123.19970114.35056000060.1",
      "StudyTime" : "145056.00000"
   },
   "ParentPatient" : "9b4d864d-a53a383a-44cdda8a-269b4eee-777c5729",
   "PatientMainDicomTags" : 
   {
      "PatientBirthDate" : "19781010",
      "PatientID" : "0000002019",
      "PatientName" : "AVE+ ABDOMEN",
      "PatientSex" : "M"
   },
   "Series" : 
   [
      "19b4c568-a95664f5-ad117914-3ccf7292-2a7ee3a0"
   ],
   "Type" : "Study"
}
[26-Apr-2025 18:01:54 Europe/Berlin] Requête proxy vers Orthanc : [GET] http://localhost:8042/studies/200b3e41-4557e5ed-2b4a1771-a9e4ad06-cd1306c8?expand
[26-Apr-2025 18:01:54 Europe/Berlin] Réponse Orthanc (HTTP 200) : {
   "ID" : "9b4d864d-a53a383a-44cdda8a-269b4eee-777c5729",
   "IsStable" : true,
   "Labels" : [],
   "LastUpdate" : "20250311T081323",
   "MainDicomTags" : 
   {
      "PatientBirthDate" : "19781010",
      "PatientID" : "0000002019",
      "PatientName" : "AVE+ ABDOMEN",
      "PatientSex" : "M"
   },
   "Studies" : 
   [
      "200b3e41-4557e5ed-2b4a1771-a9e4ad06-cd1306c8"
   ],
   "Type" : "Patient"
}
[26-Apr-2025 18:01:54 Europe/Berlin] Requête proxy vers Orthanc : [GET] http://localhost:8042/patients/9b4d864d-a53a383a-44cdda8a-269b4eee-777c5729
[26-Apr-2025 18:01:54 Europe/Berlin] Réponse Orthanc (HTTP 200) : {
   "ExpectedNumberOfInstances" : null,
   "ID" : "19b4c568-a95664f5-ad117914-3ccf7292-2a7ee3a0",
   "Instances" : 
   [
      "24e83fd1-ddd03175-beb6aa86-f4ce6432-4241b24f",
      "26952bd2-9569483f-e0549aca-a33b9065-69c33884",
      "2faf6dae-1e8dd60c-78fbca50-98cc48e7-66559504",
      "5974bce8-dfa0d418-48e52945-578a9547-fbb8179e",
      "63831658-2ed313e4-bdd47183-6c1be4da-c0022bb4",
      "75c6d27e-9c7d0b29-ef99341d-b7507933-63d3057d",
      "bc61cc15-593581eb-104dd853-f8e2ae2f-19704638",
      "cad86111-996653c7-c7ca1820-b783c4c3-9ff6e63b",
      "dacc5f2c-4eb67b6e-62fe20be-08583e4b-f7285061",
      "fe9d11b9-08ca2a74-f27c7727-86fa6833-6b2583ab"
   ],
   "IsStable" : true,
   "Labels" : [],
   "LastUpdate" : "20250311T081323",
   "MainDicomTags" : 
   {
      "ContrastBolusAgent" : "CONT",
      "ImageOrientationPatient" : "1.0000\\0.0000\\0.0000\\0.0000\\1.0000\\0.0000",
      "Manufacturer" : "Philips Medical Systems",
      "Modality" : "CT",
      "ProtocolName" : "50",
      "SeriesInstanceUID" : "1.3.46.670589.10.900123.19970114.35056000060.3",
      "SeriesNumber" : " 1",
      "StationName" : "MVP"
   },
   "ParentStudy" : "200b3e41-4557e5ed-2b4a1771-a9e4ad06-cd1306c8",
   "Status" : "Unknown",
   "Type" : "Series"
}
[26-Apr-2025 18:01:54 Europe/Berlin] Requête proxy vers Orthanc : [GET] http://localhost:8042/series/19b4c568-a95664f5-ad117914-3ccf7292-2a7ee3a0?expand
[26-Apr-2025 18:01:54 Europe/Berlin] Réponse Orthanc (HTTP 200) : {
   "ID" : "200b3e41-4557e5ed-2b4a1771-a9e4ad06-cd1306c8",
   "IsStable" : true,
   "Labels" : [],
   "LastUpdate" : "20250311T081323",
   "MainDicomTags" : 
   {
      "AccessionNumber" : "",
      "InstitutionName" : "CHU St ROCH",
      "ReferringPhysicianName" : "",
      "StudyDate" : "19961014",
      "StudyID" : "2019",
      "StudyInstanceUID" : "1.3.46.670589.10.900123.19970114.35056000060.1",
      "StudyTime" : "145056.00000"
   },
   "ParentPatient" : "9b4d864d-a53a383a-44cdda8a-269b4eee-777c5729",
   "PatientMainDicomTags" : 
   {
      "PatientBirthDate" : "19781010",
      "PatientID" : "0000002019",
      "PatientName" : "AVE+ ABDOMEN",
      "PatientSex" : "M"
   },
   "Series" : 
   [
      "19b4c568-a95664f5-ad117914-3ccf7292-2a7ee3a0"
   ],
   "Type" : "Study"
}
[26-Apr-2025 18:01:54 Europe/Berlin] Requête proxy vers Orthanc : [GET] http://localhost:8042/studies/200b3e41-4557e5ed-2b4a1771-a9e4ad06-cd1306c8?expand
[26-Apr-2025 18:01:54 Europe/Berlin] Réponse Orthanc (HTTP 200) : {
   "ID" : "9b4d864d-a53a383a-44cdda8a-269b4eee-777c5729",
   "IsStable" : true,
   "Labels" : [],
   "LastUpdate" : "20250311T081323",
   "MainDicomTags" : 
   {
      "PatientBirthDate" : "19781010",
      "PatientID" : "0000002019",
      "PatientName" : "AVE+ ABDOMEN",
      "PatientSex" : "M"
   },
   "Studies" : 
   [
      "200b3e41-4557e5ed-2b4a1771-a9e4ad06-cd1306c8"
   ],
   "Type" : "Patient"
}
[26-Apr-2025 18:01:54 Europe/Berlin] Requête proxy vers Orthanc : [GET] http://localhost:8042/patients/9b4d864d-a53a383a-44cdda8a-269b4eee-777c5729
[26-Apr-2025 18:01:54 Europe/Berlin] Réponse Orthanc (HTTP 200) : {
   "ExpectedNumberOfInstances" : null,
   "ID" : "19b4c568-a95664f5-ad117914-3ccf7292-2a7ee3a0",
   "Instances" : 
   [
      "24e83fd1-ddd03175-beb6aa86-f4ce6432-4241b24f",
      "26952bd2-9569483f-e0549aca-a33b9065-69c33884",
      "2faf6dae-1e8dd60c-78fbca50-98cc48e7-66559504",
      "5974bce8-dfa0d418-48e52945-578a9547-fbb8179e",
      "63831658-2ed313e4-bdd47183-6c1be4da-c0022bb4",
      "75c6d27e-9c7d0b29-ef99341d-b7507933-63d3057d",
      "bc61cc15-593581eb-104dd853-f8e2ae2f-19704638",
      "cad86111-996653c7-c7ca1820-b783c4c3-9ff6e63b",
      "dacc5f2c-4eb67b6e-62fe20be-08583e4b-f7285061",
      "fe9d11b9-08ca2a74-f27c7727-86fa6833-6b2583ab"
   ],
   "IsStable" : true,
   "Labels" : [],
   "LastUpdate" : "20250311T081323",
   "MainDicomTags" : 
   {
      "ContrastBolusAgent" : "CONT",
      "ImageOrientationPatient" : "1.0000\\0.0000\\0.0000\\0.0000\\1.0000\\0.0000",
      "Manufacturer" : "Philips Medical Systems",
      "Modality" : "CT",
      "ProtocolName" : "50",
      "SeriesInstanceUID" : "1.3.46.670589.10.900123.19970114.35056000060.3",
      "SeriesNumber" : " 1",
      "StationName" : "MVP"
   },
   "ParentStudy" : "200b3e41-4557e5ed-2b4a1771-a9e4ad06-cd1306c8",
   "Status" : "Unknown",
   "Type" : "Series"
}
[26-Apr-2025 18:01:54 Europe/Berlin] Requête proxy vers Orthanc : [GET] http://localhost:8042/series/19b4c568-a95664f5-ad117914-3ccf7292-2a7ee3a0?expand
[26-Apr-2025 18:01:54 Europe/Berlin] Réponse Orthanc (HTTP 200) : {
   "ID" : "200b3e41-4557e5ed-2b4a1771-a9e4ad06-cd1306c8",
   "IsStable" : true,
   "Labels" : [],
   "LastUpdate" : "20250311T081323",
   "MainDicomTags" : 
   {
      "AccessionNumber" : "",
      "InstitutionName" : "CHU St ROCH",
      "ReferringPhysicianName" : "",
      "StudyDate" : "19961014",
      "StudyID" : "2019",
      "StudyInstanceUID" : "1.3.46.670589.10.900123.19970114.35056000060.1",
      "StudyTime" : "145056.00000"
   },
   "ParentPatient" : "9b4d864d-a53a383a-44cdda8a-269b4eee-777c5729",
   "PatientMainDicomTags" : 
   {
      "PatientBirthDate" : "19781010",
      "PatientID" : "0000002019",
      "PatientName" : "AVE+ ABDOMEN",
      "PatientSex" : "M"
   },
   "Series" : 
   [
      "19b4c568-a95664f5-ad117914-3ccf7292-2a7ee3a0"
   ],
   "Type" : "Study"
}
[26-Apr-2025 18:01:54 Europe/Berlin] Requête proxy vers Orthanc : [GET] http://localhost:8042/studies/200b3e41-4557e5ed-2b4a1771-a9e4ad06-cd1306c8?expand
[26-Apr-2025 18:01:54 Europe/Berlin] Réponse Orthanc (HTTP 200) : {
   "ID" : "9b4d864d-a53a383a-44cdda8a-269b4eee-777c5729",
   "IsStable" : true,
   "Labels" : [],
   "LastUpdate" : "20250311T081323",
   "MainDicomTags" : 
   {
      "PatientBirthDate" : "19781010",
      "PatientID" : "0000002019",
      "PatientName" : "AVE+ ABDOMEN",
      "PatientSex" : "M"
   },
   "Studies" : 
   [
      "200b3e41-4557e5ed-2b4a1771-a9e4ad06-cd1306c8"
   ],
   "Type" : "Patient"
}
[26-Apr-2025 18:01:54 Europe/Berlin] Requête proxy vers Orthanc : [GET] http://localhost:8042/patients/9b4d864d-a53a383a-44cdda8a-269b4eee-777c5729
[26-Apr-2025 18:01:54 Europe/Berlin] Réponse Orthanc (HTTP 200) : {
   "ExpectedNumberOfInstances" : null,
   "ID" : "19b4c568-a95664f5-ad117914-3ccf7292-2a7ee3a0",
   "Instances" : 
   [
      "24e83fd1-ddd03175-beb6aa86-f4ce6432-4241b24f",
      "26952bd2-9569483f-e0549aca-a33b9065-69c33884",
      "2faf6dae-1e8dd60c-78fbca50-98cc48e7-66559504",
      "5974bce8-dfa0d418-48e52945-578a9547-fbb8179e",
      "63831658-2ed313e4-bdd47183-6c1be4da-c0022bb4",
      "75c6d27e-9c7d0b29-ef99341d-b7507933-63d3057d",
      "bc61cc15-593581eb-104dd853-f8e2ae2f-19704638",
      "cad86111-996653c7-c7ca1820-b783c4c3-9ff6e63b",
      "dacc5f2c-4eb67b6e-62fe20be-08583e4b-f7285061",
      "fe9d11b9-08ca2a74-f27c7727-86fa6833-6b2583ab"
   ],
   "IsStable" : true,
   "Labels" : [],
   "LastUpdate" : "20250311T081323",
   "MainDicomTags" : 
   {
      "ContrastBolusAgent" : "CONT",
      "ImageOrientationPatient" : "1.0000\\0.0000\\0.0000\\0.0000\\1.0000\\0.0000",
      "Manufacturer" : "Philips Medical Systems",
      "Modality" : "CT",
      "ProtocolName" : "50",
      "SeriesInstanceUID" : "1.3.46.670589.10.900123.19970114.35056000060.3",
      "SeriesNumber" : " 1",
      "StationName" : "MVP"
   },
   "ParentStudy" : "200b3e41-4557e5ed-2b4a1771-a9e4ad06-cd1306c8",
   "Status" : "Unknown",
   "Type" : "Series"
}
[26-Apr-2025 18:01:54 Europe/Berlin] Requête proxy vers Orthanc : [GET] http://localhost:8042/series/19b4c568-a95664f5-ad117914-3ccf7292-2a7ee3a0?expand
[26-Apr-2025 18:01:54 Europe/Berlin] Réponse Orthanc (HTTP 200) : {
   "ID" : "200b3e41-4557e5ed-2b4a1771-a9e4ad06-cd1306c8",
   "IsStable" : true,
   "Labels" : [],
   "LastUpdate" : "20250311T081323",
   "MainDicomTags" : 
   {
      "AccessionNumber" : "",
      "InstitutionName" : "CHU St ROCH",
      "ReferringPhysicianName" : "",
      "StudyDate" : "19961014",
      "StudyID" : "2019",
      "StudyInstanceUID" : "1.3.46.670589.10.900123.19970114.35056000060.1",
      "StudyTime" : "145056.00000"
   },
   "ParentPatient" : "9b4d864d-a53a383a-44cdda8a-269b4eee-777c5729",
   "PatientMainDicomTags" : 
   {
      "PatientBirthDate" : "19781010",
      "PatientID" : "0000002019",
      "PatientName" : "AVE+ ABDOMEN",
      "PatientSex" : "M"
   },
   "Series" : 
   [
      "19b4c568-a95664f5-ad117914-3ccf7292-2a7ee3a0"
   ],
   "Type" : "Study"
}
[26-Apr-2025 18:01:54 Europe/Berlin] Réponse Orthanc (HTTP 200) : {
   "ID" : "9b4d864d-a53a383a-44cdda8a-269b4eee-777c5729",
   "IsStable" : true,
   "Labels" : [],
   "LastUpdate" : "20250311T081323",
   "MainDicomTags" : 
   {
      "PatientBirthDate" : "19781010",
      "PatientID" : "0000002019",
      "PatientName" : "AVE+ ABDOMEN",
      "PatientSex" : "M"
   },
   "Studies" : 
   [
      "200b3e41-4557e5ed-2b4a1771-a9e4ad06-cd1306c8"
   ],
   "Type" : "Patient"
}
[26-Apr-2025 18:01:54 Europe/Berlin] Requête proxy vers Orthanc : [GET] http://localhost:8042/studies/200b3e41-4557e5ed-2b4a1771-a9e4ad06-cd1306c8?expand
[26-Apr-2025 18:01:54 Europe/Berlin] Requête proxy vers Orthanc : [GET] http://localhost:8042/patients/9b4d864d-a53a383a-44cdda8a-269b4eee-777c5729
[26-Apr-2025 18:01:55 Europe/Berlin] Réponse Orthanc (HTTP 200) : {
   "ExpectedNumberOfInstances" : null,
   "ID" : "19b4c568-a95664f5-ad117914-3ccf7292-2a7ee3a0",
   "Instances" : 
   [
      "24e83fd1-ddd03175-beb6aa86-f4ce6432-4241b24f",
      "26952bd2-9569483f-e0549aca-a33b9065-69c33884",
      "2faf6dae-1e8dd60c-78fbca50-98cc48e7-66559504",
      "5974bce8-dfa0d418-48e52945-578a9547-fbb8179e",
      "63831658-2ed313e4-bdd47183-6c1be4da-c0022bb4",
      "75c6d27e-9c7d0b29-ef99341d-b7507933-63d3057d",
      "bc61cc15-593581eb-104dd853-f8e2ae2f-19704638",
      "cad86111-996653c7-c7ca1820-b783c4c3-9ff6e63b",
      "dacc5f2c-4eb67b6e-62fe20be-08583e4b-f7285061",
      "fe9d11b9-08ca2a74-f27c7727-86fa6833-6b2583ab"
   ],
   "IsStable" : true,
   "Labels" : [],
   "LastUpdate" : "20250311T081323",
   "MainDicomTags" : 
   {
      "ContrastBolusAgent" : "CONT",
      "ImageOrientationPatient" : "1.0000\\0.0000\\0.0000\\0.0000\\1.0000\\0.0000",
      "Manufacturer" : "Philips Medical Systems",
      "Modality" : "CT",
      "ProtocolName" : "50",
      "SeriesInstanceUID" : "1.3.46.670589.10.900123.19970114.35056000060.3",
      "SeriesNumber" : " 1",
      "StationName" : "MVP"
   },
   "ParentStudy" : "200b3e41-4557e5ed-2b4a1771-a9e4ad06-cd1306c8",
   "Status" : "Unknown",
   "Type" : "Series"
}
[26-Apr-2025 18:01:55 Europe/Berlin] Réponse Orthanc (HTTP 200) : {
   "ID" : "9b4d864d-a53a383a-44cdda8a-269b4eee-777c5729",
   "IsStable" : true,
   "Labels" : [],
   "LastUpdate" : "20250311T081323",
   "MainDicomTags" : 
   {
      "PatientBirthDate" : "19781010",
      "PatientID" : "0000002019",
      "PatientName" : "AVE+ ABDOMEN",
      "PatientSex" : "M"
   },
   "Studies" : 
   [
      "200b3e41-4557e5ed-2b4a1771-a9e4ad06-cd1306c8"
   ],
   "Type" : "Patient"
}
[26-Apr-2025 18:01:55 Europe/Berlin] Réponse Orthanc (HTTP 200) : {
   "ID" : "200b3e41-4557e5ed-2b4a1771-a9e4ad06-cd1306c8",
   "IsStable" : true,
   "Labels" : [],
   "LastUpdate" : "20250311T081323",
   "MainDicomTags" : 
   {
      "AccessionNumber" : "",
      "InstitutionName" : "CHU St ROCH",
      "ReferringPhysicianName" : "",
      "StudyDate" : "19961014",
      "StudyID" : "2019",
      "StudyInstanceUID" : "1.3.46.670589.10.900123.19970114.35056000060.1",
      "StudyTime" : "145056.00000"
   },
   "ParentPatient" : "9b4d864d-a53a383a-44cdda8a-269b4eee-777c5729",
   "PatientMainDicomTags" : 
   {
      "PatientBirthDate" : "19781010",
      "PatientID" : "0000002019",
      "PatientName" : "AVE+ ABDOMEN",
      "PatientSex" : "M"
   },
   "Series" : 
   [
      "19b4c568-a95664f5-ad117914-3ccf7292-2a7ee3a0"
   ],
   "Type" : "Study"
}
[26-Apr-2025 18:01:55 Europe/Berlin] Requête proxy vers Orthanc : [GET] http://localhost:8042/studies/200b3e41-4557e5ed-2b4a1771-a9e4ad06-cd1306c8?expand
[26-Apr-2025 18:01:55 Europe/Berlin] Requête proxy vers Orthanc : [GET] http://localhost:8042/patients/9b4d864d-a53a383a-44cdda8a-269b4eee-777c5729
[26-Apr-2025 18:01:55 Europe/Berlin] Réponse Orthanc (HTTP 200) : {
   "ID" : "200b3e41-4557e5ed-2b4a1771-a9e4ad06-cd1306c8",
   "IsStable" : true,
   "Labels" : [],
   "LastUpdate" : "20250311T081323",
   "MainDicomTags" : 
   {
      "AccessionNumber" : "",
      "InstitutionName" : "CHU St ROCH",
      "ReferringPhysicianName" : "",
      "StudyDate" : "19961014",
      "StudyID" : "2019",
      "StudyInstanceUID" : "1.3.46.670589.10.900123.19970114.35056000060.1",
      "StudyTime" : "145056.00000"
   },
   "ParentPatient" : "9b4d864d-a53a383a-44cdda8a-269b4eee-777c5729",
   "PatientMainDicomTags" : 
   {
      "PatientBirthDate" : "19781010",
      "PatientID" : "0000002019",
      "PatientName" : "AVE+ ABDOMEN",
      "PatientSex" : "M"
   },
   "Series" : 
   [
      "19b4c568-a95664f5-ad117914-3ccf7292-2a7ee3a0"
   ],
   "Type" : "Study"
}
[26-Apr-2025 18:01:55 Europe/Berlin] Réponse Orthanc (HTTP 200) : {
   "ID" : "9b4d864d-a53a383a-44cdda8a-269b4eee-777c5729",
   "IsStable" : true,
   "Labels" : [],
   "LastUpdate" : "20250311T081323",
   "MainDicomTags" : 
   {
      "PatientBirthDate" : "19781010",
      "PatientID" : "0000002019",
      "PatientName" : "AVE+ ABDOMEN",
      "PatientSex" : "M"
   },
   "Studies" : 
   [
      "200b3e41-4557e5ed-2b4a1771-a9e4ad06-cd1306c8"
   ],
   "Type" : "Patient"
}
[26-Apr-2025 18:01:55 Europe/Berlin] Requête proxy vers Orthanc : [GET] http://localhost:8042/patients/9b4d864d-a53a383a-44cdda8a-269b4eee-777c5729
[26-Apr-2025 18:01:55 Europe/Berlin] Réponse Orthanc (HTTP 200) : {
   "ID" : "9b4d864d-a53a383a-44cdda8a-269b4eee-777c5729",
   "IsStable" : true,
   "Labels" : [],
   "LastUpdate" : "20250311T081323",
   "MainDicomTags" : 
   {
      "PatientBirthDate" : "19781010",
      "PatientID" : "0000002019",
      "PatientName" : "AVE+ ABDOMEN",
      "PatientSex" : "M"
   },
   "Studies" : 
   [
      "200b3e41-4557e5ed-2b4a1771-a9e4ad06-cd1306c8"
   ],
   "Type" : "Patient"
}
[26-Apr-2025 18:20:43 Europe/Berlin] Requête proxy vers Orthanc : [GET] http://localhost:8042//instances
[26-Apr-2025 18:20:43 Europe/Berlin] Réponse Orthanc (HTTP 200) : [
   "094563e4-74b821f1-120c8584-6236b3ba-05716a47",
   "24e83fd1-ddd03175-beb6aa86-f4ce6432-4241b24f",
   "26952bd2-9569483f-e0549aca-a33b9065-69c33884",
   "2faf6dae-1e8dd60c-78fbca50-98cc48e7-66559504",
   "582dde1a-6ee0dcb1-dc2c0a3c-06a79b2f-211eda06",
   "5974bce8-dfa0d418-48e52945-578a9547-fbb8179e",
   "63831658-2ed313e4-bdd47183-6c1be4da-c0022bb4",
   "75c6d27e-9c7d0b29-ef99341d-b7507933-63d3057d",
   "96548d6b-b87fefbd-78a3f7c5-c5abe181-0643a103",
   "b7fb1fb4-142e5a15-333ae197-298b1626-11f8833b",
   "bc61cc15-593581eb-104dd853-f8e2ae2f-19704638",
   "cad86111-996653c7-c7ca1820-b783c4c3-9ff6e63b",
   "dacc5f2c-4eb67b6e-62fe20be-08583e4b-f7285061",
   "e07efef8-4eba99da-e58dbc40-0173c1da-e2535081",
   "eb17dc02-607db0a6-1074ad73-79fb3688-f9a596db",
   "fe9d11b9-08ca2a74-f27c7727-86fa6833-6b2583ab",
   "feaf75ad-9548b055-4a7a21f5-3db18a07-9c6903d3"
]
[26-Apr-2025 18:20:43 Europe/Berlin] Requête proxy vers Orthanc : [GET] http://localhost:8042/instances/094563e4-74b821f1-120c8584-6236b3ba-05716a47?expand
[26-Apr-2025 18:20:43 Europe/Berlin] Requête proxy vers Orthanc : [GET] http://localhost:8042/instances/24e83fd1-ddd03175-beb6aa86-f4ce6432-4241b24f?expand
[26-Apr-2025 18:20:43 Europe/Berlin] Requête proxy vers Orthanc : [GET] http://localhost:8042/instances/5974bce8-dfa0d418-48e52945-578a9547-fbb8179e?expand
[26-Apr-2025 18:20:43 Europe/Berlin] Requête proxy vers Orthanc : [GET] http://localhost:8042/instances/582dde1a-6ee0dcb1-dc2c0a3c-06a79b2f-211eda06?expand
[26-Apr-2025 18:20:43 Europe/Berlin] Requête proxy vers Orthanc : [GET] http://localhost:8042/instances/2faf6dae-1e8dd60c-78fbca50-98cc48e7-66559504?expand
[26-Apr-2025 18:20:43 Europe/Berlin] Requête proxy vers Orthanc : [GET] http://localhost:8042/instances/26952bd2-9569483f-e0549aca-a33b9065-69c33884?expand
[26-Apr-2025 18:20:43 Europe/Berlin] Réponse Orthanc (HTTP 200) : {
   "FileSize" : 526336,
   "FileUuid" : "847455dd-9936-4c5a-9d73-29f225acd32b",
   "ID" : "094563e4-74b821f1-120c8584-6236b3ba-05716a47",
   "IndexInSeries" : 5003,
   "Labels" : [],
   "MainDicomTags" : 
   {
      "AcquisitionNumber" : " 5",
      "ImageComments" : "MD",
      "ImageOrientationPatient" : "1.0000\\0.0000\\0.0000\\0.0000\\1.0000\\0.0000",
      "ImagePositionPatient" : "-80.7000\\-75.1000\\-61.0000",
      "InstanceCreationDate" : "19970114",
      "InstanceCreationTime" : "035049.0005",
      "InstanceNumber" : "5003",
      "SOPInstanceUID" : "1.3.46.670589.10.900123.19970114.35049000050"
   },
   "ParentSeries" : "f623b033-c3bb9318-1ae62c1a-9fd5f247-24c86dea",
   "Type" : "Instance"
}
[26-Apr-2025 18:20:43 Europe/Berlin] Requête proxy vers Orthanc : [GET] http://localhost:8042/instances/63831658-2ed313e4-bdd47183-6c1be4da-c0022bb4?expand
[26-Apr-2025 18:20:43 Europe/Berlin] Réponse Orthanc (HTTP 200) : {
   "FileSize" : 526336,
   "FileUuid" : "11a7f312-517f-42ad-a5f0-e749b0038b6c",
   "ID" : "5974bce8-dfa0d418-48e52945-578a9547-fbb8179e",
   "IndexInSeries" : 18001,
   "Labels" : [],
   "MainDicomTags" : 
   {
      "AcquisitionNumber" : "18",
      "ImageComments" : "",
      "ImageOrientationPatient" : "1.0000\\0.0000\\0.0000\\0.0000\\1.0000\\0.0000",
      "ImagePositionPatient" : "-175.1000\\-175.1000\\-160.0000",
      "InstanceCreationDate" : "19970114",
      "InstanceCreationTime" : "035120.0011",
      "InstanceNumber" : " 18001",
      "SOPInstanceUID" : "1.3.46.670589.10.900123.19970114.35120000110"
   },
   "ParentSeries" : "19b4c568-a95664f5-ad117914-3ccf7292-2a7ee3a0",
   "Type" : "Instance"
}
[26-Apr-2025 18:20:43 Europe/Berlin] Réponse Orthanc (HTTP 200) : {
   "FileSize" : 526336,
   "FileUuid" : "1b56fb91-ea25-44cc-8c18-5f24da876928",
   "ID" : "24e83fd1-ddd03175-beb6aa86-f4ce6432-4241b24f",
   "IndexInSeries" : 14001,
   "Labels" : [],
   "MainDicomTags" : 
   {
      "AcquisitionNumber" : "14",
      "ImageComments" : "",
      "ImageOrientationPatient" : "1.0000\\0.0000\\0.0000\\0.0000\\1.0000\\0.0000",
      "ImagePositionPatient" : "-175.1000\\-175.1000\\-120.0000",
      "InstanceCreationDate" : "19970114",
      "InstanceCreationTime" : "035100.0007",
      "InstanceNumber" : " 14001",
      "SOPInstanceUID" : "1.3.46.670589.10.900123.19970114.35100000070"
   },
   "ParentSeries" : "19b4c568-a95664f5-ad117914-3ccf7292-2a7ee3a0",
   "Type" : "Instance"
}
[26-Apr-2025 18:20:43 Europe/Berlin] Réponse Orthanc (HTTP 200) : {
   "FileSize" : 526336,
   "FileUuid" : "43af4eee-ad27-4654-b4a1-e5a62a718f5a",
   "ID" : "2faf6dae-1e8dd60c-78fbca50-98cc48e7-66559504",
   "IndexInSeries" : 20001,
   "Labels" : [],
   "MainDicomTags" : 
   {
      "AcquisitionNumber" : "20",
      "ImageComments" : "",
      "ImageOrientationPatient" : "1.0000\\0.0000\\0.0000\\0.0000\\1.0000\\0.0000",
      "ImagePositionPatient" : "-175.1000\\-175.1000\\-180.0000",
      "InstanceCreationDate" : "19970114",
      "InstanceCreationTime" : "035131.0013",
      "InstanceNumber" : " 20001",
      "SOPInstanceUID" : "1.3.46.670589.10.900123.19970114.35131000130"
   },
   "ParentSeries" : "19b4c568-a95664f5-ad117914-3ccf7292-2a7ee3a0",
   "Type" : "Instance"
}
[26-Apr-2025 18:20:43 Europe/Berlin] Réponse Orthanc (HTTP 200) : {
   "FileSize" : 526336,
   "FileUuid" : "9702e94e-8902-4103-ae55-af77a92efc6a",
   "ID" : "26952bd2-9569483f-e0549aca-a33b9065-69c33884",
   "IndexInSeries" : 17001,
   "Labels" : [],
   "MainDicomTags" : 
   {
      "AcquisitionNumber" : "17",
      "ImageComments" : "",
      "ImageOrientationPatient" : "1.0000\\0.0000\\0.0000\\0.0000\\1.0000\\0.0000",
      "ImagePositionPatient" : "-175.1000\\-175.1000\\-150.0000",
      "InstanceCreationDate" : "19970114",
      "InstanceCreationTime" : "035115.0010",
      "InstanceNumber" : " 17001",
      "SOPInstanceUID" : "1.3.46.670589.10.900123.19970114.35115000100"
   },
   "ParentSeries" : "19b4c568-a95664f5-ad117914-3ccf7292-2a7ee3a0",
   "Type" : "Instance"
}
[26-Apr-2025 18:20:43 Europe/Berlin] Réponse Orthanc (HTTP 200) : {
   "FileSize" : 527206,
   "FileUuid" : "795689db-f22a-4dce-b798-da7adabb6f0e",
   "ID" : "582dde1a-6ee0dcb1-dc2c0a3c-06a79b2f-211eda06",
   "IndexInSeries" : null,
   "Labels" : [],
   "MainDicomTags" : 
   {
      "InstanceCreationDate" : "20250421",
      "InstanceCreationTime" : "202125.000000",
      "SOPInstanceUID" : "1.2.276.0.7230010.3.1.4.1159938914.5836.1745266885.814"
   },
   "ParentSeries" : "4541c007-3ddcd5b2-6bf192fc-d28df38d-afe5c271",
   "Type" : "Instance"
}
[26-Apr-2025 18:20:43 Europe/Berlin] Requête proxy vers Orthanc : [GET] http://localhost:8042/instances/75c6d27e-9c7d0b29-ef99341d-b7507933-63d3057d?expand
[26-Apr-2025 18:20:43 Europe/Berlin] Requête proxy vers Orthanc : [GET] http://localhost:8042/instances/96548d6b-b87fefbd-78a3f7c5-c5abe181-0643a103?expand
[26-Apr-2025 18:20:43 Europe/Berlin] Requête proxy vers Orthanc : [GET] http://localhost:8042/instances/b7fb1fb4-142e5a15-333ae197-298b1626-11f8833b?expand
[26-Apr-2025 18:20:43 Europe/Berlin] Requête proxy vers Orthanc : [GET] http://localhost:8042/instances/bc61cc15-593581eb-104dd853-f8e2ae2f-19704638?expand
[26-Apr-2025 18:20:43 Europe/Berlin] Requête proxy vers Orthanc : [GET] http://localhost:8042/instances/cad86111-996653c7-c7ca1820-b783c4c3-9ff6e63b?expand
[26-Apr-2025 18:20:43 Europe/Berlin] Réponse Orthanc (HTTP 200) : {
   "FileSize" : 526336,
   "FileUuid" : "18595efd-f373-4173-a048-6de33ca05bca",
   "ID" : "63831658-2ed313e4-bdd47183-6c1be4da-c0022bb4",
   "IndexInSeries" : 15001,
   "Labels" : [],
   "MainDicomTags" : 
   {
      "AcquisitionNumber" : "15",
      "ImageComments" : "",
      "ImageOrientationPatient" : "1.0000\\0.0000\\0.0000\\0.0000\\1.0000\\0.0000",
      "ImagePositionPatient" : "-175.1000\\-175.1000\\-130.0000",
      "InstanceCreationDate" : "19970114",
      "InstanceCreationTime" : "035105.0008",
      "InstanceNumber" : " 15001",
      "SOPInstanceUID" : "1.3.46.670589.10.900123.19970114.35105000080"
   },
   "ParentSeries" : "19b4c568-a95664f5-ad117914-3ccf7292-2a7ee3a0",
   "Type" : "Instance"
}
[26-Apr-2025 18:20:43 Europe/Berlin] Requête proxy vers Orthanc : [GET] http://localhost:8042/instances/dacc5f2c-4eb67b6e-62fe20be-08583e4b-f7285061?expand
[26-Apr-2025 18:20:43 Europe/Berlin] Réponse Orthanc (HTTP 200) : {
   "FileSize" : 526336,
   "FileUuid" : "7ef2cfb2-cd10-40ef-8012-0b6fd7578b13",
   "ID" : "75c6d27e-9c7d0b29-ef99341d-b7507933-63d3057d",
   "IndexInSeries" : 21001,
   "Labels" : [],
   "MainDicomTags" : 
   {
      "AcquisitionNumber" : "21",
      "ImageComments" : "",
      "ImageOrientationPatient" : "1.0000\\0.0000\\0.0000\\0.0000\\1.0000\\0.0000",
      "ImagePositionPatient" : "-175.1000\\-175.1000\\-190.0000",
      "InstanceCreationDate" : "19970114",
      "InstanceCreationTime" : "035135.0014",
      "InstanceNumber" : " 21001",
      "SOPInstanceUID" : "1.3.46.670589.10.900123.19970114.35135000140"
   },
   "ParentSeries" : "19b4c568-a95664f5-ad117914-3ccf7292-2a7ee3a0",
   "Type" : "Instance"
}
[26-Apr-2025 18:20:43 Europe/Berlin] Réponse Orthanc (HTTP 200) : {
   "FileSize" : 91264,
   "FileUuid" : "39819348-f7ea-4861-9842-83c4a4a8c13e",
   "ID" : "96548d6b-b87fefbd-78a3f7c5-c5abe181-0643a103",
   "IndexInSeries" : 5,
   "Labels" : [],
   "MainDicomTags" : 
   {
      "ImageComments" : "JPEG 2000 lossless - Version 4.0.2 (c) Image Devices GmbH",
      "ImageOrientationPatient" : "1\\0\\0\\0\\1\\0",
      "ImagePositionPatient" : "-151.493508\\-36.6564417\\1293",
      "InstanceCreationDate" : "20061012",
      "InstanceCreationTime" : "091607.000000",
      "InstanceNumber" : "5",
      "SOPInstanceUID" : "1.2.826.0.1.3680043.8.1055.1.20111102150759059.64998534.33344836"
   },
   "ParentSeries" : "98d367a5-58eeba8b-f3c2da4b-de7d8f6f-ede53eb2",
   "Type" : "Instance"
}
[26-Apr-2025 18:20:43 Europe/Berlin] Requête proxy vers Orthanc : [GET] http://localhost:8042/instances/e07efef8-4eba99da-e58dbc40-0173c1da-e2535081?expand
[26-Apr-2025 18:20:43 Europe/Berlin] Requête proxy vers Orthanc : [GET] http://localhost:8042/instances/eb17dc02-607db0a6-1074ad73-79fb3688-f9a596db?expand
[26-Apr-2025 18:20:43 Europe/Berlin] Réponse Orthanc (HTTP 200) : {
   "FileSize" : 1702398,
   "FileUuid" : "9fa9d15a-988d-410e-9194-ddfde927c89a",
   "ID" : "b7fb1fb4-142e5a15-333ae197-298b1626-11f8833b",
   "IndexInSeries" : null,
   "Labels" : [],
   "MainDicomTags" : 
   {
      "InstanceNumber" : "",
      "NumberOfFrames" : "96",
      "SOPInstanceUID" : "1.3.12.2.1107.5.4.3.321890.19960124.162922.29"
   },
   "ParentSeries" : "62cc4f41-9b1679c0-6ad19a2e-71fccb6f-07a3d16d",
   "Type" : "Instance"
}
[26-Apr-2025 18:20:43 Europe/Berlin] Réponse Orthanc (HTTP 200) : {
   "FileSize" : 526336,
   "FileUuid" : "644bcf08-beb7-4bb7-8f87-2a07dae77a9f",
   "ID" : "cad86111-996653c7-c7ca1820-b783c4c3-9ff6e63b",
   "IndexInSeries" : 22001,
   "Labels" : [],
   "MainDicomTags" : 
   {
      "AcquisitionNumber" : "22",
      "ImageComments" : "",
      "ImageOrientationPatient" : "1.0000\\0.0000\\0.0000\\0.0000\\1.0000\\0.0000",
      "ImagePositionPatient" : "-175.1000\\-175.1000\\-200.0000",
      "InstanceCreationDate" : "19970114",
      "InstanceCreationTime" : "035140.0015",
      "InstanceNumber" : " 22001",
      "SOPInstanceUID" : "1.3.46.670589.10.900123.19970114.35140000150"
   },
   "ParentSeries" : "19b4c568-a95664f5-ad117914-3ccf7292-2a7ee3a0",
   "Type" : "Instance"
}
[26-Apr-2025 18:20:43 Europe/Berlin] Réponse Orthanc (HTTP 200) : {
   "FileSize" : 526336,
   "FileUuid" : "9f80260d-18b9-46ce-ada1-00d0d866886d",
   "ID" : "bc61cc15-593581eb-104dd853-f8e2ae2f-19704638",
   "IndexInSeries" : 16001,
   "Labels" : [],
   "MainDicomTags" : 
   {
      "AcquisitionNumber" : "16",
      "ImageComments" : "",
      "ImageOrientationPatient" : "1.0000\\0.0000\\0.0000\\0.0000\\1.0000\\0.0000",
      "ImagePositionPatient" : "-175.1000\\-175.1000\\-140.0000",
      "InstanceCreationDate" : "19970114",
      "InstanceCreationTime" : "035110.0009",
      "InstanceNumber" : " 16001",
      "SOPInstanceUID" : "1.3.46.670589.10.900123.19970114.35110000090"
   },
   "ParentSeries" : "19b4c568-a95664f5-ad117914-3ccf7292-2a7ee3a0",
   "Type" : "Instance"
}
[26-Apr-2025 18:20:43 Europe/Berlin] Requête proxy vers Orthanc : [GET] http://localhost:8042/instances/fe9d11b9-08ca2a74-f27c7727-86fa6833-6b2583ab?expand
[26-Apr-2025 18:20:43 Europe/Berlin] Requête proxy vers Orthanc : [GET] http://localhost:8042/instances/feaf75ad-9548b055-4a7a21f5-3db18a07-9c6903d3?expand
[26-Apr-2025 18:20:43 Europe/Berlin] Requête proxy vers Orthanc : [GET] http://localhost:8042/series/f623b033-c3bb9318-1ae62c1a-9fd5f247-24c86dea?expand
[26-Apr-2025 18:20:44 Europe/Berlin] Réponse Orthanc (HTTP 200) : {
   "FileSize" : 526336,
   "FileUuid" : "97a1c84b-5c67-4016-8405-2f71ae4af3de",
   "ID" : "dacc5f2c-4eb67b6e-62fe20be-08583e4b-f7285061",
   "IndexInSeries" : 19001,
   "Labels" : [],
   "MainDicomTags" : 
   {
      "AcquisitionNumber" : "19",
      "ImageComments" : "",
      "ImageOrientationPatient" : "1.0000\\0.0000\\0.0000\\0.0000\\1.0000\\0.0000",
      "ImagePositionPatient" : "-175.1000\\-175.1000\\-170.0000",
      "InstanceCreationDate" : "19970114",
      "InstanceCreationTime" : "035126.0012",
      "InstanceNumber" : " 19001",
      "SOPInstanceUID" : "1.3.46.670589.10.900123.19970114.35126000120"
   },
   "ParentSeries" : "19b4c568-a95664f5-ad117914-3ccf7292-2a7ee3a0",
   "Type" : "Instance"
}
[26-Apr-2025 18:20:44 Europe/Berlin] Requête proxy vers Orthanc : [GET] http://localhost:8042/series/19b4c568-a95664f5-ad117914-3ccf7292-2a7ee3a0?expand
[26-Apr-2025 18:20:44 Europe/Berlin] Réponse Orthanc (HTTP 200) : {
   "FileSize" : 531298,
   "FileUuid" : "937b172f-feb1-4efd-a3ab-432405774a56",
   "ID" : "e07efef8-4eba99da-e58dbc40-0173c1da-e2535081",
   "IndexInSeries" : 1,
   "Labels" : [],
   "MainDicomTags" : 
   {
      "AcquisitionNumber" : "1",
      "InstanceCreationDate" : "20210411",
      "InstanceCreationTime" : "213019.104784",
      "InstanceNumber" : "1",
      "NumberOfFrames" : "1",
      "SOPInstanceUID" : "1.3.12.2.1107.5.8.15.999999.30000021041121051996700000250"
   },
   "ParentSeries" : "11b7c563-ae504ced-e95ed300-7176b3e8-74f7e2f5",
   "Type" : "Instance"
}
[26-Apr-2025 18:20:44 Europe/Berlin] Requête proxy vers Orthanc : [GET] http://localhost:8042/series/4541c007-3ddcd5b2-6bf192fc-d28df38d-afe5c271?expand
[26-Apr-2025 18:20:44 Europe/Berlin] Réponse Orthanc (HTTP 200) : {
   "FileSize" : 526336,
   "FileUuid" : "c426268c-e58d-4f99-814f-daad18c5a0b1",
   "ID" : "eb17dc02-607db0a6-1074ad73-79fb3688-f9a596db",
   "IndexInSeries" : 6000,
   "Labels" : [],
   "MainDicomTags" : 
   {
      "AcquisitionNumber" : " 6",
      "ImageComments" : "",
      "ImageOrientationPatient" : "1.0000\\0.0000\\0.0000\\0.0000\\0.9397\\-0.3420",
      "ImagePositionPatient" : "-124.9000\\-117.4000\\67.7000",
      "InstanceCreationDate" : "19970114",
      "InstanceCreationTime" : "035036.0003",
      "InstanceNumber" : "6000",
      "SOPInstanceUID" : "1.3.46.670589.10.900123.19970114.35036000030"
   },
   "ParentSeries" : "f6ebf659-c336b2b9-102a72e3-2cd836e9-a5662c26",
   "Type" : "Instance"
}
[26-Apr-2025 18:20:44 Europe/Berlin] Requête proxy vers Orthanc : [GET] http://localhost:8042/series/98d367a5-58eeba8b-f3c2da4b-de7d8f6f-ede53eb2?expand
[26-Apr-2025 18:20:44 Europe/Berlin] Réponse Orthanc (HTTP 200) : {
   "FileSize" : 526336,
   "FileUuid" : "c147a823-c25b-4c74-a7fb-877198ac4ebe",
   "ID" : "fe9d11b9-08ca2a74-f27c7727-86fa6833-6b2583ab",
   "IndexInSeries" : 13001,
   "Labels" : [],
   "MainDicomTags" : 
   {
      "AcquisitionNumber" : "13",
      "ImageComments" : "",
      "ImageOrientationPatient" : "1.0000\\0.0000\\0.0000\\0.0000\\1.0000\\0.0000",
      "ImagePositionPatient" : "-175.1000\\-175.1000\\-110.0000",
      "InstanceCreationDate" : "19970114",
      "InstanceCreationTime" : "035056.0006",
      "InstanceNumber" : " 13001",
      "SOPInstanceUID" : "1.3.46.670589.10.900123.19970114.35056000060"
   },
   "ParentSeries" : "19b4c568-a95664f5-ad117914-3ccf7292-2a7ee3a0",
   "Type" : "Instance"
}
[26-Apr-2025 18:20:44 Europe/Berlin] Réponse Orthanc (HTTP 200) : {
   "ExpectedNumberOfInstances" : null,
   "ID" : "f623b033-c3bb9318-1ae62c1a-9fd5f247-24c86dea",
   "Instances" : 
   [
      "094563e4-74b821f1-120c8584-6236b3ba-05716a47"
   ],
   "IsStable" : true,
   "Labels" : [],
   "LastUpdate" : "20250311T081322",
   "MainDicomTags" : 
   {
      "ContrastBolusAgent" : "NONE",
      "ImageOrientationPatient" : "1.0000\\0.0000\\0.0000\\0.0000\\1.0000\\0.0000",
      "Manufacturer" : "Philips Medical Systems",
      "Modality" : "CT",
      "ProtocolName" : " 1",
      "SeriesInstanceUID" : "1.3.46.670589.10.900123.19970114.35049000050.3",
      "SeriesNumber" : " 1",
      "StationName" : "MVP"
   },
   "ParentStudy" : "286789b1-82845a45-92d7dfc0-c6a8e286-27bc0129",
   "Status" : "Unknown",
   "Type" : "Series"
}
[26-Apr-2025 18:20:44 Europe/Berlin] Réponse Orthanc (HTTP 200) : {
   "FileSize" : 526336,
   "FileUuid" : "c415c430-c5a8-4afa-854f-af8e254144b8",
   "ID" : "feaf75ad-9548b055-4a7a21f5-3db18a07-9c6903d3",
   "IndexInSeries" : 5000,
   "Labels" : [],
   "MainDicomTags" : 
   {
      "AcquisitionNumber" : " 5",
      "ImageComments" : "",
      "ImageOrientationPatient" : "1.0000\\0.0000\\0.0000\\0.0000\\1.0000\\0.0000",
      "ImagePositionPatient" : "-124.9000\\-124.9000\\15.0000",
      "InstanceCreationDate" : "19970114",
      "InstanceCreationTime" : "035029.0002",
      "InstanceNumber" : "5000",
      "SOPInstanceUID" : "1.3.46.670589.10.900123.19970114.35029000020"
   },
   "ParentSeries" : "670d99fa-c4a853ca-52f7989e-f6df82a8-5123711c",
   "Type" : "Instance"
}
[26-Apr-2025 18:20:44 Europe/Berlin] Requête proxy vers Orthanc : [GET] http://localhost:8042/series/62cc4f41-9b1679c0-6ad19a2e-71fccb6f-07a3d16d?expand
[26-Apr-2025 18:20:44 Europe/Berlin] Requête proxy vers Orthanc : [GET] http://localhost:8042/series/11b7c563-ae504ced-e95ed300-7176b3e8-74f7e2f5?expand
[26-Apr-2025 18:20:44 Europe/Berlin] Requête proxy vers Orthanc : [GET] http://localhost:8042/series/f6ebf659-c336b2b9-102a72e3-2cd836e9-a5662c26?expand
[26-Apr-2025 18:20:44 Europe/Berlin] Réponse Orthanc (HTTP 200) : {
   "ExpectedNumberOfInstances" : null,
   "ID" : "19b4c568-a95664f5-ad117914-3ccf7292-2a7ee3a0",
   "Instances" : 
   [
      "24e83fd1-ddd03175-beb6aa86-f4ce6432-4241b24f",
      "26952bd2-9569483f-e0549aca-a33b9065-69c33884",
      "2faf6dae-1e8dd60c-78fbca50-98cc48e7-66559504",
      "5974bce8-dfa0d418-48e52945-578a9547-fbb8179e",
      "63831658-2ed313e4-bdd47183-6c1be4da-c0022bb4",
      "75c6d27e-9c7d0b29-ef99341d-b7507933-63d3057d",
      "bc61cc15-593581eb-104dd853-f8e2ae2f-19704638",
      "cad86111-996653c7-c7ca1820-b783c4c3-9ff6e63b",
      "dacc5f2c-4eb67b6e-62fe20be-08583e4b-f7285061",
      "fe9d11b9-08ca2a74-f27c7727-86fa6833-6b2583ab"
   ],
   "IsStable" : true,
   "Labels" : [],
   "LastUpdate" : "20250311T081323",
   "MainDicomTags" : 
   {
      "ContrastBolusAgent" : "CONT",
      "ImageOrientationPatient" : "1.0000\\0.0000\\0.0000\\0.0000\\1.0000\\0.0000",
      "Manufacturer" : "Philips Medical Systems",
      "Modality" : "CT",
      "ProtocolName" : "50",
      "SeriesInstanceUID" : "1.3.46.670589.10.900123.19970114.35056000060.3",
      "SeriesNumber" : " 1",
      "StationName" : "MVP"
   },
   "ParentStudy" : "200b3e41-4557e5ed-2b4a1771-a9e4ad06-cd1306c8",
   "Status" : "Unknown",
   "Type" : "Series"
}
[26-Apr-2025 18:20:44 Europe/Berlin] Requête proxy vers Orthanc : [GET] http://localhost:8042/studies/286789b1-82845a45-92d7dfc0-c6a8e286-27bc0129?expand
[26-Apr-2025 18:20:44 Europe/Berlin] Réponse Orthanc (HTTP 200) : {
   "ExpectedNumberOfInstances" : null,
   "ID" : "4541c007-3ddcd5b2-6bf192fc-d28df38d-afe5c271",
   "Instances" : 
   [
      "582dde1a-6ee0dcb1-dc2c0a3c-06a79b2f-211eda06"
   ],
   "IsStable" : true,
   "Labels" : [],
   "LastUpdate" : "20250421T202126",
   "MainDicomTags" : 
   {
      "Modality" : "M3D",
      "SeriesDate" : "20250421",
      "SeriesDescription" : "Model",
      "SeriesInstanceUID" : "1.2.276.0.7230010.3.1.3.1159938914.5836.1745266885.813",
      "SeriesTime" : "202125.000000"
   },
   "ParentStudy" : "8e51d8c2-c73f0a1e-57f97ca6-0fe69e66-c5e753eb",
   "Status" : "Unknown",
   "Type" : "Series"
}
[26-Apr-2025 18:20:44 Europe/Berlin] Requête proxy vers Orthanc : [GET] http://localhost:8042/series/670d99fa-c4a853ca-52f7989e-f6df82a8-5123711c?expand
[26-Apr-2025 18:20:44 Europe/Berlin] Réponse Orthanc (HTTP 200) : {
   "ExpectedNumberOfInstances" : null,
   "ID" : "98d367a5-58eeba8b-f3c2da4b-de7d8f6f-ede53eb2",
   "Instances" : 
   [
      "96548d6b-b87fefbd-78a3f7c5-c5abe181-0643a103"
   ],
   "IsStable" : true,
   "Labels" : [],
   "LastUpdate" : "20250426T153239",
   "MainDicomTags" : 
   {
      "ContrastBolusAgent" : "CONTRAST",
      "ImageOrientationPatient" : "1\\0\\0\\0\\1\\0",
      "Modality" : "CT",
      "PerformedProcedureStepDescription" : "CT1 abdomen",
      "ProtocolName" : "ART.RENALES 12/Abdomen/Hx",
      "RequestAttributesSequence" : 
      [
         {
            "RequestedProcedureID" : "A10026177757",
            "ScheduledProcedureStepDescription" : "CT1 abdomen",
            "ScheduledProcedureStepID" : "A10026177758",
            "ScheduledProtocolCodeSequence" : 
            [
               {
                  "CodeMeaning" : "CT1 abdomen",
                  "CodeValue" : "CTABDOM",
                  "CodingSchemeDesignator" : "XPLORE"
               }
            ]
         }
      ],
      "SeriesDescription" : "ARTERIELLE",
      "SeriesInstanceUID" : "1.2.826.0.1.3680043.8.1055.1.20111102150758591.96842950.07877442",
      "SeriesNumber" : "6168"
   },
   "ParentStudy" : "3abaec0a-ebfaaa87-f830d52b-d62df074-6a692c12",
   "Status" : "Unknown",
   "Type" : "Series"
}
[26-Apr-2025 18:20:44 Europe/Berlin] Requête proxy vers Orthanc : [GET] http://localhost:8042/series/19b4c568-a95664f5-ad117914-3ccf7292-2a7ee3a0?expand
[26-Apr-2025 18:20:44 Europe/Berlin] Réponse Orthanc (HTTP 200) : {
   "ExpectedNumberOfInstances" : null,
   "ID" : "62cc4f41-9b1679c0-6ad19a2e-71fccb6f-07a3d16d",
   "Instances" : 
   [
      "b7fb1fb4-142e5a15-333ae197-298b1626-11f8833b"
   ],
   "IsStable" : true,
   "Labels" : [],
   "LastUpdate" : "20250421T205945",
   "MainDicomTags" : 
   {
      "Manufacturer" : "",
      "Modality" : "XA",
      "SeriesInstanceUID" : "1.3.12.2.1107.5.4.3.123456789012345.19950922.121803.8",
      "SeriesNumber" : "1"
   },
   "ParentStudy" : "aa938400-09e9f0df-8ba95f68-e21f98dd-0c6e0cf0",
   "Status" : "Unknown",
   "Type" : "Series"
}
[26-Apr-2025 18:20:44 Europe/Berlin] Requête proxy vers Orthanc : [GET] http://localhost:8042/studies/200b3e41-4557e5ed-2b4a1771-a9e4ad06-cd1306c8?expand
[26-Apr-2025 18:20:44 Europe/Berlin] Réponse Orthanc (HTTP 200) : {
   "ExpectedNumberOfInstances" : null,
   "ID" : "f6ebf659-c336b2b9-102a72e3-2cd836e9-a5662c26",
   "Instances" : 
   [
      "eb17dc02-607db0a6-1074ad73-79fb3688-f9a596db"
   ],
   "IsStable" : true,
   "Labels" : [],
   "LastUpdate" : "20250311T081322",
   "MainDicomTags" : 
   {
      "ContrastBolusAgent" : "NONE",
      "ImageOrientationPatient" : "1.0000\\0.0000\\0.0000\\0.0000\\0.9397\\-0.3420",
      "Manufacturer" : "Philips Medical Systems",
      "Modality" : "CT",
      "ProtocolName" : " 1",
      "SeriesInstanceUID" : "1.3.46.670589.10.900123.19970114.35036000030.3",
      "SeriesNumber" : " 1",
      "StationName" : "MVP"
   },
   "ParentStudy" : "8e51d8c2-c73f0a1e-57f97ca6-0fe69e66-c5e753eb",
   "Status" : "Unknown",
   "Type" : "Series"
}
[26-Apr-2025 18:20:44 Europe/Berlin] Réponse Orthanc (HTTP 200) : {
   "ExpectedNumberOfInstances" : null,
   "ID" : "11b7c563-ae504ced-e95ed300-7176b3e8-74f7e2f5",
   "Instances" : 
   [
      "e07efef8-4eba99da-e58dbc40-0173c1da-e2535081"
   ],
   "IsStable" : true,
   "Labels" : [],
   "LastUpdate" : "20250421T233940",
   "MainDicomTags" : 
   {
      "Manufacturer" : "Siemens Healthineers",
      "Modality" : "MR",
      "PerformedProcedureStepDescription" : "Osteo_2021 Cheville",
      "PerformedProcedureStepStartDate" : "20210113",
      "PerformedProcedureStepStartTime" : "130454.100000",
      "ProtocolName" : "t1_sag_tse REF",
      "SeriesDate" : "20210411",
      "SeriesDescription" : "Exported MR Basic Reading",
      "SeriesInstanceUID" : "1.3.12.2.1107.5.8.15.999999.30000021041121051996700000249",
      "SeriesNumber" : "1005",
      "SeriesTime" : "213018.573513",
      "StationName" : "MR-T10-MRC19-04"
   },
   "ParentStudy" : "ae9bf996-b6ab6a8b-eba1f35e-14600862-f9393ddd",
   "Status" : "Unknown",
   "Type" : "Series"
}
[26-Apr-2025 18:20:44 Europe/Berlin] Requête proxy vers Orthanc : [GET] http://localhost:8042/studies/3abaec0a-ebfaaa87-f830d52b-d62df074-6a692c12?expand
[26-Apr-2025 18:20:44 Europe/Berlin] Requête proxy vers Orthanc : [GET] http://localhost:8042/studies/8e51d8c2-c73f0a1e-57f97ca6-0fe69e66-c5e753eb?expand
[26-Apr-2025 18:20:44 Europe/Berlin] Réponse Orthanc (HTTP 200) : {
   "ExpectedNumberOfInstances" : null,
   "ID" : "670d99fa-c4a853ca-52f7989e-f6df82a8-5123711c",
   "Instances" : 
   [
      "feaf75ad-9548b055-4a7a21f5-3db18a07-9c6903d3"
   ],
   "IsStable" : true,
   "Labels" : [],
   "LastUpdate" : "20250311T081322",
   "MainDicomTags" : 
   {
      "ContrastBolusAgent" : "NONE",
      "ImageOrientationPatient" : "1.0000\\0.0000\\0.0000\\0.0000\\1.0000\\0.0000",
      "Manufacturer" : "Philips Medical Systems",
      "Modality" : "CT",
      "ProtocolName" : " 1",
      "SeriesInstanceUID" : "1.3.46.670589.10.900123.19970114.35029000020.3",
      "SeriesNumber" : " 1",
      "StationName" : "MVP"
   },
   "ParentStudy" : "0ba2c4af-c4286377-ed83307a-c4307d90-422eea83",
   "Status" : "Unknown",
   "Type" : "Series"
}
[26-Apr-2025 18:20:44 Europe/Berlin] Réponse Orthanc (HTTP 200) : {
   "ID" : "286789b1-82845a45-92d7dfc0-c6a8e286-27bc0129",
   "IsStable" : true,
   "Labels" : [],
   "LastUpdate" : "20250311T081322",
   "MainDicomTags" : 
   {
      "AccessionNumber" : "",
      "InstitutionName" : "CHU St ROCH",
      "ReferringPhysicianName" : "",
      "StudyDate" : "19961014",
      "StudyID" : "2011",
      "StudyInstanceUID" : "1.3.46.670589.10.900123.19970114.35049000050.1",
      "StudyTime" : "115421.00000"
   },
   "ParentPatient" : "10092b57-91bddc20-e68b74c7-8956c6df-49e00750",
   "PatientMainDicomTags" : 
   {
      "PatientBirthDate" : "19320918",
      "PatientID" : "0000002011",
      "PatientName" : "AVE+ KNEE",
      "PatientSex" : "F"
   },
   "Series" : 
   [
      "f623b033-c3bb9318-1ae62c1a-9fd5f247-24c86dea"
   ],
   "Type" : "Study"
}
[26-Apr-2025 18:20:44 Europe/Berlin] Requête proxy vers Orthanc : [GET] http://localhost:8042/studies/aa938400-09e9f0df-8ba95f68-e21f98dd-0c6e0cf0?expand
[26-Apr-2025 18:20:44 Europe/Berlin] Requête proxy vers Orthanc : [GET] http://localhost:8042/studies/ae9bf996-b6ab6a8b-eba1f35e-14600862-f9393ddd?expand
[26-Apr-2025 18:20:44 Europe/Berlin] Réponse Orthanc (HTTP 200) : {
   "ID" : "200b3e41-4557e5ed-2b4a1771-a9e4ad06-cd1306c8",
   "IsStable" : true,
   "Labels" : [],
   "LastUpdate" : "20250311T081323",
   "MainDicomTags" : 
   {
      "AccessionNumber" : "",
      "InstitutionName" : "CHU St ROCH",
      "ReferringPhysicianName" : "",
      "StudyDate" : "19961014",
      "StudyID" : "2019",
      "StudyInstanceUID" : "1.3.46.670589.10.900123.19970114.35056000060.1",
      "StudyTime" : "145056.00000"
   },
   "ParentPatient" : "9b4d864d-a53a383a-44cdda8a-269b4eee-777c5729",
   "PatientMainDicomTags" : 
   {
      "PatientBirthDate" : "19781010",
      "PatientID" : "0000002019",
      "PatientName" : "AVE+ ABDOMEN",
      "PatientSex" : "M"
   },
   "Series" : 
   [
      "19b4c568-a95664f5-ad117914-3ccf7292-2a7ee3a0"
   ],
   "Type" : "Study"
}
[26-Apr-2025 18:20:44 Europe/Berlin] Réponse Orthanc (HTTP 200) : {
   "ExpectedNumberOfInstances" : null,
   "ID" : "19b4c568-a95664f5-ad117914-3ccf7292-2a7ee3a0",
   "Instances" : 
   [
      "24e83fd1-ddd03175-beb6aa86-f4ce6432-4241b24f",
      "26952bd2-9569483f-e0549aca-a33b9065-69c33884",
      "2faf6dae-1e8dd60c-78fbca50-98cc48e7-66559504",
      "5974bce8-dfa0d418-48e52945-578a9547-fbb8179e",
      "63831658-2ed313e4-bdd47183-6c1be4da-c0022bb4",
      "75c6d27e-9c7d0b29-ef99341d-b7507933-63d3057d",
      "bc61cc15-593581eb-104dd853-f8e2ae2f-19704638",
      "cad86111-996653c7-c7ca1820-b783c4c3-9ff6e63b",
      "dacc5f2c-4eb67b6e-62fe20be-08583e4b-f7285061",
      "fe9d11b9-08ca2a74-f27c7727-86fa6833-6b2583ab"
   ],
   "IsStable" : true,
   "Labels" : [],
   "LastUpdate" : "20250311T081323",
   "MainDicomTags" : 
   {
      "ContrastBolusAgent" : "CONT",
      "ImageOrientationPatient" : "1.0000\\0.0000\\0.0000\\0.0000\\1.0000\\0.0000",
      "Manufacturer" : "Philips Medical Systems",
      "Modality" : "CT",
      "ProtocolName" : "50",
      "SeriesInstanceUID" : "1.3.46.670589.10.900123.19970114.35056000060.3",
      "SeriesNumber" : " 1",
      "StationName" : "MVP"
   },
   "ParentStudy" : "200b3e41-4557e5ed-2b4a1771-a9e4ad06-cd1306c8",
   "Status" : "Unknown",
   "Type" : "Series"
}
[26-Apr-2025 18:20:44 Europe/Berlin] Requête proxy vers Orthanc : [GET] http://localhost:8042/studies/0ba2c4af-c4286377-ed83307a-c4307d90-422eea83?expand
[26-Apr-2025 18:20:44 Europe/Berlin] Requête proxy vers Orthanc : [GET] http://localhost:8042/patients/10092b57-91bddc20-e68b74c7-8956c6df-49e00750
[26-Apr-2025 18:20:44 Europe/Berlin] Réponse Orthanc (HTTP 200) : {
   "ID" : "3abaec0a-ebfaaa87-f830d52b-d62df074-6a692c12",
   "IsStable" : true,
   "Labels" : [],
   "LastUpdate" : "20250426T153239",
   "MainDicomTags" : 
   {
      "StudyDate" : "20061012",
      "StudyDescription" : "CT1 abdomen",
      "StudyInstanceUID" : "1.2.826.0.1.3680043.8.1055.1.20111102150758591.92402465.76095170",
      "StudyTime" : "090258.000000"
   },
   "ParentPatient" : "b6589fc6-ab0dc82c-f12099d1-c2d40ab9-94e8410c",
   "PatientMainDicomTags" : 
   {
      "PatientID" : "0",
      "PatientName" : "Anonymized"
   },
   "Series" : 
   [
      "98d367a5-58eeba8b-f3c2da4b-de7d8f6f-ede53eb2"
   ],
   "Type" : "Study"
}
[26-Apr-2025 18:20:44 Europe/Berlin] Réponse Orthanc (HTTP 200) : {
   "ID" : "8e51d8c2-c73f0a1e-57f97ca6-0fe69e66-c5e753eb",
   "IsStable" : true,
   "Labels" : [],
   "LastUpdate" : "20250421T202126",
   "MainDicomTags" : 
   {
      "AccessionNumber" : "",
      "InstitutionName" : "CHU St ROCH",
      "ReferringPhysicianName" : "",
      "StudyDate" : "19961014",
      "StudyID" : "2018",
      "StudyInstanceUID" : "1.3.46.670589.10.900123.19970114.35036000030.1",
      "StudyTime" : "140735.00000"
   },
   "ParentPatient" : "62bc7cdd-8f5ae588-dea41879-6a8e18d1-d44362ee",
   "PatientMainDicomTags" : 
   {
      "PatientBirthDate" : "19240101",
      "PatientID" : "0000002018",
      "PatientName" : "AVE+ BRAIN + POST + SINUS",
      "PatientSex" : "M"
   },
   "Series" : 
   [
      "4541c007-3ddcd5b2-6bf192fc-d28df38d-afe5c271",
      "f6ebf659-c336b2b9-102a72e3-2cd836e9-a5662c26"
   ],
   "Type" : "Study"
}
[26-Apr-2025 18:20:44 Europe/Berlin] Requête proxy vers Orthanc : [GET] http://localhost:8042/series/19b4c568-a95664f5-ad117914-3ccf7292-2a7ee3a0?expand
[26-Apr-2025 18:20:44 Europe/Berlin] Requête proxy vers Orthanc : [GET] http://localhost:8042/patients/9b4d864d-a53a383a-44cdda8a-269b4eee-777c5729
[26-Apr-2025 18:20:44 Europe/Berlin] Réponse Orthanc (HTTP 200) : {
   "ID" : "ae9bf996-b6ab6a8b-eba1f35e-14600862-f9393ddd",
   "IsStable" : true,
   "Labels" : [],
   "LastUpdate" : "20250421T233940",
   "MainDicomTags" : 
   {
      "AccessionNumber" : "",
      "InstitutionName" : "",
      "ReferringPhysicianName" : "",
      "StudyDate" : "20210113",
      "StudyDescription" : "Osteo_2021 Cheville",
      "StudyID" : "b0513b81-3517-43",
      "StudyInstanceUID" : "1.3.12.2.1107.5.2.53.189501.30000021011309045077000000005",
      "StudyTime" : "130454.100000"
   },
   "ParentPatient" : "c5cc2652-d994a3cd-4c0b46e9-8aeb6e72-a0135eba",
   "PatientMainDicomTags" : 
   {
      "PatientBirthDate" : "19960205",
      "PatientID" : "2021.01.13-13:04:52-STD-1.3.12.2.1107.5.99.3",
      "PatientName" : "DeepResolve_Altea2",
      "PatientSex" : "M"
   },
   "Series" : 
   [
      "11b7c563-ae504ced-e95ed300-7176b3e8-74f7e2f5"
   ],
   "Type" : "Study"
}
[26-Apr-2025 18:20:44 Europe/Berlin] Réponse Orthanc (HTTP 200) : {
   "ID" : "aa938400-09e9f0df-8ba95f68-e21f98dd-0c6e0cf0",
   "IsStable" : true,
   "Labels" : [],
   "LastUpdate" : "20250421T205945",
   "MainDicomTags" : 
   {
      "AccessionNumber" : "",
      "InstitutionName" : "",
      "ReferringPhysicianName" : "",
      "StudyDate" : "19941013",
      "StudyDescription" : "",
      "StudyID" : "",
      "StudyInstanceUID" : "1.3.12.2.1107.5.4.3.123456789012345.19950922.121803.6",
      "StudyTime" : "141917"
   },
   "ParentPatient" : "1e6ca9a6-71d9b622-24e72d15-16251ee8-3735baf5",
   "PatientMainDicomTags" : 
   {
      "PatientBirthDate" : "19951025",
      "PatientID" : "556342B",
      "PatientName" : "Rubo DEMO",
      "PatientSex" : "M"
   },
   "Series" : 
   [
      "62cc4f41-9b1679c0-6ad19a2e-71fccb6f-07a3d16d"
   ],
   "Type" : "Study"
}
[26-Apr-2025 18:20:44 Europe/Berlin] Requête proxy vers Orthanc : [GET] http://localhost:8042/studies/200b3e41-4557e5ed-2b4a1771-a9e4ad06-cd1306c8?expand
[26-Apr-2025 18:20:44 Europe/Berlin] Requête proxy vers Orthanc : [GET] http://localhost:8042/studies/8e51d8c2-c73f0a1e-57f97ca6-0fe69e66-c5e753eb?expand
[26-Apr-2025 18:20:44 Europe/Berlin] Réponse Orthanc (HTTP 200) : {
   "ID" : "0ba2c4af-c4286377-ed83307a-c4307d90-422eea83",
   "IsStable" : true,
   "Labels" : [],
   "LastUpdate" : "20250311T081322",
   "MainDicomTags" : 
   {
      "AccessionNumber" : "",
      "InstitutionName" : "CHU St ROCH",
      "ReferringPhysicianName" : "",
      "StudyDate" : "19961014",
      "StudyID" : "2014",
      "StudyInstanceUID" : "1.3.46.670589.10.900123.19970114.35029000020.1",
      "StudyTime" : "121625.00000"
   },
   "ParentPatient" : "8fff5df9-52cafc00-77071493-d6c9febb-c05b7e14",
   "PatientMainDicomTags" : 
   {
      "PatientBirthDate" : "19131220",
      "PatientID" : "0000002014",
      "PatientName" : "AVE+ BRAIN + POST FOS.",
      "PatientSex" : "F"
   },
   "Series" : 
   [
      "670d99fa-c4a853ca-52f7989e-f6df82a8-5123711c"
   ],
   "Type" : "Study"
}
[26-Apr-2025 18:20:44 Europe/Berlin] Réponse Orthanc (HTTP 200) : {
   "ID" : "10092b57-91bddc20-e68b74c7-8956c6df-49e00750",
   "IsStable" : true,
   "Labels" : [],
   "LastUpdate" : "20250311T081322",
   "MainDicomTags" : 
   {
      "PatientBirthDate" : "19320918",
      "PatientID" : "0000002011",
      "PatientName" : "AVE+ KNEE",
      "PatientSex" : "F"
   },
   "Studies" : 
   [
      "286789b1-82845a45-92d7dfc0-c6a8e286-27bc0129"
   ],
   "Type" : "Patient"
}
[26-Apr-2025 18:20:44 Europe/Berlin] Requête proxy vers Orthanc : [GET] http://localhost:8042/patients/62bc7cdd-8f5ae588-dea41879-6a8e18d1-d44362ee
[26-Apr-2025 18:20:44 Europe/Berlin] Réponse Orthanc (HTTP 200) : {
   "ExpectedNumberOfInstances" : null,
   "ID" : "19b4c568-a95664f5-ad117914-3ccf7292-2a7ee3a0",
   "Instances" : 
   [
      "24e83fd1-ddd03175-beb6aa86-f4ce6432-4241b24f",
      "26952bd2-9569483f-e0549aca-a33b9065-69c33884",
      "2faf6dae-1e8dd60c-78fbca50-98cc48e7-66559504",
      "5974bce8-dfa0d418-48e52945-578a9547-fbb8179e",
      "63831658-2ed313e4-bdd47183-6c1be4da-c0022bb4",
      "75c6d27e-9c7d0b29-ef99341d-b7507933-63d3057d",
      "bc61cc15-593581eb-104dd853-f8e2ae2f-19704638",
      "cad86111-996653c7-c7ca1820-b783c4c3-9ff6e63b",
      "dacc5f2c-4eb67b6e-62fe20be-08583e4b-f7285061",
      "fe9d11b9-08ca2a74-f27c7727-86fa6833-6b2583ab"
   ],
   "IsStable" : true,
   "Labels" : [],
   "LastUpdate" : "20250311T081323",
   "MainDicomTags" : 
   {
      "ContrastBolusAgent" : "CONT",
      "ImageOrientationPatient" : "1.0000\\0.0000\\0.0000\\0.0000\\1.0000\\0.0000",
      "Manufacturer" : "Philips Medical Systems",
      "Modality" : "CT",
      "ProtocolName" : "50",
      "SeriesInstanceUID" : "1.3.46.670589.10.900123.19970114.35056000060.3",
      "SeriesNumber" : " 1",
      "StationName" : "MVP"
   },
   "ParentStudy" : "200b3e41-4557e5ed-2b4a1771-a9e4ad06-cd1306c8",
   "Status" : "Unknown",
   "Type" : "Series"
}
[26-Apr-2025 18:20:44 Europe/Berlin] Réponse Orthanc (HTTP 200) : {
   "ID" : "9b4d864d-a53a383a-44cdda8a-269b4eee-777c5729",
   "IsStable" : true,
   "Labels" : [],
   "LastUpdate" : "20250311T081323",
   "MainDicomTags" : 
   {
      "PatientBirthDate" : "19781010",
      "PatientID" : "0000002019",
      "PatientName" : "AVE+ ABDOMEN",
      "PatientSex" : "M"
   },
   "Studies" : 
   [
      "200b3e41-4557e5ed-2b4a1771-a9e4ad06-cd1306c8"
   ],
   "Type" : "Patient"
}
[26-Apr-2025 18:20:44 Europe/Berlin] Requête proxy vers Orthanc : [GET] http://localhost:8042/patients/b6589fc6-ab0dc82c-f12099d1-c2d40ab9-94e8410c
[26-Apr-2025 18:20:44 Europe/Berlin] Requête proxy vers Orthanc : [GET] http://localhost:8042/patients/c5cc2652-d994a3cd-4c0b46e9-8aeb6e72-a0135eba
[26-Apr-2025 18:20:44 Europe/Berlin] Requête proxy vers Orthanc : [GET] http://localhost:8042/patients/1e6ca9a6-71d9b622-24e72d15-16251ee8-3735baf5
[26-Apr-2025 18:20:44 Europe/Berlin] Réponse Orthanc (HTTP 200) : {
   "ID" : "200b3e41-4557e5ed-2b4a1771-a9e4ad06-cd1306c8",
   "IsStable" : true,
   "Labels" : [],
   "LastUpdate" : "20250311T081323",
   "MainDicomTags" : 
   {
      "AccessionNumber" : "",
      "InstitutionName" : "CHU St ROCH",
      "ReferringPhysicianName" : "",
      "StudyDate" : "19961014",
      "StudyID" : "2019",
      "StudyInstanceUID" : "1.3.46.670589.10.900123.19970114.35056000060.1",
      "StudyTime" : "145056.00000"
   },
   "ParentPatient" : "9b4d864d-a53a383a-44cdda8a-269b4eee-777c5729",
   "PatientMainDicomTags" : 
   {
      "PatientBirthDate" : "19781010",
      "PatientID" : "0000002019",
      "PatientName" : "AVE+ ABDOMEN",
      "PatientSex" : "M"
   },
   "Series" : 
   [
      "19b4c568-a95664f5-ad117914-3ccf7292-2a7ee3a0"
   ],
   "Type" : "Study"
}
[26-Apr-2025 18:20:44 Europe/Berlin] Réponse Orthanc (HTTP 200) : {
   "ID" : "8e51d8c2-c73f0a1e-57f97ca6-0fe69e66-c5e753eb",
   "IsStable" : true,
   "Labels" : [],
   "LastUpdate" : "20250421T202126",
   "MainDicomTags" : 
   {
      "AccessionNumber" : "",
      "InstitutionName" : "CHU St ROCH",
      "ReferringPhysicianName" : "",
      "StudyDate" : "19961014",
      "StudyID" : "2018",
      "StudyInstanceUID" : "1.3.46.670589.10.900123.19970114.35036000030.1",
      "StudyTime" : "140735.00000"
   },
   "ParentPatient" : "62bc7cdd-8f5ae588-dea41879-6a8e18d1-d44362ee",
   "PatientMainDicomTags" : 
   {
      "PatientBirthDate" : "19240101",
      "PatientID" : "0000002018",
      "PatientName" : "AVE+ BRAIN + POST + SINUS",
      "PatientSex" : "M"
   },
   "Series" : 
   [
      "4541c007-3ddcd5b2-6bf192fc-d28df38d-afe5c271",
      "f6ebf659-c336b2b9-102a72e3-2cd836e9-a5662c26"
   ],
   "Type" : "Study"
}
[26-Apr-2025 18:20:44 Europe/Berlin] Requête proxy vers Orthanc : [GET] http://localhost:8042/patients/8fff5df9-52cafc00-77071493-d6c9febb-c05b7e14
[26-Apr-2025 18:20:44 Europe/Berlin] Réponse Orthanc (HTTP 200) : {
   "ID" : "b6589fc6-ab0dc82c-f12099d1-c2d40ab9-94e8410c",
   "IsStable" : true,
   "Labels" : [],
   "LastUpdate" : "20250426T153239",
   "MainDicomTags" : 
   {
      "PatientID" : "0",
      "PatientName" : "Anonymized"
   },
   "Studies" : 
   [
      "3abaec0a-ebfaaa87-f830d52b-d62df074-6a692c12"
   ],
   "Type" : "Patient"
}
[26-Apr-2025 18:20:44 Europe/Berlin] Requête proxy vers Orthanc : [GET] http://localhost:8042/series/19b4c568-a95664f5-ad117914-3ccf7292-2a7ee3a0?expand
[26-Apr-2025 18:20:44 Europe/Berlin] Réponse Orthanc (HTTP 200) : {
   "ID" : "62bc7cdd-8f5ae588-dea41879-6a8e18d1-d44362ee",
   "IsStable" : true,
   "Labels" : [],
   "LastUpdate" : "20250421T202126",
   "MainDicomTags" : 
   {
      "PatientBirthDate" : "19240101",
      "PatientID" : "0000002018",
      "PatientName" : "AVE+ BRAIN + POST + SINUS",
      "PatientSex" : "M"
   },
   "Studies" : 
   [
      "8e51d8c2-c73f0a1e-57f97ca6-0fe69e66-c5e753eb"
   ],
   "Type" : "Patient"
}
[26-Apr-2025 18:20:44 Europe/Berlin] Réponse Orthanc (HTTP 200) : {
   "ID" : "c5cc2652-d994a3cd-4c0b46e9-8aeb6e72-a0135eba",
   "IsStable" : true,
   "Labels" : [],
   "LastUpdate" : "20250421T233940",
   "MainDicomTags" : 
   {
      "PatientBirthDate" : "19960205",
      "PatientID" : "2021.01.13-13:04:52-STD-1.3.12.2.1107.5.99.3",
      "PatientName" : "DeepResolve_Altea2",
      "PatientSex" : "M"
   },
   "Studies" : 
   [
      "ae9bf996-b6ab6a8b-eba1f35e-14600862-f9393ddd"
   ],
   "Type" : "Patient"
}
[26-Apr-2025 18:20:44 Europe/Berlin] Réponse Orthanc (HTTP 200) : {
   "ID" : "1e6ca9a6-71d9b622-24e72d15-16251ee8-3735baf5",
   "IsStable" : true,
   "Labels" : [],
   "LastUpdate" : "20250421T205945",
   "MainDicomTags" : 
   {
      "PatientBirthDate" : "19951025",
      "PatientID" : "556342B",
      "PatientName" : "Rubo DEMO",
      "PatientSex" : "M"
   },
   "Studies" : 
   [
      "aa938400-09e9f0df-8ba95f68-e21f98dd-0c6e0cf0"
   ],
   "Type" : "Patient"
}
[26-Apr-2025 18:20:45 Europe/Berlin] Requête proxy vers Orthanc : [GET] http://localhost:8042/studies/200b3e41-4557e5ed-2b4a1771-a9e4ad06-cd1306c8?expand
[26-Apr-2025 18:20:45 Europe/Berlin] Requête proxy vers Orthanc : [GET] http://localhost:8042/patients/9b4d864d-a53a383a-44cdda8a-269b4eee-777c5729
[26-Apr-2025 18:20:45 Europe/Berlin] Requête proxy vers Orthanc : [GET] http://localhost:8042/patients/62bc7cdd-8f5ae588-dea41879-6a8e18d1-d44362ee
[26-Apr-2025 18:20:45 Europe/Berlin] Réponse Orthanc (HTTP 200) : {
   "ID" : "8fff5df9-52cafc00-77071493-d6c9febb-c05b7e14",
   "IsStable" : true,
   "Labels" : [],
   "LastUpdate" : "20250311T081322",
   "MainDicomTags" : 
   {
      "PatientBirthDate" : "19131220",
      "PatientID" : "0000002014",
      "PatientName" : "AVE+ BRAIN + POST FOS.",
      "PatientSex" : "F"
   },
   "Studies" : 
   [
      "0ba2c4af-c4286377-ed83307a-c4307d90-422eea83"
   ],
   "Type" : "Patient"
}
[26-Apr-2025 18:20:45 Europe/Berlin] Réponse Orthanc (HTTP 200) : {
   "ExpectedNumberOfInstances" : null,
   "ID" : "19b4c568-a95664f5-ad117914-3ccf7292-2a7ee3a0",
   "Instances" : 
   [
      "24e83fd1-ddd03175-beb6aa86-f4ce6432-4241b24f",
      "26952bd2-9569483f-e0549aca-a33b9065-69c33884",
      "2faf6dae-1e8dd60c-78fbca50-98cc48e7-66559504",
      "5974bce8-dfa0d418-48e52945-578a9547-fbb8179e",
      "63831658-2ed313e4-bdd47183-6c1be4da-c0022bb4",
      "75c6d27e-9c7d0b29-ef99341d-b7507933-63d3057d",
      "bc61cc15-593581eb-104dd853-f8e2ae2f-19704638",
      "cad86111-996653c7-c7ca1820-b783c4c3-9ff6e63b",
      "dacc5f2c-4eb67b6e-62fe20be-08583e4b-f7285061",
      "fe9d11b9-08ca2a74-f27c7727-86fa6833-6b2583ab"
   ],
   "IsStable" : true,
   "Labels" : [],
   "LastUpdate" : "20250311T081323",
   "MainDicomTags" : 
   {
      "ContrastBolusAgent" : "CONT",
      "ImageOrientationPatient" : "1.0000\\0.0000\\0.0000\\0.0000\\1.0000\\0.0000",
      "Manufacturer" : "Philips Medical Systems",
      "Modality" : "CT",
      "ProtocolName" : "50",
      "SeriesInstanceUID" : "1.3.46.670589.10.900123.19970114.35056000060.3",
      "SeriesNumber" : " 1",
      "StationName" : "MVP"
   },
   "ParentStudy" : "200b3e41-4557e5ed-2b4a1771-a9e4ad06-cd1306c8",
   "Status" : "Unknown",
   "Type" : "Series"
}
[26-Apr-2025 18:20:45 Europe/Berlin] Requête proxy vers Orthanc : [GET] http://localhost:8042/series/19b4c568-a95664f5-ad117914-3ccf7292-2a7ee3a0?expand
[26-Apr-2025 18:20:45 Europe/Berlin] Réponse Orthanc (HTTP 200) : {
   "ID" : "9b4d864d-a53a383a-44cdda8a-269b4eee-777c5729",
   "IsStable" : true,
   "Labels" : [],
   "LastUpdate" : "20250311T081323",
   "MainDicomTags" : 
   {
      "PatientBirthDate" : "19781010",
      "PatientID" : "0000002019",
      "PatientName" : "AVE+ ABDOMEN",
      "PatientSex" : "M"
   },
   "Studies" : 
   [
      "200b3e41-4557e5ed-2b4a1771-a9e4ad06-cd1306c8"
   ],
   "Type" : "Patient"
}
[26-Apr-2025 18:20:45 Europe/Berlin] Réponse Orthanc (HTTP 200) : {
   "ID" : "200b3e41-4557e5ed-2b4a1771-a9e4ad06-cd1306c8",
   "IsStable" : true,
   "Labels" : [],
   "LastUpdate" : "20250311T081323",
   "MainDicomTags" : 
   {
      "AccessionNumber" : "",
      "InstitutionName" : "CHU St ROCH",
      "ReferringPhysicianName" : "",
      "StudyDate" : "19961014",
      "StudyID" : "2019",
      "StudyInstanceUID" : "1.3.46.670589.10.900123.19970114.35056000060.1",
      "StudyTime" : "145056.00000"
   },
   "ParentPatient" : "9b4d864d-a53a383a-44cdda8a-269b4eee-777c5729",
   "PatientMainDicomTags" : 
   {
      "PatientBirthDate" : "19781010",
      "PatientID" : "0000002019",
      "PatientName" : "AVE+ ABDOMEN",
      "PatientSex" : "M"
   },
   "Series" : 
   [
      "19b4c568-a95664f5-ad117914-3ccf7292-2a7ee3a0"
   ],
   "Type" : "Study"
}
[26-Apr-2025 18:20:45 Europe/Berlin] Requête proxy vers Orthanc : [GET] http://localhost:8042/studies/200b3e41-4557e5ed-2b4a1771-a9e4ad06-cd1306c8?expand
[26-Apr-2025 18:20:45 Europe/Berlin] Réponse Orthanc (HTTP 200) : {
   "ID" : "62bc7cdd-8f5ae588-dea41879-6a8e18d1-d44362ee",
   "IsStable" : true,
   "Labels" : [],
   "LastUpdate" : "20250421T202126",
   "MainDicomTags" : 
   {
      "PatientBirthDate" : "19240101",
      "PatientID" : "0000002018",
      "PatientName" : "AVE+ BRAIN + POST + SINUS",
      "PatientSex" : "M"
   },
   "Studies" : 
   [
      "8e51d8c2-c73f0a1e-57f97ca6-0fe69e66-c5e753eb"
   ],
   "Type" : "Patient"
}
[26-Apr-2025 18:20:45 Europe/Berlin] Requête proxy vers Orthanc : [GET] http://localhost:8042/patients/9b4d864d-a53a383a-44cdda8a-269b4eee-777c5729
[26-Apr-2025 18:20:45 Europe/Berlin] Réponse Orthanc (HTTP 200) : {
   "ExpectedNumberOfInstances" : null,
   "ID" : "19b4c568-a95664f5-ad117914-3ccf7292-2a7ee3a0",
   "Instances" : 
   [
      "24e83fd1-ddd03175-beb6aa86-f4ce6432-4241b24f",
      "26952bd2-9569483f-e0549aca-a33b9065-69c33884",
      "2faf6dae-1e8dd60c-78fbca50-98cc48e7-66559504",
      "5974bce8-dfa0d418-48e52945-578a9547-fbb8179e",
      "63831658-2ed313e4-bdd47183-6c1be4da-c0022bb4",
      "75c6d27e-9c7d0b29-ef99341d-b7507933-63d3057d",
      "bc61cc15-593581eb-104dd853-f8e2ae2f-19704638",
      "cad86111-996653c7-c7ca1820-b783c4c3-9ff6e63b",
      "dacc5f2c-4eb67b6e-62fe20be-08583e4b-f7285061",
      "fe9d11b9-08ca2a74-f27c7727-86fa6833-6b2583ab"
   ],
   "IsStable" : true,
   "Labels" : [],
   "LastUpdate" : "20250311T081323",
   "MainDicomTags" : 
   {
      "ContrastBolusAgent" : "CONT",
      "ImageOrientationPatient" : "1.0000\\0.0000\\0.0000\\0.0000\\1.0000\\0.0000",
      "Manufacturer" : "Philips Medical Systems",
      "Modality" : "CT",
      "ProtocolName" : "50",
      "SeriesInstanceUID" : "1.3.46.670589.10.900123.19970114.35056000060.3",
      "SeriesNumber" : " 1",
      "StationName" : "MVP"
   },
   "ParentStudy" : "200b3e41-4557e5ed-2b4a1771-a9e4ad06-cd1306c8",
   "Status" : "Unknown",
   "Type" : "Series"
}
[26-Apr-2025 18:20:45 Europe/Berlin] Requête proxy vers Orthanc : [GET] http://localhost:8042/series/19b4c568-a95664f5-ad117914-3ccf7292-2a7ee3a0?expand
[26-Apr-2025 18:20:45 Europe/Berlin] Réponse Orthanc (HTTP 200) : {
   "ID" : "9b4d864d-a53a383a-44cdda8a-269b4eee-777c5729",
   "IsStable" : true,
   "Labels" : [],
   "LastUpdate" : "20250311T081323",
   "MainDicomTags" : 
   {
      "PatientBirthDate" : "19781010",
      "PatientID" : "0000002019",
      "PatientName" : "AVE+ ABDOMEN",
      "PatientSex" : "M"
   },
   "Studies" : 
   [
      "200b3e41-4557e5ed-2b4a1771-a9e4ad06-cd1306c8"
   ],
   "Type" : "Patient"
}
[26-Apr-2025 18:20:45 Europe/Berlin] Réponse Orthanc (HTTP 200) : {
   "ID" : "200b3e41-4557e5ed-2b4a1771-a9e4ad06-cd1306c8",
   "IsStable" : true,
   "Labels" : [],
   "LastUpdate" : "20250311T081323",
   "MainDicomTags" : 
   {
      "AccessionNumber" : "",
      "InstitutionName" : "CHU St ROCH",
      "ReferringPhysicianName" : "",
      "StudyDate" : "19961014",
      "StudyID" : "2019",
      "StudyInstanceUID" : "1.3.46.670589.10.900123.19970114.35056000060.1",
      "StudyTime" : "145056.00000"
   },
   "ParentPatient" : "9b4d864d-a53a383a-44cdda8a-269b4eee-777c5729",
   "PatientMainDicomTags" : 
   {
      "PatientBirthDate" : "19781010",
      "PatientID" : "0000002019",
      "PatientName" : "AVE+ ABDOMEN",
      "PatientSex" : "M"
   },
   "Series" : 
   [
      "19b4c568-a95664f5-ad117914-3ccf7292-2a7ee3a0"
   ],
   "Type" : "Study"
}
[26-Apr-2025 18:20:45 Europe/Berlin] Requête proxy vers Orthanc : [GET] http://localhost:8042/studies/200b3e41-4557e5ed-2b4a1771-a9e4ad06-cd1306c8?expand
[26-Apr-2025 18:20:45 Europe/Berlin] Requête proxy vers Orthanc : [GET] http://localhost:8042/patients/9b4d864d-a53a383a-44cdda8a-269b4eee-777c5729
[26-Apr-2025 18:20:45 Europe/Berlin] Réponse Orthanc (HTTP 200) : {
   "ExpectedNumberOfInstances" : null,
   "ID" : "19b4c568-a95664f5-ad117914-3ccf7292-2a7ee3a0",
   "Instances" : 
   [
      "24e83fd1-ddd03175-beb6aa86-f4ce6432-4241b24f",
      "26952bd2-9569483f-e0549aca-a33b9065-69c33884",
      "2faf6dae-1e8dd60c-78fbca50-98cc48e7-66559504",
      "5974bce8-dfa0d418-48e52945-578a9547-fbb8179e",
      "63831658-2ed313e4-bdd47183-6c1be4da-c0022bb4",
      "75c6d27e-9c7d0b29-ef99341d-b7507933-63d3057d",
      "bc61cc15-593581eb-104dd853-f8e2ae2f-19704638",
      "cad86111-996653c7-c7ca1820-b783c4c3-9ff6e63b",
      "dacc5f2c-4eb67b6e-62fe20be-08583e4b-f7285061",
      "fe9d11b9-08ca2a74-f27c7727-86fa6833-6b2583ab"
   ],
   "IsStable" : true,
   "Labels" : [],
   "LastUpdate" : "20250311T081323",
   "MainDicomTags" : 
   {
      "ContrastBolusAgent" : "CONT",
      "ImageOrientationPatient" : "1.0000\\0.0000\\0.0000\\0.0000\\1.0000\\0.0000",
      "Manufacturer" : "Philips Medical Systems",
      "Modality" : "CT",
      "ProtocolName" : "50",
      "SeriesInstanceUID" : "1.3.46.670589.10.900123.19970114.35056000060.3",
      "SeriesNumber" : " 1",
      "StationName" : "MVP"
   },
   "ParentStudy" : "200b3e41-4557e5ed-2b4a1771-a9e4ad06-cd1306c8",
   "Status" : "Unknown",
   "Type" : "Series"
}
[26-Apr-2025 18:20:45 Europe/Berlin] Requête proxy vers Orthanc : [GET] http://localhost:8042/series/19b4c568-a95664f5-ad117914-3ccf7292-2a7ee3a0?expand
[26-Apr-2025 18:20:45 Europe/Berlin] Réponse Orthanc (HTTP 200) : {
   "ID" : "200b3e41-4557e5ed-2b4a1771-a9e4ad06-cd1306c8",
   "IsStable" : true,
   "Labels" : [],
   "LastUpdate" : "20250311T081323",
   "MainDicomTags" : 
   {
      "AccessionNumber" : "",
      "InstitutionName" : "CHU St ROCH",
      "ReferringPhysicianName" : "",
      "StudyDate" : "19961014",
      "StudyID" : "2019",
      "StudyInstanceUID" : "1.3.46.670589.10.900123.19970114.35056000060.1",
      "StudyTime" : "145056.00000"
   },
   "ParentPatient" : "9b4d864d-a53a383a-44cdda8a-269b4eee-777c5729",
   "PatientMainDicomTags" : 
   {
      "PatientBirthDate" : "19781010",
      "PatientID" : "0000002019",
      "PatientName" : "AVE+ ABDOMEN",
      "PatientSex" : "M"
   },
   "Series" : 
   [
      "19b4c568-a95664f5-ad117914-3ccf7292-2a7ee3a0"
   ],
   "Type" : "Study"
}
[26-Apr-2025 18:20:45 Europe/Berlin] Réponse Orthanc (HTTP 200) : {
   "ID" : "9b4d864d-a53a383a-44cdda8a-269b4eee-777c5729",
   "IsStable" : true,
   "Labels" : [],
   "LastUpdate" : "20250311T081323",
   "MainDicomTags" : 
   {
      "PatientBirthDate" : "19781010",
      "PatientID" : "0000002019",
      "PatientName" : "AVE+ ABDOMEN",
      "PatientSex" : "M"
   },
   "Studies" : 
   [
      "200b3e41-4557e5ed-2b4a1771-a9e4ad06-cd1306c8"
   ],
   "Type" : "Patient"
}
[26-Apr-2025 18:20:45 Europe/Berlin] Requête proxy vers Orthanc : [GET] http://localhost:8042/studies/200b3e41-4557e5ed-2b4a1771-a9e4ad06-cd1306c8?expand
[26-Apr-2025 18:20:45 Europe/Berlin] Requête proxy vers Orthanc : [GET] http://localhost:8042/patients/9b4d864d-a53a383a-44cdda8a-269b4eee-777c5729
[26-Apr-2025 18:20:45 Europe/Berlin] Réponse Orthanc (HTTP 200) : {
   "ExpectedNumberOfInstances" : null,
   "ID" : "19b4c568-a95664f5-ad117914-3ccf7292-2a7ee3a0",
   "Instances" : 
   [
      "24e83fd1-ddd03175-beb6aa86-f4ce6432-4241b24f",
      "26952bd2-9569483f-e0549aca-a33b9065-69c33884",
      "2faf6dae-1e8dd60c-78fbca50-98cc48e7-66559504",
      "5974bce8-dfa0d418-48e52945-578a9547-fbb8179e",
      "63831658-2ed313e4-bdd47183-6c1be4da-c0022bb4",
      "75c6d27e-9c7d0b29-ef99341d-b7507933-63d3057d",
      "bc61cc15-593581eb-104dd853-f8e2ae2f-19704638",
      "cad86111-996653c7-c7ca1820-b783c4c3-9ff6e63b",
      "dacc5f2c-4eb67b6e-62fe20be-08583e4b-f7285061",
      "fe9d11b9-08ca2a74-f27c7727-86fa6833-6b2583ab"
   ],
   "IsStable" : true,
   "Labels" : [],
   "LastUpdate" : "20250311T081323",
   "MainDicomTags" : 
   {
      "ContrastBolusAgent" : "CONT",
      "ImageOrientationPatient" : "1.0000\\0.0000\\0.0000\\0.0000\\1.0000\\0.0000",
      "Manufacturer" : "Philips Medical Systems",
      "Modality" : "CT",
      "ProtocolName" : "50",
      "SeriesInstanceUID" : "1.3.46.670589.10.900123.19970114.35056000060.3",
      "SeriesNumber" : " 1",
      "StationName" : "MVP"
   },
   "ParentStudy" : "200b3e41-4557e5ed-2b4a1771-a9e4ad06-cd1306c8",
   "Status" : "Unknown",
   "Type" : "Series"
}
[26-Apr-2025 18:20:45 Europe/Berlin] Requête proxy vers Orthanc : [GET] http://localhost:8042/series/19b4c568-a95664f5-ad117914-3ccf7292-2a7ee3a0?expand
[26-Apr-2025 18:20:45 Europe/Berlin] Réponse Orthanc (HTTP 200) : {
   "ID" : "9b4d864d-a53a383a-44cdda8a-269b4eee-777c5729",
   "IsStable" : true,
   "Labels" : [],
   "LastUpdate" : "20250311T081323",
   "MainDicomTags" : 
   {
      "PatientBirthDate" : "19781010",
      "PatientID" : "0000002019",
      "PatientName" : "AVE+ ABDOMEN",
      "PatientSex" : "M"
   },
   "Studies" : 
   [
      "200b3e41-4557e5ed-2b4a1771-a9e4ad06-cd1306c8"
   ],
   "Type" : "Patient"
}
[26-Apr-2025 18:20:45 Europe/Berlin] Réponse Orthanc (HTTP 200) : {
   "ID" : "200b3e41-4557e5ed-2b4a1771-a9e4ad06-cd1306c8",
   "IsStable" : true,
   "Labels" : [],
   "LastUpdate" : "20250311T081323",
   "MainDicomTags" : 
   {
      "AccessionNumber" : "",
      "InstitutionName" : "CHU St ROCH",
      "ReferringPhysicianName" : "",
      "StudyDate" : "19961014",
      "StudyID" : "2019",
      "StudyInstanceUID" : "1.3.46.670589.10.900123.19970114.35056000060.1",
      "StudyTime" : "145056.00000"
   },
   "ParentPatient" : "9b4d864d-a53a383a-44cdda8a-269b4eee-777c5729",
   "PatientMainDicomTags" : 
   {
      "PatientBirthDate" : "19781010",
      "PatientID" : "0000002019",
      "PatientName" : "AVE+ ABDOMEN",
      "PatientSex" : "M"
   },
   "Series" : 
   [
      "19b4c568-a95664f5-ad117914-3ccf7292-2a7ee3a0"
   ],
   "Type" : "Study"
}
[26-Apr-2025 18:20:45 Europe/Berlin] Requête proxy vers Orthanc : [GET] http://localhost:8042/studies/200b3e41-4557e5ed-2b4a1771-a9e4ad06-cd1306c8?expand
[26-Apr-2025 18:20:45 Europe/Berlin] Requête proxy vers Orthanc : [GET] http://localhost:8042/patients/9b4d864d-a53a383a-44cdda8a-269b4eee-777c5729
[26-Apr-2025 18:20:46 Europe/Berlin] Réponse Orthanc (HTTP 200) : {
   "ExpectedNumberOfInstances" : null,
   "ID" : "19b4c568-a95664f5-ad117914-3ccf7292-2a7ee3a0",
   "Instances" : 
   [
      "24e83fd1-ddd03175-beb6aa86-f4ce6432-4241b24f",
      "26952bd2-9569483f-e0549aca-a33b9065-69c33884",
      "2faf6dae-1e8dd60c-78fbca50-98cc48e7-66559504",
      "5974bce8-dfa0d418-48e52945-578a9547-fbb8179e",
      "63831658-2ed313e4-bdd47183-6c1be4da-c0022bb4",
      "75c6d27e-9c7d0b29-ef99341d-b7507933-63d3057d",
      "bc61cc15-593581eb-104dd853-f8e2ae2f-19704638",
      "cad86111-996653c7-c7ca1820-b783c4c3-9ff6e63b",
      "dacc5f2c-4eb67b6e-62fe20be-08583e4b-f7285061",
      "fe9d11b9-08ca2a74-f27c7727-86fa6833-6b2583ab"
   ],
   "IsStable" : true,
   "Labels" : [],
   "LastUpdate" : "20250311T081323",
   "MainDicomTags" : 
   {
      "ContrastBolusAgent" : "CONT",
      "ImageOrientationPatient" : "1.0000\\0.0000\\0.0000\\0.0000\\1.0000\\0.0000",
      "Manufacturer" : "Philips Medical Systems",
      "Modality" : "CT",
      "ProtocolName" : "50",
      "SeriesInstanceUID" : "1.3.46.670589.10.900123.19970114.35056000060.3",
      "SeriesNumber" : " 1",
      "StationName" : "MVP"
   },
   "ParentStudy" : "200b3e41-4557e5ed-2b4a1771-a9e4ad06-cd1306c8",
   "Status" : "Unknown",
   "Type" : "Series"
}
[26-Apr-2025 18:20:46 Europe/Berlin] Requête proxy vers Orthanc : [GET] http://localhost:8042/series/19b4c568-a95664f5-ad117914-3ccf7292-2a7ee3a0?expand
[26-Apr-2025 18:20:46 Europe/Berlin] Réponse Orthanc (HTTP 200) : {
   "ID" : "200b3e41-4557e5ed-2b4a1771-a9e4ad06-cd1306c8",
   "IsStable" : true,
   "Labels" : [],
   "LastUpdate" : "20250311T081323",
   "MainDicomTags" : 
   {
      "AccessionNumber" : "",
      "InstitutionName" : "CHU St ROCH",
      "ReferringPhysicianName" : "",
      "StudyDate" : "19961014",
      "StudyID" : "2019",
      "StudyInstanceUID" : "1.3.46.670589.10.900123.19970114.35056000060.1",
      "StudyTime" : "145056.00000"
   },
   "ParentPatient" : "9b4d864d-a53a383a-44cdda8a-269b4eee-777c5729",
   "PatientMainDicomTags" : 
   {
      "PatientBirthDate" : "19781010",
      "PatientID" : "0000002019",
      "PatientName" : "AVE+ ABDOMEN",
      "PatientSex" : "M"
   },
   "Series" : 
   [
      "19b4c568-a95664f5-ad117914-3ccf7292-2a7ee3a0"
   ],
   "Type" : "Study"
}
[26-Apr-2025 18:20:46 Europe/Berlin] Requête proxy vers Orthanc : [GET] http://localhost:8042/studies/200b3e41-4557e5ed-2b4a1771-a9e4ad06-cd1306c8?expand
[26-Apr-2025 18:20:46 Europe/Berlin] Réponse Orthanc (HTTP 200) : {
   "ID" : "9b4d864d-a53a383a-44cdda8a-269b4eee-777c5729",
   "IsStable" : true,
   "Labels" : [],
   "LastUpdate" : "20250311T081323",
   "MainDicomTags" : 
   {
      "PatientBirthDate" : "19781010",
      "PatientID" : "0000002019",
      "PatientName" : "AVE+ ABDOMEN",
      "PatientSex" : "M"
   },
   "Studies" : 
   [
      "200b3e41-4557e5ed-2b4a1771-a9e4ad06-cd1306c8"
   ],
   "Type" : "Patient"
}
[26-Apr-2025 18:20:46 Europe/Berlin] Requête proxy vers Orthanc : [GET] http://localhost:8042/patients/9b4d864d-a53a383a-44cdda8a-269b4eee-777c5729
[26-Apr-2025 18:20:46 Europe/Berlin] Réponse Orthanc (HTTP 200) : {
   "ExpectedNumberOfInstances" : null,
   "ID" : "19b4c568-a95664f5-ad117914-3ccf7292-2a7ee3a0",
   "Instances" : 
   [
      "24e83fd1-ddd03175-beb6aa86-f4ce6432-4241b24f",
      "26952bd2-9569483f-e0549aca-a33b9065-69c33884",
      "2faf6dae-1e8dd60c-78fbca50-98cc48e7-66559504",
      "5974bce8-dfa0d418-48e52945-578a9547-fbb8179e",
      "63831658-2ed313e4-bdd47183-6c1be4da-c0022bb4",
      "75c6d27e-9c7d0b29-ef99341d-b7507933-63d3057d",
      "bc61cc15-593581eb-104dd853-f8e2ae2f-19704638",
      "cad86111-996653c7-c7ca1820-b783c4c3-9ff6e63b",
      "dacc5f2c-4eb67b6e-62fe20be-08583e4b-f7285061",
      "fe9d11b9-08ca2a74-f27c7727-86fa6833-6b2583ab"
   ],
   "IsStable" : true,
   "Labels" : [],
   "LastUpdate" : "20250311T081323",
   "MainDicomTags" : 
   {
      "ContrastBolusAgent" : "CONT",
      "ImageOrientationPatient" : "1.0000\\0.0000\\0.0000\\0.0000\\1.0000\\0.0000",
      "Manufacturer" : "Philips Medical Systems",
      "Modality" : "CT",
      "ProtocolName" : "50",
      "SeriesInstanceUID" : "1.3.46.670589.10.900123.19970114.35056000060.3",
      "SeriesNumber" : " 1",
      "StationName" : "MVP"
   },
   "ParentStudy" : "200b3e41-4557e5ed-2b4a1771-a9e4ad06-cd1306c8",
   "Status" : "Unknown",
   "Type" : "Series"
}
[26-Apr-2025 18:20:46 Europe/Berlin] Requête proxy vers Orthanc : [GET] http://localhost:8042/series/19b4c568-a95664f5-ad117914-3ccf7292-2a7ee3a0?expand
[26-Apr-2025 18:20:46 Europe/Berlin] Réponse Orthanc (HTTP 200) : {
   "ID" : "200b3e41-4557e5ed-2b4a1771-a9e4ad06-cd1306c8",
   "IsStable" : true,
   "Labels" : [],
   "LastUpdate" : "20250311T081323",
   "MainDicomTags" : 
   {
      "AccessionNumber" : "",
      "InstitutionName" : "CHU St ROCH",
      "ReferringPhysicianName" : "",
      "StudyDate" : "19961014",
      "StudyID" : "2019",
      "StudyInstanceUID" : "1.3.46.670589.10.900123.19970114.35056000060.1",
      "StudyTime" : "145056.00000"
   },
   "ParentPatient" : "9b4d864d-a53a383a-44cdda8a-269b4eee-777c5729",
   "PatientMainDicomTags" : 
   {
      "PatientBirthDate" : "19781010",
      "PatientID" : "0000002019",
      "PatientName" : "AVE+ ABDOMEN",
      "PatientSex" : "M"
   },
   "Series" : 
   [
      "19b4c568-a95664f5-ad117914-3ccf7292-2a7ee3a0"
   ],
   "Type" : "Study"
}
[26-Apr-2025 18:20:46 Europe/Berlin] Requête proxy vers Orthanc : [GET] http://localhost:8042/studies/200b3e41-4557e5ed-2b4a1771-a9e4ad06-cd1306c8?expand
[26-Apr-2025 18:20:46 Europe/Berlin] Réponse Orthanc (HTTP 200) : {
   "ID" : "9b4d864d-a53a383a-44cdda8a-269b4eee-777c5729",
   "IsStable" : true,
   "Labels" : [],
   "LastUpdate" : "20250311T081323",
   "MainDicomTags" : 
   {
      "PatientBirthDate" : "19781010",
      "PatientID" : "0000002019",
      "PatientName" : "AVE+ ABDOMEN",
      "PatientSex" : "M"
   },
   "Studies" : 
   [
      "200b3e41-4557e5ed-2b4a1771-a9e4ad06-cd1306c8"
   ],
   "Type" : "Patient"
}
[26-Apr-2025 18:20:46 Europe/Berlin] Requête proxy vers Orthanc : [GET] http://localhost:8042/patients/9b4d864d-a53a383a-44cdda8a-269b4eee-777c5729
[26-Apr-2025 18:20:46 Europe/Berlin] Réponse Orthanc (HTTP 200) : {
   "ExpectedNumberOfInstances" : null,
   "ID" : "19b4c568-a95664f5-ad117914-3ccf7292-2a7ee3a0",
   "Instances" : 
   [
      "24e83fd1-ddd03175-beb6aa86-f4ce6432-4241b24f",
      "26952bd2-9569483f-e0549aca-a33b9065-69c33884",
      "2faf6dae-1e8dd60c-78fbca50-98cc48e7-66559504",
      "5974bce8-dfa0d418-48e52945-578a9547-fbb8179e",
      "63831658-2ed313e4-bdd47183-6c1be4da-c0022bb4",
      "75c6d27e-9c7d0b29-ef99341d-b7507933-63d3057d",
      "bc61cc15-593581eb-104dd853-f8e2ae2f-19704638",
      "cad86111-996653c7-c7ca1820-b783c4c3-9ff6e63b",
      "dacc5f2c-4eb67b6e-62fe20be-08583e4b-f7285061",
      "fe9d11b9-08ca2a74-f27c7727-86fa6833-6b2583ab"
   ],
   "IsStable" : true,
   "Labels" : [],
   "LastUpdate" : "20250311T081323",
   "MainDicomTags" : 
   {
      "ContrastBolusAgent" : "CONT",
      "ImageOrientationPatient" : "1.0000\\0.0000\\0.0000\\0.0000\\1.0000\\0.0000",
      "Manufacturer" : "Philips Medical Systems",
      "Modality" : "CT",
      "ProtocolName" : "50",
      "SeriesInstanceUID" : "1.3.46.670589.10.900123.19970114.35056000060.3",
      "SeriesNumber" : " 1",
      "StationName" : "MVP"
   },
   "ParentStudy" : "200b3e41-4557e5ed-2b4a1771-a9e4ad06-cd1306c8",
   "Status" : "Unknown",
   "Type" : "Series"
}
[26-Apr-2025 18:20:46 Europe/Berlin] Réponse Orthanc (HTTP 200) : {
   "ID" : "200b3e41-4557e5ed-2b4a1771-a9e4ad06-cd1306c8",
   "IsStable" : true,
   "Labels" : [],
   "LastUpdate" : "20250311T081323",
   "MainDicomTags" : 
   {
      "AccessionNumber" : "",
      "InstitutionName" : "CHU St ROCH",
      "ReferringPhysicianName" : "",
      "StudyDate" : "19961014",
      "StudyID" : "2019",
      "StudyInstanceUID" : "1.3.46.670589.10.900123.19970114.35056000060.1",
      "StudyTime" : "145056.00000"
   },
   "ParentPatient" : "9b4d864d-a53a383a-44cdda8a-269b4eee-777c5729",
   "PatientMainDicomTags" : 
   {
      "PatientBirthDate" : "19781010",
      "PatientID" : "0000002019",
      "PatientName" : "AVE+ ABDOMEN",
      "PatientSex" : "M"
   },
   "Series" : 
   [
      "19b4c568-a95664f5-ad117914-3ccf7292-2a7ee3a0"
   ],
   "Type" : "Study"
}
[26-Apr-2025 18:20:46 Europe/Berlin] Requête proxy vers Orthanc : [GET] http://localhost:8042/studies/200b3e41-4557e5ed-2b4a1771-a9e4ad06-cd1306c8?expand
[26-Apr-2025 18:20:46 Europe/Berlin] Réponse Orthanc (HTTP 200) : {
   "ID" : "9b4d864d-a53a383a-44cdda8a-269b4eee-777c5729",
   "IsStable" : true,
   "Labels" : [],
   "LastUpdate" : "20250311T081323",
   "MainDicomTags" : 
   {
      "PatientBirthDate" : "19781010",
      "PatientID" : "0000002019",
      "PatientName" : "AVE+ ABDOMEN",
      "PatientSex" : "M"
   },
   "Studies" : 
   [
      "200b3e41-4557e5ed-2b4a1771-a9e4ad06-cd1306c8"
   ],
   "Type" : "Patient"
}
[26-Apr-2025 18:20:46 Europe/Berlin] Requête proxy vers Orthanc : [GET] http://localhost:8042/patients/9b4d864d-a53a383a-44cdda8a-269b4eee-777c5729
[26-Apr-2025 18:20:46 Europe/Berlin] Réponse Orthanc (HTTP 200) : {
   "ID" : "200b3e41-4557e5ed-2b4a1771-a9e4ad06-cd1306c8",
   "IsStable" : true,
   "Labels" : [],
   "LastUpdate" : "20250311T081323",
   "MainDicomTags" : 
   {
      "AccessionNumber" : "",
      "InstitutionName" : "CHU St ROCH",
      "ReferringPhysicianName" : "",
      "StudyDate" : "19961014",
      "StudyID" : "2019",
      "StudyInstanceUID" : "1.3.46.670589.10.900123.19970114.35056000060.1",
      "StudyTime" : "145056.00000"
   },
   "ParentPatient" : "9b4d864d-a53a383a-44cdda8a-269b4eee-777c5729",
   "PatientMainDicomTags" : 
   {
      "PatientBirthDate" : "19781010",
      "PatientID" : "0000002019",
      "PatientName" : "AVE+ ABDOMEN",
      "PatientSex" : "M"
   },
   "Series" : 
   [
      "19b4c568-a95664f5-ad117914-3ccf7292-2a7ee3a0"
   ],
   "Type" : "Study"
}
[26-Apr-2025 18:20:46 Europe/Berlin] Réponse Orthanc (HTTP 200) : {
   "ID" : "9b4d864d-a53a383a-44cdda8a-269b4eee-777c5729",
   "IsStable" : true,
   "Labels" : [],
   "LastUpdate" : "20250311T081323",
   "MainDicomTags" : 
   {
      "PatientBirthDate" : "19781010",
      "PatientID" : "0000002019",
      "PatientName" : "AVE+ ABDOMEN",
      "PatientSex" : "M"
   },
   "Studies" : 
   [
      "200b3e41-4557e5ed-2b4a1771-a9e4ad06-cd1306c8"
   ],
   "Type" : "Patient"
}
[26-Apr-2025 18:20:46 Europe/Berlin] Requête proxy vers Orthanc : [GET] http://localhost:8042/patients/9b4d864d-a53a383a-44cdda8a-269b4eee-777c5729
[26-Apr-2025 18:20:47 Europe/Berlin] Réponse Orthanc (HTTP 200) : {
   "ID" : "9b4d864d-a53a383a-44cdda8a-269b4eee-777c5729",
   "IsStable" : true,
   "Labels" : [],
   "LastUpdate" : "20250311T081323",
   "MainDicomTags" : 
   {
      "PatientBirthDate" : "19781010",
      "PatientID" : "0000002019",
      "PatientName" : "AVE+ ABDOMEN",
      "PatientSex" : "M"
   },
   "Studies" : 
   [
      "200b3e41-4557e5ed-2b4a1771-a9e4ad06-cd1306c8"
   ],
   "Type" : "Patient"
}
[26-Apr-2025 18:21:07 Europe/Berlin] Requête proxy vers Orthanc : [GET] http://localhost:8042/instances/582dde1a-6ee0dcb1-dc2c0a3c-06a79b2f-211eda06?expand
[26-Apr-2025 18:21:07 Europe/Berlin] Réponse Orthanc (HTTP 200) : {
   "FileSize" : 527206,
   "FileUuid" : "795689db-f22a-4dce-b798-da7adabb6f0e",
   "ID" : "582dde1a-6ee0dcb1-dc2c0a3c-06a79b2f-211eda06",
   "IndexInSeries" : null,
   "Labels" : [],
   "MainDicomTags" : 
   {
      "InstanceCreationDate" : "20250421",
      "InstanceCreationTime" : "202125.000000",
      "SOPInstanceUID" : "1.2.276.0.7230010.3.1.4.1159938914.5836.1745266885.814"
   },
   "ParentSeries" : "4541c007-3ddcd5b2-6bf192fc-d28df38d-afe5c271",
   "Type" : "Instance"
}
[26-Apr-2025 18:21:07 Europe/Berlin] Requête proxy vers Orthanc : [GET] http://localhost:8042/series/4541c007-3ddcd5b2-6bf192fc-d28df38d-afe5c271?expand
[26-Apr-2025 18:21:07 Europe/Berlin] Réponse Orthanc (HTTP 200) : {
   "ExpectedNumberOfInstances" : null,
   "ID" : "4541c007-3ddcd5b2-6bf192fc-d28df38d-afe5c271",
   "Instances" : 
   [
      "582dde1a-6ee0dcb1-dc2c0a3c-06a79b2f-211eda06"
   ],
   "IsStable" : true,
   "Labels" : [],
   "LastUpdate" : "20250421T202126",
   "MainDicomTags" : 
   {
      "Modality" : "M3D",
      "SeriesDate" : "20250421",
      "SeriesDescription" : "Model",
      "SeriesInstanceUID" : "1.2.276.0.7230010.3.1.3.1159938914.5836.1745266885.813",
      "SeriesTime" : "202125.000000"
   },
   "ParentStudy" : "8e51d8c2-c73f0a1e-57f97ca6-0fe69e66-c5e753eb",
   "Status" : "Unknown",
   "Type" : "Series"
}
[26-Apr-2025 18:21:07 Europe/Berlin] Requête proxy vers Orthanc : [GET] http://localhost:8042/studies/8e51d8c2-c73f0a1e-57f97ca6-0fe69e66-c5e753eb?expand
[26-Apr-2025 18:21:07 Europe/Berlin] Réponse Orthanc (HTTP 200) : {
   "ID" : "8e51d8c2-c73f0a1e-57f97ca6-0fe69e66-c5e753eb",
   "IsStable" : true,
   "Labels" : [],
   "LastUpdate" : "20250421T202126",
   "MainDicomTags" : 
   {
      "AccessionNumber" : "",
      "InstitutionName" : "CHU St ROCH",
      "ReferringPhysicianName" : "",
      "StudyDate" : "19961014",
      "StudyID" : "2018",
      "StudyInstanceUID" : "1.3.46.670589.10.900123.19970114.35036000030.1",
      "StudyTime" : "140735.00000"
   },
   "ParentPatient" : "62bc7cdd-8f5ae588-dea41879-6a8e18d1-d44362ee",
   "PatientMainDicomTags" : 
   {
      "PatientBirthDate" : "19240101",
      "PatientID" : "0000002018",
      "PatientName" : "AVE+ BRAIN + POST + SINUS",
      "PatientSex" : "M"
   },
   "Series" : 
   [
      "4541c007-3ddcd5b2-6bf192fc-d28df38d-afe5c271",
      "f6ebf659-c336b2b9-102a72e3-2cd836e9-a5662c26"
   ],
   "Type" : "Study"
}
[26-Apr-2025 18:21:27 Europe/Berlin] Requête proxy vers Orthanc : [GET] http://localhost:8042/instances/96548d6b-b87fefbd-78a3f7c5-c5abe181-0643a103?expand
[26-Apr-2025 18:21:27 Europe/Berlin] Réponse Orthanc (HTTP 200) : {
   "FileSize" : 91264,
   "FileUuid" : "39819348-f7ea-4861-9842-83c4a4a8c13e",
   "ID" : "96548d6b-b87fefbd-78a3f7c5-c5abe181-0643a103",
   "IndexInSeries" : 5,
   "Labels" : [],
   "MainDicomTags" : 
   {
      "ImageComments" : "JPEG 2000 lossless - Version 4.0.2 (c) Image Devices GmbH",
      "ImageOrientationPatient" : "1\\0\\0\\0\\1\\0",
      "ImagePositionPatient" : "-151.493508\\-36.6564417\\1293",
      "InstanceCreationDate" : "20061012",
      "InstanceCreationTime" : "091607.000000",
      "InstanceNumber" : "5",
      "SOPInstanceUID" : "1.2.826.0.1.3680043.8.1055.1.20111102150759059.64998534.33344836"
   },
   "ParentSeries" : "98d367a5-58eeba8b-f3c2da4b-de7d8f6f-ede53eb2",
   "Type" : "Instance"
}
[26-Apr-2025 18:21:27 Europe/Berlin] Requête proxy vers Orthanc : [GET] http://localhost:8042/series/98d367a5-58eeba8b-f3c2da4b-de7d8f6f-ede53eb2?expand
[26-Apr-2025 18:21:27 Europe/Berlin] Réponse Orthanc (HTTP 200) : {
   "ExpectedNumberOfInstances" : null,
   "ID" : "98d367a5-58eeba8b-f3c2da4b-de7d8f6f-ede53eb2",
   "Instances" : 
   [
      "96548d6b-b87fefbd-78a3f7c5-c5abe181-0643a103"
   ],
   "IsStable" : true,
   "Labels" : [],
   "LastUpdate" : "20250426T153239",
   "MainDicomTags" : 
   {
      "ContrastBolusAgent" : "CONTRAST",
      "ImageOrientationPatient" : "1\\0\\0\\0\\1\\0",
      "Modality" : "CT",
      "PerformedProcedureStepDescription" : "CT1 abdomen",
      "ProtocolName" : "ART.RENALES 12/Abdomen/Hx",
      "RequestAttributesSequence" : 
      [
         {
            "RequestedProcedureID" : "A10026177757",
            "ScheduledProcedureStepDescription" : "CT1 abdomen",
            "ScheduledProcedureStepID" : "A10026177758",
            "ScheduledProtocolCodeSequence" : 
            [
               {
                  "CodeMeaning" : "CT1 abdomen",
                  "CodeValue" : "CTABDOM",
                  "CodingSchemeDesignator" : "XPLORE"
               }
            ]
         }
      ],
      "SeriesDescription" : "ARTERIELLE",
      "SeriesInstanceUID" : "1.2.826.0.1.3680043.8.1055.1.20111102150758591.96842950.07877442",
      "SeriesNumber" : "6168"
   },
   "ParentStudy" : "3abaec0a-ebfaaa87-f830d52b-d62df074-6a692c12",
   "Status" : "Unknown",
   "Type" : "Series"
}
[26-Apr-2025 18:21:28 Europe/Berlin] Requête proxy vers Orthanc : [GET] http://localhost:8042/studies/3abaec0a-ebfaaa87-f830d52b-d62df074-6a692c12?expand
[26-Apr-2025 18:21:28 Europe/Berlin] Réponse Orthanc (HTTP 200) : {
   "ID" : "3abaec0a-ebfaaa87-f830d52b-d62df074-6a692c12",
   "IsStable" : true,
   "Labels" : [],
   "LastUpdate" : "20250426T153239",
   "MainDicomTags" : 
   {
      "StudyDate" : "20061012",
      "StudyDescription" : "CT1 abdomen",
      "StudyInstanceUID" : "1.2.826.0.1.3680043.8.1055.1.20111102150758591.92402465.76095170",
      "StudyTime" : "090258.000000"
   },
   "ParentPatient" : "b6589fc6-ab0dc82c-f12099d1-c2d40ab9-94e8410c",
   "PatientMainDicomTags" : 
   {
      "PatientID" : "0",
      "PatientName" : "Anonymized"
   },
   "Series" : 
   [
      "98d367a5-58eeba8b-f3c2da4b-de7d8f6f-ede53eb2"
   ],
   "Type" : "Study"
}
[26-Apr-2025 18:21:50 Europe/Berlin] Requête proxy vers Orthanc : [POST] http://localhost:8042/instances/96548d6b-b87fefbd-78a3f7c5-c5abe181-0643a103/modify
[26-Apr-2025 18:21:58 Europe/Berlin] Requête proxy vers Orthanc : [POST] http://localhost:8042/instances/96548d6b-b87fefbd-78a3f7c5-c5abe181-0643a103/modify
